<?xml version='1.0' encoding='utf-8'?>
<COLLADA xmlns="http://www.collada.org/2005/11/COLLADASchema" version="1.4.1">
  <asset>
    <contributor>
      <author>Blender User</author>
      <authoring_tool>Blender 2.78.0 commit date:2016-10-24, commit time:12:20, hash:e8299c8</authoring_tool>
    </contributor>
    <created>2017-04-01T17:48:56</created>
    <modified>2017-04-01T17:48:56</modified>
    <unit name="meter" meter="1" />
    <up_axis>Z_UP</up_axis>
  </asset>
  <library_images />
  <library_effects>
    <effect id="Material_004-effect">
      <profile_COMMON>
        <technique sid="common">
          <phong>
            <emission>
              <color sid="emission">0 0 0 1</color>
            </emission>
            <ambient>
              <color sid="ambient">0 0 0 1</color>
            </ambient>
            <diffuse>
              <color sid="diffuse">0.64 0.64 0.64 1</color>
            </diffuse>
            <specular>
              <color sid="specular">1 1 1 1</color>
            </specular>
            <shininess>
              <float sid="shininess">50</float>
            </shininess>
            <transparent opaque="A_ONE">
              <color>1 1 1 0.3757452</color>
            </transparent>
            <index_of_refraction>
              <float sid="index_of_refraction">1</float>
            </index_of_refraction>
          </phong>
        </technique>
        <extra>
          <technique profile="GOOGLEEARTH">
            <double_sided>1</double_sided>
          </technique>
        </extra>
      </profile_COMMON>
      <extra><technique profile="MAX3D"><double_sided>1</double_sided></technique></extra>
    </effect>
    <effect id="ship-effect">
      <profile_COMMON>
        <technique sid="common">
          <phong>
            <emission>
              <color sid="emission">0 0 0 1</color>
            </emission>
            <ambient>
              <color sid="ambient">0 0 0 1</color>
            </ambient>
            <diffuse>
              <color sid="diffuse">0.64 0.64 0.64 1</color>
            </diffuse>
            <specular>
              <color sid="specular">1 1 1 1</color>
            </specular>
            <shininess>
              <float sid="shininess">10</float>
            </shininess>
            <index_of_refraction>
              <float sid="index_of_refraction">1</float>
            </index_of_refraction>
          </phong>
        </technique>
        <extra>
          <technique profile="GOOGLEEARTH">
            <double_sided>1</double_sided>
          </technique>
        </extra>
      </profile_COMMON>
      <extra><technique profile="MAX3D"><double_sided>1</double_sided></technique></extra>
    </effect>
  </library_effects>
  <library_materials>
    <material id="Material_004-material" name="Material_004">
      <instance_effect url="#Material_004-effect" />
    </material>
    <material id="ship-material" name="ship">
      <instance_effect url="#ship-effect" />
    </material>
  </library_materials>
  <library_geometries>
    <geometry id="Cube_001-mesh" name="Cube.001">
      <mesh>
        <source id="Cube_001-mesh-positions">
          <float_array id="Cube_001-mesh-positions-array" count="648">-0 2.159765 -0.402296 -0.438388 2.021756 -0.579217 -0.155295 2.55149 -0.69642 -0.303474 2.46199 -0.705243 -0.414906 2.268906 -0.765253 -0 2.605918 -0.699511 -0.323459 2.119267 -0.463413 -0.170003 2.145794 -0.422304 -0.501612 1.639365 -0.528687 -0.468808 1.935757 -0.674313 -0.447695 2.108321 -0.813433 -0.472826 1.683383 -0.389148 -0 1.74745 -0.220104 -0.35987 1.725639 -0.279719 -0.174043 1.744676 -0.227686 -0.380957 1.183927 -0.129358 -0.19513 1.193263 -0.07502 -0 1.194642 -0.067103 -0.488168 1.159939 -0.22216 -0.522627 1.12096 -0.373917 -0.16631 2.826488 -0.923357 -0.310753 2.77206 -0.960739 -0.389809 2.653948 -1.06389 -0 2.854971 -0.910559 -0.399882 2.555652 -1.139784 -0.313852 2.112159 -0.474626 -0.351235 1.720198 -0.292299 -0.458626 1.679733 -0.39606 -0.424035 2.017215 -0.584609 -0 2.152383 -0.415907 -0 1.742073 -0.234734 -0.171232 1.739275 -0.242181 -0.16663 2.138389 -0.4357 -0 2.596561 -0.711736 -0.15103 2.542245 -0.708394 -0.292977 2.454041 -0.715244 -0.400039 2.264831 -0.769191 -0.43238 2.105818 -0.814763 -0.453633 1.932895 -0.676289 -0.486397 1.637209 -0.531265 -0.373275 1.178153 -0.142071 -0.474211 1.155146 -0.229247 -0 1.188768 -0.081478 -0.192707 1.187361 -0.089305 -0.507594 1.117121 -0.376299 -0 2.844594 -0.921762 -0.16158 2.816445 -0.934409 -0.299627 2.764016 -0.96976 -0.37478 2.650289 -1.067279 -0.384488 2.553571 -1.14076 -0.528276 0.463973 -0.147361 -0.425007 0.466237 -0.062541 -0.23918 0.465958 -0.006987 -0.23918 0.000111 -0.000337 -0.425007 0.002638 -0.056015 0 0.000111 0.007775 -0.526 0.049462 -0.138773 -0.549726 0.139317 -0.238308 -0.382624 1.176537 -0.128017 -0.196797 1.185873 -0.073678 -0 1.187252 -0.065761 -0.489835 1.152549 -0.220819 -0.524294 1.113571 -0.372576 -0.16631 2.828885 -0.925854 -0.310753 2.774457 -0.963236 -0.389809 2.656345 -1.066387 -0 2.857368 -0.913056 -0.399882 2.55805 -1.142281 -0.338899 2.841156 -1.235165 -0.310778 2.742023 -1.342444 -0.179651 2.992306 -1.328415 -0.161624 2.913544 -1.43868 -0 3.059833 -1.361231 -0 3.01483 -1.465352 -0.168814 2.996989 -1.155246 -0.276951 2.90706 -1.118928 -0 3.042905 -1.164279 0 0.466086 0.001107 -0.559136 0.427029 -0.26365 -0.374943 1.172761 -0.141728 -0.417511 0.465251 -0.076541 -0.514456 0.463386 -0.156165 -0.475878 1.149754 -0.228904 -0.194374 1.181969 -0.088962 -0.236607 0.464915 -0.022448 -0.324366 2.833416 -1.23258 -0.374217 2.651734 -1.068809 -0.384737 2.556168 -1.141357 -0.296696 2.737506 -1.336387 -0.169772 2.979455 -1.324094 -0.15173 2.903908 -1.430665 -0 3.045383 -1.357562 -0 3.003096 -1.457982 -0 3.028099 -1.16959 -0 2.845173 -0.924857 -0.161412 2.81697 -0.937436 -0.161629 2.982731 -1.159866 -0.299351 2.764457 -0.972344 -0.265722 2.895889 -1.123521 -0.236591 -0.000109 -0.015808 -0.417567 0.002434 -0.070035 -0.512163 0.049399 -0.147568 -0.534632 0.139385 -0.242109 -0.544011 0.426833 -0.267332 -0 1.183376 -0.081136 0 0.465035 -0.014432 -0.509262 1.111729 -0.375956 0 -0.000111 -0.007775 0 2.159765 -0.402296 0.438388 2.021756 -0.579217 0.155295 2.55149 -0.69642 0.303474 2.46199 -0.705243 0.414906 2.268906 -0.765253 0 2.605918 -0.699511 0.323459 2.119267 -0.463413 0.170003 2.145794 -0.422304 0.501612 1.639365 -0.528687 0.468808 1.935757 -0.674313 0.447695 2.108321 -0.813433 0.472826 1.683383 -0.389148 0 1.74745 -0.220104 0.35987 1.725639 -0.279719 0.174043 1.744676 -0.227686 0.380957 1.183927 -0.129358 0.19513 1.193263 -0.07502 0 1.194642 -0.067103 0.488168 1.159939 -0.22216 0.522627 1.12096 -0.373917 0.16631 2.826488 -0.923357 0.310753 2.77206 -0.960739 0.389809 2.653948 -1.06389 0 2.854971 -0.910559 0.399882 2.555652 -1.139784 0.313852 2.112159 -0.474626 0.351235 1.720198 -0.292299 0.458626 1.679733 -0.39606 0.424035 2.017215 -0.584609 0 2.152383 -0.415907 0 1.742073 -0.234734 0.171232 1.739275 -0.242181 0.16663 2.138389 -0.4357 0 2.596561 -0.711736 0.15103 2.542245 -0.708394 0.292977 2.454041 -0.715244 0.400039 2.264831 -0.769191 0.43238 2.105818 -0.814763 0.453633 1.932895 -0.676289 0.486397 1.637209 -0.531265 0.373275 1.178153 -0.142071 0.474211 1.155146 -0.229247 0 1.188768 -0.081478 0.192707 1.187361 -0.089305 0.507594 1.117121 -0.376299 0 2.844594 -0.921762 0.16158 2.816445 -0.934409 0.299627 2.764016 -0.96976 0.37478 2.650289 -1.067279 0.384488 2.553571 -1.14076 0.528276 0.463973 -0.147361 0.425007 0.466237 -0.062541 0.23918 0.465958 -0.006987 0.23918 0.000111 -0.000337 0.425007 0.002638 -0.056015 -0 0.000111 0.007775 0.526 0.049462 -0.138773 0.549726 0.139317 -0.238308 0.382624 1.176537 -0.128017 0.196797 1.185873 -0.073678 0 1.187252 -0.065761 0.489835 1.152549 -0.220819 0.524294 1.113571 -0.372576 0.16631 2.828885 -0.925854 0.310753 2.774457 -0.963236 0.389809 2.656345 -1.066387 0 2.857368 -0.913056 0.399882 2.55805 -1.142281 0.338899 2.841156 -1.235165 0.310778 2.742023 -1.342444 0.179651 2.992306 -1.328415 0.161624 2.913544 -1.43868 0 3.059833 -1.361231 0 3.01483 -1.465352 0.168814 2.996989 -1.155246 0.276951 2.90706 -1.118928 0 3.042905 -1.164279 -0 0.466086 0.001107 0.559136 0.427029 -0.26365 0.374943 1.172761 -0.141728 0.417511 0.465251 -0.076541 0.514456 0.463386 -0.156165 0.475878 1.149754 -0.228904 0.194374 1.181969 -0.088962 0.236607 0.464915 -0.022448 0.324366 2.833416 -1.23258 0.374217 2.651734 -1.068809 0.384737 2.556168 -1.141357 0.296696 2.737506 -1.336387 0.169772 2.979455 -1.324094 0.15173 2.903908 -1.430665 0 3.045383 -1.357562 0 3.003096 -1.457982 0 3.028099 -1.16959 0 2.845173 -0.924857 0.161412 2.81697 -0.937436 0.161629 2.982731 -1.159866 0.299351 2.764457 -0.972344 0.265722 2.895889 -1.123521 0.236591 -0.000109 -0.015808 0.417567 0.002434 -0.070035 0.512163 0.049399 -0.147568 0.534632 0.139385 -0.242109 0.544011 0.426833 -0.267332 0 1.183376 -0.081136 -0 0.465035 -0.014432 0.509262 1.111729 -0.375956 -0 -0.000111 -0.007775</float_array>
          <technique_common>
            <accessor source="#Cube_001-mesh-positions-array" count="216" stride="3">
              <param name="X" type="float" />
              <param name="Y" type="float" />
              <param name="Z" type="float" />
            </accessor>
          </technique_common>
        </source>
        <source id="Cube_001-mesh-normals">
          <float_array id="Cube_001-mesh-normals-array" count="648">-0.899284 0.291185 0.326344 -0.523499 0.333577 0.784012 -0.570892 0.448327 0.687811 -0.221207 0.488773 0.843901 -0.057315 0.34874 0.935466 -0.144662 0.480498 0.864982 -0.165781 0.352498 0.921011 -0.282239 0.572687 0.769656 -0.185497 0.592503 0.783921 -0.632787 0.47665 0.610233 -0.926203 0.271226 0.261887 -0.81304 -0.297809 -0.500276 -0.859449 -0.20106 -0.470025 -0.875603 0.233992 0.422572 -0.404138 -0.39541 0.824817 -0.03406 -0.430841 0.901785 -0.136819 -0.413753 0.90005 -0.748333 -0.598209 -0.286607 -0.85353 -0.132545 -0.503903 -0.272232 0.95971 0.069615 -0.174602 0.980895 0.08579 -0.573171 0.819304 -0.014679 -0.622072 0.079533 -0.77891 -0.722668 0.592991 -0.355123 0.523066 -0.333848 -0.784186 0.899523 -0.290756 -0.326067 0.57071 -0.448511 -0.687843 0.057437 -0.348801 -0.935435 0.221874 -0.488764 -0.843731 0.146494 -0.480318 -0.864774 0.165686 -0.352583 -0.920996 0.284316 -0.572143 -0.769296 0.188941 -0.592002 -0.783476 0.632785 -0.476618 -0.610262 0.925957 -0.271622 -0.262344 0.565519 -0.535976 -0.626832 0.563319 -0.488517 -0.666351 0.875781 -0.233716 -0.422356 0.27373 -0.921814 -0.274463 0.024568 -0.904642 -0.425464 0.09055 -0.918503 -0.384907 0.376432 -0.79727 -0.471868 0.557614 -0.339402 -0.757544 0.128486 0.119697 -0.984461 0.053835 0.140204 -0.988658 0.330892 0.261216 -0.906795 0.559176 -0.054935 -0.827227 0.596013 0.338582 -0.728101 0.4402 -0.897033 -0.03943 -0.709849 -0.442499 0.548005 -0.647044 0.725571 0.234268 -0.47112 0.062838 0.879828 -0.362779 0.779028 0.511377 -0.162943 0.057041 0.984985 -0.115271 0.79466 0.59601 -0.552426 -0.287154 -0.78254 -0.813535 -0.206497 0.543618 -0.892113 0.416315 -0.175547 -0.361682 0.048953 -0.931016 -0.575538 0.778492 -0.250413 -0.287125 0.415123 -0.863268 -0.373126 0.913284 -0.163369 -0.412287 0.870841 0.267686 -0.103092 0.154821 0.982549 -0.260054 0.918046 0.299271 -0.672313 0.69447 0.256333 -0.188395 0.103307 0.976645 -0.556247 0.032747 0.830372 -0.438898 -0.685067 0.581423 -0.123909 -0.670968 0.73106 -0.843162 0.058597 0.534457 -0.780357 -0.343804 -0.522343 -0.780427 -0.605218 0.156989 -0.034395 0.054049 0.997946 -0.029481 0.808115 0.588286 -0.666083 0.509275 -0.544952 -0.024568 -0.689174 0.724179 0.471 -0.062808 -0.879894 0.532969 0.669576 -0.517312 0.295765 0.633158 -0.715286 0.162943 -0.057102 -0.984982 0.107855 0.605195 -0.788737 0.5383 -0.613591 0.577701 0.659831 -0.681286 -0.316975 0.891401 -0.415884 0.180124 0.548649 -0.7849 -0.287951 0.580633 -0.775591 0.247635 0.402157 -0.83755 -0.369837 0.384263 -0.909736 0.157233 0.161048 -0.97947 0.121251 0.414966 -0.868661 -0.270612 0.265855 -0.91543 -0.302173 0.241162 -0.959611 0.144874 0.665712 -0.699405 -0.260114 0.42135 -0.832751 0.359152 0.136727 -0.776321 -0.615331 0.84318 -0.058688 -0.534419 0.453391 -0.340501 -0.823709 0.507448 -0.105842 -0.855157 0.034425 -0.05411 -0.997941 0.028292 0.587196 -0.808951 0.215434 -0.669862 -0.710544 0.467042 0.391323 -0.79293 0.101813 -0.748305 -0.655495 0.388357 -0.913501 0.121222 0.023348 -0.724661 -0.688709 -0.86902 -0.056826 -0.491503 -0.72417 -0.689622 0.000031 0.899284 0.291185 0.326344 0.523499 0.333577 0.784012 0.570892 0.448327 0.687811 0.221207 0.488773 0.843901 0.057315 0.34874 0.935466 0.144662 0.480498 0.864982 0.165781 0.352498 0.921011 0.282239 0.572687 0.769656 0.185497 0.592503 0.783921 0.632787 0.47665 0.610233 0.926203 0.271226 0.261887 0.81304 -0.297809 -0.500276 0.859449 -0.20106 -0.470025 0.875603 0.233992 0.422572 0.404138 -0.39541 0.824817 0.03406 -0.430841 0.901785 0.136819 -0.413753 0.90005 0.748333 -0.598209 -0.286607 0.85353 -0.132545 -0.503903 0.272232 0.95971 0.069615 0.174602 0.980895 0.08579 0.573171 0.819304 -0.014679 0.622072 0.079533 -0.77891 0.722668 0.592991 -0.355123 -0.523066 -0.333848 -0.784186 -0.899523 -0.290756 -0.326067 -0.57071 -0.448511 -0.687843 -0.057437 -0.348801 -0.935435 -0.221874 -0.488764 -0.843731 -0.146494 -0.480318 -0.864774 -0.165686 -0.352583 -0.920996 -0.284316 -0.572143 -0.769296 -0.188941 -0.592002 -0.783476 -0.632785 -0.476618 -0.610262 -0.925957 -0.271622 -0.262344 -0.565519 -0.535976 -0.626832 -0.563319 -0.488517 -0.666351 -0.875781 -0.233716 -0.422356 -0.27373 -0.921814 -0.274463 -0.024568 -0.904642 -0.425464 -0.09055 -0.918503 -0.384907 -0.376432 -0.79727 -0.471868 -0.557614 -0.339402 -0.757544 -0.128486 0.119697 -0.984461 -0.053835 0.140204 -0.988658 -0.330892 0.261216 -0.906795 -0.559176 -0.054935 -0.827227 -0.596013 0.338582 -0.728101 -0.4402 -0.897033 -0.03943 0.709849 -0.442499 0.548005 0.647044 0.725571 0.234268 0.47112 0.062838 0.879828 0.362779 0.779028 0.511377 0.162943 0.057041 0.984985 0.115271 0.79466 0.59601 0.552426 -0.287154 -0.78254 0.813535 -0.206497 0.543618 0.892113 0.416315 -0.175547 0.361682 0.048953 -0.931016 0.575538 0.778492 -0.250413 0.287125 0.415123 -0.863268 0.373126 0.913284 -0.163369 0.412287 0.870841 0.267686 0.103092 0.154821 0.982549 0.260054 0.918046 0.299271 0.672313 0.69447 0.256333 0.188395 0.103307 0.976645 0.556247 0.032747 0.830372 0.438898 -0.685067 0.581423 0.123909 -0.670968 0.73106 0.843162 0.058597 0.534457 0.780357 -0.343804 -0.522343 0.780427 -0.605218 0.156989 0.034395 0.054049 0.997946 0.029481 0.808115 0.588286 0.666083 0.509275 -0.544952 0.024568 -0.689174 0.724179 -0.471 -0.062808 -0.879894 -0.532969 0.669576 -0.517312 -0.295765 0.633158 -0.715286 -0.162943 -0.057102 -0.984982 -0.107855 0.605195 -0.788737 -0.5383 -0.613591 0.577701 -0.659831 -0.681286 -0.316975 -0.891401 -0.415884 0.180124 -0.548649 -0.7849 -0.287951 -0.580633 -0.775591 0.247635 -0.402157 -0.83755 -0.369837 -0.384263 -0.909736 0.157233 -0.161048 -0.97947 0.121251 -0.414966 -0.868661 -0.270612 -0.265855 -0.91543 -0.302173 -0.241162 -0.959611 0.144874 -0.665712 -0.699405 -0.260114 -0.42135 -0.832751 0.359152 -0.136727 -0.776321 -0.615331 -0.84318 -0.058688 -0.534419 -0.453391 -0.340501 -0.823709 -0.507448 -0.105842 -0.855157 -0.034425 -0.05411 -0.997941 -0.028292 0.587196 -0.808951 -0.215434 -0.669862 -0.710544 -0.467042 0.391323 -0.79293 -0.101813 -0.748305 -0.655495 -0.388357 -0.913501 0.121222 -0.023348 -0.724661 -0.688709 0.86902 -0.056826 -0.491503 0.72417 -0.689622 0.000031</float_array>
          <technique_common>
            <accessor source="#Cube_001-mesh-normals-array" count="216" stride="3">
              <param name="X" type="float" />
              <param name="Y" type="float" />
              <param name="Z" type="float" />
            </accessor>
          </technique_common>
        </source>
        <source id="Cube_001-mesh-map-0">
          <float_array id="Cube_001-mesh-map-0-array" count="2232">0.196775 0.429522 0.144359 0.604417 0.133564 0.415279 0.079439 0.41109 0.020847 0.609969 0.020846 0.407005 0.133564 0.415279 0.079817 0.607491 0.079439 0.41109 0.08745 0.192709 0.020846 0.407005 0.034707 0.165724 0.139965 0.229189 0.079439 0.41109 0.08745 0.192709 0.203948 0.290495 0.133564 0.415279 0.139965 0.229189 0.249166 0.340288 0.196775 0.429522 0.203948 0.290495 0.241264 0.441579 0.198358 0.601521 0.196775 0.429522 0.198358 0.601521 0.166321 0.850281 0.144359 0.604417 0.079817 0.607491 0.034206 0.865621 0.020847 0.609969 0.144359 0.604417 0.100602 0.859301 0.079817 0.607491 0.26959 0.833283 0.198358 0.601521 0.248338 0.592217 0.104614 0.033523 0.034707 0.165724 0.047224 0.019008 0.158075 0.049746 0.08745 0.192709 0.104614 0.033523 0.257211 0.089201 0.203948 0.290495 0.216522 0.070928 0.216522 0.070928 0.139965 0.229189 0.158075 0.049746 0.39012 0.279834 0.439515 0.453749 0.378945 0.468131 0.26959 0.27479 0.327023 0.472555 0.26959 0.476632 0.327591 0.277182 0.378945 0.468131 0.327023 0.472555 0.26959 0.476632 0.33462 0.689965 0.283323 0.71677 0.327023 0.472555 0.384889 0.653738 0.33462 0.689965 0.378945 0.468131 0.446051 0.592618 0.384889 0.653738 0.490238 0.542862 0.439515 0.453749 0.482668 0.44162 0.44143 0.282405 0.482668 0.44162 0.439515 0.453749 0.412262 0.033846 0.44143 0.282405 0.39012 0.279834 0.282873 0.019008 0.327591 0.277182 0.26959 0.27479 0.348417 0.025193 0.39012 0.279834 0.327591 0.277182 0.44143 0.282405 0.511012 0.049684 0.489829 0.291438 0.283323 0.71677 0.351487 0.848657 0.295715 0.862822 0.33462 0.689965 0.402557 0.83296 0.351487 0.848657 0.446051 0.592618 0.497915 0.793993 0.458219 0.812214 0.384889 0.653738 0.458219 0.812214 0.402557 0.83296 0.469091 0.97148 0.58207 0.952394 0.582092 0.97148 0.820518 0.952394 0.862024 0.97148 0.820518 0.97148 0.1093 0.952394 0.163651 0.97148 0.1093 0.97148 0.469366 0.952394 0.393609 0.97148 0.393915 0.952394 0.862024 0.952394 0.899768 0.97148 0.862024 0.97148 0.163651 0.952394 0.205322 0.97148 0.163651 0.97148 0.766875 0.97148 0.58207 0.952394 0.766875 0.952394 0.1093 0.952394 0.08292 0.97148 0.08292 0.952394 0.899768 0.952394 0.924085 0.97148 0.899768 0.97148 0.067367 0.952394 0.08292 0.97148 0.067367 0.97148 0.393915 0.952394 0.205322 0.97148 0.205576 0.952394 0.820518 0.952394 0.766875 0.97148 0.766875 0.952394 0.517433 0.090323 0.754836 0.136689 0.512699 0.154388 0.512699 0.154388 0.756924 0.222384 0.511253 0.240958 0.91613 0.416218 0.953338 0.548473 0.889671 0.471629 0.834386 0.372574 0.889671 0.471629 0.820304 0.430567 0.765171 0.359562 0.820304 0.430567 0.755134 0.412539 0.816148 0.502974 0.789001 0.643467 0.75662 0.505367 0.860654 0.51958 0.847019 0.62259 0.816148 0.502974 0.816148 0.502974 0.889671 0.471629 0.860654 0.51958 0.860654 0.51958 0.953338 0.548473 0.900652 0.595202 0.756924 0.222384 0.912241 0.129844 0.915356 0.216739 0.753077 0.077804 0.861649 0.027857 0.894281 0.071996 0.511253 0.240958 0.758017 0.328893 0.511012 0.328893 0.754836 0.136689 0.894281 0.071996 0.912241 0.129844 0.523639 0.019008 0.753077 0.077804 0.517433 0.090323 0.758017 0.328893 0.915356 0.216739 0.917387 0.32387 0.652768 0.562133 0.684289 0.872072 0.638227 0.877856 0.589043 0.55915 0.638227 0.877856 0.573974 0.879429 0.931271 0.675815 0.936416 0.812827 0.896675 0.777019 0.896675 0.777019 0.876617 0.893182 0.847255 0.848705 0.847255 0.848705 0.82 0.9391 0.795774 0.897303 0.759669 0.674134 0.82372 0.787193 0.770552 0.814884 0.817635 0.664054 0.858262 0.749943 0.82372 0.787193 0.896675 0.777019 0.82372 0.787193 0.858262 0.749943 0.872689 0.66153 0.896675 0.777019 0.858262 0.749943 0.589043 0.55915 0.658473 0.356411 0.652768 0.562133 0.694982 0.564602 0.73163 0.422719 0.735121 0.553306 0.508573 0.557354 0.573974 0.879429 0.507641 0.879429 0.652768 0.562133 0.699778 0.379971 0.694982 0.564602 0.73711 0.864379 0.694982 0.564602 0.735121 0.553306 0.508573 0.557354 0.593856 0.352135 0.589043 0.55915 0.605976 0.938451 0.563447 0.917023 0.607144 0.917023 0.405064 0.917023 0.247441 0.938451 0.248609 0.917023 0.681153 0.905979 0.653093 0.89319 0.681153 0.89319 0.063207 0.905979 0.077366 0.89319 0.077366 0.905979 0.605976 0.938451 0.633147 0.917023 0.631979 0.938451 0.433381 0.89319 0.197092 0.905979 0.197092 0.89319 0.653093 0.905979 0.615684 0.89319 0.653093 0.89319 0.197092 0.905979 0.143463 0.89319 0.197092 0.89319 0.433381 0.89319 0.53156 0.905979 0.433381 0.905979 0.615684 0.905979 0.577307 0.89319 0.615684 0.89319 0.106242 0.905979 0.143463 0.89319 0.143463 0.905979 0.472892 0.938451 0.563447 0.917023 0.562279 0.938451 0.070313 0.917023 0.131796 0.938451 0.069145 0.938451 0.077366 0.905979 0.106242 0.89319 0.106242 0.905979 0.403896 0.938451 0.47406 0.917023 0.472892 0.938451 0.132964 0.917023 0.247441 0.938451 0.131796 0.938451 0.577307 0.89319 0.53156 0.905979 0.53156 0.89319 0.847255 0.848705 0.770552 0.814884 0.82372 0.787193 0.75662 0.505367 0.820304 0.430567 0.816148 0.502974 0.196775 0.429522 0.198358 0.601521 0.144359 0.604417 0.079439 0.41109 0.079817 0.607491 0.020847 0.609969 0.133564 0.415279 0.144359 0.604417 0.079817 0.607491 0.08745 0.192709 0.079439 0.41109 0.020846 0.407005 0.139965 0.229189 0.133564 0.415279 0.079439 0.41109 0.203948 0.290495 0.196775 0.429522 0.133564 0.415279 0.249166 0.340288 0.241264 0.441579 0.196775 0.429522 0.241264 0.441579 0.248338 0.592217 0.198358 0.601521 0.198358 0.601521 0.215299 0.8436 0.166321 0.850281 0.079817 0.607491 0.100602 0.859301 0.034206 0.865621 0.144359 0.604417 0.166321 0.850281 0.100602 0.859301 0.26959 0.833283 0.215299 0.8436 0.198358 0.601521 0.104614 0.033523 0.08745 0.192709 0.034707 0.165724 0.158075 0.049746 0.139965 0.229189 0.08745 0.192709 0.257211 0.089201 0.249166 0.340288 0.203948 0.290495 0.216522 0.070928 0.203948 0.290495 0.139965 0.229189 0.39012 0.279834 0.44143 0.282405 0.439515 0.453749 0.26959 0.27479 0.327591 0.277182 0.327023 0.472555 0.327591 0.277182 0.39012 0.279834 0.378945 0.468131 0.26959 0.476632 0.327023 0.472555 0.33462 0.689965 0.327023 0.472555 0.378945 0.468131 0.384889 0.653738 0.378945 0.468131 0.439515 0.453749 0.446051 0.592618 0.490238 0.542862 0.446051 0.592618 0.439515 0.453749 0.44143 0.282405 0.489829 0.291438 0.482668 0.44162 0.412262 0.033846 0.458378 0.03988 0.44143 0.282405 0.282873 0.019008 0.348417 0.025193 0.327591 0.277182 0.348417 0.025193 0.412262 0.033846 0.39012 0.279834 0.44143 0.282405 0.458378 0.03988 0.511012 0.049684 0.283323 0.71677 0.33462 0.689965 0.351487 0.848657 0.33462 0.689965 0.384889 0.653738 0.402557 0.83296 0.446051 0.592618 0.490238 0.542862 0.497915 0.793993 0.384889 0.653738 0.446051 0.592618 0.458219 0.812214 0.469091 0.97148 0.469366 0.952394 0.58207 0.952394 0.820518 0.952394 0.862024 0.952394 0.862024 0.97148 0.1093 0.952394 0.163651 0.952394 0.163651 0.97148 0.469366 0.952394 0.469091 0.97148 0.393609 0.97148 0.862024 0.952394 0.899768 0.952394 0.899768 0.97148 0.163651 0.952394 0.205576 0.952394 0.205322 0.97148 0.766875 0.97148 0.582092 0.97148 0.58207 0.952394 0.1093 0.952394 0.1093 0.97148 0.08292 0.97148 0.899768 0.952394 0.924085 0.952394 0.924085 0.97148 0.067367 0.952394 0.08292 0.952394 0.08292 0.97148 0.393915 0.952394 0.393609 0.97148 0.205322 0.97148 0.820518 0.952394 0.820518 0.97148 0.766875 0.97148 0.517433 0.090323 0.753077 0.077804 0.754836 0.136689 0.512699 0.154388 0.754836 0.136689 0.756924 0.222384 0.91613 0.416218 0.989327 0.511991 0.953338 0.548473 0.834386 0.372574 0.91613 0.416218 0.889671 0.471629 0.765171 0.359562 0.834386 0.372574 0.820304 0.430567 0.816148 0.502974 0.847019 0.62259 0.789001 0.643467 0.860654 0.51958 0.900652 0.595202 0.847019 0.62259 0.816148 0.502974 0.820304 0.430567 0.889671 0.471629 0.860654 0.51958 0.889671 0.471629 0.953338 0.548473 0.756924 0.222384 0.754836 0.136689 0.912241 0.129844 0.753077 0.077804 0.7618 0.022936 0.861649 0.027857 0.511253 0.240958 0.756924 0.222384 0.758017 0.328893 0.754836 0.136689 0.753077 0.077804 0.894281 0.071996 0.523639 0.019008 0.7618 0.022936 0.753077 0.077804 0.758017 0.328893 0.756924 0.222384 0.915356 0.216739 0.652768 0.562133 0.694982 0.564602 0.684289 0.872072 0.589043 0.55915 0.652768 0.562133 0.638227 0.877856 0.931271 0.675815 0.974052 0.689404 0.936416 0.812827 0.896675 0.777019 0.936416 0.812827 0.876617 0.893182 0.847255 0.848705 0.876617 0.893182 0.82 0.9391 0.759669 0.674134 0.817635 0.664054 0.82372 0.787193 0.817635 0.664054 0.872689 0.66153 0.858262 0.749943 0.896675 0.777019 0.847255 0.848705 0.82372 0.787193 0.872689 0.66153 0.931271 0.675815 0.896675 0.777019 0.589043 0.55915 0.593856 0.352135 0.658473 0.356411 0.694982 0.564602 0.699778 0.379971 0.73163 0.422719 0.508573 0.557354 0.589043 0.55915 0.573974 0.879429 0.652768 0.562133 0.658473 0.356411 0.699778 0.379971 0.73711 0.864379 0.684289 0.872072 0.694982 0.564602 0.508573 0.557354 0.512938 0.349148 0.593856 0.352135 0.605976 0.938451 0.562279 0.938451 0.563447 0.917023 0.405064 0.917023 0.403896 0.938451 0.247441 0.938451 0.681153 0.905979 0.653093 0.905979 0.653093 0.89319 0.063207 0.905979 0.063207 0.89319 0.077366 0.89319 0.605976 0.938451 0.607144 0.917023 0.633147 0.917023 0.433381 0.89319 0.433381 0.905979 0.197092 0.905979 0.653093 0.905979 0.615684 0.905979 0.615684 0.89319 0.197092 0.905979 0.143463 0.905979 0.143463 0.89319 0.433381 0.89319 0.53156 0.89319 0.53156 0.905979 0.615684 0.905979 0.577307 0.905979 0.577307 0.89319 0.106242 0.905979 0.106242 0.89319 0.143463 0.89319 0.472892 0.938451 0.47406 0.917023 0.563447 0.917023 0.070313 0.917023 0.132964 0.917023 0.131796 0.938451 0.077366 0.905979 0.077366 0.89319 0.106242 0.89319 0.403896 0.938451 0.405064 0.917023 0.47406 0.917023 0.132964 0.917023 0.248609 0.917023 0.247441 0.938451 0.577307 0.89319 0.577307 0.905979 0.53156 0.905979 0.847255 0.848705 0.795774 0.897303 0.770552 0.814884 0.75662 0.505367 0.755134 0.412539 0.820304 0.430567 0.196775 0.429522 0.144359 0.604417 0.133564 0.415279 0.079439 0.41109 0.020847 0.609969 0.020846 0.407005 0.133564 0.415279 0.079817 0.607491 0.079439 0.41109 0.08745 0.192709 0.020846 0.407005 0.034707 0.165724 0.139965 0.229189 0.079439 0.41109 0.08745 0.192709 0.203948 0.290495 0.133564 0.415279 0.139965 0.229189 0.249166 0.340288 0.196775 0.429522 0.203948 0.290495 0.241264 0.441579 0.198358 0.601521 0.196775 0.429522 0.198358 0.601521 0.166321 0.850281 0.144359 0.604417 0.079817 0.607491 0.034206 0.865621 0.020847 0.609969 0.144359 0.604417 0.100602 0.859301 0.079817 0.607491 0.26959 0.833283 0.198358 0.601521 0.248338 0.592217 0.104614 0.033523 0.034707 0.165724 0.047224 0.019008 0.158075 0.049746 0.08745 0.192709 0.104614 0.033523 0.257211 0.089201 0.203948 0.290495 0.216522 0.070928 0.216522 0.070928 0.139965 0.229189 0.158075 0.049746 0.39012 0.279834 0.439515 0.453749 0.378945 0.468131 0.26959 0.27479 0.327023 0.472555 0.26959 0.476632 0.327591 0.277182 0.378945 0.468131 0.327023 0.472555 0.26959 0.476632 0.33462 0.689965 0.283323 0.71677 0.327023 0.472555 0.384889 0.653738 0.33462 0.689965 0.378945 0.468131 0.446051 0.592618 0.384889 0.653738 0.490238 0.542862 0.439515 0.453749 0.482668 0.44162 0.44143 0.282405 0.482668 0.44162 0.439515 0.453749 0.412262 0.033846 0.44143 0.282405 0.39012 0.279834 0.282873 0.019008 0.327591 0.277182 0.26959 0.27479 0.348417 0.025193 0.39012 0.279834 0.327591 0.277182 0.44143 0.282405 0.511012 0.049684 0.489829 0.291438 0.283323 0.71677 0.351487 0.848657 0.295715 0.862822 0.33462 0.689965 0.402557 0.83296 0.351487 0.848657 0.446051 0.592618 0.497915 0.793993 0.458219 0.812214 0.384889 0.653738 0.458219 0.812214 0.402557 0.83296 0.469091 0.97148 0.58207 0.952394 0.582092 0.97148 0.820518 0.952394 0.862024 0.97148 0.820518 0.97148 0.1093 0.952394 0.163651 0.97148 0.1093 0.97148 0.469366 0.952394 0.393609 0.97148 0.393915 0.952394 0.862024 0.952394 0.899768 0.97148 0.862024 0.97148 0.163651 0.952394 0.205322 0.97148 0.163651 0.97148 0.766875 0.97148 0.58207 0.952394 0.766875 0.952394 0.1093 0.952394 0.08292 0.97148 0.08292 0.952394 0.899768 0.952394 0.924085 0.97148 0.899768 0.97148 0.067367 0.952394 0.08292 0.97148 0.067367 0.97148 0.393915 0.952394 0.205322 0.97148 0.205576 0.952394 0.820518 0.952394 0.766875 0.97148 0.766875 0.952394 0.517433 0.090323 0.754836 0.136689 0.512699 0.154388 0.512699 0.154388 0.756924 0.222384 0.511253 0.240958 0.91613 0.416218 0.953338 0.548473 0.889671 0.471629 0.834386 0.372574 0.889671 0.471629 0.820304 0.430567 0.765171 0.359562 0.820304 0.430567 0.755134 0.412539 0.816148 0.502974 0.789001 0.643467 0.75662 0.505367 0.860654 0.51958 0.847019 0.62259 0.816148 0.502974 0.816148 0.502974 0.889671 0.471629 0.860654 0.51958 0.860654 0.51958 0.953338 0.548473 0.900652 0.595202 0.756924 0.222384 0.912241 0.129844 0.915356 0.216739 0.753077 0.077804 0.861649 0.027857 0.894281 0.071996 0.511253 0.240958 0.758017 0.328893 0.511012 0.328893 0.754836 0.136689 0.894281 0.071996 0.912241 0.129844 0.523639 0.019008 0.753077 0.077804 0.517433 0.090323 0.758017 0.328893 0.915356 0.216739 0.917387 0.32387 0.652768 0.562133 0.684289 0.872072 0.638227 0.877856 0.589043 0.55915 0.638227 0.877856 0.573974 0.879429 0.931271 0.675815 0.936416 0.812827 0.896675 0.777019 0.896675 0.777019 0.876617 0.893182 0.847255 0.848705 0.847255 0.848705 0.82 0.9391 0.795774 0.897303 0.759669 0.674134 0.82372 0.787193 0.770552 0.814884 0.817635 0.664054 0.858262 0.749943 0.82372 0.787193 0.896675 0.777019 0.82372 0.787193 0.858262 0.749943 0.872689 0.66153 0.896675 0.777019 0.858262 0.749943 0.589043 0.55915 0.658473 0.356411 0.652768 0.562133 0.694982 0.564602 0.73163 0.422719 0.735121 0.553306 0.508573 0.557354 0.573974 0.879429 0.507641 0.879429 0.652768 0.562133 0.699778 0.379971 0.694982 0.564602 0.73711 0.864379 0.694982 0.564602 0.735121 0.553306 0.508573 0.557354 0.593856 0.352135 0.589043 0.55915 0.605976 0.938451 0.563447 0.917023 0.607144 0.917023 0.405064 0.917023 0.247441 0.938451 0.248609 0.917023 0.681153 0.905979 0.653093 0.89319 0.681153 0.89319 0.063207 0.905979 0.077366 0.89319 0.077366 0.905979 0.605976 0.938451 0.633147 0.917023 0.631979 0.938451 0.433381 0.89319 0.197092 0.905979 0.197092 0.89319 0.653093 0.905979 0.615684 0.89319 0.653093 0.89319 0.197092 0.905979 0.143463 0.89319 0.197092 0.89319 0.433381 0.89319 0.53156 0.905979 0.433381 0.905979 0.615684 0.905979 0.577307 0.89319 0.615684 0.89319 0.106242 0.905979 0.143463 0.89319 0.143463 0.905979 0.472892 0.938451 0.563447 0.917023 0.562279 0.938451 0.070313 0.917023 0.131796 0.938451 0.069145 0.938451 0.077366 0.905979 0.106242 0.89319 0.106242 0.905979 0.403896 0.938451 0.47406 0.917023 0.472892 0.938451 0.132964 0.917023 0.247441 0.938451 0.131796 0.938451 0.577307 0.89319 0.53156 0.905979 0.53156 0.89319 0.847255 0.848705 0.770552 0.814884 0.82372 0.787193 0.75662 0.505367 0.820304 0.430567 0.816148 0.502974 0.196775 0.429522 0.198358 0.601521 0.144359 0.604417 0.079439 0.41109 0.079817 0.607491 0.020847 0.609969 0.133564 0.415279 0.144359 0.604417 0.079817 0.607491 0.08745 0.192709 0.079439 0.41109 0.020846 0.407005 0.139965 0.229189 0.133564 0.415279 0.079439 0.41109 0.203948 0.290495 0.196775 0.429522 0.133564 0.415279 0.249166 0.340288 0.241264 0.441579 0.196775 0.429522 0.241264 0.441579 0.248338 0.592217 0.198358 0.601521 0.198358 0.601521 0.215299 0.8436 0.166321 0.850281 0.079817 0.607491 0.100602 0.859301 0.034206 0.865621 0.144359 0.604417 0.166321 0.850281 0.100602 0.859301 0.26959 0.833283 0.215299 0.8436 0.198358 0.601521 0.104614 0.033523 0.08745 0.192709 0.034707 0.165724 0.158075 0.049746 0.139965 0.229189 0.08745 0.192709 0.257211 0.089201 0.249166 0.340288 0.203948 0.290495 0.216522 0.070928 0.203948 0.290495 0.139965 0.229189 0.39012 0.279834 0.44143 0.282405 0.439515 0.453749 0.26959 0.27479 0.327591 0.277182 0.327023 0.472555 0.327591 0.277182 0.39012 0.279834 0.378945 0.468131 0.26959 0.476632 0.327023 0.472555 0.33462 0.689965 0.327023 0.472555 0.378945 0.468131 0.384889 0.653738 0.378945 0.468131 0.439515 0.453749 0.446051 0.592618 0.490238 0.542862 0.446051 0.592618 0.439515 0.453749 0.44143 0.282405 0.489829 0.291438 0.482668 0.44162 0.412262 0.033846 0.458378 0.03988 0.44143 0.282405 0.282873 0.019008 0.348417 0.025193 0.327591 0.277182 0.348417 0.025193 0.412262 0.033846 0.39012 0.279834 0.44143 0.282405 0.458378 0.03988 0.511012 0.049684 0.283323 0.71677 0.33462 0.689965 0.351487 0.848657 0.33462 0.689965 0.384889 0.653738 0.402557 0.83296 0.446051 0.592618 0.490238 0.542862 0.497915 0.793993 0.384889 0.653738 0.446051 0.592618 0.458219 0.812214 0.469091 0.97148 0.469366 0.952394 0.58207 0.952394 0.820518 0.952394 0.862024 0.952394 0.862024 0.97148 0.1093 0.952394 0.163651 0.952394 0.163651 0.97148 0.469366 0.952394 0.469091 0.97148 0.393609 0.97148 0.862024 0.952394 0.899768 0.952394 0.899768 0.97148 0.163651 0.952394 0.205576 0.952394 0.205322 0.97148 0.766875 0.97148 0.582092 0.97148 0.58207 0.952394 0.1093 0.952394 0.1093 0.97148 0.08292 0.97148 0.899768 0.952394 0.924085 0.952394 0.924085 0.97148 0.067367 0.952394 0.08292 0.952394 0.08292 0.97148 0.393915 0.952394 0.393609 0.97148 0.205322 0.97148 0.820518 0.952394 0.820518 0.97148 0.766875 0.97148 0.517433 0.090323 0.753077 0.077804 0.754836 0.136689 0.512699 0.154388 0.754836 0.136689 0.756924 0.222384 0.91613 0.416218 0.989327 0.511991 0.953338 0.548473 0.834386 0.372574 0.91613 0.416218 0.889671 0.471629 0.765171 0.359562 0.834386 0.372574 0.820304 0.430567 0.816148 0.502974 0.847019 0.62259 0.789001 0.643467 0.860654 0.51958 0.900652 0.595202 0.847019 0.62259 0.816148 0.502974 0.820304 0.430567 0.889671 0.471629 0.860654 0.51958 0.889671 0.471629 0.953338 0.548473 0.756924 0.222384 0.754836 0.136689 0.912241 0.129844 0.753077 0.077804 0.7618 0.022936 0.861649 0.027857 0.511253 0.240958 0.756924 0.222384 0.758017 0.328893 0.754836 0.136689 0.753077 0.077804 0.894281 0.071996 0.523639 0.019008 0.7618 0.022936 0.753077 0.077804 0.758017 0.328893 0.756924 0.222384 0.915356 0.216739 0.652768 0.562133 0.694982 0.564602 0.684289 0.872072 0.589043 0.55915 0.652768 0.562133 0.638227 0.877856 0.931271 0.675815 0.974052 0.689404 0.936416 0.812827 0.896675 0.777019 0.936416 0.812827 0.876617 0.893182 0.847255 0.848705 0.876617 0.893182 0.82 0.9391 0.759669 0.674134 0.817635 0.664054 0.82372 0.787193 0.817635 0.664054 0.872689 0.66153 0.858262 0.749943 0.896675 0.777019 0.847255 0.848705 0.82372 0.787193 0.872689 0.66153 0.931271 0.675815 0.896675 0.777019 0.589043 0.55915 0.593856 0.352135 0.658473 0.356411 0.694982 0.564602 0.699778 0.379971 0.73163 0.422719 0.508573 0.557354 0.589043 0.55915 0.573974 0.879429 0.652768 0.562133 0.658473 0.356411 0.699778 0.379971 0.73711 0.864379 0.684289 0.872072 0.694982 0.564602 0.508573 0.557354 0.512938 0.349148 0.593856 0.352135 0.605976 0.938451 0.562279 0.938451 0.563447 0.917023 0.405064 0.917023 0.403896 0.938451 0.247441 0.938451 0.681153 0.905979 0.653093 0.905979 0.653093 0.89319 0.063207 0.905979 0.063207 0.89319 0.077366 0.89319 0.605976 0.938451 0.607144 0.917023 0.633147 0.917023 0.433381 0.89319 0.433381 0.905979 0.197092 0.905979 0.653093 0.905979 0.615684 0.905979 0.615684 0.89319 0.197092 0.905979 0.143463 0.905979 0.143463 0.89319 0.433381 0.89319 0.53156 0.89319 0.53156 0.905979 0.615684 0.905979 0.577307 0.905979 0.577307 0.89319 0.106242 0.905979 0.106242 0.89319 0.143463 0.89319 0.472892 0.938451 0.47406 0.917023 0.563447 0.917023 0.070313 0.917023 0.132964 0.917023 0.131796 0.938451 0.077366 0.905979 0.077366 0.89319 0.106242 0.89319 0.403896 0.938451 0.405064 0.917023 0.47406 0.917023 0.132964 0.917023 0.248609 0.917023 0.247441 0.938451 0.577307 0.89319 0.577307 0.905979 0.53156 0.905979 0.847255 0.848705 0.795774 0.897303 0.770552 0.814884 0.75662 0.505367 0.755134 0.412539 0.820304 0.430567</float_array>
          <technique_common>
            <accessor source="#Cube_001-mesh-map-0-array" count="1116" stride="2">
              <param name="S" type="float" />
              <param name="T" type="float" />
            </accessor>
          </technique_common>
        </source>
        <vertices id="Cube_001-mesh-vertices">
          <input semantic="POSITION" source="#Cube_001-mesh-positions" />
        </vertices>
        <polylist material="Material_004-material" count="372">
          <input semantic="VERTEX" source="#Cube_001-mesh-vertices" offset="0" />
          <input semantic="NORMAL" source="#Cube_001-mesh-normals" offset="1" />
          <input semantic="TEXCOORD" source="#Cube_001-mesh-map-0" offset="2" set="0" />
          <vcount>3 3 3 3 3 3 3 3 3 3 3 3 3 3 3 3 3 3 3 3 3 3 3 3 3 3 3 3 3 3 3 3 3 3 3 3 3 3 3 3 3 3 3 3 3 3 3 3 3 3 3 3 3 3 3 3 3 3 3 3 3 3 3 3 3 3 3 3 3 3 3 3 3 3 3 3 3 3 3 3 3 3 3 3 3 3 3 3 3 3 3 3 3 3 3 3 3 3 3 3 3 3 3 3 3 3 3 3 3 3 3 3 3 3 3 3 3 3 3 3 3 3 3 3 3 3 3 3 3 3 3 3 3 3 3 3 3 3 3 3 3 3 3 3 3 3 3 3 3 3 3 3 3 3 3 3 3 3 3 3 3 3 3 3 3 3 3 3 3 3 3 3 3 3 3 3 3 3 3 3 3 3 3 3 3 3 3 3 3 3 3 3 3 3 3 3 3 3 3 3 3 3 3 3 3 3 3 3 3 3 3 3 3 3 3 3 3 3 3 3 3 3 3 3 3 3 3 3 3 3 3 3 3 3 3 3 3 3 3 3 3 3 3 3 3 3 3 3 3 3 3 3 3 3 3 3 3 3 3 3 3 3 3 3 3 3 3 3 3 3 3 3 3 3 3 3 3 3 3 3 3 3 3 3 3 3 3 3 3 3 3 3 3 3 3 3 3 3 3 3 3 3 3 3 3 3 3 3 3 3 3 3 3 3 3 3 3 3 3 3 3 3 3 3 3 3 3 3 3 3 3 3 3 3 3 3 3 3 3 3 3 3 3 3 3 3 3 3 3 3 3 3 3 3 3 3 3 3 3 3 3 3 3 3 3 3 3 3 3 3 3 3</vcount>
          <p>1 0 0 13 1 1 6 2 2 7 3 3 12 4 4 0 5 5 6 2 6 14 6 7 7 3 8 2 7 9 0 5 10 5 8 11 3 9 12 7 3 13 2 7 14 4 10 15 6 2 16 3 9 17 10 11 18 1 0 19 4 10 20 9 12 21 11 13 22 1 0 23 11 13 24 15 14 25 13 1 26 14 6 27 17 15 28 12 4 29 13 1 30 16 16 31 14 6 32 19 17 33 11 13 34 8 18 35 20 19 36 5 8 37 23 20 38 21 21 39 2 7 40 20 19 41 24 22 42 4 10 43 22 23 44 22 23 45 3 9 46 21 21 47 26 24 48 28 25 49 25 26 50 30 27 51 32 28 52 29 29 53 31 30 54 25 26 55 32 28 56 29 29 57 34 31 58 33 32 59 32 28 60 35 33 61 34 31 62 25 26 63 36 34 64 35 33 65 37 35 66 28 25 67 38 36 68 27 37 69 38 36 70 28 25 71 40 38 72 27 37 73 26 24 74 42 39 75 31 30 76 30 27 77 43 40 78 26 24 79 31 30 80 27 37 81 44 41 82 39 42 83 33 32 84 46 43 85 45 44 86 34 31 87 47 45 88 46 43 89 36 34 90 49 46 91 48 47 92 35 33 93 48 47 94 47 45 95 9 12 96 39 42 97 8 18 98 41 48 99 15 14 100 18 49 101 47 45 102 22 23 103 21 21 104 38 36 105 10 11 106 37 35 107 40 38 108 16 16 109 15 14 110 48 47 111 24 22 112 22 23 113 19 17 114 39 42 115 44 41 116 47 45 117 20 19 118 46 43 119 43 40 120 17 15 121 16 16 122 45 44 123 20 19 124 23 20 125 37 35 126 24 22 127 49 46 128 41 48 129 19 17 130 44 41 131 61 50 132 51 51 133 58 52 134 58 52 135 52 53 136 59 54 137 69 55 138 65 56 139 68 57 140 71 58 141 68 57 142 70 59 143 73 60 144 70 59 145 72 61 146 74 62 147 66 63 148 76 64 149 75 65 150 63 66 151 74 62 152 74 62 153 68 57 154 75 65 155 75 65 156 65 56 157 64 67 158 52 53 159 54 68 160 53 69 161 50 70 162 57 71 163 56 72 164 59 54 165 77 73 166 60 74 167 51 51 168 56 72 169 54 68 170 62 75 171 50 70 172 61 50 173 77 73 174 53 69 175 55 76 176 80 77 177 82 78 178 79 79 179 84 80 180 79 79 181 83 81 182 86 82 183 88 83 184 85 84 185 85 84 186 90 85 187 89 86 188 89 86 189 92 87 190 91 88 191 94 89 192 96 90 193 93 91 194 95 92 195 98 93 196 96 90 197 85 84 198 96 90 199 98 93 200 97 94 201 85 84 202 98 93 203 84 80 204 100 95 205 80 77 206 81 96 207 102 97 208 103 98 209 105 99 210 83 81 211 104 100 212 80 77 213 101 101 214 81 96 215 106 102 216 81 96 217 103 98 218 105 99 219 99 103 220 84 80 221 63 66 222 97 94 223 95 92 224 87 104 225 69 55 226 88 83 227 55 76 228 99 103 229 107 105 230 60 74 231 83 81 232 59 54 233 63 66 234 94 89 235 66 63 236 103 98 237 62 75 238 106 102 239 53 69 240 100 95 241 99 103 242 62 75 243 82 78 244 106 102 245 103 98 246 57 71 247 78 106 248 54 68 249 101 101 250 100 95 251 58 52 252 82 78 253 61 50 254 65 56 255 97 94 256 64 67 257 92 87 258 71 58 259 73 60 260 59 54 261 79 79 262 58 52 263 67 107 264 86 82 265 65 56 266 90 85 267 69 55 268 71 58 269 101 101 270 57 71 271 102 97 272 89 86 273 93 91 274 96 90 275 76 64 276 70 59 277 74 62 278 1 0 279 11 13 280 13 1 281 7 3 282 14 6 283 12 4 284 6 2 285 13 1 286 14 6 287 2 7 288 7 3 289 0 5 290 3 9 291 6 2 292 7 3 293 4 10 294 1 0 295 6 2 296 10 11 297 9 12 298 1 0 299 9 12 300 8 18 301 11 13 302 11 13 303 18 49 304 15 14 305 14 6 306 16 16 307 17 15 308 13 1 309 15 14 310 16 16 311 19 17 312 18 49 313 11 13 314 20 19 315 2 7 316 5 8 317 21 21 318 3 9 319 2 7 320 24 22 321 10 11 322 4 10 323 22 23 324 4 10 325 3 9 326 26 24 327 27 37 328 28 25 329 30 27 330 31 30 331 32 28 332 31 30 333 26 24 334 25 26 335 29 29 336 32 28 337 34 31 338 32 28 339 25 26 340 35 33 341 25 26 342 28 25 343 36 34 344 37 35 345 36 34 346 28 25 347 27 37 348 39 42 349 38 36 350 40 38 351 41 48 352 27 37 353 42 39 354 43 40 355 31 30 356 43 40 357 40 38 358 26 24 359 27 37 360 41 48 361 44 41 362 33 32 363 34 31 364 46 43 365 34 31 366 35 33 367 47 45 368 36 34 369 37 35 370 49 46 371 35 33 372 36 34 373 48 47 374 9 12 375 38 36 376 39 42 377 41 48 378 40 38 379 15 14 380 47 45 381 48 47 382 22 23 383 38 36 384 9 12 385 10 11 386 40 38 387 43 40 388 16 16 389 48 47 390 49 46 391 24 22 392 19 17 393 8 18 394 39 42 395 47 45 396 21 21 397 20 19 398 43 40 399 42 39 400 17 15 401 45 44 402 46 43 403 20 19 404 37 35 405 10 11 406 24 22 407 41 48 408 18 49 409 19 17 410 61 50 411 50 70 412 51 51 413 58 52 414 51 51 415 52 53 416 69 55 417 67 107 418 65 56 419 71 58 420 69 55 421 68 57 422 73 60 423 71 58 424 70 59 425 74 62 426 63 66 427 66 63 428 75 65 429 64 67 430 63 66 431 74 62 432 70 59 433 68 57 434 75 65 435 68 57 436 65 56 437 52 53 438 51 51 439 54 68 440 50 70 441 78 106 442 57 71 443 59 54 444 52 53 445 77 73 446 51 51 447 50 70 448 56 72 449 62 75 450 78 106 451 50 70 452 77 73 453 52 53 454 53 69 455 80 77 456 81 96 457 82 78 458 84 80 459 80 77 460 79 79 461 86 82 462 87 104 463 88 83 464 85 84 465 88 83 466 90 85 467 89 86 468 90 85 469 92 87 470 94 89 471 95 92 472 96 90 473 95 92 474 97 94 475 98 93 476 85 84 477 89 86 478 96 90 479 97 94 480 86 82 481 85 84 482 84 80 483 99 103 484 100 95 485 81 96 486 101 101 487 102 97 488 105 99 489 84 80 490 83 81 491 80 77 492 100 95 493 101 101 494 106 102 495 82 78 496 81 96 497 105 99 498 107 105 499 99 103 500 63 66 501 64 67 502 97 94 503 87 104 504 67 107 505 69 55 506 55 76 507 53 69 508 99 103 509 60 74 510 104 100 511 83 81 512 63 66 513 95 92 514 94 89 515 103 98 516 78 106 517 62 75 518 53 69 519 54 68 520 100 95 521 62 75 522 61 50 523 82 78 524 103 98 525 102 97 526 57 71 527 54 68 528 56 72 529 101 101 530 58 52 531 79 79 532 82 78 533 65 56 534 86 82 535 97 94 536 92 87 537 90 85 538 71 58 539 59 54 540 83 81 541 79 79 542 67 107 543 87 104 544 86 82 545 90 85 546 88 83 547 69 55 548 101 101 549 56 72 550 57 71 551 89 86 552 91 88 553 93 91 554 76 64 555 72 61 556 70 59 557 114 110 560 121 109 559 109 108 558 108 113 563 120 112 562 115 111 561 115 111 566 122 114 565 114 110 564 113 116 569 108 113 568 110 115 567 110 115 572 115 111 571 111 117 570 111 117 575 114 110 574 112 118 573 112 118 578 109 108 577 118 119 576 109 108 581 119 121 580 117 120 579 121 109 584 123 122 583 119 121 582 120 112 587 125 123 586 122 114 585 122 114 590 124 124 589 121 109 588 116 126 593 119 121 592 127 125 591 131 128 596 113 116 595 128 127 594 128 127 599 110 115 598 129 129 597 130 131 602 112 118 601 132 130 600 129 129 605 111 117 604 130 131 603 133 134 608 136 133 607 134 132 606 137 137 611 140 136 610 138 135 609 140 136 614 133 134 613 139 138 612 141 140 617 142 139 616 137 137 615 142 139 620 143 141 619 140 136 618 143 141 623 144 142 622 133 134 621 146 144 626 136 133 625 145 143 624 136 133 629 146 144 628 135 145 627 134 132 632 135 145 631 148 146 630 138 135 635 139 138 634 150 147 633 139 138 638 134 132 637 151 148 636 147 150 641 152 149 640 135 145 639 153 152 644 154 151 643 141 140 642 154 151 647 155 153 646 142 139 645 156 155 650 157 154 649 144 142 648 155 153 653 156 155 652 143 141 651 116 126 656 147 150 655 117 120 654 126 157 659 123 122 658 149 156 657 129 129 662 130 131 661 155 153 660 145 143 665 118 119 664 146 144 663 123 122 668 124 124 667 148 146 666 130 131 671 132 130 670 156 155 669 152 149 674 147 150 673 127 125 672 154 151 677 128 127 676 155 153 675 124 124 680 125 123 679 151 148 678 131 128 683 128 127 682 153 152 681 157 154 686 132 130 685 145 143 684 152 149 689 127 125 688 149 156 687 166 160 692 159 159 691 169 158 690 167 162 695 160 161 694 166 160 693 176 165 698 173 164 697 177 163 696 178 167 701 176 165 700 179 166 699 180 169 704 178 167 703 181 168 702 184 172 707 174 171 706 182 170 705 182 170 710 171 174 709 183 173 708 183 173 713 176 165 712 182 170 711 172 175 716 173 164 715 183 173 714 161 177 719 162 176 718 160 161 717 164 180 722 165 179 721 158 178 720 168 182 725 185 181 724 167 162 723 162 176 728 164 180 727 159 159 726 169 158 731 158 178 730 170 183 729 163 184 734 161 177 733 185 181 732 187 187 737 190 186 736 188 185 735 191 189 740 187 187 739 192 188 738 193 192 743 196 191 742 194 190 741 197 194 746 198 193 745 193 192 744 199 196 749 200 195 748 197 194 747 201 199 752 204 198 751 202 197 750 204 198 755 206 201 754 203 200 753 206 201 758 204 198 757 193 192 756 206 201 761 193 192 760 205 202 759 188 185 764 208 203 763 192 188 762 211 206 767 210 205 766 189 204 765 212 208 770 191 189 769 213 207 768 189 204 773 209 209 772 188 185 771 211 206 776 189 204 775 214 210 774 192 188 779 207 211 778 213 207 777 203 200 782 205 202 781 171 174 780 196 191 785 177 163 784 195 212 783 215 213 788 207 211 787 163 184 786 167 162 791 191 189 790 168 182 789 174 171 794 202 197 793 171 174 792 214 210 797 170 183 796 211 206 795 207 211 800 208 203 799 161 177 798 214 210 803 190 186 802 170 183 801 186 214 806 165 179 805 211 206 804 208 203 809 209 209 808 162 176 807 169 158 812 190 186 811 166 160 810 172 175 815 205 202 814 173 164 813 181 168 818 179 166 817 200 195 816 166 160 821 187 187 820 167 162 819 173 164 824 194 190 823 175 215 822 179 166 827 177 163 826 198 193 825 210 205 830 165 179 829 209 209 828 204 198 833 201 199 832 197 194 831 182 170 836 178 167 835 184 172 834 121 109 839 119 121 838 109 108 837 120 112 842 122 114 841 115 111 840 122 114 845 121 109 844 114 110 843 108 113 848 115 111 847 110 115 846 115 111 851 114 110 850 111 117 849 114 110 854 109 108 853 112 118 852 109 108 857 117 120 856 118 119 855 119 121 860 116 126 859 117 120 858 123 122 863 126 157 862 119 121 861 125 123 866 124 124 865 122 114 864 124 124 869 123 122 868 121 109 867 119 121 872 126 157 871 127 125 870 113 116 875 110 115 874 128 127 873 110 115 878 111 117 877 129 129 876 112 118 881 118 119 880 132 130 879 111 117 884 112 118 883 130 131 882 136 133 887 135 145 886 134 132 885 140 136 890 139 138 889 138 135 888 133 134 893 134 132 892 139 138 891 142 139 896 140 136 895 137 137 894 143 141 899 133 134 898 140 136 897 144 142 902 136 133 901 133 134 900 136 133 905 144 142 904 145 143 903 146 144 908 147 150 907 135 145 906 135 145 911 149 156 910 148 146 909 139 138 914 151 148 913 150 147 912 134 132 917 148 146 916 151 148 915 152 149 920 149 156 919 135 145 918 154 151 923 142 139 922 141 140 921 155 153 926 143 141 925 142 139 924 157 154 929 145 143 928 144 142 927 156 155 932 144 142 931 143 141 930 147 150 935 146 144 934 117 120 933 123 122 938 148 146 937 149 156 936 130 131 941 156 155 940 155 153 939 118 119 944 117 120 943 146 144 942 124 124 947 151 148 946 148 146 945 132 130 950 157 154 949 156 155 948 147 150 953 116 126 952 127 125 951 128 127 956 129 129 955 155 153 954 125 123 959 150 147 958 151 148 957 128 127 962 154 151 961 153 152 960 132 130 965 118 119 964 145 143 963 127 125 968 126 157 967 149 156 966 159 159 971 158 178 970 169 158 969 160 161 974 159 159 973 166 160 972 173 164 977 175 215 976 177 163 975 176 165 980 177 163 979 179 166 978 178 167 983 179 166 982 181 168 981 174 171 986 171 174 985 182 170 984 171 174 989 172 175 988 183 173 987 176 165 992 178 167 991 182 170 990 173 164 995 176 165 994 183 173 993 162 176 998 159 159 997 160 161 996 165 179 1001 186 214 1000 158 178 999 185 181 1004 160 161 1003 167 162 1002 164 180 1007 158 178 1006 159 159 1005 158 178 1010 186 214 1009 170 183 1008 161 177 1013 160 161 1012 185 181 1011 190 186 1016 189 204 1015 188 185 1014 187 187 1019 188 185 1018 192 188 1017 196 191 1022 195 212 1021 194 190 1020 198 193 1025 196 191 1024 193 192 1023 200 195 1028 198 193 1027 197 194 1026 204 198 1031 203 200 1030 202 197 1029 206 201 1034 205 202 1033 203 200 1032 204 198 1037 197 194 1036 193 192 1035 193 192 1040 194 190 1039 205 202 1038 208 203 1043 207 211 1042 192 188 1041 210 205 1046 209 209 1045 189 204 1044 191 189 1049 192 188 1048 213 207 1047 209 209 1052 208 203 1051 188 185 1050 189 204 1055 190 186 1054 214 210 1053 207 211 1058 215 213 1057 213 207 1056 205 202 1061 172 175 1060 171 174 1059 177 163 1064 175 215 1063 195 212 1062 207 211 1067 161 177 1066 163 184 1065 191 189 1070 212 208 1069 168 182 1068 202 197 1073 203 200 1072 171 174 1071 170 183 1076 186 214 1075 211 206 1074 208 203 1079 162 176 1078 161 177 1077 190 186 1082 169 158 1081 170 183 1080 165 179 1085 210 205 1084 211 206 1083 209 209 1088 164 180 1087 162 176 1086 190 186 1091 187 187 1090 166 160 1089 205 202 1094 194 190 1093 173 164 1092 179 166 1097 198 193 1096 200 195 1095 187 187 1100 191 189 1099 167 162 1098 194 190 1103 195 212 1102 175 215 1101 177 163 1106 196 191 1105 198 193 1104 165 179 1109 164 180 1108 209 209 1107 201 199 1112 199 196 1111 197 194 1110 178 167 1115 180 169 1114 184 172 1113</p>
        </polylist>
      </mesh>
      <extra><technique profile="MAYA"><double_sided>1</double_sided></technique></extra>
    </geometry>
    <geometry id="Cube_048-mesh" name="Cube.048">
      <mesh>
        <source id="Cube_048-mesh-positions">
          <float_array id="Cube_048-mesh-positions-array" count="6234">0 1.207772 1.05179 0 1.263471 0.95616 0 1.376371 0.410917 0 1.746475 0.157405 0 1.746728 0.38215 0 1.293958 1.188117 0 1.230366 1.194603 -0.027296 1.209878 1.063956 -0.074266 1.218727 1.150916 -0.027296 1.264904 1.040617 -0.074266 1.273474 1.12494 0 1.288983 0.296907 0 1.284179 0.802005 0 1.388576 0.455302 -0.183871 1.262249 0.802266 -0.085676 1.2884 1.17128 -0.088689 1.224463 1.180705 -0.023031 1.219796 1.152325 -0.023031 1.274821 1.128986 -0.221809 1.364895 0.807778 -0.29721 1.364895 0.807778 -0.233249 1.294781 1.005996 -0.176277 1.298451 0.987051 -0.213395 1.204873 1.040126 -0.213081 1.375524 0.410917 -0.15218 1.264634 0.947036 -0.21842 1.746475 0.18131 -0.213081 1.746728 0.38215 -0.087657 1.208809 1.062547 -0.087657 1.263556 1.036571 -0.288796 1.287113 0.311836 -0.169704 1.301914 0.802832 -0.191739 1.394822 0.459028 -0.209592 1.418163 0.533866 -0.226792 1.755594 0.559086 -0.288796 1.755594 0.559086 -0.288796 1.417493 0.533866 0 1.227772 0.61432 0 1.317917 0.61432 -0.288796 1.22948 0.61432 -0.185252 1.34089 0.613623 -0.198476 1.308847 0.61432 -0.225456 1.417005 0.605152 -0.288796 1.412195 0.604422 -0.186407 1.399829 0.441397 -0.186407 1.730059 0.41263 0 1.730059 0.41263 0 1.400578 0.441397 -0.288796 1.746728 0.410917 -0.213081 1.499259 0.410917 -0.213081 1.622993 0.410917 -0.241111 1.448109 0.567947 -0.241111 1.631008 0.567947 -0.288796 1.630784 0.567947 -0.288796 1.447662 0.567947 -0.186407 1.509906 0.441397 -0.186407 1.619983 0.441397 0 1.620232 0.441397 0 1.510405 0.441397 -0.136353 1.203424 1.038087 0 1.205111 1.037587 -0.127681 1.233926 1.013738 0 1.235514 1.01298 0 1.208887 0.883334 -0.157944 1.20786 0.883658 -0.172568 1.198019 0.871456 -0.172568 1.198019 0.882315 0 1.202227 0.882155 -0.273074 1.195581 0.812252 0 1.197412 0.811978 0 1.198019 0.871297 -0.149878 1.143316 0.871456 0 1.143316 0.871297 -0.149878 1.143316 0.882315 0 1.143316 0.882155 -0.038317 1.239224 1.070316 -0.065511 1.244267 1.119899 -0.035503 1.244966 1.121478 -0.072919 1.238525 1.068736 0 0.042795 1.258511 0 0.098494 1.162881 0 0.211394 0.617638 0 0.581499 0.364126 0 0.581752 0.588872 0 0.128981 1.394838 0 0.065389 1.401325 -0.027296 0.044902 1.270677 -0.074266 0.05375 1.357637 -0.027296 0.099927 1.247339 -0.074266 0.108497 1.331661 0 0.124007 0.503628 0 0.119202 1.008726 0 0.223599 0.662023 -0.183871 0.097273 1.008988 -0.085676 0.123423 1.378002 -0.088689 0.059486 1.387426 -0.023031 0.054819 1.359046 -0.023031 0.109845 1.335708 -0.221809 0.199918 1.0145 -0.29721 0.199918 1.0145 -0.233249 0.129805 1.212717 -0.176277 0.133474 1.193772 -0.213395 0.039897 1.246848 -0.213081 0.210547 0.617638 -0.15218 0.099658 1.153757 -0.288796 0.581499 0.364126 -0.213081 0.581752 0.588872 -0.087657 0.043833 1.269268 -0.087657 0.09858 1.243292 -0.288796 0.122137 0.518558 -0.169704 0.136937 1.009553 -0.191739 0.229846 0.665749 -0.209592 0.253186 0.740587 -0.226792 0.590617 0.765807 -0.288796 0.590617 0.765807 -0.288796 0.252516 0.740587 0 0.062795 0.821041 0 0.152941 0.821041 -0.288796 0.064504 0.821041 -0.185252 0.175913 0.820345 -0.198476 0.14387 0.821041 -0.225456 0.252029 0.811874 -0.288796 0.247218 0.811143 -0.186407 0.234853 0.648118 -0.186407 0.565083 0.619352 0 0.565083 0.619352 0 0.235601 0.648118 -0.288796 0.581752 0.617638 -0.213081 0.334282 0.617638 -0.213081 0.458017 0.617638 -0.241111 0.283132 0.774668 -0.241111 0.466031 0.774668 -0.288796 0.465808 0.774668 -0.288796 0.282685 0.774668 -0.186407 0.344929 0.648118 -0.186407 0.455006 0.648118 0 0.455256 0.648118 0 0.345428 0.648118 0 0.032435 1.018699 -0.273074 0.030605 1.018973 -0.038317 0.074248 1.277037 -0.065511 0.07929 1.32662 -0.035503 0.07999 1.328199 -0.072919 0.073548 1.275458 -0 2.155018 0.877295 -0.109886 2.375828 0.730432 -0 2.391034 0.75893 -0.112526 2.154784 0.82351 -0.140947 2.64508 0.510772 -0 2.684973 0.533333 -0.239059 2.785217 0.35815 -0 2.845423 0.395296 -0.23936 2.767299 0.244963 -0.312998 2.563578 0.267102 -0.287654 2.631093 0.195902 -0.151724 2.85015 0.207238 -0.146948 2.792166 0.103602 0 2.885378 0.180303 0 2.859453 0.082775 0 2.890285 0.328208 -0.145838 2.856561 0.332272 -0.43238 2.004367 0.71084 -0.453633 1.831444 0.849314 -0.486397 1.535758 0.994339 -0.510655 1.010843 1.150378 -0.384612 2.453418 0.384545 -0.296696 2.636055 0.189216 -0.15173 2.802457 0.094939 -0 2.901644 0.067621 -0.230543 -0.071995 1.507929 -0.411518 -0.069452 1.453702 -0.506114 -0.022486 1.376169 -0.528583 0.067499 1.281628 -0.537962 0.354947 1.256405 0 -0.071997 1.515962 -0.241576 -0.141459 1.542082 -0.429171 -0.894512 1.379751 -0.122436 -1.281108 1.521992 -0.443261 -0.130798 1.485334 -0.016098 -0.146682 1.556857 -0.016098 -1.208238 1.541275 -0.590988 -0.616587 1.188846 -0.564037 -0.067936 1.382179 -0.677222 -0.320261 1.025535 -0.659169 0.961673 0.990457 -0.60073 1.759229 0.722309 -0.573769 1.883917 0.570441 -0.612037 0.045858 1.254722 -0.595293 1.009046 1.109155 -0.546528 1.816239 0.813127 -0.516316 1.988548 0.684435 -0.233131 -0.116705 1.483303 -0.418959 -0.111089 1.433802 0 -0.116705 1.491415 -0.519951 -0.071644 1.370606 -0.564199 0.050756 1.251082 -0.569799 0.338605 1.218031 -0.539825 1.012303 1.108167 -0.518077 1.519067 0.959296 -0.481825 1.812956 0.814858 -0.458972 1.988587 0.685032 -0.358204 -0.862257 1.336475 -0.112103 -1.272548 1.492842 0 -1.208238 1.50308 -0.503708 -0.597453 1.153734 -0.563227 -0.320028 1.017946 -0.545843 0.96465 0.989692 -0.524204 1.465918 0.849669 -0.418605 1.755904 0.723639 -0.39047 1.883853 0.57039 -0.501612 1.537914 0.996917 -0.468808 1.834306 0.85129 -0.447695 2.00687 0.712171 -0.233131 -0.071774 1.5234 -0.418959 -0.069247 1.467722 0 -0.071774 1.531513 -0.519951 -0.022423 1.384964 -0.543677 0.067432 1.285429 -0.525687 1.014683 1.15276 -0.399882 2.454201 0.385819 -0.318952 2.645917 0.182519 -0.180054 2.830995 0.084507 -0 2.944539 0.06045 -0.535586 2.046104 0.47138 -0.352287 2.046094 0.471372 -0.5021 2.124374 0.365471 -0.328512 2.124374 0.365471 -0.477372 2.075858 0.204057 -0.277444 2.08607 0.218823 -0.497832 2.141783 0.63449 -0.443325 2.141744 0.633893 -0.400328 2.641283 0.182709 -0.424589 2.265857 0.123784 -0.334535 2.275583 0.137193 -0.283899 2.122505 -0.031869 -0.222958 2.12062 -0.026835 -0.299053 1.875992 0.063333 -0.205755 1.875992 0.07271 -0.442537 2.454908 0.389162 -0.470083 2.302362 0.506544 -0.417793 2.30316 0.507873 -0.477875 2.118252 0.276942 -0.42604 2.438459 0.167546 -0.291625 2.118866 0.276553 -0.311596 2.446309 0.167059 -0.458549 1.998604 0.699134 -0.50423 1.82932 0.839546 -0.538516 1.531683 0.987485 -0.561612 1.013782 1.140041 -0.590051 0.347972 1.249083 -0.582356 0.060268 1.278813 -0.543602 -0.051843 1.392077 -0.434084 -0.096103 1.480823 -0.237012 -0.104194 1.531998 0 -0.1046 1.540066 0 -1.231476 1.557398 0 -1.231476 1.531529 -0.046888 -1.261147 1.557398 -0.046888 -1.261147 1.531529 -0.046888 -1.551427 1.557398 -0.046888 -1.551565 1.51312 0 -2.708894 2.855452 -0.046887 -2.713515 2.824672 -0.046887 -2.959795 2.702353 0 -2.993876 2.711728 -0.046887 -2.321 1.479404 0 -2.355246 1.480625 -0.046887 -2.134571 2.094591 -0.046887 -2.025757 2.204636 0 -2.026319 2.234759 0 -2.593494 1.978306 -0.046887 -2.558174 1.978306 -0.046887 -2.298145 2.036837 -0.046887 -2.080326 1.498367 -0.019562 -1.551427 1.557398 -0.019562 -1.551565 1.51312 -0.019562 -2.134571 2.094591 -0.019562 -2.298145 2.036837 -0.019562 -2.080326 1.498367 -0.046888 -1.358616 1.496535 0 -1.339397 1.499387 -0.046888 -1.361779 1.522325 0 -1.339397 1.522325 -0.142163 -1.474506 1.398112 -0.105376 -1.738517 1.421638 0 -2.393275 1.470265 -0.146153 -1.738517 1.459262 -0.173937 -2.393275 1.446032 -0.157045 -2.243782 1.446857 -0.316738 -1.738517 1.459262 -0.316738 -2.393275 1.44354 -0.316738 -2.243782 1.446857 -0.409992 -1.738518 1.380392 -0.409992 -2.393275 1.364669 -0.409992 -2.243782 1.367987 -0.409992 -1.738518 1.145467 -0.409992 -2.393275 1.24042 -0.409992 -2.243782 1.163115 -0.285266 -1.738517 1.098399 -0.290585 -2.393275 1.235786 -0.278495 -2.217117 1.098399 -0.180258 -2.270446 1.088579 -0.099746 -1.738517 1.088579 -0.174215 -2.393275 1.184684 -0.189228 -1.738517 1.425933 0 -2.393275 1.439036 -0.170765 -2.393275 1.411712 -0.297269 -1.738517 1.425933 -0.304534 -2.393275 1.41021 -0.376663 -2.393275 1.349207 -0.376554 -1.738517 1.364929 -0.376554 -1.738517 1.170297 -0.376663 -2.393275 1.266485 -0.276179 -1.738517 1.131728 -0.286106 -2.393275 1.265757 -0.1586 -2.393275 1.213768 -0.181459 -1.738517 1.131728 -0.155276 -1.99115 1.45306 -0.316738 -1.99115 1.45306 -0.409992 -1.99115 1.37419 -0.409992 -1.99115 1.14641 -0.254729 2.604097 0.161926 -0.107352 2.767876 0.06306 -0 2.83418 0.053576 -0.254976 2.281277 0.116478 -0.194604 2.159049 -0.032378 -0.11791 2.241816 -0.373592 -0.254398 2.610116 -0.287806 -0.336676 2.529983 -0.214383 -0 2.458293 -0.433474 -0.22955 2.455195 -0.389292 -0.32957 2.434543 -0.268397 -0 2.229933 -0.390488 -0.177117 2.692848 -0.189745 -0.183669 2.624839 -0.299695 -0.11824 2.475968 -0.417675 -0.211875 2.267692 -0.351748 -0.32957 2.326436 -0.248656 -0.179319 2.712127 -0.020465 -0.387587 2.406693 -0.11503 -0.175598 2.725117 -0.300383 -0.115737 2.736943 -0.384364 -0 2.750559 -0.410639 -0.20658 2.166097 -0.178929 -0.336676 2.256247 -0.164396 -0.17464 2.792102 -0.21185 -0.11375 2.880194 -0.233032 -0 2.91838 -0.25253 -0.176667 2.803907 -0.082109 -0.114487 2.895668 -0.061967 -0 2.939247 -0.05599 -0.347565 2.256817 -0.055044 -0.11645 2.797711 0.043445 -0 2.86449 0.030719 -0.35714 2.32788 0.028234 -0.334849 2.568668 -0.115991 -0.25548 2.670383 -0.182128 -0.35714 2.531055 -0.008868 -0.254398 2.62094 0.062532 -0.360922 2.436185 0.04647 -0.25043 2.455619 0.146733 -0.254398 2.677162 -0.02242 -0.140323 2.631217 0.071049 -0.109287 2.136136 -0.223882 -0.09571 2.081063 -0.141796 -0.105451 2.042862 -0.140217 -0 2.120765 -0.238134 -0 2.019293 -0.162697 -0 2.072145 -0.162422 -0.253556 2.144166 -0.052863 -0.318797 2.288364 0.1026 -0.315369 2.471361 0.132358 -0.32636 2.636278 0.144932 -0.181557 2.823995 0.041216 -0 2.946116 0.011681 -0 2.034209 -0.196269 -0.128351 2.052333 -0.166801 -0.29272 -1.366726 0.041451 -0.253508 -2.716944 0.026872 -0.735884 -2.716944 -0.163779 -0.735884 -1.366726 -0.163779 -0.267539 -1.366726 1.05947 -0.267539 -2.716944 1.05947 -0.693087 -2.716944 1.05947 -0.693087 -1.366726 1.05947 -0.400243 -2.716944 0.72013 -0.400243 -2.716944 0.380791 -0.425424 -1.366726 0.380791 -0.425424 -1.366726 0.72013 -0.864169 -2.716944 0.72013 -0.864169 -2.716944 0.380791 -0.864169 -1.366726 0.72013 -0.864169 -1.366726 0.380791 -0.501724 -1.304137 0.734519 -0.346012 -1.303301 1.04278 -0.789578 -1.304137 0.394857 -0.704847 -1.30443 -0.11844 -0.6718 -1.309305 1.017456 -0.353318 -1.304136 0.06742 -0.501422 -1.304137 0.366459 -0.789578 -1.304137 0.706064 -0.11789 -2.716944 0.151291 -0.12643 -2.716944 0.985415 -0.216778 -2.716944 0.72013 -0.208899 -2.716944 0.380791 0 -2.716944 1.096541 0 -2.716944 1.013707 0 -2.716944 -0.036128 0 -2.716944 0.135985 -0.473551 -1.304137 0.729206 -0.387858 -1.304614 1.020047 -0.814332 -1.304137 0.390189 -0.687948 -1.30443 -0.093687 -0.654901 -1.309305 0.992702 -0.389577 -1.304136 0.077294 -0.473854 -1.304137 0.371658 -0.814332 -1.304137 0.710732 -0.609255 -1.878696 0.734196 -0.789882 -1.48713 0.402315 -0.609255 -1.878696 0.366725 -0.789578 -1.488192 0.706064 -0.505165 -1.878696 1.020047 -0.67842 -1.48525 -0.085792 -0.642166 -1.488192 0.984879 -0.511221 -1.878696 0.101161 -0.242359 -1.201103 -0.017204 -0.42798 -1.205221 0.7281 -0.42798 -1.205221 0.372821 0 -1.201103 -0.080204 -0.496384 -2.70109 0.367409 -0.357201 -2.70109 0.061741 -0.383923 -2.70109 0.996394 -0.644644 -2.70109 0.972762 -0.793209 -2.70109 0.394172 -0.686642 -2.70109 -0.101252 -0.496384 -2.70109 0.733512 -0.789251 -2.70109 0.703051 -0.45163 -1.941892 0.403745 -0.362884 -1.910215 0.148694 -0.335725 -1.948183 0.924936 -0.632437 -1.941892 0.88581 -0.72527 -1.941892 0.425196 -0.672508 -1.94074 -0.016865 -0.436705 -1.944997 0.686971 -0.721313 -1.941892 0.672028 -0.108272 -2.393275 1.106906 -0.108272 -2.393275 1.154838 0 -2.393275 1.106906 0 -2.393275 1.154838 0 -2.276963 1.092614 -0.046887 -2.97493 2.69472 0 -2.999432 2.708926 -0.046887 -2.347062 1.494994 0 -2.361468 1.480625 0 -2.599716 1.978306 -0.046887 -2.584236 1.978306 -0.046887 -3.186788 2.587875 0 -3.211289 2.602081 -0.046887 -2.528867 1.452173 0 -2.543272 1.437804 0 -2.822687 1.578011 -0.046887 -2.810325 1.588924 -0.046887 -1.738517 1.505743 -0.149098 -1.447429 1.127354 -0.205471 -1.783362 1.398688 -0.294772 -1.783362 1.398688 -0.360305 -1.783362 1.348265 -0.360305 -1.783362 1.193882 -0.27734 -1.783362 1.155513 -0.19905 -1.783362 1.155513 -0.232539 -1.783362 1.353285 -0.290611 -1.783362 1.353285 -0.333227 -1.783362 1.320495 -0.333227 -1.783362 1.233186 -0.279275 -1.783362 1.195149 -0.228363 -1.783362 1.195149 -0.244201 -1.745845 1.333723 -0.288819 -1.745845 1.333723 -0.321561 -1.745845 1.30853 -0.321669 -1.745565 1.241642 -0.283524 -1.747021 1.21333 -0.240993 -1.745845 1.212226 0 -2.297005 1.448715 -0.170765 -2.297005 1.411712 -0.304534 -2.297005 1.41021 -0.376663 -2.297005 1.349207 -0.376663 -2.297005 1.266485 -0.286106 -2.297005 1.265757 -0.1586 -2.297005 1.213768 -0.108272 -2.297005 1.154838 0 -2.297005 1.154838 0 -2.297005 1.292837 -0.095798 -2.297005 1.292837 -0.489931 -2.716944 1.159551 -0.463142 -2.716944 -0.269925 -0.489931 -1.366726 1.159551 -0.472303 -1.366726 -0.262586 -0.492995 -1.307343 1.116172 -0.483249 -1.305042 -0.193616 -0.496856 -1.30343 1.079787 -0.492848 -1.302249 -0.153867 -0.734848 -1.878696 0.72013 -0.734848 -1.878696 0.380791 -0.609669 -1.878696 1.06989 -0.607438 -1.878696 -0.131923 -0.500399 -2.70109 1.060164 -0.490168 -2.70109 -0.183156 -0.591873 -1.94368 0.68528 -0.59917 -1.941892 0.41447 -0.52424 -1.946166 0.974992 -0.526058 -1.94199 -0.085296 -0.11789 -2.389459 0.151291 -0.12643 -2.389459 0.985415 -0.216778 -2.389459 0.72013 -0.2089 -2.389459 0.380791 0 -2.389459 0.716332 0 -2.389459 0.380791 0 -2.389459 1.013707 0 -2.389459 0.135985 -0.117616 0.459132 -0.008049 -0.107413 -0.48174 0.017559 -0.331657 0.464066 0.060227 -0.427013 0.46407 0.251019 -0.716624 0.51744 0.60561 -0 1.744089 -0.216719 -0.127869 1.768326 -0.118512 -0.612918 -0.793403 0.72013 -0.536136 -0.793403 0.380791 -0.588273 -0.512353 0.288697 -0.694232 -0.512354 0.657295 -0.086384 -0.707129 0.011125 -0.353495 -0.512341 0.097831 -0.246207 -0.704649 0.062948 -0.688516 0.204991 1.01994 -0.621681 0.336155 1.219851 -0.574922 0.191995 1.019891 -0.553087 0.355144 1.260087 -0.523219 0.462602 -0.063845 -0.546102 -0.513821 -0.023347 -0.845951 -0.512569 0.192417 -0.830721 0.456592 0.171143 -0.973152 -0.510445 0.473836 -0.952267 0.463659 0.406727 -0 1.25871 -0.150114 -0.17036 1.278845 -0.009009 -0.327976 1.367322 0.220848 -0.392536 1.331033 0.502015 -0.273462 1.96488 0.301206 -0.094399 0.83629 -0.011212 -0.272235 0.848193 0.045272 -0.38802 0.895879 0.242122 -0.445068 1.037602 0.538601 -0.249878 1.637445 0.151811 -0 1.491376 -0.197398 -0.147047 1.516197 -0.06309 -0.30268 1.750275 0.389605 -0.702019 0.002867 0.916719 -0.658903 0.862804 0.892329 -0.58363 1.352397 0.813936 0 0.485395 0.06751 -0 0.91189 0.043825 -0.588696 -0.72834 0.343421 -0.672418 -0.723272 0.708301 0 -0.48174 0.064918 -0.102968 -0.584287 0.019991 -0.260971 -0.587974 0.070622 -0.630825 -0.290821 0.960573 -0.198185 0.91087 0.121512 -0.3582 0.996364 0.257406 -0.56198 0.944457 0.530086 -0.47561 0.463854 0.231699 -0.397917 0.463854 0.090488 -0.529805 0.463854 0.008351 -0.651978 0.463854 0.519586 -0.78455 0.456592 0.203797 -0.896965 0.461481 0.386027 -0.47561 0.141897 0.231699 -0.397917 0.141897 0.090488 -0.52492 0.141897 0.00976 -0.651978 0.141897 0.519586 -0.78455 0.134634 0.203797 -0.900294 0.141897 0.395195 -0.318378 -0.922865 1.088164 -0.134453 -1.274788 1.088499 -0.109369 -1.342385 1.461683 -0.115731 -1.279147 1.464498 0 -0.885838 -1.355636 0 -1.143775 -1.355636 -0.019715 -1.082665 -1.320531 -0.019715 -0.912375 -1.320531 0 0.704892 -0.121789 0 -0.640977 -0.121789 -0.036289 -0.610691 -0.159243 -0.036289 0.595029 -0.159243 0 -0.410051 0.105295 0 -0.219173 0.105295 0 -0.155546 0.105295 0 0.035332 0.105295 0 0.289836 -0.159243 0 0.098958 -0.159243 0 0.035332 -0.159243 0 -0.155546 -0.159243 0 -0.219173 -0.159243 0 -0.410051 -0.159243 0 0.098958 0.105295 0 0.289836 0.090222 -0.038429 -0.378238 -0.126771 -0.038429 -0.250986 -0.126771 -0.038429 -0.123733 -0.126771 -0.038429 0.003519 -0.126771 -0.038429 0.130771 -0.126771 -0.038429 0.258023 -0.126771 -0.038429 -0.378238 0.077453 -0.038429 -0.250986 0.077453 -0.038429 -0.123733 0.077453 -0.038429 0.003519 0.077453 -0.038429 0.130771 0.077453 -0.038429 0.258023 0.077453 -0.108183 -1.327295 1.088539 -0.416746 -2.738807 0.377679 -0.489613 -2.738807 1.141312 -0.279886 -2.738807 0.03549 -0.680839 -2.738807 1.047107 -0.847666 -2.738807 0.384715 -0.72469 -2.738807 -0.145911 -0.471237 -2.738807 -0.24447 -0.416746 -2.738807 0.723242 -0.295972 -2.738807 1.050862 -0.847666 -2.738807 0.716206 -0.479882 -2.738807 0.370521 -0.336572 -2.738807 0.055311 -0.498005 -2.738807 1.084201 -0.657262 -2.738807 0.999961 -0.809711 -2.738807 0.390088 -0.702353 -2.738807 -0.117041 -0.48499 -2.738807 -0.200471 -0.479882 -2.738807 0.7304 -0.361105 -2.738807 1.008447 -0.809711 -2.738807 0.710833 -0.497819 -0.80188 0.913666 -0.307506 1.930251 0.108545 -0.276612 1.936981 0.113365 -0.253997 1.955368 0.126533 -0.245719 1.980485 0.14452 -0.253997 2.005602 0.162508 -0.276612 2.02399 0.175675 -0.307506 2.030719 0.180495 -0.3384 2.02399 0.175675 -0.361015 2.005602 0.162508 -0.369293 1.980485 0.14452 -0.361015 1.955368 0.126533 -0.3384 1.936981 0.113365 -0.449377 1.318337 0.641823 -0.437997 1.353532 0.622311 -0.433166 1.391995 0.62352 -0.436705 1.425714 0.6422 -0.448162 1.44526 0.674128 -0.464388 1.444068 0.712636 -0.479722 1.425166 0.742948 -0.490991 1.391952 0.759711 -0.495174 1.353324 0.758434 -0.491152 1.319635 0.73946 -0.480002 1.29991 0.707872 -0.464711 1.299435 0.672134 -0.481264 1.612617 0.380766 -0.473511 1.588162 0.359232 -0.356788 1.586601 0.403306 -0.364541 1.611055 0.42484 -0.451159 1.566775 0.346488 -0.386893 1.632443 0.437584 -0.420197 1.554185 0.345948 -0.417855 1.645033 0.438124 -0.449131 1.645451 0.426314 -0.388921 1.553767 0.357758 -0.47234 1.633586 0.40532 -0.365712 1.565632 0.378752 -0.402819 1.791183 0.214863 -0.284347 1.814475 0.276539 -0.379615 1.77016 0.198231 -0.307551 1.835498 0.293171 -0.340409 1.847767 0.297084 -0.374118 1.847996 0.287229 -0.313048 1.757662 0.204173 -0.399645 1.836121 0.266247 -0.287521 1.769536 0.225155 -0.41015 1.815326 0.239759 -0.277016 1.790331 0.251643 -0.346757 1.757891 0.194317 -0.540534 1.474319 0.544363 -0.404418 1.473641 0.561374 -0.46734 1.416682 0.514884 -0.528848 1.445624 0.526511 -0.416104 1.502336 0.579227 -0.502058 1.424528 0.515721 -0.442894 1.523432 0.590017 -0.477611 1.531278 0.590853 -0.510952 1.523771 0.581511 -0.433999 1.424188 0.524226 -0.533983 1.502923 0.564495 -0.410968 1.445037 0.541242 -0.350871 2.056406 0.192306 -0.318066 2.061543 0.198859 -0.293315 2.082557 0.212282 -0.286131 2.100587 0.237943 -0.297427 2.113982 0.267267 -0.322467 2.128638 0.285718 -0.358339 2.121409 0.302067 -0.390324 2.122563 0.2909 -0.412586 2.115687 0.266996 -0.419668 2.099163 0.23961 -0.40856 2.08266 0.212461 -0.383872 2.064609 0.196944 -0.457574 1.469495 0.70773 -0.435478 1.520934 0.671326 -0.419061 1.573179 0.65498 -0.415465 1.613846 0.662221 -0.429843 1.624145 0.699084 -0.456626 1.602805 0.752407 -0.484382 1.563215 0.799815 -0.505602 1.517825 0.827692 -0.515677 1.471248 0.836954 -0.514129 1.439458 0.821503 -0.500996 1.426521 0.789136 -0.481386 1.438013 0.747749 -0.50144 1.807683 0.446225 -0.496503 1.78302 0.421202 -0.370989 1.76811 0.460659 -0.375925 1.792773 0.485683 -0.475411 1.759663 0.404817 -0.397016 1.81613 0.502067 -0.443817 1.743872 0.401462 -0.42861 1.831921 0.505423 -0.462242 1.835917 0.49485 -0.410186 1.739877 0.412035 -0.488899 1.827045 0.473182 -0.383529 1.748749 0.433702 -0.435969 1.968532 0.292707 -0.319973 1.996563 0.350262 -0.413143 1.946997 0.276987 -0.343671 2.013426 0.369298 -0.376677 2.021389 0.375966 -0.410147 2.018319 0.36848 -0.346667 1.942105 0.277804 -0.435112 2.005037 0.348846 -0.321702 1.955386 0.297438 -0.445394 1.988584 0.319449 -0.311931 1.975319 0.32396 -0.380137 1.939035 0.270318 -0.549481 1.627499 0.622895 -0.414897 1.625946 0.649059 -0.472637 1.578696 0.587499 -0.53569 1.603381 0.600408 -0.428688 1.650064 0.671546 -0.507563 1.585519 0.587453 -0.456815 1.667926 0.684502 -0.49174 1.674749 0.684455 -0.524107 1.668703 0.671419 -0.440271 1.584742 0.600535 -0.545241 1.651408 0.648887 -0.419136 1.602037 0.623067 -0.219105 2.065818 -0.045347 -0.252049 1.839701 0.022607 -0.160874 2.016177 -0.112056 -0.17118 1.783282 -0.084758 -0.285884 1.599253 0.08163 -0.205676 1.526083 -0.041495 -0.423603 1.256494 0.447439 -0.313821 1.440761 0.2862 -0.441841 1.069181 0.473313 -0.302603 0.982661 0.117511 -0.250319 1.294766 0.01987 -0.320483 0.938698 0.277583 -0.532222 -0.631044 1.132946 -0.376386 -0.884347 1.302617 -0.574395 -0.400098 1.020255 -0.136225 -1.702796 1.384892 -0.12843 -1.70258 1.126927 -0.133457 -1.445351 1.088579 -0.105376 -1.495074 1.43124 -0.618606 -0.772672 0.788917 -0.349937 -0.926898 1.126533 -0.156948 -1.284865 1.130664 -0.142041 -1.33583 1.428467 -0.143645 -1.288822 1.427312 -0.137691 -1.326313 1.127425 -0.522668 -0.782792 0.948492 -0.469602 -1.171244 0.358508 -0.25848 -1.161886 -0.051657 -0.474608 -1.17759 0.743655 -0.086285 -1.161712 -0.103793 0 -0.660844 0.023939 -0.55551 -0.844138 0.364839 -0.626093 -0.84581 0.728349 -0.227653 -0.656602 0.086045 -0.355159 -0.963007 1.068849 -0.210974 -1.237449 1.068692 -0.517664 -0.853965 0.910547 -0.216795 -1.244756 -0.076198 -0.226606 -2.676845 -0.035547 -0.07526 -2.676803 -0.075281 -0.089344 -1.244802 -0.116298 -0.636231 0.46407 0.593963 -0.501276 0.51022 0.272427 -0.716199 -0.610767 0.720957 -0.743319 -0.472638 0.68081 -0.681027 -0.259366 0.913575 -0.443599 0.865369 0.268867 -0.600076 0.914426 0.934447 -0.627915 1.251646 0.780456 -0.640962 0.094323 0.961443 -0.517283 0.986489 0.532388 -0.309766 1.735539 0.494679 -0.331524 0.86051 0.769062 0 -0.107732 1.393996 0 -0.090022 0.881543 -0.280118 -0.11115 1.374783 -0.330098 -0.089838 0.876723 -0.339982 0.231663 0.739274 -0 2.46647 0.19645 -0 1.990576 0.087562 -0.19741 2.46647 0.19645 -0.187859 2.00007 0.087562 -0.316623 1.979713 0.517635 -0.255613 2.453933 0.220322 -0.303567 2.026422 0.414131 -0.255975 2.520328 0.266634 -0.220618 2.6002 0.247054 -0.275084 2.136131 -0.015992 -0.250157 2.134595 -0.010845 -0.314059 2.269477 0.135809 -0.445357 2.263614 0.120691 -0.329249 2.422182 0.165287 -0.408272 2.419448 0.164662 -0.401606 2.460616 0.169344 -0.381289 2.620899 0.181691 -0.339304 2.623342 0.180757 -0.331333 2.462628 0.172284 -0.434619 2.203128 0.176353 -0.344566 2.212854 0.189762 -0.281173 2.1137 0.011267 -0.25649 2.114252 0.017647 -0.334756 2.344865 0.233535 -0.413779 2.342132 0.23291 -0.407112 2.3833 0.237592 -0.386796 2.543583 0.249938 -0.344811 2.546027 0.249004 -0.33684 2.385312 0.240531 -0.322859 1.50467 0.815499 -0.330396 0.944355 0.964155 0 -0.112924 1.120112 -0.323107 -0.106561 1.111687 -0.357357 -0.003825 1.106368 -0.339108 0.296612 1.012581 -0 2.165474 0.114591 -0.191752 2.171722 0.114591 -0.317547 1.899635 0.683475 -0.316384 2.032632 0.614238 -0.295202 2.192075 0.358395 -0.316699 2.179792 0.473095 -0.362484 -0.060062 1.154046 -0.372293 1.535374 0.951793 -0.391035 1.002046 1.104358 0 -0.122185 1.266977 -0.300923 -0.110733 1.259552 -0 2.255236 0.128106 -0.193698 2.255236 0.128106 -0.357063 1.891513 0.798576 -0.349585 2.032373 0.691132 -0.413851 0.059795 1.236262 -0.41317 0.334028 1.182063 -0.276753 2.34786 0.315779 -0.292848 2.387646 0.420481 -0.422062 -0.03079 1.271484 -0 2.297911 0.620293 -0 2.118601 0.76797 -0.103635 2.143891 0.794966 -0.090557 2.339003 0.669866 -0 2.55039 0.389299 -0.109053 2.579715 0.448806 -0 2.628542 0.214141 -0.156231 2.683981 0.276269 -0 2.563681 0.201759 -0.198686 2.563681 0.201759 -0 2.625749 0.183821 -0.148216 2.6285 0.183821 -0.118588 2.510822 0.635952 -0 2.534875 0.65774 -0 2.43087 0.522957 -0.097001 2.460958 0.574348 -0.113513 2.268446 0.784297 -0 2.276484 0.837093 -0 2.224681 0.712953 -0.101699 2.248404 0.74659 -0.105411 2.503114 0.558364 -0.121018 2.548367 0.572959 -0.114014 2.566367 0.495683 -0.125147 2.578728 0.542872 -0.107785 2.41597 0.678274 -0.0959 2.376602 0.657681 -0.10991 2.44796 0.655844 -0.100237 2.441887 0.611905 -0.271406 2.387703 0.294799 -0.277332 2.43443 0.341618 -0.258086 2.451974 0.234462 -0.269829 2.465562 0.311903 -0.302194 2.289088 0.419934 -0.29206 2.238942 0.356883 -0.297494 2.326842 0.408334 -0.282468 2.315991 0.333209 -0.244085 2.50911 0.405719 -0.196714 2.549176 0.484591 -0.177559 2.544422 0.446001 -0.213311 2.50976 0.375729 -0.233381 2.303317 0.509823 -0.17384 2.349184 0.595798 -0.191056 2.38128 0.608084 -0.254667 2.333464 0.518085 -0.247682 2.478024 0.435767 -0.196404 2.518136 0.514972 -0.228431 2.376444 0.478782 -0.173534 2.418391 0.55739 -0.176927 2.481075 0.508002 -0.220651 2.446319 0.437052 -0.190906 2.415192 0.589264 -0.252242 2.369297 0.502875 -0 2.268716 0.656089 -0.045279 2.34451 0.680667 -0.054527 2.591105 0.454641 -0 2.589466 0.30172 -0.048501 2.471967 0.584241 -0.064879 2.636068 0.373664 -0.045699 2.296235 0.707525 -0.055871 2.158467 0.86139 -0 2.350635 0.797123 -0.056831 2.274326 0.822868 -0.05419 2.339062 0.789112 -0.142677 1.583512 -0.076105 -0.133496 1.704848 -0.101769 -0.153605 1.352678 -0.068146 -0.147269 1.423947 -0.084077 -0.155927 1.452841 -0.045568 -0.166692 1.338975 -0.02044 -0.125506 1.683019 -0.128017 -0.135089 1.595958 -0.112778 -0 1.562192 -0.201821 -0 1.692565 -0.210817 -0 1.339004 -0.193461 -0 1.417426 -0.207646 -0 1.443035 -0.186256 -0 1.32398 -0.161912 -0 1.668944 -0.233342 -0 1.584608 -0.224778 -0 2.039581 0.91672 -0.107484 2.035604 0.874779 -0 2.002723 0.807533 -0.107414 2.02583 0.845848 -0.068459 2.040921 0.901502 -0 1.993306 0.921675 -0.107427 1.997168 0.887745 -0 1.96604 0.819911 -0.107427 1.986706 0.859049 -0.071944 2.004279 0.913868 -0 2.035182 0.903651 -0.09369 2.031105 0.865333 -0 2.008028 0.823212 -0.087201 2.023357 0.844205 -0.066795 2.037547 0.891974 -0 2.150987 0.865018 -0.083983 2.153052 0.824659 -0 2.124185 0.784463 -0.077537 2.145039 0.803618 -0.057591 2.155794 0.852537 -0.124986 1.992198 0.734268 -0.124986 2.031609 0.86348 -0.113366 1.987595 0.735672 -0.113366 2.027005 0.864884 -0.108553 1.97648 0.739062 -0.108553 2.015891 0.868274 -0.113366 1.965366 0.742452 -0.113366 2.004776 0.871664 -0.124986 1.960763 0.743856 -0.124986 2.000173 0.873068 -0.136605 1.965366 0.742452 -0.136605 2.004776 0.871664 -0.141418 1.97648 0.739062 -0.141418 2.015891 0.868274 -0.136605 1.987595 0.735672 -0.136605 2.027005 0.864884 -0.110082 2.038798 0.891418 -0.101311 2.032113 0.885372 -0.097412 2.020161 0.885743 -0.10067 2.009944 0.892315 -0.109176 2.007447 0.901236 -0.117948 2.014132 0.907282 -0.121846 2.026084 0.90691 -0.118588 2.036301 0.900339 -0.068822 2.044129 0.918269 -0.064159 2.035907 0.910222 -0.062786 2.023426 0.910022 -0.065508 2.013997 0.917786 -0.07073 2.013143 0.928967 -0.075393 2.021365 0.937013 -0.076766 2.033846 0.937213 -0.074044 2.043275 0.929449 -0 2.04489 0.930872 -0 2.036276 0.921717 -0 2.02374 0.921335 -0 2.014627 0.92995 -0 2.014274 0.942516 -0 2.022889 0.951671 -0 2.035423 0.952053 -0 2.044537 0.943438 -0.068946 1.993592 0.908995 -0.099258 1.987456 0.886707 -0 1.961591 0.831555 -0.099119 1.980582 0.867548 -0 2.002788 0.929133 -0.659169 0.971649 0.987132 -0.637501 1.465918 0.849669 -0.60073 1.745928 0.727629 -0.595293 1.019022 1.10583 -0.583242 1.519067 0.959296 -0.546528 1.802939 0.818447 -0.539826 1.016276 1.107124 -0.518077 1.519067 0.959296 -0.482751 1.80639 0.818321 -0.545805 0.968619 0.988671 -0.524204 1.465918 0.849669 -0.420954 1.749254 0.726299 -0.046888 -1.551565 1.467084 -0.046887 -1.738517 1.459707 -0.046887 -2.210965 2.368845 -0.046887 -2.412927 2.551188 0 -2.212493 2.401074 0 -2.412705 2.583423 -0.046887 -2.212456 2.122493 -0.046887 -2.267803 2.096643 -0.019562 -2.212456 2.122493 -0.019562 -2.267803 2.096643 -0 1.207772 1.05179 -0 1.263471 0.95616 -0 1.376371 0.410917 -0 1.746475 0.157405 -0 1.746728 0.38215 -0 1.293958 1.188117 -0 1.230366 1.194603 0.027296 1.209878 1.063956 0.074266 1.218727 1.150916 0.027296 1.264904 1.040617 0.074266 1.273474 1.12494 -0 1.288983 0.296907 -0 1.284179 0.802005 -0 1.388576 0.455302 0.183871 1.262249 0.802266 0.085676 1.2884 1.17128 0.088689 1.224463 1.180705 0.023031 1.219796 1.152325 0.023031 1.274821 1.128986 0.221809 1.364895 0.807778 0.29721 1.364895 0.807778 0.233249 1.294781 1.005996 0.176277 1.298451 0.987051 0.213395 1.204873 1.040126 0.213081 1.375524 0.410917 0.15218 1.264634 0.947036 0.21842 1.746475 0.18131 0.213081 1.746728 0.38215 0.087657 1.208809 1.062547 0.087657 1.263556 1.036571 0.288796 1.287113 0.311836 0.169704 1.301914 0.802832 0.191739 1.394822 0.459028 0.209592 1.418163 0.533866 0.226792 1.755594 0.559086 0.288796 1.755594 0.559086 0.288796 1.417493 0.533866 -0 1.227772 0.61432 -0 1.317917 0.61432 0.288796 1.22948 0.61432 0.185252 1.34089 0.613623 0.198476 1.308847 0.61432 0.225456 1.417005 0.605152 0.288796 1.412195 0.604422 0.186407 1.399829 0.441397 0.186407 1.730059 0.41263 -0 1.730059 0.41263 -0 1.400578 0.441397 0.288796 1.746728 0.410917 0.213081 1.499259 0.410917 0.213081 1.622993 0.410917 0.241111 1.448109 0.567947 0.241111 1.631008 0.567947 0.288796 1.630784 0.567947 0.288796 1.447662 0.567947 0.186407 1.509906 0.441397 0.186407 1.619983 0.441397 -0 1.620232 0.441397 -0 1.510405 0.441397 0.136353 1.203424 1.038087 -0 1.205111 1.037587 0.127681 1.233926 1.013738 -0 1.235514 1.01298 -0 1.208887 0.883334 0.157944 1.20786 0.883658 0.172568 1.198019 0.871456 0.172568 1.198019 0.882315 -0 1.202227 0.882155 0.273074 1.195581 0.812252 -0 1.197412 0.811978 -0 1.198019 0.871297 0.149878 1.143316 0.871456 -0 1.143316 0.871297 0.149878 1.143316 0.882315 -0 1.143316 0.882155 0.038317 1.239224 1.070316 0.065511 1.244267 1.119899 0.035503 1.244966 1.121478 0.072919 1.238525 1.068736 -0 0.042795 1.258511 -0 0.098494 1.162881 -0 0.211394 0.617638 -0 0.581499 0.364126 -0 0.581752 0.588872 -0 0.128981 1.394838 -0 0.065389 1.401325 0.027296 0.044902 1.270677 0.074266 0.05375 1.357637 0.027296 0.099927 1.247339 0.074266 0.108497 1.331661 -0 0.124007 0.503628 -0 0.119202 1.008726 -0 0.223599 0.662023 0.183871 0.097273 1.008988 0.085676 0.123423 1.378002 0.088689 0.059486 1.387426 0.023031 0.054819 1.359046 0.023031 0.109845 1.335708 0.221809 0.199918 1.0145 0.29721 0.199918 1.0145 0.233249 0.129805 1.212717 0.176277 0.133474 1.193772 0.213395 0.039897 1.246848 0.213081 0.210547 0.617638 0.15218 0.099658 1.153757 0.288796 0.581499 0.364126 0.213081 0.581752 0.588872 0.087657 0.043833 1.269268 0.087657 0.09858 1.243292 0.288796 0.122137 0.518558 0.169704 0.136937 1.009553 0.191739 0.229846 0.665749 0.209592 0.253186 0.740587 0.226792 0.590617 0.765807 0.288796 0.590617 0.765807 0.288796 0.252516 0.740587 -0 0.062795 0.821041 -0 0.152941 0.821041 0.288796 0.064504 0.821041 0.185252 0.175913 0.820345 0.198476 0.14387 0.821041 0.225456 0.252029 0.811874 0.288796 0.247218 0.811143 0.186407 0.234853 0.648118 0.186407 0.565083 0.619352 -0 0.565083 0.619352 -0 0.235601 0.648118 0.288796 0.581752 0.617638 0.213081 0.334282 0.617638 0.213081 0.458017 0.617638 0.241111 0.283132 0.774668 0.241111 0.466031 0.774668 0.288796 0.465808 0.774668 0.288796 0.282685 0.774668 0.186407 0.344929 0.648118 0.186407 0.455006 0.648118 -0 0.455256 0.648118 -0 0.345428 0.648118 -0 0.032435 1.018699 0.273074 0.030605 1.018973 0.038317 0.074248 1.277037 0.065511 0.07929 1.32662 0.035503 0.07999 1.328199 0.072919 0.073548 1.275458 0 2.155018 0.877295 0.109886 2.375828 0.730432 0 2.391034 0.75893 0.112526 2.154784 0.82351 0.140947 2.64508 0.510772 0 2.684973 0.533333 0.239059 2.785217 0.35815 0 2.845423 0.395296 0.23936 2.767299 0.244963 0.312998 2.563578 0.267102 0.287654 2.631093 0.195902 0.151724 2.85015 0.207238 0.146948 2.792166 0.103602 -0 2.885378 0.180303 -0 2.859453 0.082775 -0 2.890285 0.328208 0.145838 2.856561 0.332272 0.43238 2.004367 0.71084 0.453633 1.831444 0.849314 0.486397 1.535758 0.994339 0.510655 1.010843 1.150378 0.384612 2.453418 0.384545 0.296696 2.636055 0.189216 0.15173 2.802457 0.094939 0 2.901644 0.067621 0.230543 -0.071995 1.507929 0.411518 -0.069452 1.453702 0.506114 -0.022486 1.376169 0.528583 0.067499 1.281628 0.537962 0.354947 1.256405 -0 -0.071997 1.515962 0.241576 -0.141459 1.542082 0.429171 -0.894512 1.379751 0.122436 -1.281108 1.521992 0.443261 -0.130798 1.485334 0.016098 -0.146682 1.556857 0.016098 -1.208238 1.541275 0.590988 -0.616587 1.188846 0.564037 -0.067936 1.382179 0.677222 -0.320261 1.025535 0.659169 0.961673 0.990457 0.60073 1.759229 0.722309 0.573769 1.883917 0.570441 0.612037 0.045858 1.254722 0.595293 1.009046 1.109155 0.546528 1.816239 0.813127 0.516316 1.988548 0.684435 0.233131 -0.116705 1.483303 0.418959 -0.111089 1.433802 -0 -0.116705 1.491415 0.519951 -0.071644 1.370606 0.564199 0.050756 1.251082 0.569799 0.338605 1.218031 0.539825 1.012303 1.108167 0.518077 1.519067 0.959296 0.481825 1.812956 0.814858 0.458972 1.988587 0.685032 0.358204 -0.862257 1.336475 0.112103 -1.272548 1.492842 -0 -1.208238 1.50308 0.503708 -0.597453 1.153734 0.563227 -0.320028 1.017946 0.545843 0.96465 0.989692 0.524204 1.465918 0.849669 0.418605 1.755904 0.723639 0.39047 1.883853 0.57039 0.501612 1.537914 0.996917 0.468808 1.834306 0.85129 0.447695 2.00687 0.712171 0.233131 -0.071774 1.5234 0.418959 -0.069247 1.467722 -0 -0.071774 1.531513 0.519951 -0.022423 1.384964 0.543677 0.067432 1.285429 0.525687 1.014683 1.15276 0.399882 2.454201 0.385819 0.318952 2.645917 0.182519 0.180054 2.830995 0.084507 0 2.944539 0.06045 0.535586 2.046104 0.47138 0.352287 2.046094 0.471372 0.5021 2.124374 0.365471 0.328512 2.124374 0.365471 0.477372 2.075858 0.204057 0.277444 2.08607 0.218823 0.497832 2.141783 0.63449 0.443325 2.141744 0.633893 0.400328 2.641283 0.182709 0.424589 2.265857 0.123784 0.334535 2.275583 0.137193 0.283899 2.122505 -0.031869 0.222958 2.12062 -0.026835 0.299053 1.875992 0.063333 0.205755 1.875992 0.07271 0.442537 2.454908 0.389162 0.470083 2.302362 0.506544 0.417793 2.30316 0.507873 0.477875 2.118252 0.276942 0.42604 2.438459 0.167546 0.291625 2.118866 0.276553 0.311596 2.446309 0.167059 0.458549 1.998604 0.699134 0.50423 1.82932 0.839546 0.538516 1.531683 0.987485 0.561612 1.013782 1.140041 0.590051 0.347972 1.249083 0.582356 0.060268 1.278813 0.543602 -0.051843 1.392077 0.434084 -0.096103 1.480823 0.237012 -0.104194 1.531998 -0 -0.1046 1.540066 -0 -1.231476 1.557398 -0 -1.231476 1.531529 0.046888 -1.261147 1.557398 0.046888 -1.261147 1.531529 0.046888 -1.551427 1.557398 0.046888 -1.551565 1.51312 -0 -2.708894 2.855452 0.046887 -2.713515 2.824672 0.046887 -2.959795 2.702353 -0 -2.993876 2.711728 0.046887 -2.321 1.479404 -0 -2.355246 1.480625 0.046887 -2.134571 2.094591 0.046887 -2.025757 2.204636 -0 -2.026319 2.234759 -0 -2.593494 1.978306 0.046887 -2.558174 1.978306 0.046887 -2.298145 2.036837 0.046887 -2.080326 1.498367 0.019562 -1.551427 1.557398 0.019562 -1.551565 1.51312 0.019562 -2.134571 2.094591 0.019562 -2.298145 2.036837 0.019562 -2.080326 1.498367 0.046888 -1.358616 1.496535 -0 -1.339397 1.499387 0.046888 -1.361779 1.522325 -0 -1.339397 1.522325 0.142163 -1.474506 1.398112 0.105376 -1.738517 1.421638 -0 -2.393275 1.470265 0.146153 -1.738517 1.459262 0.173937 -2.393275 1.446032 0.157045 -2.243782 1.446857 0.316738 -1.738517 1.459262 0.316738 -2.393275 1.44354 0.316738 -2.243782 1.446857 0.409992 -1.738518 1.380392 0.409992 -2.393275 1.364669 0.409992 -2.243782 1.367987 0.409992 -1.738518 1.145467 0.409992 -2.393275 1.24042 0.409992 -2.243782 1.163115 0.285266 -1.738517 1.098399 0.290585 -2.393275 1.235786 0.278495 -2.217117 1.098399 0.180258 -2.270446 1.088579 0.099746 -1.738517 1.088579 0.174215 -2.393275 1.184684 0.189228 -1.738517 1.425933 -0 -2.393275 1.439036 0.170765 -2.393275 1.411712 0.297269 -1.738517 1.425933 0.304534 -2.393275 1.41021 0.376663 -2.393275 1.349207 0.376554 -1.738517 1.364929 0.376554 -1.738517 1.170297 0.376663 -2.393275 1.266485 0.276179 -1.738517 1.131728 0.286106 -2.393275 1.265757 0.1586 -2.393275 1.213768 0.181459 -1.738517 1.131728 0.155276 -1.99115 1.45306 0.316738 -1.99115 1.45306 0.409992 -1.99115 1.37419 0.409992 -1.99115 1.14641 0.254729 2.604097 0.161926 0.107352 2.767876 0.06306 0 2.83418 0.053576 0.254976 2.281277 0.116478 0.194604 2.159049 -0.032378 0.11791 2.241816 -0.373592 0.254398 2.610116 -0.287806 0.336676 2.529983 -0.214383 0 2.458293 -0.433474 0.22955 2.455195 -0.389292 0.32957 2.434543 -0.268397 0 2.229933 -0.390488 0.177117 2.692848 -0.189745 0.183669 2.624839 -0.299695 0.11824 2.475968 -0.417675 0.211875 2.267692 -0.351748 0.32957 2.326436 -0.248656 0.179319 2.712127 -0.020465 0.387587 2.406693 -0.11503 0.175598 2.725117 -0.300383 0.115737 2.736943 -0.384364 0 2.750559 -0.410639 0.20658 2.166097 -0.178929 0.336676 2.256247 -0.164396 0.17464 2.792102 -0.21185 0.11375 2.880194 -0.233032 0 2.91838 -0.25253 0.176667 2.803907 -0.082109 0.114487 2.895668 -0.061967 0 2.939247 -0.05599 0.347565 2.256817 -0.055044 0.11645 2.797711 0.043445 0 2.86449 0.030719 0.35714 2.32788 0.028234 0.334849 2.568668 -0.115991 0.25548 2.670383 -0.182128 0.35714 2.531055 -0.008868 0.254398 2.62094 0.062532 0.360922 2.436185 0.04647 0.25043 2.455619 0.146733 0.254398 2.677162 -0.02242 0.140323 2.631217 0.071049 0.109287 2.136136 -0.223882 0.09571 2.081063 -0.141796 0.105451 2.042862 -0.140217 0 2.120765 -0.238134 0 2.019293 -0.162697 0 2.072145 -0.162422 0.253556 2.144166 -0.052863 0.318797 2.288364 0.1026 0.315369 2.471361 0.132358 0.32636 2.636278 0.144932 0.181557 2.823995 0.041216 0 2.946116 0.011681 0 2.034209 -0.196269 0.128351 2.052333 -0.166801 0.29272 -1.366726 0.041451 0.253508 -2.716944 0.026872 0.735884 -2.716944 -0.163779 0.735884 -1.366726 -0.163779 0.267539 -1.366726 1.05947 0.267539 -2.716944 1.05947 0.693087 -2.716944 1.05947 0.693087 -1.366726 1.05947 0.400243 -2.716944 0.72013 0.400243 -2.716944 0.380791 0.425424 -1.366726 0.380791 0.425424 -1.366726 0.72013 0.864169 -2.716944 0.72013 0.864169 -2.716944 0.380791 0.864169 -1.366726 0.72013 0.864169 -1.366726 0.380791 0.501724 -1.304137 0.734519 0.346012 -1.303301 1.04278 0.789578 -1.304137 0.394857 0.704847 -1.30443 -0.11844 0.6718 -1.309305 1.017456 0.353318 -1.304136 0.06742 0.501422 -1.304137 0.366459 0.789578 -1.304137 0.706064 0.11789 -2.716944 0.151291 0.12643 -2.716944 0.985415 0.216778 -2.716944 0.72013 0.208899 -2.716944 0.380791 -0 -2.716944 1.096541 -0 -2.716944 1.013707 -0 -2.716944 -0.036128 -0 -2.716944 0.135985 0.473551 -1.304137 0.729206 0.387858 -1.304614 1.020047 0.814332 -1.304137 0.390189 0.687948 -1.30443 -0.093687 0.654901 -1.309305 0.992702 0.389577 -1.304136 0.077294 0.473854 -1.304137 0.371658 0.814332 -1.304137 0.710732 0.609255 -1.878696 0.734196 0.789882 -1.48713 0.402315 0.609255 -1.878696 0.366725 0.789578 -1.488192 0.706064 0.505165 -1.878696 1.020047 0.67842 -1.48525 -0.085792 0.642166 -1.488192 0.984879 0.511221 -1.878696 0.101161 0.242359 -1.201103 -0.017204 0.42798 -1.205221 0.7281 0.42798 -1.205221 0.372821 -0 -1.201103 -0.080204 0.496384 -2.70109 0.367409 0.357201 -2.70109 0.061741 0.383923 -2.70109 0.996394 0.644644 -2.70109 0.972762 0.793209 -2.70109 0.394172 0.686642 -2.70109 -0.101252 0.496384 -2.70109 0.733512 0.789251 -2.70109 0.703051 0.45163 -1.941892 0.403745 0.362884 -1.910215 0.148694 0.335725 -1.948183 0.924936 0.632437 -1.941892 0.88581 0.72527 -1.941892 0.425196 0.672508 -1.94074 -0.016865 0.436705 -1.944997 0.686971 0.721313 -1.941892 0.672028 0.108272 -2.393275 1.106906 0.108272 -2.393275 1.154838 -0 -2.393275 1.106906 -0 -2.393275 1.154838 -0 -2.276963 1.092614 0.046887 -2.97493 2.69472 -0 -2.999432 2.708926 0.046887 -2.347062 1.494994 -0 -2.361468 1.480625 -0 -2.599716 1.978306 0.046887 -2.584236 1.978306 0.046887 -3.186788 2.587875 -0 -3.211289 2.602081 0.046887 -2.528867 1.452173 -0 -2.543272 1.437804 -0 -2.822687 1.578011 0.046887 -2.810325 1.588924 0.046887 -1.738517 1.505743 0.149098 -1.447429 1.127354 0.205471 -1.783362 1.398688 0.294772 -1.783362 1.398688 0.360305 -1.783362 1.348265 0.360305 -1.783362 1.193882 0.27734 -1.783362 1.155513 0.19905 -1.783362 1.155513 0.232539 -1.783362 1.353285 0.290611 -1.783362 1.353285 0.333227 -1.783362 1.320495 0.333227 -1.783362 1.233186 0.279275 -1.783362 1.195149 0.228363 -1.783362 1.195149 0.244201 -1.745845 1.333723 0.288819 -1.745845 1.333723 0.321561 -1.745845 1.30853 0.321669 -1.745565 1.241642 0.283524 -1.747021 1.21333 0.240993 -1.745845 1.212226 -0 -2.297005 1.448715 0.170765 -2.297005 1.411712 0.304534 -2.297005 1.41021 0.376663 -2.297005 1.349207 0.376663 -2.297005 1.266485 0.286106 -2.297005 1.265757 0.1586 -2.297005 1.213768 0.108272 -2.297005 1.154838 -0 -2.297005 1.154838 -0 -2.297005 1.292837 0.095798 -2.297005 1.292837 0.489931 -2.716944 1.159551 0.463142 -2.716944 -0.269925 0.489931 -1.366726 1.159551 0.472303 -1.366726 -0.262586 0.492995 -1.307343 1.116172 0.483249 -1.305042 -0.193616 0.496856 -1.30343 1.079787 0.492848 -1.302249 -0.153867 0.734848 -1.878696 0.72013 0.734848 -1.878696 0.380791 0.609669 -1.878696 1.06989 0.607438 -1.878696 -0.131923 0.500399 -2.70109 1.060164 0.490168 -2.70109 -0.183156 0.591873 -1.94368 0.68528 0.59917 -1.941892 0.41447 0.52424 -1.946166 0.974992 0.526058 -1.94199 -0.085296 0.11789 -2.389459 0.151291 0.12643 -2.389459 0.985415 0.216778 -2.389459 0.72013 0.2089 -2.389459 0.380791 -0 -2.389459 0.716332 -0 -2.389459 0.380791 -0 -2.389459 1.013707 -0 -2.389459 0.135985 0.117616 0.459132 -0.008049 0.107413 -0.48174 0.017559 0.331657 0.464066 0.060227 0.427013 0.46407 0.251019 0.716624 0.51744 0.60561 0 1.744089 -0.216719 0.127869 1.768326 -0.118512 0.612918 -0.793403 0.72013 0.536136 -0.793403 0.380791 0.588273 -0.512353 0.288697 0.694232 -0.512354 0.657295 0.086384 -0.707129 0.011125 0.353495 -0.512341 0.097831 0.246207 -0.704649 0.062948 0.688516 0.204991 1.01994 0.621681 0.336155 1.219851 0.574922 0.191995 1.019891 0.553087 0.355144 1.260087 0.523219 0.462602 -0.063845 0.546102 -0.513821 -0.023347 0.845951 -0.512569 0.192417 0.830721 0.456592 0.171143 0.973152 -0.510445 0.473836 0.952267 0.463659 0.406727 0 1.25871 -0.150114 0.17036 1.278845 -0.009009 0.327976 1.367322 0.220848 0.392536 1.331033 0.502015 0.273462 1.96488 0.301206 0.094399 0.83629 -0.011212 0.272235 0.848193 0.045272 0.38802 0.895879 0.242122 0.445068 1.037602 0.538601 0.249878 1.637445 0.151811 0 1.491376 -0.197398 0.147047 1.516197 -0.06309 0.30268 1.750275 0.389605 0.702019 0.002867 0.916719 0.658903 0.862804 0.892329 0.58363 1.352397 0.813936 -0 0.485395 0.06751 0 0.91189 0.043825 0.588696 -0.72834 0.343421 0.672418 -0.723272 0.708301 -0 -0.48174 0.064918 0.102968 -0.584287 0.019991 0.260971 -0.587974 0.070622 0.630825 -0.290821 0.960573 0.198185 0.91087 0.121512 0.3582 0.996364 0.257406 0.56198 0.944457 0.530086 0.47561 0.463854 0.231699 0.397917 0.463854 0.090488 0.529805 0.463854 0.008351 0.651978 0.463854 0.519586 0.78455 0.456592 0.203797 0.896965 0.461481 0.386027 0.47561 0.141897 0.231699 0.397917 0.141897 0.090488 0.52492 0.141897 0.00976 0.651978 0.141897 0.519586 0.78455 0.134634 0.203797 0.900294 0.141897 0.395195 0.318378 -0.922865 1.088164 0.134453 -1.274788 1.088499 0.109369 -1.342385 1.461683 0.115731 -1.279147 1.464498 -0 -0.885838 -1.355636 -0 -1.143775 -1.355636 0.019715 -1.082665 -1.320531 0.019715 -0.912375 -1.320531 -0 0.704892 -0.121789 -0 -0.640977 -0.121789 0.036289 -0.610691 -0.159243 0.036289 0.595029 -0.159243 -0 -0.410051 0.105295 -0 -0.219173 0.105295 -0 -0.155546 0.105295 -0 0.035332 0.105295 -0 0.289836 -0.159243 -0 0.098958 -0.159243 -0 0.035332 -0.159243 -0 -0.155546 -0.159243 -0 -0.219173 -0.159243 -0 -0.410051 -0.159243 -0 0.098958 0.105295 -0 0.289836 0.090222 0.038429 -0.378238 -0.126771 0.038429 -0.250986 -0.126771 0.038429 -0.123733 -0.126771 0.038429 0.003519 -0.126771 0.038429 0.130771 -0.126771 0.038429 0.258023 -0.126771 0.038429 -0.378238 0.077453 0.038429 -0.250986 0.077453 0.038429 -0.123733 0.077453 0.038429 0.003519 0.077453 0.038429 0.130771 0.077453 0.038429 0.258023 0.077453 0.108183 -1.327295 1.088539 0.416746 -2.738807 0.377679 0.489613 -2.738807 1.141312 0.279886 -2.738807 0.03549 0.680839 -2.738807 1.047107 0.847666 -2.738807 0.384715 0.72469 -2.738807 -0.145911 0.471237 -2.738807 -0.24447 0.416746 -2.738807 0.723242 0.295972 -2.738807 1.050862 0.847666 -2.738807 0.716206 0.479882 -2.738807 0.370521 0.336572 -2.738807 0.055311 0.498005 -2.738807 1.084201 0.657262 -2.738807 0.999961 0.809711 -2.738807 0.390088 0.702353 -2.738807 -0.117041 0.48499 -2.738807 -0.200471 0.479882 -2.738807 0.7304 0.361105 -2.738807 1.008447 0.809711 -2.738807 0.710833 0.497819 -0.80188 0.913666 0.307506 1.930251 0.108545 0.276612 1.936981 0.113365 0.253997 1.955368 0.126533 0.245719 1.980485 0.14452 0.253997 2.005602 0.162508 0.276612 2.02399 0.175675 0.307506 2.030719 0.180495 0.3384 2.02399 0.175675 0.361015 2.005602 0.162508 0.369293 1.980485 0.14452 0.361015 1.955368 0.126533 0.3384 1.936981 0.113365 0.449377 1.318337 0.641823 0.437997 1.353532 0.622311 0.433166 1.391995 0.62352 0.436705 1.425714 0.6422 0.448162 1.44526 0.674128 0.464388 1.444068 0.712636 0.479722 1.425166 0.742948 0.490991 1.391952 0.759711 0.495174 1.353324 0.758434 0.491152 1.319635 0.73946 0.480002 1.29991 0.707872 0.464711 1.299435 0.672134 0.481264 1.612617 0.380766 0.473511 1.588162 0.359232 0.356788 1.586601 0.403306 0.364541 1.611055 0.42484 0.451159 1.566775 0.346488 0.386893 1.632443 0.437584 0.420197 1.554185 0.345948 0.417855 1.645033 0.438124 0.449131 1.645451 0.426314 0.388921 1.553767 0.357758 0.47234 1.633586 0.40532 0.365712 1.565632 0.378752 0.402819 1.791183 0.214863 0.284347 1.814475 0.276539 0.379615 1.77016 0.198231 0.307551 1.835498 0.293171 0.340409 1.847767 0.297084 0.374118 1.847996 0.287229 0.313048 1.757662 0.204173 0.399645 1.836121 0.266247 0.287521 1.769536 0.225155 0.41015 1.815326 0.239759 0.277016 1.790331 0.251643 0.346757 1.757891 0.194317 0.540534 1.474319 0.544363 0.404418 1.473641 0.561374 0.46734 1.416682 0.514884 0.528848 1.445624 0.526511 0.416104 1.502336 0.579227 0.502058 1.424528 0.515721 0.442894 1.523432 0.590017 0.477611 1.531278 0.590853 0.510952 1.523771 0.581511 0.433999 1.424188 0.524226 0.533983 1.502923 0.564495 0.410968 1.445037 0.541242 0.350871 2.056406 0.192306 0.318066 2.061543 0.198859 0.293315 2.082557 0.212282 0.286131 2.100587 0.237943 0.297427 2.113982 0.267267 0.322467 2.128638 0.285718 0.358339 2.121409 0.302067 0.390324 2.122563 0.2909 0.412586 2.115687 0.266996 0.419668 2.099163 0.23961 0.40856 2.08266 0.212461 0.383872 2.064609 0.196944 0.457574 1.469495 0.70773 0.435478 1.520934 0.671326 0.419061 1.573179 0.65498 0.415465 1.613846 0.662221 0.429843 1.624145 0.699084 0.456626 1.602805 0.752407 0.484382 1.563215 0.799815 0.505602 1.517825 0.827692 0.515677 1.471248 0.836954 0.514129 1.439458 0.821503 0.500996 1.426521 0.789136 0.481386 1.438013 0.747749 0.50144 1.807683 0.446225 0.496503 1.78302 0.421202 0.370989 1.76811 0.460659 0.375925 1.792773 0.485683 0.475411 1.759663 0.404817 0.397016 1.81613 0.502067 0.443817 1.743872 0.401462 0.42861 1.831921 0.505423 0.462242 1.835917 0.49485 0.410186 1.739877 0.412035 0.488899 1.827045 0.473182 0.383529 1.748749 0.433702 0.435969 1.968532 0.292707 0.319973 1.996563 0.350262 0.413143 1.946997 0.276987 0.343671 2.013426 0.369298 0.376677 2.021389 0.375966 0.410147 2.018319 0.36848 0.346667 1.942105 0.277804 0.435112 2.005037 0.348846 0.321702 1.955386 0.297438 0.445394 1.988584 0.319449 0.311931 1.975319 0.32396 0.380137 1.939035 0.270318 0.549481 1.627499 0.622895 0.414897 1.625946 0.649059 0.472637 1.578696 0.587499 0.53569 1.603381 0.600408 0.428688 1.650064 0.671546 0.507563 1.585519 0.587453 0.456815 1.667926 0.684502 0.49174 1.674749 0.684455 0.524107 1.668703 0.671419 0.440271 1.584742 0.600535 0.545241 1.651408 0.648887 0.419136 1.602037 0.623067 0.219105 2.065818 -0.045347 0.252049 1.839701 0.022607 0.160874 2.016177 -0.112056 0.17118 1.783282 -0.084758 0.285884 1.599253 0.08163 0.205676 1.526083 -0.041495 0.423603 1.256494 0.447439 0.313821 1.440761 0.2862 0.441841 1.069181 0.473313 0.302603 0.982661 0.117511 0.250319 1.294766 0.01987 0.320483 0.938698 0.277583 0.532222 -0.631044 1.132946 0.376386 -0.884347 1.302617 0.574395 -0.400098 1.020255 0.136225 -1.702796 1.384892 0.12843 -1.70258 1.126927 0.133457 -1.445351 1.088579 0.105376 -1.495074 1.43124 0.618606 -0.772672 0.788917 0.349937 -0.926898 1.126533 0.156948 -1.284865 1.130664 0.142041 -1.33583 1.428467 0.143645 -1.288822 1.427312 0.137691 -1.326313 1.127425 0.522668 -0.782792 0.948492 0.469602 -1.171244 0.358508 0.25848 -1.161886 -0.051657 0.474608 -1.17759 0.743655 0.086285 -1.161712 -0.103793 -0 -0.660844 0.023939 0.55551 -0.844138 0.364839 0.626093 -0.84581 0.728349 0.227653 -0.656602 0.086045 0.355159 -0.963007 1.068849 0.210974 -1.237449 1.068692 0.517664 -0.853965 0.910547 0.216795 -1.244756 -0.076198 0.226606 -2.676845 -0.035547 0.07526 -2.676803 -0.075281 0.089344 -1.244802 -0.116298 0.636231 0.46407 0.593963 0.501276 0.51022 0.272427 0.716199 -0.610767 0.720957 0.743319 -0.472638 0.68081 0.681027 -0.259366 0.913575 0.443599 0.865369 0.268867 0.600076 0.914426 0.934447 0.627915 1.251646 0.780456 0.640962 0.094323 0.961443 0.517283 0.986489 0.532388 0.309766 1.735539 0.494679 0.331524 0.86051 0.769062 -0 -0.107732 1.393996 -0 -0.090022 0.881543 0.280118 -0.11115 1.374783 0.330098 -0.089838 0.876723 0.339982 0.231663 0.739274 0 2.46647 0.19645 0 1.990576 0.087562 0.19741 2.46647 0.19645 0.187859 2.00007 0.087562 0.316623 1.979713 0.517635 0.255613 2.453933 0.220322 0.303567 2.026422 0.414131 0.255975 2.520328 0.266634 0.220618 2.6002 0.247054 0.275084 2.136131 -0.015992 0.250157 2.134595 -0.010845 0.314059 2.269477 0.135809 0.445357 2.263614 0.120691 0.329249 2.422182 0.165287 0.408272 2.419448 0.164662 0.401606 2.460616 0.169344 0.381289 2.620899 0.181691 0.339304 2.623342 0.180757 0.331333 2.462628 0.172284 0.434619 2.203128 0.176353 0.344566 2.212854 0.189762 0.281173 2.1137 0.011267 0.25649 2.114252 0.017647 0.334756 2.344865 0.233535 0.413779 2.342132 0.23291 0.407112 2.3833 0.237592 0.386796 2.543583 0.249938 0.344811 2.546027 0.249004 0.33684 2.385312 0.240531 0.322859 1.50467 0.815499 0.330396 0.944355 0.964155 -0 -0.112924 1.120112 0.323107 -0.106561 1.111687 0.357357 -0.003825 1.106368 0.339108 0.296612 1.012581 0 2.165474 0.114591 0.191752 2.171722 0.114591 0.317547 1.899635 0.683475 0.316384 2.032632 0.614238 0.295202 2.192075 0.358395 0.316699 2.179792 0.473095 0.362484 -0.060062 1.154046 0.372293 1.535374 0.951793 0.391035 1.002046 1.104358 -0 -0.122185 1.266977 0.300923 -0.110733 1.259552 0 2.255236 0.128106 0.193698 2.255236 0.128106 0.357063 1.891513 0.798576 0.349585 2.032373 0.691132 0.413851 0.059795 1.236262 0.41317 0.334028 1.182063 0.276753 2.34786 0.315779 0.292848 2.387646 0.420481 0.422062 -0.03079 1.271484 0 2.297911 0.620293 0 2.118601 0.76797 0.103635 2.143891 0.794966 0.090557 2.339003 0.669866 0 2.55039 0.389299 0.109053 2.579715 0.448806 0 2.628542 0.214141 0.156231 2.683981 0.276269 0 2.563681 0.201759 0.198686 2.563681 0.201759 0 2.625749 0.183821 0.148216 2.6285 0.183821 0.118588 2.510822 0.635952 0 2.534875 0.65774 0 2.43087 0.522957 0.097001 2.460958 0.574348 0.113513 2.268446 0.784297 0 2.276484 0.837093 0 2.224681 0.712953 0.101699 2.248404 0.74659 0.105411 2.503114 0.558364 0.121018 2.548367 0.572959 0.114014 2.566367 0.495683 0.125147 2.578728 0.542872 0.107785 2.41597 0.678274 0.0959 2.376602 0.657681 0.10991 2.44796 0.655844 0.100237 2.441887 0.611905 0.271406 2.387703 0.294799 0.277332 2.43443 0.341618 0.258086 2.451974 0.234462 0.269829 2.465562 0.311903 0.302194 2.289088 0.419934 0.29206 2.238942 0.356883 0.297494 2.326842 0.408334 0.282468 2.315991 0.333209 0.244085 2.50911 0.405719 0.196714 2.549176 0.484591 0.177559 2.544422 0.446001 0.213311 2.50976 0.375729 0.233381 2.303317 0.509823 0.17384 2.349184 0.595798 0.191056 2.38128 0.608084 0.254667 2.333464 0.518085 0.247682 2.478024 0.435767 0.196404 2.518136 0.514972 0.228431 2.376444 0.478782 0.173534 2.418391 0.55739 0.176927 2.481075 0.508002 0.220651 2.446319 0.437052 0.190906 2.415192 0.589264 0.252242 2.369297 0.502875 0 2.268716 0.656089 0.045279 2.34451 0.680667 0.054527 2.591105 0.454641 0 2.589466 0.30172 0.048501 2.471967 0.584241 0.064879 2.636068 0.373664 0.045699 2.296235 0.707525 0.055871 2.158467 0.86139 0 2.350635 0.797123 0.056831 2.274326 0.822868 0.05419 2.339062 0.789112 0.142677 1.583512 -0.076105 0.133496 1.704848 -0.101769 0.153605 1.352678 -0.068146 0.147269 1.423947 -0.084077 0.155927 1.452841 -0.045568 0.166692 1.338975 -0.02044 0.125506 1.683019 -0.128017 0.135089 1.595958 -0.112778 0 1.562192 -0.201821 0 1.692565 -0.210817 0 1.339004 -0.193461 0 1.417426 -0.207646 0 1.443035 -0.186256 0 1.32398 -0.161912 0 1.668944 -0.233342 0 1.584608 -0.224778 0 2.039581 0.91672 0.107484 2.035604 0.874779 0 2.002723 0.807533 0.107414 2.02583 0.845848 0.068459 2.040921 0.901502 0 1.993306 0.921675 0.107427 1.997168 0.887745 0 1.96604 0.819911 0.107427 1.986706 0.859049 0.071944 2.004279 0.913868 0 2.035182 0.903651 0.09369 2.031105 0.865333 0 2.008028 0.823212 0.087201 2.023357 0.844205 0.066795 2.037547 0.891974 0 2.150987 0.865018 0.083983 2.153052 0.824659 0 2.124185 0.784463 0.077537 2.145039 0.803618 0.057591 2.155794 0.852537 0.124986 1.992198 0.734268 0.124986 2.031609 0.86348 0.113366 1.987595 0.735672 0.113366 2.027005 0.864884 0.108553 1.97648 0.739062 0.108553 2.015891 0.868274 0.113366 1.965366 0.742452 0.113366 2.004776 0.871664 0.124986 1.960763 0.743856 0.124986 2.000173 0.873068 0.136605 1.965366 0.742452 0.136605 2.004776 0.871664 0.141418 1.97648 0.739062 0.141418 2.015891 0.868274 0.136605 1.987595 0.735672 0.136605 2.027005 0.864884 0.110082 2.038798 0.891418 0.101311 2.032113 0.885372 0.097412 2.020161 0.885743 0.10067 2.009944 0.892315 0.109176 2.007447 0.901236 0.117948 2.014132 0.907282 0.121846 2.026084 0.90691 0.118588 2.036301 0.900339 0.068822 2.044129 0.918269 0.064159 2.035907 0.910222 0.062786 2.023426 0.910022 0.065508 2.013997 0.917786 0.07073 2.013143 0.928967 0.075393 2.021365 0.937013 0.076766 2.033846 0.937213 0.074044 2.043275 0.929449 0 2.04489 0.930872 0 2.036276 0.921717 0 2.02374 0.921335 0 2.014627 0.92995 0 2.014274 0.942516 0 2.022889 0.951671 0 2.035423 0.952053 0 2.044537 0.943438 0.068946 1.993592 0.908995 0.099258 1.987456 0.886707 0 1.961591 0.831555 0.099119 1.980582 0.867548 0 2.002788 0.929133 0.659169 0.971649 0.987132 0.637501 1.465918 0.849669 0.60073 1.745928 0.727629 0.595293 1.019022 1.10583 0.583242 1.519067 0.959296 0.546528 1.802939 0.818447 0.539826 1.016276 1.107124 0.518077 1.519067 0.959296 0.482751 1.80639 0.818321 0.545805 0.968619 0.988671 0.524204 1.465918 0.849669 0.420954 1.749254 0.726299 0.046888 -1.551565 1.467084 0.046887 -1.738517 1.459707 0.046887 -2.210965 2.368845 0.046887 -2.412927 2.551188 -0 -2.212493 2.401074 -0 -2.412705 2.583423 0.046887 -2.212456 2.122493 0.046887 -2.267803 2.096643 0.019562 -2.212456 2.122493 0.019562 -2.267803 2.096643</float_array>
          <technique_common>
            <accessor source="#Cube_048-mesh-positions-array" count="2078" stride="3">
              <param name="X" type="float" />
              <param name="Y" type="float" />
              <param name="Z" type="float" />
            </accessor>
          </technique_common>
        </source>
        <source id="Cube_048-mesh-normals">
          <float_array id="Cube_048-mesh-normals-array" count="5802">0.011506 -0.986523 0.163215 -0.046664 -0.998674 0.02173 -0.213604 -0.909349 0.357013 0.184396 -0.942247 0.279586 -0.383562 -0.521233 0.762363 -0.631695 -0.643872 0.43173 -0.326804 0.760029 0.561743 0.225325 0.974059 0.020906 0.442034 0.896978 -0.006073 -0.306349 0.94874 0.077732 -0.248243 0.765542 0.593567 -0.036867 0.998118 0.049013 -0.085911 -0.532315 0.842176 0.536163 0.829179 0.15809 0.38018 0.924463 0.028841 -0.652291 -0.755507 0.061039 -0.696112 0.560424 0.448724 -0.744232 0.60711 0.278454 0.531305 0.669281 0.519402 -0.000031 0.969003 0.24705 0.044039 0.79036 0.611058 0.685007 0.678262 0.265946 0.113806 0.971943 0.205852 0.076512 0.980585 0.180552 -0.517639 0.821123 0.240431 0.041475 0.994247 0.098759 0.063724 0.457816 0.88676 -0.422967 0.903981 0.062595 0.054324 0.997184 0.0517 0.565828 0.599155 0.566438 0.093267 0.939264 0.33028 -0.703195 -0.700449 -0.122016 -0.978256 0.070255 0.195138 0.533046 -0.571531 0.623871 -0.711637 0.695096 0.102055 0.524471 0.832012 0.180795 0.913409 0.335314 0.230756 -0.001556 -0.984859 -0.17335 0.003937 -0.997606 -0.069034 -0.518583 0.810347 0.272781 0.112462 0.9495 0.292919 0.363028 0.565341 0.740675 -0.295063 0.528263 0.796164 0 0.615684 0.787993 -0.32317 -0.347707 0.880148 0.286515 0.063694 0.955956 0.619598 -0.006806 0.78489 0.489714 -0.258469 0.832691 0.312058 0.091618 0.945635 -0.623876 -0.322467 0.711894 -0.577953 0.613508 0.538125 -0.699288 0.025239 0.714395 -0.413166 0 0.910656 -0.39727 0.112433 0.910788 -0.000031 0.127722 0.99181 0 0 1 0.00174 -0.433894 0.900962 -0.115425 -0.931944 0.343741 0.156778 -0.987579 -0.010377 0.009491 -0.937387 -0.348159 0.403089 -0.856412 -0.322612 0.009705 -0.942481 -0.33412 0.007935 -0.699321 0.714764 0.244211 -0.732574 0.635371 0.002136 -0.088139 0.996106 -0.247451 -0.948541 -0.197582 -0.000702 -0.710957 -0.703235 -0.444242 -0.664838 -0.600533 -0.44362 -0.664606 0.601249 0.000732 -0.707351 0.706862 -0.424613 0.845044 -0.324968 -0.763656 -0.236586 -0.600713 -0.758464 0.224438 0.61185 0.726955 -0.266489 -0.632866 0.094945 -0.994742 -0.038393 0.797752 0.21321 0.564033 0.437004 0.79304 -0.424399 0.011048 -0.995671 0.092288 -0.626995 -0.650189 0.429105 0.008515 0.734865 0.67816 0.113837 0.97192 0.205945 0 0.969003 0.24705 0.556821 0.607025 0.566984 0.639092 0.75018 0.169684 0.310258 -0.051242 0.94927 -0.763662 -0.236557 -0.600718 -0.399686 0.362604 0.841885 -0.794933 -0.420463 0.43737 -0.375387 -0.402366 0.834977 -0.270706 0.587404 0.762676 -0.871454 0.290454 0.395228 -0.270247 0.616517 0.739509 -0.239606 0.703833 0.668736 -0.845843 0.186534 0.499754 -0.291701 0.617583 0.730412 -0.443788 0.834929 0.325493 -0.823284 0.531918 -0.198161 -0.495723 0.83592 -0.235577 -0.314531 0.92815 -0.199016 -0.29262 0.76799 0.569706 -0.795784 -0.599119 0.08823 -0.15586 0.505697 0.848515 -0.383878 0.426941 0.818755 0.503047 -0.39742 0.767464 -0.245956 -0.862661 0.441951 -0.82384 -0.517151 -0.232039 -0.547756 0.407338 0.730779 -0.616587 0.470245 0.631419 -0.766254 -0.641582 0.035036 -0.468799 -0.06882 0.88062 -0.786259 -0.246043 -0.566797 -0.688854 0.219984 0.690715 -0.151769 -0.066897 0.98615 0.49054 0.425534 0.760455 0.646733 -0.177775 0.741709 -0.373406 0.080938 0.92413 -0.917961 -0.394554 -0.040926 -0.58909 0.292775 0.753164 -0.763398 0.215005 0.609095 -0.900999 -0.351036 -0.2549 -0.913516 -0.39421 -0.100437 -0.548091 -0.774755 0.3152 0.666932 -0.385821 0.637451 -0.771802 -0.591341 -0.233747 -0.772948 -0.400955 -0.491718 -0.776115 -0.315909 -0.545753 -0.584317 -0.446371 -0.677736 -0.817972 -0.271315 -0.507258 -0.53472 -0.495168 -0.684751 -0.830896 -0.36416 -0.420713 -0.503845 -0.789019 -0.351553 -0.629145 -0.775635 0.050661 -0.813666 -0.577816 0.063846 -0.645176 -0.655339 0.392782 -0.669446 0.396906 0.627939 -0.598155 0.439117 0.670364 0.08463 0.662696 0.744091 -0.495962 0.801883 -0.333174 -0.647837 0.585425 0.487427 -0.734903 0.204479 -0.646611 -0.673981 0.720187 -0.164558 -0.496367 0.478757 -0.724163 0.639545 0.309777 0.703576 -0.678079 0.546052 0.491972 -0.806407 -0.580687 0.111852 -0.702992 0.261615 -0.661332 -0.251323 0.173042 -0.95231 -0.369767 -0.908152 -0.196298 -0.704026 -0.407436 -0.581673 -0.98222 -0.118505 0.145606 0.741056 0.35414 0.570457 0.139595 -0.164591 -0.976434 -0.575903 -0.279131 -0.768389 0.590666 -0.291121 -0.75257 0.357593 0.905075 0.230145 -0.216902 0.848104 -0.483397 0.275863 0.931719 -0.236218 -0.75423 0.241684 -0.610513 -0.829906 0.037538 -0.556638 -0.776631 0.122048 -0.618021 -0.709304 0.460143 -0.534 -0.650149 0.081059 -0.755471 -0.510714 0.768116 0.386225 -0.82622 0.073948 -0.558473 -0.382678 0.588987 0.711795 -0.945116 0.266585 0.188913 -0.071507 0.552829 0.830221 -0.932554 0.297626 0.204358 -0.048189 0.371996 0.926983 -0.926647 0.196115 0.320724 -0.06345 0.227766 0.971646 -0.93941 0.11756 0.322008 -0.148873 0.724834 0.672646 -0.972188 -0.037111 0.231244 -0.863277 -0.210036 0.458953 -0.102301 0.822008 0.560213 -0.459308 -0.345717 0.81824 -0.151252 -0.478933 0.864723 -0.030092 -0.50369 0.86336 -0.093206 0.776561 0.62311 -0.870868 0.077824 0.485318 -0.942515 0.28468 -0.174995 -0.544428 0.287245 -0.788092 -0.176308 -0.091679 -0.980056 -0.480281 0.684119 -0.548919 -0.504855 0.600626 -0.619975 -0.70792 0.40984 -0.575223 -0.506341 0.800178 0.321457 -0.458466 0.724506 -0.514684 -0.948896 0.262341 -0.175423 -0.801943 0.522177 0.290204 -0.847896 0.346062 0.401638 -0.809981 -0.537474 -0.234632 -0.75473 -0.339644 -0.561271 -0.430293 0.593145 0.680461 -0.551205 0.117895 0.825999 -0.808145 -0.559475 0.184091 -0.601833 -0.764041 0.232462 -0.88614 -0.412932 -0.210342 -0.522623 -0.696678 0.491432 -0.553708 -0.737952 -0.385792 -0.848934 0.352746 0.393551 -0.440609 0.60047 0.667308 -0.813183 0.581482 -0.024751 -0.689053 -0.283214 0.66708 -0.808302 0.081273 0.583131 -0.624697 0.780161 -0.033205 -0.428459 0.230359 0.873703 -0.579811 -0.586189 0.565863 -0.899512 -0.314497 0.303266 -0.626652 -0.714211 -0.311785 -0.66496 -0.386683 -0.638988 -0.640546 0.534094 -0.551765 -0.788378 0.427852 -0.442044 -0.630622 0.036043 -0.775253 -0.598914 0.440366 0.668865 -0.311691 0.555172 0.771125 -0.287609 0.596978 -0.748931 -0.203869 -0.021791 0.978756 -0.266069 0.628611 0.730791 -0.343769 -0.023042 0.938772 -0.073887 -0.733381 0.675791 -0.34584 -0.019624 0.938088 -0.269728 -0.646548 0.713598 -0.710068 0.619578 0.334555 -0.907095 -0.010315 0.4208 -0.907226 -0.009797 0.42053 -0.708445 -0.626989 0.324024 -0.658786 0.597931 -0.456597 -0.821209 -0.009034 -0.570556 -0.61411 -0.678658 -0.402855 -0.77212 -0.24013 -0.588361 -0.115788 -0.90293 -0.413896 -0.269789 -0.88179 0.386861 -0.516258 -0.780736 0.352036 -0.232193 -0.910583 -0.341942 0.135843 -0.7159 -0.684861 0.061313 -0.690897 -0.720348 -0.167796 0.967712 -0.188091 0.123084 0.912798 -0.389425 0.213208 -0.791823 -0.572328 0.351516 0.916817 -0.18943 0.525459 -0.815152 -0.243761 0.267131 0.94306 0.198189 0.304121 -0.903604 0.301679 0.105567 0.683885 0.721912 0.080754 0.881303 0.465601 0.146248 -0.667059 0.730509 0.441123 -0.657626 0.610687 -0.174812 0.967878 0.180703 -0.776599 -0.597968 0.198316 -0.332503 -0.701263 -0.630612 -0.51386 -0.791375 0.331169 -0.168831 -0.023469 0.985366 -0.146188 0.75432 0.640024 -0.500756 0.760931 0.412587 -0.99508 -0.002869 -0.099035 -0.855772 0.099494 0.507695 -0.885718 0.380113 0.266491 -0.854015 -0.300216 0.424887 -0.877698 0.472893 -0.077579 -0.880202 0.333788 -0.337389 -0.851734 0.057193 -0.520843 -0.809863 -0.324848 -0.488463 -0.763278 -0.580134 -0.284345 -0.577669 0.743572 -0.33675 -0.249648 0.426081 -0.869558 -0.529717 0.37462 -0.76096 -0.915509 0.225017 -0.333481 -0.936308 0.323263 -0.137216 -0.933398 0.33272 0.134406 -0.566283 0.786753 -0.245649 -0.793002 -0.594476 0.133215 -0.350943 0.896386 0.270799 -0.589356 0.765391 0.258528 -0.295272 0.665835 0.685184 -0.587307 0.452505 0.671051 -0.907638 -0.034609 -0.418325 -0.54315 0.587037 -0.600313 -0.504643 0.106391 -0.856748 -0.553378 -0.792041 -0.257767 -0.733617 0.564297 0.37865 -0.599541 0.770049 0.218117 -0.836241 0.520514 -0.172528 -0.661328 0.42883 -0.615427 -0.458557 0.567512 0.683853 -0.829392 0.555756 0.056949 -0.401294 -0.004883 -0.915936 -0.730418 0.007386 -0.682961 -0.504908 -0.487207 -0.712529 -0.313769 -0.804123 -0.504911 -0.280471 0.049716 -0.958574 -0.14176 -0.064913 -0.98777 -0.250043 -0.533412 -0.808053 -0.181711 -0.816235 -0.548399 -0.216229 -0.099615 -0.971248 -0.55186 -0.27596 -0.786954 -0.305989 -0.244614 -0.920073 -0.573031 0.372428 -0.730023 -0.762101 0.089056 -0.641305 -0.485988 0.725319 0.487575 -0.438956 0.758949 0.480951 -0.461419 -0.608125 -0.645969 -0.365226 -0.48474 -0.794756 0.688546 -0.724406 0.033754 0.924342 -0.306263 -0.227583 0.965041 -0.247051 0.087528 -0.94259 -0.315021 -0.110846 -0.698465 0.322558 -0.63883 -0.700021 -0.333942 -0.631231 0.772559 0.050082 0.632965 0.674691 0.734143 0.076329 0.991864 0.06763 0.107854 0.297378 0.359545 -0.884474 -0.966688 -0.158973 0.200601 -0.765795 -0.554844 -0.325124 -0.681137 -0.718677 0.139841 0.690721 -0.359827 -0.62724 0.148019 -0.651925 -0.743696 0.013245 -0.367271 -0.93002 -0.667359 0.301375 0.681032 -0.924879 -0.310195 0.21995 -0.66898 -0.310746 0.675206 -0.923719 0.317062 0.214976 -0.667054 0.733921 0.128058 -0.584291 0.805067 -0.102331 -0.585265 0.804514 0.10111 -0.017488 0.886625 -0.462158 -0.694334 0.65115 -0.306439 0.331808 0.586371 -0.738968 0.406395 0.889638 0.208294 -0.207744 0.976216 0.062015 0.384843 0.919931 -0.074985 -0.409447 0.853075 -0.323443 -0.940087 0.323688 -0.107062 -0.451773 0.890912 -0.046664 -0.015107 0.819177 0.573342 -0.022004 0.303571 0.952555 0.215861 0.864329 -0.454245 -0.175334 0.441555 -0.879936 0.476856 0.878697 0.02237 -0.229897 0.972662 -0.032808 0.385365 0.919845 0.073337 -0.39034 0.857985 0.33391 -0.462669 0.87962 0.110479 0.286849 -0.873943 -0.392353 0.649303 -0.74901 0.131875 0.474294 -0.875587 0.091618 -0.579596 0.310933 -0.753252 0.037936 -0.388177 -0.920804 -0.55628 -0.365075 -0.746508 0.655249 -0.748669 -0.100714 0.472832 -0.877117 -0.084233 0.094854 -0.676185 0.7306 0.332351 -0.840857 0.427204 0.087377 -0.73445 0.673014 0.273416 -0.709282 0.64974 0.367117 -0.835376 -0.409112 0.165567 -0.651981 -0.739938 0.143989 -0.75181 -0.643467 0.528299 -0.611801 -0.588728 0.733922 -0.669802 -0.112798 -0.394859 0.911489 -0.11521 0.378952 0.856419 0.350631 -0.156959 0.93574 0.31584 -0.513915 0.857594 0.020601 -0.667281 0.734058 -0.126077 0.430352 0.798689 -0.420586 0.634435 0.761212 -0.134346 0.679085 0.729351 0.083013 -0.706733 0.707435 0.007996 0.073003 0.656261 0.750994 0.693121 0.70539 -0.148354 0.971158 0.070042 -0.227919 0.152231 -0.800891 -0.579137 -0.378926 -0.925068 0.025789 0.389885 -0.917808 0.074955 -0.57901 -0.805432 -0.126594 -0.249735 -0.963783 -0.093571 -0.004425 -0.858815 0.512267 -0.006897 -0.937239 -0.348619 0.277359 -0.931205 0.236494 -0.46392 -0.884443 -0.050387 -0.405359 -0.865043 -0.295611 -0.104649 -0.947152 0.303235 0.125557 -0.893974 -0.430171 0.394127 -0.916343 -0.070561 0.391528 -0.89973 0.19285 -0.578156 -0.807203 0.118994 0.266984 -0.924342 -0.2726 -0.476248 -0.871987 0.113256 0.422969 -0.89947 -0.109779 0.512946 -0.856751 0.053532 0.012085 -0.999795 -0.016236 0.615815 -0.652805 0.441154 -0.196575 -0.620427 0.759229 0.564025 -0.703986 -0.431602 -0.012452 -0.999915 -0.003754 0.694004 -0.705388 -0.144172 -0.727242 -0.681921 0.078129 -0.964016 -0.172709 -0.202099 -0.68769 -0.709878 -0.152169 -0.958483 -0.28337 0.031801 -0.321309 -0.318746 0.891718 0.24287 -0.814521 0.526849 -0.201181 -0.731633 -0.651337 0 -0.707107 0.707107 -0.104588 -0.992929 0.056155 0 -0.748972 -0.662602 -0.70722 0.476587 0.522213 -0.568607 0.426143 0.703625 0.282058 0.853041 0.439049 -0.592656 0.717846 0.365317 0.055088 0.795949 -0.602852 -0.485804 0.841902 -0.234937 -0.110082 -0.754157 0.647401 -0.755168 -0.486507 -0.439355 -0.32741 -0.15049 -0.932821 -0.245436 0.08991 0.965234 -0.75043 -0.033632 -0.660094 -0.471155 0.194377 0.860367 -0.930019 -0.067662 0.361228 -0.928441 -0.302044 -0.216256 -0.924543 -0.294539 0.241802 -0.466004 0.791557 -0.395321 0.549296 0.787107 0.2806 0.198251 0.824071 -0.530663 0.115362 0.827067 0.550137 -0.472652 0.782881 0.404594 0.575687 0.779648 -0.246444 -0.380486 0.902461 -0.201978 0.181438 0.962431 0.202008 -0.13163 0.900964 0.413446 -0.371211 0.907137 0.198256 0.188088 0.962904 -0.19349 -0.126687 0.885554 -0.446928 -0.204174 0.806074 0.55548 -0.595827 0.759319 0.26158 0.477475 0.767744 -0.427301 0.48046 0.770604 0.41872 -0.230815 0.781224 -0.580012 -0.587039 0.755567 -0.290697 0.377582 -0.76432 0.522731 0.064518 -0.724836 -0.685894 0.579453 -0.577774 0.574814 0.327193 -0.623897 0.709716 0.268755 -0.638254 -0.721389 0.166818 -0.615968 -0.769906 0.709208 -0.62351 -0.329029 0 -1 0 0.129371 -0.752085 0.646244 0.274247 -0.365743 -0.889393 -0.888413 -0.341509 -0.306748 0.782727 0.007752 -0.622318 -0.025636 0.463653 0.885646 -0.352615 -0.865455 0.355881 0.424212 -0.905495 -0.011048 0.72875 -0.321769 0.604473 0.727949 -0.669504 0.147836 0.48715 -0.60877 0.626166 -0.142524 0.371264 -0.917524 -0.557624 -0.27077 -0.78469 -0.53357 0.382865 -0.754133 0.119208 -0.01471 -0.99276 -0.50851 0.452782 -0.732398 0.056492 0.31716 -0.946688 -0.580659 -0.034914 -0.813398 -0.758623 -0.620644 0.198224 -0.923843 0.095311 -0.370715 -0.823997 -0.5246 -0.214064 -0.742504 -0.439753 -0.505278 -0.865245 -0.401386 -0.300399 -0.445922 -0.830134 -0.334709 -0.396111 -0.23796 -0.886832 -0.204538 -0.423725 -0.882395 -0.81618 -0.01059 -0.577701 -0.920508 0.022218 -0.390091 -0.834118 -0.124243 0.537411 -0.917804 -0.120948 -0.378163 -0.941916 -0.331286 0.055179 -0.617547 0.073306 -0.783111 -0.986479 0.156931 -0.047244 -0.905801 0.052584 -0.420428 -0.971653 0.151957 -0.181104 -0.722788 -0.039889 -0.689918 -0.631133 -0.080753 -0.77146 -0.946759 -0.091496 -0.308669 -0.033571 -0.616274 -0.786816 -0.576322 0.653078 -0.491266 -0.027833 0.579161 -0.814738 -0.585001 -0.657485 -0.474855 -0.768334 0.609174 0.196394 -0.429043 0.896906 0.107154 -0.623169 0.695988 -0.356737 -0.608097 0.710917 -0.353292 0.795216 0.555638 -0.242691 0.491691 0.747074 0.447347 0.416497 0.898885 -0.136147 -0.677382 0.186749 -0.711533 -0.644988 -0.245556 -0.723666 -0.522022 -0.141424 -0.841126 -0.680209 -0.101934 -0.725896 -0.907131 -0.307515 -0.287311 -0.696611 -0.102638 -0.71007 -0.664001 -0.406391 -0.627653 -0.959684 0.231887 -0.158854 -0.946223 0.039004 -0.321155 -0.970361 0.237501 0.04465 -0.97488 0.208966 -0.077092 -0.957079 0.12287 -0.262495 -0.165016 0.052767 -0.984878 -0.47656 -0.231093 -0.848225 -0.543702 0.651008 -0.529694 -0.285144 0.32543 -0.901548 -0.647507 -0.275624 -0.710469 -0.745059 0.375627 -0.551172 -0.672523 0.306841 -0.673469 -0.622784 0.015077 -0.782249 0.542263 -0.022187 -0.839916 -0.866696 -0.451507 0.212081 -0.873139 -0.124516 -0.4713 -0.970729 -0.184917 0.153268 -0.077336 -0.110663 -0.990845 -0.462333 0.031374 -0.886151 -0.644656 0.019227 0.764231 -0.694035 -0.16871 0.699895 -0.414728 0.30376 -0.857748 -0.564214 0.583838 -0.583777 -0.468601 0.62004 -0.629257 -0.836221 0.224986 -0.500115 -0.87224 0.477535 -0.105627 -0.74382 0.399317 -0.535983 0.01352 0.869157 0.494351 -0.114782 0.897535 -0.425741 -0.855683 -0.02234 -0.517017 -0.219466 0.572821 -0.789754 0.545593 0.678383 0.492062 0.024904 0.596743 0.802046 -0.892042 -0.224162 0.392445 -0.869573 -0.428789 -0.244914 -0.882556 -0.343189 0.321429 -0.776287 -0.603151 -0.183268 -0.800932 -0.345973 0.488683 -0.97455 -0.163615 -0.153239 -0.962949 -0.226881 -0.145791 -0.910624 -0.22053 0.349472 -0.961686 0.063724 -0.266645 -0.966428 0.242568 0.084722 -0.904698 0.152533 -0.397812 -0.954448 0.28233 0.096531 -0.880671 -0.337424 -0.33251 -0.875101 0.48394 0 -0.880671 0.337424 -0.33251 -0.63769 -0.770294 0 -0.875101 -0.48394 0 -0.763679 0.455436 -0.457572 -0.63769 0.770294 0 -0.889578 0.456783 0 -0.907387 -0.201211 0.369003 -0.941486 -0.1511 -0.301285 -0.924127 -0.068608 0.375877 -0.984492 0.008149 -0.175242 -0.850934 0.073704 0.520076 -0.025178 -0.327348 0.944568 -0.866261 -0.465481 -0.181437 -0.814699 -0.549033 0.186622 -0.721283 -0.267254 -0.639004 -0.942263 -0.109104 0.316601 -0.79402 -0.024568 0.607395 -0.984281 -0.06171 0.165476 -0.851877 -0.113409 0.511316 -0.907361 -0.402942 0.119726 -0.670019 -0.69239 0.267715 -0.612065 -0.145882 0.777235 -0.525639 -0.554297 0.645336 -0.785616 -0.564568 0.253123 -0.861666 0.008576 0.507404 -0.932254 -0.055269 -0.357557 -0.723063 0.142128 0.676002 -0.895821 0.442829 -0.037508 -0.015168 0.442982 0.896402 -0.936334 0.044924 0.348226 -0.042238 0.126654 0.991047 -0.42556 0.758982 0.492793 -0.580377 0.108403 0.807101 0.048648 -0.023958 -0.998529 0.362958 0.044191 -0.930757 -0.019898 0.17051 -0.985155 -0.718446 0.471487 -0.511406 -0.867456 -0.473297 -0.15333 -0.995171 -0.037142 -0.090856 -0.838237 -0.407369 -0.362505 0.807273 0.317068 0.497774 0.954785 -0.023835 0.296339 0.956606 -0.107212 0.270944 -0.628943 -0.679331 -0.378074 -0.462523 -0.680492 -0.568334 0.433983 0.672674 0.599306 0.8826 0.27367 0.382259 -0.030915 -0.791626 -0.610223 -0.090458 0.814211 0.573479 0.266337 0.778777 0.567954 -0.586681 0.684192 0.433228 -0.654035 0.575203 0.491304 0.801627 -0.446105 -0.397975 0.0553 -0.790624 -0.609799 0.561555 -0.719034 -0.409446 -0.910121 0.364067 0.197827 -0.925221 0.204174 0.319811 0.988836 -0.137761 0.056795 0.878378 -0.47482 -0.054752 -0.982592 -0.067356 0.173135 -0.834054 -0.081364 -0.54565 -0.962111 0.187447 -0.198007 -0.968162 0.210125 -0.136055 0.850961 0.158363 0.500786 0.974538 -0.199229 0.10288 0.857074 0.098425 0.505705 -0.485138 -0.348777 -0.80187 -0.833575 -0.18214 -0.521515 0.504699 0.492857 0.708781 0.517393 0.370015 0.771618 -0.017213 -0.691297 -0.722366 -0.48697 -0.501833 -0.714859 0.037416 0.546782 0.836439 -0.458851 0.577691 0.675077 0.013001 0.694811 0.719075 0.456538 -0.702188 -0.546356 -0.012635 -0.524811 -0.851125 0.469021 -0.560579 -0.682473 -0.832923 0.453512 0.317122 -0.480284 0.703076 0.524415 0.818888 -0.527706 -0.225719 0.832772 -0.442251 -0.333023 -0.835763 0.516809 0.185495 0.963602 -0.21586 0.157721 -0.819684 -0.106146 -0.562896 -0.979418 0.170205 -0.108495 0.982559 -0.0506 0.178933 0.798416 0.216595 0.5618 -0.446522 -0.320204 -0.835516 0.452627 0.41988 0.786657 0.021058 0.534608 0.844838 -0.436707 0.54203 0.717977 0.033602 -0.452081 -0.891344 0.532347 -0.465327 -0.707161 -0.82528 0.417386 0.380396 0.900299 -0.314962 -0.300435 -0.840232 -0.461668 -0.284381 -0.990061 -0.065554 -0.124425 -0.807694 -0.415673 -0.418145 0.783981 0.39492 0.47897 0.990009 0.086369 0.111456 0.984695 0.025544 0.172402 -0.544068 -0.660621 -0.517272 -0.412586 -0.670501 -0.616605 0.374709 0.654596 0.65658 0.726604 0.489652 0.481961 -0.043612 -0.740731 -0.670385 -0.141031 0.729602 0.669173 0.232984 0.703409 0.671516 -0.624305 0.598852 0.501617 -0.372666 0.645138 0.667021 0.518033 -0.606386 -0.603273 0.098913 -0.750319 -0.653634 0.593141 -0.633091 -0.497372 -0.927412 0.307815 0.212504 -0.822226 0.343131 0.454099 0.893606 -0.316852 -0.31792 0.918165 -0.348375 -0.188699 -0.98382 0.009553 0.178904 -0.843668 -0.128485 -0.521265 -0.973516 0.217568 -0.070224 -0.977537 0.181743 -0.106726 0.904704 0.112096 0.411029 0.980545 -0.167397 0.102513 0.862119 0.139505 0.487124 -0.506064 -0.380082 -0.774233 -0.889754 -0.117712 -0.441001 0.590427 0.439143 0.677163 0.52005 0.408746 0.749983 -0.110815 -0.633699 -0.765602 -0.57282 -0.430264 -0.697675 0.037355 0.572261 0.81922 -0.463017 0.584853 0.666005 0.110357 0.646394 0.754981 0.381059 -0.669463 -0.637662 -0.023408 -0.551968 -0.833537 0.474234 -0.57284 -0.668548 -0.827863 0.448327 0.337115 -0.408435 0.66748 0.622617 0.776428 -0.526754 -0.345961 0.842424 -0.432123 -0.321856 -0.798936 0.507598 0.322559 0.96979 -0.24125 0.036134 -0.980191 0.12165 -0.15629 -0.818341 -0.185862 -0.543851 0.84956 0.178018 0.496546 0.985474 -0.121376 0.118782 -0.468404 -0.416736 -0.779056 0.536218 0.422047 0.73099 0.041781 0.585142 0.809854 -0.501985 0.576422 0.644786 0.023775 -0.555698 -0.831044 0.533905 -0.549073 -0.643012 -0.865922 0.405387 0.292985 0.885269 -0.374409 -0.275893 -0.94838 0.216899 -0.231365 -0.970869 -0.129492 -0.201608 -0.949408 0.110844 0.293834 -0.641625 -0.100284 0.760434 -0.813571 -0.567437 0.126958 -0.90258 -0.334492 0.271043 -0.656285 -0.202892 0.726723 -0.756732 -0.478455 0.445463 -0.035555 -0.213848 -0.97622 0.192273 0.111854 -0.974946 -0.016053 0.348287 -0.93725 -0.911891 0.386315 -0.138619 -0.871357 0.113837 0.477261 -0.021363 0.788861 0.6142 0.02408 0.989246 -0.144264 0.228407 0.972865 0.036928 0.371611 0.845098 0.384338 0.36614 0.396537 0.841843 0.373862 0.106238 0.92138 0.268084 0.327719 0.905942 0.199931 0.478114 0.85524 0.081058 0.599972 0.795904 0.148748 0.650416 0.744871 0.284345 0.197671 0.938122 -0.056003 0.464597 0.88375 -0.051578 0.643776 0.763474 -0.001007 0.229567 0.973293 0.695658 0.133705 0.705821 0.002686 0.979342 -0.202192 0.176095 0.977525 -0.115911 0.006928 0.954048 0.299573 0.53336 0.842523 0.075383 0.024385 0.997002 0.073429 0.959934 0.146708 0.238755 0.639143 0.724202 0.258898 0.751155 0.075045 0.655846 0.712965 0.173747 0.679333 0.990579 -0.028779 0.133886 0.972988 0.038729 0.227583 0.96052 -0.010926 0.277996 0 -0.182687 0.983171 0.529044 -0.176429 0.830051 -0.00177 -0.230539 0.973062 0.962701 0.168436 0.211743 0.976904 0.091312 0.193184 0.997035 0.021302 0.073948 0.000397 0.528132 0.849162 -0.599093 0.684272 0.415764 0.523738 0.051974 0.850292 0.548191 -0.118599 0.827902 0.990892 -0.007263 0.134467 0.982314 0.036287 0.183694 -0.213116 0.944084 0.25157 0.301525 -0.055361 0.95185 0.480154 -0.156867 0.863044 0.708326 0.193829 0.678752 -0.26555 -0.961975 0.063938 0.233017 -0.422025 0.876127 -0.010316 -0.557344 0.830218 0.756847 0.456263 -0.467982 -0.2046 -0.052554 -0.977434 0.21748 -0.046908 -0.974937 0.491024 0.272384 -0.827468 -0.131721 -0.107275 -0.985465 -0.574464 0.362905 -0.733683 0.751085 0.56986 -0.333364 0.593472 -0.179635 -0.784552 -0.551608 0.778764 -0.298755 0.587717 0.772392 -0.240831 -0.5965 -0.146615 -0.789108 -0.853038 0.351213 0.385974 0.998458 0.003723 0.055392 0.978529 0.01822 0.205301 0.319656 0.947464 -0.011506 0.021058 0.999696 -0.012787 0.63687 0.663849 0.392047 0.980519 0.018952 0.195506 0.991665 0.012391 0.128242 0.696109 0.375751 0.611754 0.949893 -0.033144 0.310812 -0.005646 -0.15153 0.988437 0.00351 0.069492 0.997576 0.530885 0.491851 0.690105 0.581917 0.418484 0.697311 0.694643 0.226756 0.68268 0.845392 0.478181 0.238022 0.712816 0.092871 0.695175 -0.487762 -0.429745 -0.759874 -0.622504 -0.727003 -0.289751 -0.741748 -0.282947 -0.608072 -0.334246 -0.636814 -0.6948 -0.495992 -0.503957 -0.707121 -0.494653 -0.61145 -0.617614 -0.774205 -0.548639 -0.315597 -0.334124 -0.859573 -0.386647 -0.7423 -0.61192 -0.273029 -0.928953 0.159007 0.334311 -0.132085 -0.906039 0.402053 -0.816341 0.350519 0.459047 -0.849765 0.276927 0.448565 -0.403124 0.857093 0.320754 0.54306 -0.380179 0.748699 0.001892 0.111607 0.993751 -0.651347 -0.756212 0.062382 0.007691 -0.998415 -0.055757 -0.332416 -0.766583 -0.549408 -0.470884 -0.757736 -0.451779 -0.359515 0.524746 0.771615 -0.237043 0.380087 0.894061 -0.238417 0.574221 0.783217 -0.808555 -0.428342 -0.403438 -0.356221 -0.528899 -0.770307 -0.854413 -0.361255 -0.373462 -0.602567 0.785986 0.138343 0.394892 0.456175 -0.797474 0.466651 0.575821 -0.671318 -0.697429 -0.099615 0.709697 0.082372 -0.946525 0.311938 -0.636267 -0.032228 0.770796 -0.722115 0.691169 -0.028902 -0.898095 -0.229598 0.375114 -0.882043 -0.09577 0.461332 0.33037 -0.899828 0.284897 0.910005 0.120457 -0.396712 0.441123 0.703069 -0.557767 0.112706 -0.944559 0.308393 -0.007141 -0.918467 0.395434 -0.599454 0.711459 0.366716 -0.649672 0.710742 0.269763 0.31224 0.613463 -0.725376 0.324786 0.670875 -0.666663 0.220682 -0.922646 0.316267 0.823031 -0.567131 -0.031343 -0.64017 0.756417 -0.134223 0.591821 0.593957 -0.544944 0.954155 -0.007843 -0.299211 -0.746906 -0.428129 0.508761 -0.8048 -0.181835 0.565008 0.244518 -0.948835 0.199808 -0.550412 0.777627 0.303879 -0.729379 0.02942 0.683478 -0.617932 0.034274 0.785485 -0.715926 0.697828 0.022035 -0.766397 0.625398 0.146675 -0.82851 -0.385887 -0.405786 -0.392236 -0.497253 -0.773881 -0.273149 -0.408228 0.871056 -0.314133 -0.861065 -0.399861 -0.791122 -0.376578 -0.481992 -0.823894 0.303208 -0.478815 -0.740186 0.252242 -0.623297 -0.757212 -0.431908 -0.489986 -0.849718 0.309954 -0.426507 -0.770998 0.24235 -0.588922 -0.595674 -0.434716 -0.675421 -0.62952 0.166147 -0.759013 -0.624632 -0.308974 -0.717196 -0.521476 0.555291 -0.647854 -0.533027 -0.623121 -0.572366 -0.871482 -0.380485 -0.309436 -0.468468 0.609191 -0.639863 -0.394122 -0.831704 -0.39107 -0.092657 0.851862 0.515506 -0.258224 0.314288 -0.913534 -0.242293 0.868702 0.432032 -0.633677 0.455199 -0.625498 -0.667675 0.730942 0.141183 -0.228591 -0.722456 0.652536 -0.402761 -0.911944 0.078373 -0.111823 -0.792437 0.599615 -0.838857 -0.191509 0.509552 -0.407123 -0.052798 0.911846 -0.774698 -0.515956 -0.365558 -0.369921 -0.626708 -0.685854 -0.481171 0.31133 0.81948 -0.966605 0.146401 0.210338 -0.454618 0.309468 0.835196 -0.167856 0.320362 0.932305 -0.7048 -0.18061 -0.68603 -0.290081 -0.289562 -0.912144 -0.27318 -0.304401 -0.912531 -0.727631 -0.164253 -0.666014 -0.970972 0.141579 0.192791 0 0.558736 -0.829345 0.657571 0.659891 -0.363517 0.548984 0.341207 -0.763017 0.95927 -0.072757 -0.272961 0.776384 -0.183849 -0.60285 0.655223 -0.755113 0.022096 0.548976 -0.708987 -0.442678 0 -0.926483 -0.376337 -0.721267 -0.597206 0.350883 -0.548987 -0.708971 -0.442688 -0.776384 -0.183849 -0.60285 -0.753393 0.180886 0.632202 -0.976587 0.065983 0.204754 -0.715523 0.698127 -0.025392 -0.548978 0.341234 -0.763009 -0.215954 -0.973015 -0.081273 0.473267 -0.836297 -0.276813 0.377313 -0.328726 -0.865779 0.21031 -0.912532 -0.350791 -0.549226 0.78337 0.291002 -0.054141 0.967457 -0.247175 -0.027376 0.975851 -0.216717 0.515313 0.585751 -0.625578 0.722066 -0.184736 -0.666703 -0.064578 -0.956653 0.283981 -0.059451 -0.952506 0.298661 -0.560297 -0.522576 0.642637 -0.063389 -0.917287 0.393149 -0.087314 -0.923713 0.373001 -0.389701 0.319384 0.863787 0.31444 0.464015 -0.828141 -0.329058 -0.4056 0.852766 -0.239241 0.875052 0.420771 0.053714 0.959616 -0.276138 -0.099402 0.890406 0.444181 0.170452 -0.362053 -0.916441 0.077519 -0.925956 -0.369589 -0.185802 0.338734 0.922354 0.157814 0.423758 -0.891921 -0.169107 -0.384969 0.907305 0.04758 0.948084 -0.314441 -0.438133 -0.763009 0.475244 -0.192883 -0.153482 0.969144 -0.079625 -0.684729 0.724435 -0.540717 0.338341 0.770163 -0.683306 0.317497 -0.657486 -0.85844 -0.111974 -0.500543 -0.444569 -0.327529 0.833716 -0.714571 -0.6528 -0.251476 -0.945844 -0.313796 0.083134 -0.001373 0.368368 0.929679 -0.410823 0.863428 0.292774 -0.928337 -0.28972 0.232924 0.000092 -0.342084 -0.93967 -0.719065 0.165933 -0.674842 -0.807566 0.313919 -0.499292 -0.9149 0.259503 -0.309219 -0.830466 -0.141641 -0.538761 -0.877045 -0.034609 0.47916 -0.694804 0.606695 0.386223 -0.662632 0.155983 0.732521 -0.456631 0.598973 0.657814 -0.803607 0.02762 -0.594519 0.040072 -0.728186 0.684208 -0.000732 -0.706862 -0.707351 0.050753 -0.338545 0.939581 -0.352682 0.837941 -0.416498 -0.172374 -0.530976 -0.829669 -0.788614 0.580748 0.202037 -0.763679 -0.455436 -0.457572 -0.958645 -0.284074 0.017396 -0.968113 -0.24363 -0.058321 0.005097 0.989248 -0.146156 0.844534 -0.525545 -0.102789 -0.86388 -0.368918 -0.342946 -0.614962 0.208111 -0.7606 -0.152807 0.312725 0.937472 -0.011506 -0.986523 0.163215 0.046664 -0.998674 0.02173 0.213604 -0.909349 0.357013 -0.184396 -0.942247 0.279586 0.383562 -0.521233 0.762363 0.631695 -0.643872 0.43173 0.326804 0.760029 0.561743 -0.225325 0.974059 0.020906 -0.442034 0.896978 -0.006073 0.306349 0.94874 0.077732 0.248243 0.765542 0.593567 0.036867 0.998118 0.049013 0.085911 -0.532315 0.842176 -0.536163 0.829179 0.15809 -0.38018 0.924463 0.028841 0.652291 -0.755507 0.061039 0.696112 0.560424 0.448724 0.744232 0.60711 0.278454 -0.531305 0.669281 0.519402 0.000031 0.969003 0.24705 -0.044039 0.79036 0.611058 -0.685007 0.678262 0.265946 -0.113806 0.971943 0.205852 -0.076512 0.980585 0.180552 0.517639 0.821123 0.240431 -0.041475 0.994247 0.098759 -0.063724 0.457816 0.88676 0.422967 0.903981 0.062595 -0.054324 0.997184 0.0517 -0.565828 0.599155 0.566438 -0.093267 0.939264 0.33028 0.703195 -0.700449 -0.122016 0.978256 0.070255 0.195138 -0.533046 -0.571531 0.623871 0.711637 0.695096 0.102055 -0.524471 0.832012 0.180795 -0.913409 0.335314 0.230756 0.001556 -0.984859 -0.17335 -0.003937 -0.997606 -0.069034 0.518583 0.810347 0.272781 -0.112462 0.9495 0.292919 -0.363028 0.565341 0.740675 0.295063 0.528263 0.796164 -0 0.615684 0.787993 0.32317 -0.347707 0.880148 -0.286515 0.063694 0.955956 -0.619598 -0.006806 0.78489 -0.489714 -0.258469 0.832691 -0.312058 0.091618 0.945635 0.623876 -0.322467 0.711894 0.577953 0.613508 0.538125 0.699288 0.025239 0.714395 0.413166 0 0.910656 0.39727 0.112433 0.910788 0.000031 0.127722 0.99181 -0 0 1 -0.00174 -0.433894 0.900962 0.115425 -0.931944 0.343741 -0.156778 -0.987579 -0.010377 -0.009491 -0.937387 -0.348159 -0.403089 -0.856412 -0.322612 -0.009705 -0.942481 -0.33412 -0.007935 -0.699321 0.714764 -0.244211 -0.732574 0.635371 -0.002136 -0.088139 0.996106 0.247451 -0.948541 -0.197582 0.000702 -0.710957 -0.703235 0.444242 -0.664838 -0.600533 0.44362 -0.664606 0.601249 -0.000732 -0.707351 0.706862 0.424613 0.845044 -0.324968 0.763656 -0.236586 -0.600713 0.758464 0.224438 0.61185 -0.726955 -0.266489 -0.632866 -0.094945 -0.994742 -0.038393 -0.797752 0.21321 0.564033 -0.437004 0.79304 -0.424399 -0.011048 -0.995671 0.092288 0.626995 -0.650189 0.429105 -0.008515 0.734865 0.67816 -0.113837 0.97192 0.205945 -0 0.969003 0.24705 -0.556821 0.607025 0.566984 -0.639092 0.75018 0.169684 -0.310258 -0.051242 0.94927 0.763662 -0.236557 -0.600718 0.399686 0.362604 0.841885 0.794933 -0.420463 0.43737 0.375387 -0.402366 0.834977 0.270706 0.587404 0.762676 0.871454 0.290454 0.395228 0.270247 0.616517 0.739509 0.239606 0.703833 0.668736 0.845843 0.186534 0.499754 0.291701 0.617583 0.730412 0.443788 0.834929 0.325493 0.823284 0.531918 -0.198161 0.495723 0.83592 -0.235577 0.314531 0.92815 -0.199016 0.29262 0.76799 0.569706 0.795784 -0.599119 0.08823 0.15586 0.505697 0.848515 0.383878 0.426941 0.818755 -0.503047 -0.39742 0.767464 0.245956 -0.862661 0.441951 0.82384 -0.517151 -0.232039 0.547756 0.407338 0.730779 0.616587 0.470245 0.631419 0.766254 -0.641582 0.035036 0.468799 -0.06882 0.88062 0.786259 -0.246043 -0.566797 0.688854 0.219984 0.690715 0.151769 -0.066897 0.98615 -0.49054 0.425534 0.760455 -0.646733 -0.177775 0.741709 0.373406 0.080938 0.92413 0.917961 -0.394554 -0.040926 0.58909 0.292775 0.753164 0.763398 0.215005 0.609095 0.900999 -0.351036 -0.2549 0.913516 -0.39421 -0.100437 0.548091 -0.774755 0.3152 -0.666932 -0.385821 0.637451 0.771802 -0.591341 -0.233747 0.772948 -0.400955 -0.491718 0.776115 -0.315909 -0.545753 0.584317 -0.446371 -0.677736 0.817972 -0.271315 -0.507258 0.53472 -0.495168 -0.684751 0.830896 -0.36416 -0.420713 0.503845 -0.789019 -0.351553 0.629145 -0.775635 0.050661 0.813666 -0.577816 0.063846 0.645176 -0.655339 0.392782 0.669446 0.396906 0.627939 0.598155 0.439117 0.670364 -0.08463 0.662696 0.744091 0.495962 0.801883 -0.333174 0.647837 0.585425 0.487427 0.734903 0.204479 -0.646611 0.673981 0.720187 -0.164558 0.496367 0.478757 -0.724163 -0.639545 0.309777 0.703576 0.678079 0.546052 0.491972 0.806407 -0.580687 0.111852 0.702992 0.261615 -0.661332 0.251323 0.173042 -0.95231 0.369767 -0.908152 -0.196298 0.704026 -0.407436 -0.581673 0.98222 -0.118505 0.145606 -0.741056 0.35414 0.570457 -0.139595 -0.164591 -0.976434 0.575903 -0.279131 -0.768389 -0.590666 -0.291121 -0.75257 -0.357593 0.905075 0.230145 0.216902 0.848104 -0.483397 -0.275863 0.931719 -0.236218 0.75423 0.241684 -0.610513 0.829906 0.037538 -0.556638 0.776631 0.122048 -0.618021 0.709304 0.460143 -0.534 0.650149 0.081059 -0.755471 0.510714 0.768116 0.386225 0.82622 0.073948 -0.558473 0.382678 0.588987 0.711795 0.945116 0.266585 0.188913 0.071507 0.552829 0.830221 0.932554 0.297626 0.204358 0.048189 0.371996 0.926983 0.926647 0.196115 0.320724 0.06345 0.227766 0.971646 0.93941 0.11756 0.322008 0.148873 0.724834 0.672646 0.972188 -0.037111 0.231244 0.863277 -0.210036 0.458953 0.102301 0.822008 0.560213 0.459308 -0.345717 0.81824 0.151252 -0.478933 0.864723 0.030092 -0.50369 0.86336 0.093206 0.776561 0.62311 0.870868 0.077824 0.485318 0.942515 0.28468 -0.174995 0.544428 0.287245 -0.788092 0.176308 -0.091679 -0.980056 0.480281 0.684119 -0.548919 0.504855 0.600626 -0.619975 0.70792 0.40984 -0.575223 0.506341 0.800178 0.321457 0.458466 0.724506 -0.514684 0.948896 0.262341 -0.175423 0.801943 0.522177 0.290204 0.847896 0.346062 0.401638 0.809981 -0.537474 -0.234632 0.75473 -0.339644 -0.561271 0.430293 0.593145 0.680461 0.551205 0.117895 0.825999 0.808145 -0.559475 0.184091 0.601833 -0.764041 0.232462 0.88614 -0.412932 -0.210342 0.522623 -0.696678 0.491432 0.553708 -0.737952 -0.385792 0.848934 0.352746 0.393551 0.440609 0.60047 0.667308 0.813183 0.581482 -0.024751 0.689053 -0.283214 0.66708 0.808302 0.081273 0.583131 0.624697 0.780161 -0.033205 0.428459 0.230359 0.873703 0.579811 -0.586189 0.565863 0.899512 -0.314497 0.303266 0.626652 -0.714211 -0.311785 0.66496 -0.386683 -0.638988 0.640546 0.534094 -0.551765 0.788378 0.427852 -0.442044 0.630622 0.036043 -0.775253 0.598914 0.440366 0.668865 0.311691 0.555172 0.771125 0.287609 0.596978 -0.748931 0.203869 -0.021791 0.978756 0.266069 0.628611 0.730791 0.343769 -0.023042 0.938772 0.073887 -0.733381 0.675791 0.34584 -0.019624 0.938088 0.269728 -0.646548 0.713598 0.710068 0.619578 0.334555 0.907095 -0.010315 0.4208 0.907226 -0.009797 0.42053 0.708445 -0.626989 0.324024 0.658786 0.597931 -0.456597 0.821209 -0.009034 -0.570556 0.61411 -0.678658 -0.402855 0.77212 -0.24013 -0.588361 0.115788 -0.90293 -0.413896 0.269789 -0.88179 0.386861 0.516258 -0.780736 0.352036 0.232193 -0.910583 -0.341942 -0.135843 -0.7159 -0.684861 -0.061313 -0.690897 -0.720348 0.167796 0.967712 -0.188091 -0.123084 0.912798 -0.389425 -0.213208 -0.791823 -0.572328 -0.351516 0.916817 -0.18943 -0.525459 -0.815152 -0.243761 -0.267131 0.94306 0.198189 -0.304121 -0.903604 0.301679 -0.105567 0.683885 0.721912 -0.080754 0.881303 0.465601 -0.146248 -0.667059 0.730509 -0.441123 -0.657626 0.610687 0.174812 0.967878 0.180703 0.776599 -0.597968 0.198316 0.332503 -0.701263 -0.630612 0.51386 -0.791375 0.331169 0.168831 -0.023469 0.985366 0.146188 0.75432 0.640024 0.500756 0.760931 0.412587 0.99508 -0.002869 -0.099035 0.855772 0.099494 0.507695 0.885718 0.380113 0.266491 0.854015 -0.300216 0.424887 0.877698 0.472893 -0.077579 0.880202 0.333788 -0.337389 0.851734 0.057193 -0.520843 0.809863 -0.324848 -0.488463 0.763278 -0.580134 -0.284345 0.577669 0.743572 -0.33675 0.249648 0.426081 -0.869558 0.529717 0.37462 -0.76096 0.915509 0.225017 -0.333481 0.936308 0.323263 -0.137216 0.933398 0.33272 0.134406 0.566283 0.786753 -0.245649 0.793002 -0.594476 0.133215 0.350943 0.896386 0.270799 0.589356 0.765391 0.258528 0.295272 0.665835 0.685184 0.587307 0.452505 0.671051 0.907638 -0.034609 -0.418325 0.54315 0.587037 -0.600313 0.504643 0.106391 -0.856748 0.553378 -0.792041 -0.257767 0.733617 0.564297 0.37865 0.599541 0.770049 0.218117 0.836241 0.520514 -0.172528 0.661328 0.42883 -0.615427 0.458557 0.567512 0.683853 0.829392 0.555756 0.056949 0.401294 -0.004883 -0.915936 0.730418 0.007386 -0.682961 0.504908 -0.487207 -0.712529 0.313769 -0.804123 -0.504911 0.280471 0.049716 -0.958574 0.14176 -0.064913 -0.98777 0.250043 -0.533412 -0.808053 0.181711 -0.816235 -0.548399 0.216229 -0.099615 -0.971248 0.55186 -0.27596 -0.786954 0.305989 -0.244614 -0.920073 0.573031 0.372428 -0.730023 0.762101 0.089056 -0.641305 0.485988 0.725319 0.487575 0.438956 0.758949 0.480951 0.461419 -0.608125 -0.645969 0.365226 -0.48474 -0.794756 -0.688546 -0.724406 0.033754 -0.924342 -0.306263 -0.227583 -0.965041 -0.247051 0.087528 0.94259 -0.315021 -0.110846 0.698465 0.322558 -0.63883 0.700021 -0.333942 -0.631231 -0.772559 0.050082 0.632965 -0.674691 0.734143 0.076329 -0.991864 0.06763 0.107854 -0.297378 0.359545 -0.884474 0.966688 -0.158973 0.200601 0.765795 -0.554844 -0.325124 0.681137 -0.718677 0.139841 -0.690721 -0.359827 -0.62724 -0.148019 -0.651925 -0.743696 -0.013245 -0.367271 -0.93002 0.667359 0.301375 0.681032 0.924879 -0.310195 0.21995 0.66898 -0.310746 0.675206 0.923719 0.317062 0.214976 0.667054 0.733921 0.128058 0.584291 0.805067 -0.102331 0.585265 0.804514 0.10111 0.017488 0.886625 -0.462158 0.694334 0.65115 -0.306439 -0.331808 0.586371 -0.738968 -0.406395 0.889638 0.208294 0.207744 0.976216 0.062015 -0.384843 0.919931 -0.074985 0.409447 0.853075 -0.323443 0.940087 0.323688 -0.107062 0.451773 0.890912 -0.046664 0.015107 0.819177 0.573342 0.022004 0.303571 0.952555 -0.215861 0.864329 -0.454245 0.175334 0.441555 -0.879936 -0.476856 0.878697 0.02237 0.229897 0.972662 -0.032808 -0.385365 0.919845 0.073337 0.39034 0.857985 0.33391 0.462669 0.87962 0.110479 -0.286849 -0.873943 -0.392353 -0.649303 -0.74901 0.131875 -0.474294 -0.875587 0.091618 0.579596 0.310933 -0.753252 -0.037936 -0.388177 -0.920804 0.55628 -0.365075 -0.746508 -0.655249 -0.748669 -0.100714 -0.472832 -0.877117 -0.084233 -0.094854 -0.676185 0.7306 -0.332351 -0.840857 0.427204 -0.087377 -0.73445 0.673014 -0.273416 -0.709282 0.64974 -0.367117 -0.835376 -0.409112 -0.165567 -0.651981 -0.739938 -0.143989 -0.75181 -0.643467 -0.528299 -0.611801 -0.588728 -0.733922 -0.669802 -0.112798 0.394859 0.911489 -0.11521 -0.378952 0.856419 0.350631 0.156959 0.93574 0.31584 0.513915 0.857594 0.020601 0.667281 0.734058 -0.126077 -0.430352 0.798689 -0.420586 -0.634435 0.761212 -0.134346 -0.679085 0.729351 0.083013 0.706733 0.707435 0.007996 -0.073003 0.656261 0.750994 -0.693121 0.70539 -0.148354 -0.971158 0.070042 -0.227919 -0.152231 -0.800891 -0.579137 0.378926 -0.925068 0.025789 -0.389885 -0.917808 0.074955 0.57901 -0.805432 -0.126594 0.249735 -0.963783 -0.093571 0.004425 -0.858815 0.512267 0.006897 -0.937239 -0.348619 -0.277359 -0.931205 0.236494 0.46392 -0.884443 -0.050387 0.405359 -0.865043 -0.295611 0.104649 -0.947152 0.303235 -0.125557 -0.893974 -0.430171 -0.394127 -0.916343 -0.070561 -0.391528 -0.89973 0.19285 0.578156 -0.807203 0.118994 -0.266984 -0.924342 -0.2726 0.476248 -0.871987 0.113256 -0.422969 -0.89947 -0.109779 -0.512946 -0.856751 0.053532 -0.012085 -0.999795 -0.016236 -0.615815 -0.652805 0.441154 0.196575 -0.620427 0.759229 -0.564025 -0.703986 -0.431602 0.012452 -0.999915 -0.003754 -0.694004 -0.705388 -0.144172 0.727242 -0.681921 0.078129 0.964016 -0.172709 -0.202099 0.68769 -0.709878 -0.152169 0.958483 -0.28337 0.031801 0.321309 -0.318746 0.891718 -0.24287 -0.814521 0.526849 0.201181 -0.731633 -0.651337 -0 -0.707107 0.707107 0.104588 -0.992929 0.056155 -0 -0.748972 -0.662602 0.70722 0.476587 0.522213 0.568607 0.426143 0.703625 -0.282058 0.853041 0.439049 0.592656 0.717846 0.365317 -0.055088 0.795949 -0.602852 0.485804 0.841902 -0.234937 0.110082 -0.754157 0.647401 0.755168 -0.486507 -0.439355 0.32741 -0.15049 -0.932821 0.245436 0.08991 0.965234 0.75043 -0.033632 -0.660094 0.471155 0.194377 0.860367 0.930019 -0.067662 0.361228 0.928441 -0.302044 -0.216256 0.924543 -0.294539 0.241802 0.466004 0.791557 -0.395321 -0.549296 0.787107 0.2806 -0.198251 0.824071 -0.530663 -0.115362 0.827067 0.550137 0.472652 0.782881 0.404594 -0.575687 0.779648 -0.246444 0.380486 0.902461 -0.201978 -0.181438 0.962431 0.202008 0.13163 0.900964 0.413446 0.371211 0.907137 0.198256 -0.188088 0.962904 -0.19349 0.126687 0.885554 -0.446928 0.204174 0.806074 0.55548 0.595827 0.759319 0.26158 -0.477475 0.767744 -0.427301 -0.48046 0.770604 0.41872 0.230815 0.781224 -0.580012 0.587039 0.755567 -0.290697 -0.377582 -0.76432 0.522731 -0.064518 -0.724836 -0.685894 -0.579453 -0.577774 0.574814 -0.327193 -0.623897 0.709716 -0.268755 -0.638254 -0.721389 -0.166818 -0.615968 -0.769906 -0.709208 -0.62351 -0.329029 -0 -1 0 -0.129371 -0.752085 0.646244 -0.274247 -0.365743 -0.889393 0.888413 -0.341509 -0.306748 -0.782727 0.007752 -0.622318 0.025636 0.463653 0.885646 0.352615 -0.865455 0.355881 -0.424212 -0.905495 -0.011048 -0.72875 -0.321769 0.604473 -0.727949 -0.669504 0.147836 -0.48715 -0.60877 0.626166 0.142524 0.371264 -0.917524 0.557624 -0.27077 -0.78469 0.53357 0.382865 -0.754133 -0.119208 -0.01471 -0.99276 0.50851 0.452782 -0.732398 -0.056492 0.31716 -0.946688 0.580659 -0.034914 -0.813398 0.758623 -0.620644 0.198224 0.923843 0.095311 -0.370715 0.823997 -0.5246 -0.214064 0.742504 -0.439753 -0.505278 0.865245 -0.401386 -0.300399 0.445922 -0.830134 -0.334709 0.396111 -0.23796 -0.886832 0.204538 -0.423725 -0.882395 0.81618 -0.01059 -0.577701 0.920508 0.022218 -0.390091 0.834118 -0.124243 0.537411 0.917804 -0.120948 -0.378163 0.941916 -0.331286 0.055179 0.617547 0.073306 -0.783111 0.986479 0.156931 -0.047244 0.905801 0.052584 -0.420428 0.971653 0.151957 -0.181104 0.722788 -0.039889 -0.689918 0.631133 -0.080753 -0.77146 0.946759 -0.091496 -0.308669 0.033571 -0.616274 -0.786816 0.576322 0.653078 -0.491266 0.027833 0.579161 -0.814738 0.585001 -0.657485 -0.474855 0.768334 0.609174 0.196394 0.429043 0.896906 0.107154 0.623169 0.695988 -0.356737 0.608097 0.710917 -0.353292 -0.795216 0.555638 -0.242691 -0.491691 0.747074 0.447347 -0.416497 0.898885 -0.136147 0.677382 0.186749 -0.711533 0.644988 -0.245556 -0.723666 0.522022 -0.141424 -0.841126 0.680209 -0.101934 -0.725896 0.907131 -0.307515 -0.287311 0.696611 -0.102638 -0.71007 0.664001 -0.406391 -0.627653 0.959684 0.231887 -0.158854 0.946223 0.039004 -0.321155 0.970361 0.237501 0.04465 0.97488 0.208966 -0.077092 0.957079 0.12287 -0.262495 0.165016 0.052767 -0.984878 0.47656 -0.231093 -0.848225 0.543702 0.651008 -0.529694 0.285144 0.32543 -0.901548 0.647507 -0.275624 -0.710469 0.745059 0.375627 -0.551172 0.672523 0.306841 -0.673469 0.622784 0.015077 -0.782249 -0.542263 -0.022187 -0.839916 0.866696 -0.451507 0.212081 0.873139 -0.124516 -0.4713 0.970729 -0.184917 0.153268 0.077336 -0.110663 -0.990845 0.462333 0.031374 -0.886151 0.644656 0.019227 0.764231 0.694035 -0.16871 0.699895 0.414728 0.30376 -0.857748 0.564214 0.583838 -0.583777 0.468601 0.62004 -0.629257 0.836221 0.224986 -0.500115 0.87224 0.477535 -0.105627 0.74382 0.399317 -0.535983 -0.01352 0.869157 0.494351 0.114782 0.897535 -0.425741 0.855683 -0.02234 -0.517017 0.219466 0.572821 -0.789754 -0.545593 0.678383 0.492062 -0.024904 0.596743 0.802046 0.892042 -0.224162 0.392445 0.869573 -0.428789 -0.244914 0.882556 -0.343189 0.321429 0.776287 -0.603151 -0.183268 0.800932 -0.345973 0.488683 0.97455 -0.163615 -0.153239 0.962949 -0.226881 -0.145791 0.910624 -0.22053 0.349472 0.961686 0.063724 -0.266645 0.966428 0.242568 0.084722 0.904698 0.152533 -0.397812 0.954448 0.28233 0.096531 0.880671 -0.337424 -0.33251 0.875101 0.48394 0 0.880671 0.337424 -0.33251 0.63769 -0.770294 0 0.875101 -0.48394 0 0.763679 0.455436 -0.457572 0.63769 0.770294 0 0.889578 0.456783 0 0.907387 -0.201211 0.369003 0.941486 -0.1511 -0.301285 0.924127 -0.068608 0.375877 0.984492 0.008149 -0.175242 0.850934 0.073704 0.520076 0.025178 -0.327348 0.944568 0.866261 -0.465481 -0.181437 0.814699 -0.549033 0.186622 0.721283 -0.267254 -0.639004 0.942263 -0.109104 0.316601 0.79402 -0.024568 0.607395 0.984281 -0.06171 0.165476 0.851877 -0.113409 0.511316 0.907361 -0.402942 0.119726 0.670019 -0.69239 0.267715 0.612065 -0.145882 0.777235 0.525639 -0.554297 0.645336 0.785616 -0.564568 0.253123 0.861666 0.008576 0.507404 0.932254 -0.055269 -0.357557 0.723063 0.142128 0.676002 0.895821 0.442829 -0.037508 0.015168 0.442982 0.896402 0.936334 0.044924 0.348226 0.042238 0.126654 0.991047 0.42556 0.758982 0.492793 0.580377 0.108403 0.807101 -0.048648 -0.023958 -0.998529 -0.362958 0.044191 -0.930757 0.019898 0.17051 -0.985155 0.718446 0.471487 -0.511406 0.867456 -0.473297 -0.15333 0.995171 -0.037142 -0.090856 0.838237 -0.407369 -0.362505 -0.807273 0.317068 0.497774 -0.954785 -0.023835 0.296339 -0.956606 -0.107212 0.270944 0.628943 -0.679331 -0.378074 0.462523 -0.680492 -0.568334 -0.433983 0.672674 0.599306 -0.8826 0.27367 0.382259 0.030915 -0.791626 -0.610223 0.090458 0.814211 0.573479 -0.266337 0.778777 0.567954 0.586681 0.684192 0.433228 0.654035 0.575203 0.491304 -0.801627 -0.446105 -0.397975 -0.0553 -0.790624 -0.609799 -0.561555 -0.719034 -0.409446 0.910121 0.364067 0.197827 0.925221 0.204174 0.319811 -0.988836 -0.137761 0.056795 -0.878378 -0.47482 -0.054752 0.982592 -0.067356 0.173135 0.834054 -0.081364 -0.54565 0.962111 0.187447 -0.198007 0.968162 0.210125 -0.136055 -0.850961 0.158363 0.500786 -0.974538 -0.199229 0.10288 -0.857074 0.098425 0.505705 0.485138 -0.348777 -0.80187 0.833575 -0.18214 -0.521515 -0.504699 0.492857 0.708781 -0.517393 0.370015 0.771618 0.017213 -0.691297 -0.722366 0.48697 -0.501833 -0.714859 -0.037416 0.546782 0.836439 0.458851 0.577691 0.675077 -0.013001 0.694811 0.719075 -0.456538 -0.702188 -0.546356 0.012635 -0.524811 -0.851125 -0.469021 -0.560579 -0.682473 0.832923 0.453512 0.317122 0.480284 0.703076 0.524415 -0.818888 -0.527706 -0.225719 -0.832772 -0.442251 -0.333023 0.835763 0.516809 0.185495 -0.963602 -0.21586 0.157721 0.819684 -0.106146 -0.562896 0.979418 0.170205 -0.108495 -0.982559 -0.0506 0.178933 -0.798416 0.216595 0.5618 0.446522 -0.320204 -0.835516 -0.452627 0.41988 0.786657 -0.021058 0.534608 0.844838 0.436707 0.54203 0.717977 -0.033602 -0.452081 -0.891344 -0.532347 -0.465327 -0.707161 0.82528 0.417386 0.380396 -0.900299 -0.314962 -0.300435 0.840232 -0.461668 -0.284381 0.990061 -0.065554 -0.124425 0.807694 -0.415673 -0.418145 -0.783981 0.39492 0.47897 -0.990009 0.086369 0.111456 -0.984695 0.025544 0.172402 0.544068 -0.660621 -0.517272 0.412586 -0.670501 -0.616605 -0.374709 0.654596 0.65658 -0.726604 0.489652 0.481961 0.043612 -0.740731 -0.670385 0.141031 0.729602 0.669173 -0.232984 0.703409 0.671516 0.624305 0.598852 0.501617 0.372666 0.645138 0.667021 -0.518033 -0.606386 -0.603273 -0.098913 -0.750319 -0.653634 -0.593141 -0.633091 -0.497372 0.927412 0.307815 0.212504 0.822226 0.343131 0.454099 -0.893606 -0.316852 -0.31792 -0.918165 -0.348375 -0.188699 0.98382 0.009553 0.178904 0.843668 -0.128485 -0.521265 0.973516 0.217568 -0.070224 0.977537 0.181743 -0.106726 -0.904704 0.112096 0.411029 -0.980545 -0.167397 0.102513 -0.862119 0.139505 0.487124 0.506064 -0.380082 -0.774233 0.889754 -0.117712 -0.441001 -0.590427 0.439143 0.677163 -0.52005 0.408746 0.749983 0.110815 -0.633699 -0.765602 0.57282 -0.430264 -0.697675 -0.037355 0.572261 0.81922 0.463017 0.584853 0.666005 -0.110357 0.646394 0.754981 -0.381059 -0.669463 -0.637662 0.023408 -0.551968 -0.833537 -0.474234 -0.57284 -0.668548 0.827863 0.448327 0.337115 0.408435 0.66748 0.622617 -0.776428 -0.526754 -0.345961 -0.842424 -0.432123 -0.321856 0.798936 0.507598 0.322559 -0.96979 -0.24125 0.036134 0.980191 0.12165 -0.15629 0.818341 -0.185862 -0.543851 -0.84956 0.178018 0.496546 -0.985474 -0.121376 0.118782 0.468404 -0.416736 -0.779056 -0.536218 0.422047 0.73099 -0.041781 0.585142 0.809854 0.501985 0.576422 0.644786 -0.023775 -0.555698 -0.831044 -0.533905 -0.549073 -0.643012 0.865922 0.405387 0.292985 -0.885269 -0.374409 -0.275893 0.94838 0.216899 -0.231365 0.970869 -0.129492 -0.201608 0.949408 0.110844 0.293834 0.641625 -0.100284 0.760434 0.813571 -0.567437 0.126958 0.90258 -0.334492 0.271043 0.656285 -0.202892 0.726723 0.756732 -0.478455 0.445463 0.035555 -0.213848 -0.97622 -0.192273 0.111854 -0.974946 0.016053 0.348287 -0.93725 0.911891 0.386315 -0.138619 0.871357 0.113837 0.477261 0.021363 0.788861 0.6142 -0.02408 0.989246 -0.144264 -0.228407 0.972865 0.036928 -0.371611 0.845098 0.384338 -0.36614 0.396537 0.841843 -0.373862 0.106238 0.92138 -0.268084 0.327719 0.905942 -0.199931 0.478114 0.85524 -0.081058 0.599972 0.795904 -0.148748 0.650416 0.744871 -0.284345 0.197671 0.938122 0.056003 0.464597 0.88375 0.051578 0.643776 0.763474 0.001007 0.229567 0.973293 -0.695658 0.133705 0.705821 -0.002686 0.979342 -0.202192 -0.176095 0.977525 -0.115911 -0.006928 0.954048 0.299573 -0.53336 0.842523 0.075383 -0.024385 0.997002 0.073429 -0.959934 0.146708 0.238755 -0.639143 0.724202 0.258898 -0.751155 0.075045 0.655846 -0.712965 0.173747 0.679333 -0.990579 -0.028779 0.133886 -0.972988 0.038729 0.227583 -0.96052 -0.010926 0.277996 -0 -0.182687 0.983171 -0.529044 -0.176429 0.830051 0.00177 -0.230539 0.973062 -0.962701 0.168436 0.211743 -0.976904 0.091312 0.193184 -0.997035 0.021302 0.073948 -0.000397 0.528132 0.849162 0.599093 0.684272 0.415764 -0.523738 0.051974 0.850292 -0.548191 -0.118599 0.827902 -0.990892 -0.007263 0.134467 -0.982314 0.036287 0.183694 0.213116 0.944084 0.25157 -0.301525 -0.055361 0.95185 -0.480154 -0.156867 0.863044 -0.708326 0.193829 0.678752 0.26555 -0.961975 0.063938 -0.233017 -0.422025 0.876127 0.010316 -0.557344 0.830218 -0.756847 0.456263 -0.467982 0.2046 -0.052554 -0.977434 -0.21748 -0.046908 -0.974937 -0.491024 0.272384 -0.827468 0.131721 -0.107275 -0.985465 0.574464 0.362905 -0.733683 -0.751085 0.56986 -0.333364 -0.593472 -0.179635 -0.784552 0.551608 0.778764 -0.298755 -0.587717 0.772392 -0.240831 0.5965 -0.146615 -0.789108 0.853038 0.351213 0.385974 -0.998458 0.003723 0.055392 -0.978529 0.01822 0.205301 -0.319656 0.947464 -0.011506 -0.021058 0.999696 -0.012787 -0.63687 0.663849 0.392047 -0.980519 0.018952 0.195506 -0.991665 0.012391 0.128242 -0.696109 0.375751 0.611754 -0.949893 -0.033144 0.310812 0.005646 -0.15153 0.988437 -0.00351 0.069492 0.997576 -0.530885 0.491851 0.690105 -0.581917 0.418484 0.697311 -0.694643 0.226756 0.68268 -0.845392 0.478181 0.238022 -0.712816 0.092871 0.695175 0.487762 -0.429745 -0.759874 0.622504 -0.727003 -0.289751 0.741748 -0.282947 -0.608072 0.334246 -0.636814 -0.6948 0.495992 -0.503957 -0.707121 0.494653 -0.61145 -0.617614 0.774205 -0.548639 -0.315597 0.334124 -0.859573 -0.386647 0.7423 -0.61192 -0.273029 0.928953 0.159007 0.334311 0.132085 -0.906039 0.402053 0.816341 0.350519 0.459047 0.849765 0.276927 0.448565 0.403124 0.857093 0.320754 -0.54306 -0.380179 0.748699 -0.001892 0.111607 0.993751 0.651347 -0.756212 0.062382 -0.007691 -0.998415 -0.055757 0.332416 -0.766583 -0.549408 0.470884 -0.757736 -0.451779 0.359515 0.524746 0.771615 0.237043 0.380087 0.894061 0.238417 0.574221 0.783217 0.808555 -0.428342 -0.403438 0.356221 -0.528899 -0.770307 0.854413 -0.361255 -0.373462 0.602567 0.785986 0.138343 -0.394892 0.456175 -0.797474 -0.466651 0.575821 -0.671318 0.697429 -0.099615 0.709697 -0.082372 -0.946525 0.311938 0.636267 -0.032228 0.770796 0.722115 0.691169 -0.028902 0.898095 -0.229598 0.375114 0.882043 -0.09577 0.461332 -0.33037 -0.899828 0.284897 -0.910005 0.120457 -0.396712 -0.441123 0.703069 -0.557767 -0.112706 -0.944559 0.308393 0.007141 -0.918467 0.395434 0.599454 0.711459 0.366716 0.649672 0.710742 0.269763 -0.31224 0.613463 -0.725376 -0.324786 0.670875 -0.666663 -0.220682 -0.922646 0.316267 -0.823031 -0.567131 -0.031343 0.64017 0.756417 -0.134223 -0.591821 0.593957 -0.544944 -0.954155 -0.007843 -0.299211 0.746906 -0.428129 0.508761 0.8048 -0.181835 0.565008 -0.244518 -0.948835 0.199808 0.550412 0.777627 0.303879 0.729379 0.02942 0.683478 0.617932 0.034274 0.785485 0.715926 0.697828 0.022035 0.766397 0.625398 0.146675 0.82851 -0.385887 -0.405786 0.392236 -0.497253 -0.773881 0.273149 -0.408228 0.871056 0.314133 -0.861065 -0.399861 0.791122 -0.376578 -0.481992 0.823894 0.303208 -0.478815 0.740186 0.252242 -0.623297 0.757212 -0.431908 -0.489986 0.849718 0.309954 -0.426507 0.770998 0.24235 -0.588922 0.595674 -0.434716 -0.675421 0.62952 0.166147 -0.759013 0.624632 -0.308974 -0.717196 0.521476 0.555291 -0.647854 0.533027 -0.623121 -0.572366 0.871482 -0.380485 -0.309436 0.468468 0.609191 -0.639863 0.394122 -0.831704 -0.39107 0.092657 0.851862 0.515506 0.258224 0.314288 -0.913534 0.242293 0.868702 0.432032 0.633677 0.455199 -0.625498 0.667675 0.730942 0.141183 0.228591 -0.722456 0.652536 0.402761 -0.911944 0.078373 0.111823 -0.792437 0.599615 0.838857 -0.191509 0.509552 0.407123 -0.052798 0.911846 0.774698 -0.515956 -0.365558 0.369921 -0.626708 -0.685854 0.481171 0.31133 0.81948 0.966605 0.146401 0.210338 0.454618 0.309468 0.835196 0.167856 0.320362 0.932305 0.7048 -0.18061 -0.68603 0.290081 -0.289562 -0.912144 0.27318 -0.304401 -0.912531 0.727631 -0.164253 -0.666014 0.970972 0.141579 0.192791 -0 0.558736 -0.829345 -0.657571 0.659891 -0.363517 -0.548984 0.341207 -0.763017 -0.95927 -0.072757 -0.272961 -0.776384 -0.183849 -0.60285 -0.655223 -0.755113 0.022096 -0.548976 -0.708987 -0.442678 -0 -0.926483 -0.376337 0.721267 -0.597206 0.350883 0.548987 -0.708971 -0.442688 0.776384 -0.183849 -0.60285 0.753393 0.180886 0.632202 0.976587 0.065983 0.204754 0.715523 0.698127 -0.025392 0.548978 0.341234 -0.763009 0.215954 -0.973015 -0.081273 -0.473267 -0.836297 -0.276813 -0.377313 -0.328726 -0.865779 -0.21031 -0.912532 -0.350791 0.549226 0.78337 0.291002 0.054141 0.967457 -0.247175 0.027376 0.975851 -0.216717 -0.515313 0.585751 -0.625578 -0.722066 -0.184736 -0.666703 0.064578 -0.956653 0.283981 0.059451 -0.952506 0.298661 0.560297 -0.522576 0.642637 0.063389 -0.917287 0.393149 0.087314 -0.923713 0.373001 0.389701 0.319384 0.863787 -0.31444 0.464015 -0.828141 0.329058 -0.4056 0.852766 0.239241 0.875052 0.420771 -0.053714 0.959616 -0.276138 0.099402 0.890406 0.444181 -0.170452 -0.362053 -0.916441 -0.077519 -0.925956 -0.369589 0.185802 0.338734 0.922354 -0.157814 0.423758 -0.891921 0.169107 -0.384969 0.907305 -0.04758 0.948084 -0.314441 0.438133 -0.763009 0.475244 0.192883 -0.153482 0.969144 0.079625 -0.684729 0.724435 0.540717 0.338341 0.770163 0.683306 0.317497 -0.657486 0.85844 -0.111974 -0.500543 0.444569 -0.327529 0.833716 0.714571 -0.6528 -0.251476 0.945844 -0.313796 0.083134 0.001373 0.368368 0.929679 0.410823 0.863428 0.292774 0.928337 -0.28972 0.232924 -0.000092 -0.342084 -0.93967 0.719065 0.165933 -0.674842 0.807566 0.313919 -0.499292 0.9149 0.259503 -0.309219 0.830466 -0.141641 -0.538761 0.877045 -0.034609 0.47916 0.694804 0.606695 0.386223 0.662632 0.155983 0.732521 0.456631 0.598973 0.657814 0.803607 0.02762 -0.594519 -0.040072 -0.728186 0.684208 0.000732 -0.706862 -0.707351 -0.050753 -0.338545 0.939581 0.352682 0.837941 -0.416498 0.172374 -0.530976 -0.829669 0.788614 0.580748 0.202037 0.763679 -0.455436 -0.457572 0.958645 -0.284074 0.017396 0.968113 -0.24363 -0.058321 -0.005097 0.989248 -0.146156 -0.844534 -0.525545 -0.102789 0.86388 -0.368918 -0.342946 0.614962 0.208111 -0.7606 0.152807 0.312725 0.937472</float_array>
          <technique_common>
            <accessor source="#Cube_048-mesh-normals-array" count="1934" stride="3">
              <param name="X" type="float" />
              <param name="Y" type="float" />
              <param name="Z" type="float" />
            </accessor>
          </technique_common>
        </source>
        <source id="Cube_048-mesh-map-0">
          <float_array id="Cube_048-mesh-map-0-array" count="21708">0.491412 0.79279 0.481046 0.78335 0.491245 0.78849 0.494477 0.781165 0.481909 0.77472 0.503542 0.767326 0.780854 0.175514 0.783017 0.192722 0.775584 0.206042 0.790736 0.191348 0.791298 0.172107 0.796342 0.201924 0.477322 0.767779 0.474222 0.782563 0.468181 0.775923 0.495267 0.737414 0.522245 0.727088 0.498367 0.74635 0.534874 0.75921 0.504138 0.753361 0.52921 0.734964 0.504138 0.753361 0.522245 0.727088 0.52921 0.734964 0.498367 0.74635 0.477322 0.767779 0.495267 0.737414 0.77419 0.379179 0.809491 0.35724 0.80892 0.394434 0.77419 0.379179 0.763345 0.351721 0.77539 0.356681 0.783017 0.192722 0.796342 0.201924 0.775584 0.206042 0.799928 0.224655 0.775584 0.206042 0.796342 0.201924 0.775151 0.228355 0.769056 0.22728 0.775584 0.206042 0.808052 0.289898 0.777441 0.284697 0.807522 0.281951 0.861312 0.606488 0.844906 0.587661 0.870201 0.597636 0.535318 0.695722 0.522245 0.727088 0.508633 0.715949 0.561838 0.745404 0.566038 0.71259 0.605577 0.724712 0.561838 0.745404 0.52921 0.734964 0.555189 0.717593 0.566038 0.71259 0.550001 0.708241 0.559202 0.699407 0.555189 0.717593 0.522245 0.727088 0.550001 0.708241 0.534874 0.75921 0.579292 0.788367 0.549606 0.800731 0.605577 0.724712 0.579292 0.788367 0.561838 0.745404 0.775851 0.258583 0.807522 0.281951 0.777441 0.284697 0.775151 0.228355 0.804202 0.25402 0.775851 0.258583 0.770451 0.257539 0.777441 0.284697 0.773193 0.292675 0.770451 0.257539 0.775151 0.228355 0.775851 0.258583 0.809491 0.35724 0.780293 0.351764 0.809483 0.351421 0.808052 0.289898 0.778742 0.297779 0.773193 0.292675 0.881352 0.560124 0.870238 0.540008 0.889854 0.542766 0.881352 0.560124 0.85115 0.568998 0.86225 0.542697 0.873789 0.57797 0.844906 0.587661 0.85115 0.568998 0.829356 0.500912 0.855587 0.539637 0.816103 0.573164 0.836347 0.583391 0.85115 0.568998 0.844906 0.587661 0.844694 0.565892 0.86225 0.542697 0.85115 0.568998 0.858371 0.533042 0.86225 0.542697 0.855587 0.539637 0.773431 0.33505 0.780293 0.351764 0.77539 0.356681 0.773431 0.33505 0.779051 0.3156 0.779791 0.33357 0.772314 0.313965 0.778742 0.297779 0.779051 0.3156 0.780293 0.351764 0.809182 0.332828 0.809483 0.351421 0.779791 0.33357 0.808742 0.31474 0.809182 0.332828 0.779051 0.3156 0.80825 0.296565 0.808742 0.31474 0.503542 0.767326 0.526106 0.775339 0.501465 0.777918 0.395125 0.752854 0.375872 0.746657 0.395224 0.746725 0.368775 0.725408 0.375872 0.746657 0.370998 0.75038 0.375872 0.746657 0.39536 0.725984 0.395224 0.746725 0.371422 0.725834 0.39536 0.724924 0.39536 0.725984 0.526106 0.775339 0.534874 0.75921 0.529511 0.776535 0.549606 0.800731 0.529511 0.776535 0.534874 0.75921 0.395352 0.705416 0.372641 0.714001 0.369198 0.705429 0.39536 0.724924 0.37264 0.715702 0.395356 0.715691 0.367685 0.723626 0.37264 0.715702 0.369205 0.724277 0.372641 0.714001 0.395356 0.715691 0.37264 0.715702 0.498367 0.74635 0.504138 0.753361 0.477322 0.767779 0.477322 0.767779 0.503542 0.767326 0.481909 0.77472 0.481909 0.77472 0.481046 0.78335 0.474222 0.782563 0.789272 0.180543 0.780854 0.175514 0.791298 0.172107 0.485687 0.78338 0.491245 0.78849 0.481046 0.78335 0.789272 0.180543 0.787922 0.187899 0.787529 0.183345 0.494477 0.781165 0.486909 0.781218 0.484329 0.77782 0.785044 0.188282 0.783078 0.181665 0.78525 0.1837 0.787529 0.183345 0.783078 0.181665 0.789272 0.180543 0.485687 0.78338 0.484329 0.77782 0.486909 0.781218 0.491245 0.78849 0.491304 0.782555 0.494477 0.781165 0.790736 0.191348 0.785044 0.188282 0.787922 0.187899 0.491412 0.79279 0.494477 0.781165 0.503542 0.767326 0.491412 0.79279 0.501465 0.777918 0.49303 0.793717 0.535318 0.695722 0.559202 0.699407 0.550001 0.708241 0.770451 0.257539 0.773193 0.292675 0.759375 0.27676 0.816103 0.573164 0.844694 0.565892 0.836347 0.583391 0.958117 0.296256 0.940708 0.296761 0.955105 0.292565 0.941618 0.274115 0.931537 0.290477 0.926172 0.263818 0.962285 0.468473 0.963951 0.485668 0.956174 0.498703 0.971674 0.484534 0.972779 0.465397 0.976956 0.495233 0.921876 0.293578 0.935598 0.303516 0.926141 0.307168 0.89362 0.265166 0.892601 0.233791 0.903709 0.264365 0.912185 0.259948 0.892601 0.233791 0.902093 0.229402 0.903709 0.264365 0.921876 0.293578 0.89362 0.265166 0.984027 0.687279 0.951711 0.648675 0.985648 0.650265 0.93803 0.685124 0.939859 0.643372 0.951711 0.648675 0.963951 0.485668 0.976956 0.495233 0.956174 0.498703 0.979882 0.517971 0.956174 0.498703 0.976956 0.495233 0.95511 0.520904 0.949073 0.519649 0.956174 0.498703 0.986123 0.583172 0.955793 0.577067 0.985821 0.575243 0.255588 0.970329 0.243172 0.948245 0.266128 0.963499 0.869404 0.209364 0.892601 0.233791 0.876957 0.243604 0.923302 0.202543 0.896458 0.185936 0.923157 0.154202 0.896458 0.185936 0.886198 0.19983 0.881729 0.187504 0.896527 0.198343 0.892601 0.233791 0.886198 0.19983 0.923157 0.154202 0.966894 0.204624 0.923302 0.202543 0.95495 0.551019 0.985821 0.575243 0.955793 0.577067 0.95511 0.520904 0.983306 0.547335 0.95495 0.551019 0.949603 0.549816 0.955793 0.577067 0.951337 0.584881 0.949603 0.549816 0.95511 0.520904 0.95495 0.551019 0.985648 0.650265 0.956732 0.643929 0.985805 0.64447 0.986123 0.583172 0.956718 0.590131 0.951337 0.584881 0.224326 0.906061 0.202961 0.913455 0.209435 0.893988 0.224326 0.906061 0.226769 0.938213 0.204322 0.921907 0.239684 0.917154 0.243172 0.948245 0.226769 0.938213 0.157665 0.946423 0.199806 0.927667 0.223612 0.974598 0.237421 0.956092 0.226769 0.938213 0.243172 0.948245 0.22251 0.944105 0.204322 0.921907 0.226769 0.938213 0.194434 0.922632 0.204322 0.921907 0.199806 0.927667 0.950374 0.627079 0.956732 0.643929 0.951711 0.648675 0.950374 0.627079 0.95652 0.607884 0.956748 0.625798 0.949859 0.606052 0.956718 0.590131 0.95652 0.607884 0.956732 0.643929 0.986032 0.62595 0.985805 0.64447 0.956748 0.625798 0.986106 0.607926 0.986032 0.62595 0.95652 0.607884 0.986131 0.589816 0.986106 0.607926 0.903709 0.264365 0.912185 0.259948 0.921876 0.293578 0.921876 0.293578 0.926172 0.263818 0.931537 0.290477 0.931537 0.290477 0.940708 0.296761 0.935598 0.303516 0.970523 0.473733 0.962285 0.468473 0.972779 0.465397 0.94465 0.290627 0.955105 0.292565 0.940708 0.296761 0.970523 0.473733 0.968971 0.481016 0.968708 0.476471 0.941618 0.274115 0.94215 0.286386 0.935982 0.288788 0.966095 0.48131 0.964325 0.474663 0.96643 0.476754 0.968708 0.476471 0.964325 0.474663 0.970523 0.473733 0.94465 0.290627 0.935982 0.288788 0.94215 0.286386 0.951123 0.274409 0.944796 0.278619 0.941618 0.274115 0.971674 0.484534 0.966095 0.48131 0.968971 0.481016 0.955537 0.273251 0.941618 0.274115 0.926172 0.263818 0.869404 0.209364 0.881729 0.187504 0.886198 0.19983 0.949603 0.549816 0.951337 0.584881 0.93803 0.568617 0.223612 0.974598 0.22251 0.944105 0.237421 0.956092 0.57121 0.91323 0.552606 0.925795 0.550707 0.913997 0.621147 0.906527 0.593054 0.924071 0.593392 0.904982 0.682662 0.903502 0.649758 0.931925 0.651143 0.907421 0.724768 0.938938 0.700562 0.946681 0.709722 0.929513 0.724768 0.938938 0.719997 0.906829 0.734009 0.913664 0.239998 0.885719 0.348535 0.834692 0.354188 0.866142 0.184908 0.822379 0.348535 0.834692 0.176114 0.840572 0.283462 0.920431 0.354188 0.866142 0.365537 0.891284 0.142402 0.91905 0.176628 0.898132 0.177402 0.9179 0.328389 0.951192 0.365537 0.891284 0.384244 0.912023 0.357917 0.834269 0.343628 0.800579 0.354531 0.797302 0.362876 0.865234 0.348535 0.834692 0.357917 0.834269 0.177017 0.928531 0.142402 0.91905 0.177402 0.9179 0.370127 0.884973 0.354188 0.866142 0.362876 0.865234 0.365537 0.891284 0.387512 0.905232 0.384244 0.912023 0.283462 0.920431 0.31546 0.963432 0.275747 0.933726 0.184908 0.822379 0.172553 0.837179 0.179942 0.818446 0.174401 0.845466 0.239998 0.885719 0.232677 0.897531 0.232677 0.897531 0.283462 0.920431 0.275747 0.933726 0.176701 0.867659 0.146498 0.893616 0.144015 0.865193 0.144015 0.865193 0.116109 0.893055 0.114376 0.863512 0.114376 0.863512 0.092634 0.887709 0.096678 0.860341 0.088789 0.852571 0.067988 0.86875 0.083569 0.847039 0.142164 0.929066 0.118981 0.923519 0.142402 0.91905 0.060414 0.94363 0.012859 0.942047 0.059902 0.93638 0.712463 0.256986 0.680383 0.249852 0.712119 0.244369 0.118827 0.930212 0.088931 0.927003 0.118981 0.923519 0.142402 0.91905 0.116109 0.893055 0.146498 0.893616 0.077866 0.87845 0.044421 0.885557 0.067988 0.86875 0.116109 0.893055 0.088931 0.927003 0.092634 0.887709 0.029053 0.853777 0.067988 0.86875 0.044421 0.885557 0.054575 0.829453 0.023624 0.847671 0.046054 0.820286 0.089423 0.935618 0.059902 0.93638 0.088931 0.927003 0.088931 0.927003 0.077866 0.87845 0.092634 0.887709 0.096678 0.860341 0.077866 0.87845 0.088789 0.852571 0.245201 0.412089 0.229681 0.416997 0.229634 0.410405 0.680423 0.245587 0.674631 0.249701 0.674631 0.245437 0.336408 0.767934 0.365958 0.775585 0.334658 0.778087 0.309079 0.763088 0.334658 0.778087 0.305538 0.773787 0.305538 0.773787 0.276366 0.778367 0.278966 0.772413 0.142164 0.929066 0.089423 0.935618 0.118827 0.930212 0.038429 0.722625 0.066106 0.808339 0.035456 0.72356 0.029663 0.687032 0.035456 0.72356 0.023827 0.687926 0.022268 0.633727 0.023827 0.687926 0.016225 0.633279 0.02473 0.544788 0.016225 0.633279 0.018765 0.544287 0.047916 0.375076 0.043153 0.393478 0.043772 0.373412 0.05145 0.357828 0.043772 0.373412 0.047766 0.356993 0.056082 0.33337 0.05145 0.357828 0.047766 0.356993 0.069717 0.304914 0.059956 0.334767 0.056082 0.33337 0.066106 0.808339 0.032866 0.724642 0.035456 0.72356 0.018373 0.69024 0.035456 0.72356 0.032866 0.724642 0.029869 0.434441 0.018765 0.544287 0.012683 0.544536 0.039732 0.371799 0.043153 0.393478 0.038735 0.392864 0.047766 0.356993 0.039732 0.371799 0.041843 0.355646 0.050114 0.331208 0.047766 0.356993 0.041843 0.355646 0.069717 0.304914 0.050114 0.331208 0.06358 0.302134 0.244856 0.749731 0.284899 0.760577 0.278966 0.772413 0.239685 0.720403 0.244856 0.749731 0.220575 0.723731 0.757128 0.72893 0.761808 0.722998 0.763443 0.726263 0.757128 0.72893 0.753662 0.742559 0.755036 0.726624 0.618657 0.788369 0.736078 0.766543 0.626673 0.811331 0.612674 0.781817 0.755036 0.726624 0.618657 0.788369 0.474922 0.841488 0.483162 0.889319 0.474863 0.893587 0.613755 0.8837 0.695533 0.89327 0.611391 0.893069 0.612674 0.781817 0.582759 0.804149 0.576315 0.797682 0.483162 0.889319 0.611391 0.893069 0.479603 0.898168 0.623798 0.842029 0.697976 0.884492 0.613755 0.8837 0.613755 0.8837 0.483337 0.844434 0.623798 0.842029 0.626049 0.839054 0.711249 0.849312 0.623798 0.842029 0.739959 0.77144 0.736078 0.766543 0.742215 0.770286 0.626673 0.811331 0.7356 0.769542 0.629084 0.814539 0.621012 0.831271 0.623798 0.842029 0.617445 0.832377 0.626049 0.839054 0.620926 0.822883 0.711082 0.845053 0.711082 0.845053 0.7356 0.769542 0.739959 0.77144 0.392378 0.819056 0.378464 0.835253 0.372059 0.814534 0.757128 0.72893 0.760336 0.740456 0.753662 0.742559 0.761066 0.742713 0.753662 0.742559 0.760336 0.740456 0.75515 0.895633 0.777451 0.854294 0.779696 0.894011 0.762223 0.958891 0.78233 0.933629 0.784125 0.957216 0.779696 0.894011 0.79609 0.853528 0.798168 0.893115 0.784125 0.957216 0.800793 0.932438 0.802869 0.955875 0.798168 0.893115 0.831805 0.852564 0.832278 0.891945 0.82191 0.954333 0.800793 0.932438 0.830954 0.930337 0.839673 0.960298 0.830954 0.930337 0.85285 0.92756 0.839673 0.960298 0.86632 0.938619 0.859068 0.962193 0.242455 0.521721 0.215519 0.52032 0.216423 0.514952 0.431922 0.491649 0.411085 0.494421 0.427502 0.487474 0.215519 0.52032 0.196221 0.512002 0.216423 0.514952 0.437657 0.475231 0.431922 0.491649 0.427502 0.487474 0.183908 0.509779 0.177694 0.493262 0.186394 0.505344 0.440098 0.445344 0.442655 0.477254 0.437657 0.475231 0.172792 0.49611 0.173113 0.480112 0.177694 0.493262 0.432165 0.428761 0.440098 0.445344 0.428289 0.432765 0.186072 0.460011 0.199159 0.45375 0.199718 0.458477 0.199159 0.45375 0.219444 0.453197 0.199718 0.458477 0.414372 0.423848 0.432165 0.428761 0.428289 0.432765 0.451241 0.391899 0.475986 0.22546 0.458451 0.396153 0.758028 0.935424 0.779696 0.894011 0.78233 0.933629 0.78233 0.933629 0.798168 0.893115 0.800793 0.932438 0.830954 0.930337 0.798168 0.893115 0.832278 0.891945 0.958225 0.755087 0.951696 0.76031 0.945516 0.754414 0.919585 0.086317 0.92997 0.104463 0.916286 0.106993 0.919585 0.086317 0.938934 0.093143 0.92997 0.104463 0.919585 0.086317 0.916286 0.106993 0.90277 0.099918 0.942436 0.124773 0.916286 0.106993 0.92997 0.104463 0.919585 0.086317 0.90277 0.099918 0.89895 0.085928 0.919585 0.086317 0.89895 0.085928 0.90444 0.072569 0.919585 0.086317 0.90444 0.072569 0.916544 0.066078 0.919585 0.086317 0.916544 0.066078 0.929526 0.068573 0.897508 0.824679 0.918977 0.796258 0.922803 0.813296 0.897508 0.824679 0.92188 0.827643 0.908319 0.835433 0.896944 0.850572 0.897508 0.824679 0.908319 0.835433 0.881606 0.103129 0.89895 0.085928 0.90277 0.099918 0.919585 0.086317 0.929526 0.068573 0.937895 0.079186 0.867131 0.834484 0.897508 0.824679 0.882876 0.843364 0.862879 0.853504 0.882876 0.843364 0.881012 0.865395 0.919585 0.086317 0.937895 0.079186 0.938934 0.093143 0.862168 0.859964 0.881012 0.865395 0.880019 0.871709 0.879341 0.083278 0.90444 0.072569 0.89895 0.085928 0.889041 0.056658 0.916544 0.066078 0.90444 0.072569 0.916544 0.066078 0.941418 0.049059 0.929526 0.068573 0.887258 0.136571 0.881606 0.103129 0.896606 0.124553 0.920197 0.845641 0.92188 0.827643 0.936372 0.831802 0.960114 0.098523 0.92997 0.104463 0.938934 0.093143 0.937895 0.079186 0.960114 0.098523 0.938934 0.093143 0.941418 0.049059 0.937895 0.079186 0.929526 0.068573 0.887258 0.136571 0.912004 0.129564 0.909556 0.150756 0.941418 0.049059 0.960348 0.033408 0.960788 0.064181 0.916286 0.106993 0.896606 0.124553 0.90277 0.099918 0.881606 0.103129 0.866987 0.080763 0.879341 0.083278 0.912809 0.043086 0.94248 0.030493 0.941418 0.049059 0.866987 0.080763 0.889041 0.056658 0.879341 0.083278 0.918977 0.796258 0.960334 0.81321 0.922803 0.813296 0.901945 0.867721 0.880019 0.871709 0.881012 0.865395 0.881012 0.865395 0.896944 0.850572 0.901945 0.867721 0.896944 0.850572 0.920197 0.845641 0.901945 0.867721 0.896606 0.124553 0.881606 0.103129 0.90277 0.099918 0.942436 0.124773 0.909556 0.150756 0.912004 0.129564 0.897228 0.891935 0.885359 0.917581 0.880019 0.871709 0.874873 0.043858 0.912809 0.043086 0.889041 0.056658 0.86929 0.021472 0.912273 0.0277 0.874873 0.043858 0.912273 0.0277 0.945194 0.009597 0.94248 0.030493 0.94248 0.030493 0.962276 0.013676 0.960348 0.033408 0.365622 0.766755 0.389225 0.76994 0.365958 0.775585 0.388094 0.763579 0.403962 0.762378 0.389225 0.76994 0.334658 0.778087 0.368366 0.781395 0.334751 0.783965 0.308242 0.780199 0.334658 0.778087 0.334751 0.783965 0.305538 0.773787 0.284899 0.760577 0.309079 0.763088 0.241386 0.755705 0.278966 0.772413 0.276366 0.778367 0.215789 0.730402 0.244856 0.749731 0.241386 0.755705 0.368366 0.781395 0.389225 0.76994 0.391885 0.773574 0.391885 0.773574 0.403962 0.762378 0.40565 0.767289 0.247465 0.646561 0.364863 0.635171 0.353829 0.679993 0.188678 0.005346 0.103781 0.216905 0.103885 0.005301 0.762866 0.475798 0.790938 0.560275 0.76174 0.558916 0.061119 0.216883 0.103885 0.005301 0.103781 0.216905 0.380735 0.495376 0.258609 0.530443 0.258398 0.488338 0.372901 0.590028 0.258892 0.561509 0.377265 0.564752 0.2976 0.217007 0.240108 0.005373 0.297703 0.005403 0.240004 0.216977 0.188678 0.005346 0.240108 0.005373 0.727848 0.32863 0.727595 0.382139 0.706918 0.338824 0.738471 0.690713 0.701308 0.679333 0.716234 0.666485 0.714232 0.285947 0.740219 0.322749 0.730974 0.327157 0.796328 0.472088 0.80796 0.560647 0.794875 0.56021 0.74218 0.696602 0.772197 0.676475 0.749684 0.706501 0.791349 0.437231 0.780479 0.399849 0.802463 0.433614 0.772297 0.40589 0.760199 0.364221 0.783973 0.405901 0.730974 0.327157 0.760199 0.364221 0.751308 0.369265 0.763128 0.667819 0.799024 0.61843 0.772197 0.676475 0.794875 0.56021 0.799024 0.61843 0.7862 0.614711 0.822154 0.592196 0.827339 0.648933 0.798065 0.645073 0.826354 0.107407 0.855291 0.342426 0.830919 0.343649 0.798065 0.645073 0.814987 0.702654 0.788659 0.69421 0.931824 0.63374 0.9062 0.553446 0.925223 0.551807 0.814987 0.702654 0.787319 0.748102 0.788659 0.69421 0.837277 0.824385 0.899038 0.77198 0.853645 0.836667 0.88267 0.759698 0.814987 0.702654 0.887222 0.718021 0.712292 0.292088 0.730974 0.327157 0.727848 0.32863 0.792029 0.473591 0.794875 0.56021 0.790938 0.560275 0.738471 0.690713 0.763128 0.667819 0.74218 0.696602 0.785823 0.439296 0.772297 0.40589 0.791349 0.437231 0.768316 0.406853 0.751308 0.369265 0.772297 0.40589 0.748347 0.370903 0.730974 0.327157 0.751308 0.369265 0.759365 0.6641 0.7862 0.614711 0.763128 0.667819 0.790938 0.560275 0.7862 0.614711 0.782217 0.613681 0.736837 0.550758 0.711083 0.496175 0.735472 0.461161 0.716234 0.666485 0.710224 0.608515 0.730436 0.606309 0.710224 0.608515 0.736837 0.550758 0.730436 0.606309 0.748347 0.370903 0.745055 0.415747 0.727595 0.382139 0.782217 0.613681 0.76174 0.558916 0.790938 0.560275 0.690821 0.302438 0.727848 0.32863 0.706918 0.338824 0.785823 0.439296 0.762866 0.475798 0.759174 0.447725 0.759365 0.6641 0.755044 0.605107 0.782217 0.613681 0.926494 0.523259 0.9062 0.553446 0.885366 0.531774 0.382413 0.376379 0.395257 0.433531 0.385664 0.434756 0.387283 0.544099 0.38701 0.567465 0.381897 0.566051 0.338103 0.755815 0.363579 0.683274 0.341007 0.76028 0.382895 0.326253 0.375161 0.290347 0.388632 0.323792 0.387283 0.544099 0.394881 0.496347 0.395969 0.548109 0.385664 0.434756 0.394881 0.496347 0.385291 0.495504 0.378375 0.589243 0.374975 0.637395 0.370029 0.635842 0.370029 0.635842 0.363579 0.683274 0.358412 0.681627 0.229772 0.642999 0.229172 0.709733 0.205416 0.715938 0.260718 0.581951 0.241973 0.604465 0.258892 0.561509 0.256682 0.613599 0.229772 0.642999 0.241973 0.604465 0.250194 0.397015 0.381045 0.434642 0.257075 0.441566 0.375906 0.377391 0.252115 0.349277 0.377404 0.328579 0.260718 0.581951 0.364863 0.635171 0.256682 0.613599 0.353829 0.679993 0.229172 0.709733 0.247465 0.646561 0.381045 0.434642 0.258398 0.488338 0.257075 0.441566 0.218583 0.448326 0.229791 0.449065 0.219444 0.453197 0.2288 0.442001 0.245221 0.44675 0.229791 0.449065 0.874516 0.959733 0.859068 0.962193 0.86632 0.938619 0.874516 0.959733 0.893515 0.943811 0.890941 0.962193 0.957047 0.708979 0.945516 0.754414 0.944663 0.702217 0.415275 0.391898 0.403925 0.265304 0.411313 0.264101 0.411313 0.264101 0.404448 0.178645 0.412137 0.179749 0.758028 0.935424 0.762223 0.958891 0.741267 0.948901 0.734984 0.961037 0.734488 0.954981 0.741267 0.948901 0.762223 0.958891 0.734984 0.961037 0.741267 0.948901 0.468453 0.225549 0.446388 0.18258 0.474978 0.221654 0.451241 0.391899 0.411313 0.264101 0.468453 0.225549 0.412137 0.179749 0.468453 0.225549 0.411313 0.264101 0.451241 0.391899 0.417621 0.400135 0.415275 0.391898 0.416387 0.173051 0.439669 0.186568 0.412137 0.179749 0.758028 0.935424 0.737981 0.910749 0.75515 0.895633 0.739959 0.77144 0.742215 0.770286 0.733714 0.798697 0.75515 0.895633 0.734706 0.856812 0.75144 0.855893 0.413214 0.852948 0.458453 0.890948 0.415625 0.892361 0.394973 0.088671 0.402239 0.130594 0.394973 0.134795 0.437657 0.475231 0.433337 0.449327 0.440098 0.445344 0.427502 0.487474 0.410446 0.484971 0.423647 0.480179 0.440098 0.445344 0.424048 0.439835 0.428289 0.432765 0.428289 0.432765 0.412597 0.433466 0.414372 0.423848 0.437657 0.475231 0.423647 0.480179 0.431371 0.47127 0.431371 0.47127 0.42839 0.454195 0.433337 0.449327 0.236003 0.32619 0.240286 0.357313 0.236003 0.364314 0.431371 0.47127 0.421443 0.473462 0.427337 0.467347 0.424048 0.439835 0.414044 0.442321 0.412597 0.433466 0.423647 0.480179 0.412359 0.476059 0.421443 0.473462 0.433337 0.449327 0.421914 0.445941 0.424048 0.439835 0.427337 0.467347 0.41888 0.467844 0.422737 0.464451 0.421914 0.445941 0.413485 0.449956 0.414044 0.442321 0.421443 0.473462 0.412648 0.468462 0.41888 0.467844 0.42839 0.454195 0.419393 0.45156 0.421914 0.445941 0.42839 0.454195 0.422737 0.464451 0.423443 0.456083 0.374629 0.086805 0.380607 0.108581 0.374629 0.111597 0.419393 0.45156 0.412648 0.468462 0.413485 0.449956 0.423443 0.456083 0.41888 0.467844 0.419393 0.45156 0.223893 0.467318 0.199718 0.458477 0.219444 0.453197 0.196221 0.512002 0.219339 0.499599 0.216423 0.514952 0.199718 0.458477 0.187865 0.475196 0.186072 0.460011 0.2327 0.46167 0.219444 0.453197 0.229791 0.449065 0.177694 0.493262 0.19833 0.496911 0.186394 0.505344 0.247212 0.460938 0.229791 0.449065 0.245221 0.44675 0.242455 0.521721 0.219339 0.499599 0.246054 0.506831 0.173113 0.480112 0.189804 0.486727 0.177694 0.493262 0.246054 0.506831 0.232534 0.481017 0.247212 0.481743 0.247212 0.460938 0.232534 0.481017 0.2327 0.46167 0.232534 0.481017 0.223893 0.467318 0.2327 0.46167 0.219339 0.499599 0.202679 0.473841 0.223893 0.467318 0.202679 0.473841 0.189804 0.486727 0.187865 0.475196 0.007604 0.217381 0.059529 0.005272 0.061119 0.216883 0.297703 0.005403 0.331923 0.217025 0.2976 0.217007 0.379908 0.542818 0.258892 0.561509 0.258609 0.530443 0.738471 0.690713 0.735122 0.648313 0.759365 0.6641 0.720657 0.711233 0.749684 0.706501 0.718934 0.726997 0.791349 0.437231 0.80796 0.469065 0.796328 0.472088 0.72125 0.70418 0.74218 0.696602 0.720657 0.711233 0.785823 0.439296 0.796328 0.472088 0.792029 0.473591 0.736837 0.550758 0.762866 0.475798 0.76174 0.558916 0.735122 0.648313 0.730436 0.606309 0.755044 0.605107 0.730436 0.606309 0.76174 0.558916 0.755044 0.605107 0.785823 0.439296 0.745055 0.415747 0.768316 0.406853 0.381897 0.566051 0.384297 0.587922 0.378375 0.589243 0.382895 0.326253 0.392864 0.373446 0.382413 0.376379 0.229772 0.642999 0.187249 0.675509 0.207988 0.637964 0.258892 0.561509 0.221637 0.593203 0.229298 0.5511 0.241973 0.604465 0.207988 0.637964 0.221637 0.593203 0.36774 0.295056 0.252115 0.349277 0.245515 0.323319 0.899104 0.6701 0.91744 0.727912 0.887222 0.718021 0.91744 0.727912 0.88267 0.759698 0.887222 0.718021 0.912802 0.635379 0.930019 0.674345 0.899104 0.6701 0.827339 0.648933 0.912802 0.635379 0.899104 0.6701 0.887222 0.718021 0.827339 0.648933 0.899104 0.6701 0.836778 0.017562 0.819314 0.091322 0.811025 0.018739 0.656272 0.483319 0.624198 0.429757 0.649286 0.426631 0.658072 0.224274 0.642766 0.267183 0.64114 0.222912 0.691514 0.092667 0.744838 0.03543 0.750152 0.087746 0.584252 0.673778 0.532752 0.644726 0.588202 0.640583 0.811025 0.018739 0.819314 0.091322 0.744838 0.03543 0.646568 0.647023 0.588202 0.640583 0.63196 0.635488 0.384244 0.912023 0.408454 0.951393 0.328389 0.951192 0.328389 0.951192 0.40624 0.969323 0.327945 0.969096 0.486001 0.610801 0.525166 0.638702 0.523493 0.660015 0.632504 0.228716 0.612067 0.260288 0.618043 0.222917 0.60681 0.299626 0.633876 0.266049 0.63074 0.308017 0.563822 0.246963 0.521981 0.26721 0.533722 0.239264 0.579883 0.155909 0.522706 0.005735 0.581295 0.002717 0.523921 0.157672 0.482517 0.006081 0.522706 0.005735 0.826288 0.368104 0.87273 0.396717 0.824515 0.393436 0.913616 0.453084 0.956775 0.410768 0.961841 0.444422 0.077866 0.87845 0.059902 0.93638 0.032113 0.912219 0.671894 0.346416 0.640468 0.308717 0.671621 0.3082 0.591269 0.398155 0.623729 0.346059 0.61298 0.395782 0.563822 0.246963 0.547763 0.22401 0.562379 0.22237 0.563822 0.246963 0.572256 0.22567 0.601798 0.254198 0.578164 0.32852 0.555458 0.282653 0.594814 0.293641 0.555458 0.282653 0.502461 0.291573 0.521981 0.26721 0.591269 0.398155 0.555607 0.363029 0.589432 0.339488 0.660221 0.409965 0.63712 0.347903 0.671894 0.346416 0.592767 0.4907 0.624198 0.429757 0.623635 0.487238 0.582282 0.483254 0.538361 0.421202 0.582475 0.430092 0.60681 0.299626 0.623729 0.346059 0.589432 0.339488 0.668084 0.267826 0.640468 0.308717 0.642766 0.267183 0.601798 0.254198 0.555458 0.282653 0.563822 0.246963 0.649286 0.426631 0.676647 0.476311 0.656272 0.483319 0.527916 0.67857 0.585168 0.68796 0.527081 0.693868 0.671892 0.644375 0.650952 0.658782 0.646568 0.647023 0.584252 0.673778 0.650952 0.658782 0.585168 0.68796 0.472225 0.556117 0.462803 0.625301 0.458251 0.54098 0.527916 0.67857 0.462803 0.625301 0.475985 0.617757 0.649286 0.426631 0.625526 0.410994 0.660221 0.409965 0.590892 0.42389 0.625526 0.410994 0.624198 0.429757 0.5413 0.411623 0.592326 0.409938 0.590892 0.42389 0.492199 0.361225 0.546225 0.398458 0.5413 0.411623 0.826288 0.368104 0.816759 0.391712 0.820349 0.358473 0.878371 0.319582 0.908414 0.311003 0.902683 0.321154 0.821641 0.44606 0.816759 0.391712 0.824515 0.393436 0.946192 0.3614 0.965325 0.410179 0.956775 0.410768 0.961841 0.444422 0.965325 0.410179 0.968168 0.450669 0.865018 0.501698 0.914949 0.5133 0.856212 0.51086 0.870148 0.448905 0.911076 0.419939 0.913616 0.453084 0.87273 0.396717 0.898766 0.3732 0.911076 0.419939 0.898766 0.3732 0.956775 0.410768 0.911076 0.419939 0.821641 0.44606 0.87273 0.396717 0.870148 0.448905 0.870148 0.448905 0.90931 0.505443 0.865018 0.501698 0.898766 0.3732 0.878371 0.319582 0.902683 0.321154 0.392378 0.819056 0.417241 0.734755 0.397071 0.81995 0.456079 0.817102 0.424815 0.736632 0.455718 0.744624 0.168706 0.358436 0.335563 0.249658 0.346773 0.251319 0.168774 0.348875 0.314972 0.232911 0.335563 0.249658 0.022984 0.231229 0.31537 0.225135 0.314972 0.232911 0.31537 0.225135 0.335563 0.249658 0.314972 0.232911 0.022984 0.231229 0.168706 0.358436 0.005429 0.224869 0.654531 0.713099 0.634563 0.74534 0.635615 0.712596 0.654531 0.713099 0.662733 0.749696 0.654586 0.745503 0.02913 0.269204 0.040295 0.292293 0.026585 0.278496 0.629552 0.705469 0.654531 0.713099 0.635615 0.712596 0.178961 0.724687 0.204177 0.730925 0.185253 0.73133 0.177042 0.767979 0.185253 0.73133 0.185179 0.763776 0.204177 0.730925 0.213641 0.767979 0.205205 0.763634 0.040295 0.292293 0.00538 0.302482 0.026585 0.278496 -0.001639 0.298634 0.026585 0.278496 0.00538 0.302482 0.040295 0.292293 0.023071 0.324778 0.019847 0.316117 0.185253 0.73133 0.205205 0.763634 0.185179 0.763776 0.626137 0.749696 0.635615 0.712596 0.634563 0.74534 0.405143 0.820058 0.457144 0.825339 0.405514 0.828614 0.368884 0.217237 0.331923 0.217025 0.364327 0.158775 0.413214 0.852948 0.457144 0.825339 0.457195 0.846729 0.389023 0.2038 0.364327 0.158775 0.392464 0.157689 0.832278 0.891945 0.852258 0.852417 0.85285 0.92756 0.85285 0.92756 0.830954 0.930337 0.832278 0.891945 0.331923 0.217025 0.365347 0.083769 0.364327 0.158775 0.332027 0.005421 0.368987 0.005273 0.365347 0.083769 0.392864 0.373446 0.400773 0.433463 0.395257 0.433531 0.38701 0.567465 0.387904 0.588412 0.384297 0.587922 0.341007 0.76028 0.368055 0.684859 0.344987 0.763807 0.388632 0.323792 0.398634 0.37219 0.392864 0.373446 0.395969 0.548109 0.400218 0.496274 0.400768 0.549258 0.394881 0.496347 0.400773 0.433463 0.400218 0.496274 0.384297 0.587922 0.379389 0.638372 0.374975 0.637395 0.374975 0.637395 0.368055 0.684859 0.363579 0.683274 0.385664 0.434756 0.375906 0.377391 0.382413 0.376379 0.378375 0.589243 0.377265 0.564752 0.381897 0.566051 0.358412 0.681627 0.333724 0.752671 0.353829 0.679993 0.382413 0.376379 0.377404 0.328579 0.382895 0.326253 0.385291 0.495504 0.379908 0.542818 0.380735 0.495376 0.385664 0.434756 0.380735 0.495376 0.381045 0.434642 0.370029 0.635842 0.372901 0.590028 0.378375 0.589243 0.358412 0.681627 0.364863 0.635171 0.370029 0.635842 0.395969 0.548109 0.389723 0.569154 0.38701 0.567465 0.388632 0.323792 0.379017 0.288091 0.393724 0.321591 0.381897 0.566051 0.379908 0.542818 0.387283 0.544099 0.371718 0.292933 0.377404 0.328579 0.36774 0.295056 0.74963 0.096983 0.805832 0.12624 0.748982 0.123102 0.693251 0.101987 0.748982 0.123102 0.698809 0.126969 0.817883 0.099033 0.822331 0.353132 0.805832 0.12624 0.393713 0.222089 0.368884 0.217237 0.389023 0.2038 0.693251 0.101987 0.698809 0.126969 0.646242 0.142885 0.661077 0.045503 0.690375 0.036262 0.691514 0.092667 0.453097 0.682112 0.455718 0.744624 0.424815 0.736632 0.453097 0.682112 0.515723 0.692364 0.487544 0.704727 0.634384 0.071401 0.691514 0.092667 0.633743 0.118187 0.477133 0.159038 0.527882 0.200587 0.470622 0.210924 0.484112 0.569837 0.525742 0.489534 0.525166 0.638702 0.472737 0.428333 0.458251 0.54098 0.461371 0.419747 0.408454 0.951393 0.525005 0.974145 0.40624 0.969323 0.048879 0.39397 0.035308 0.436237 0.043153 0.393478 0.040837 0.438202 0.018765 0.544287 0.035308 0.436237 0.43041 0.910418 0.53247 0.934918 0.428867 0.918348 0.043153 0.393478 0.029869 0.434441 0.038735 0.392864 0.387512 0.905232 0.428867 0.918348 0.384244 0.912023 0.579883 0.155909 0.548142 0.19276 0.523921 0.157672 0.670109 0.627958 0.646568 0.647023 0.63196 0.635488 0.426856 0.004879 0.477133 0.159038 0.426538 0.158495 0.670109 0.627958 0.623635 0.487238 0.656272 0.483319 0.581295 0.002717 0.614371 0.156098 0.579883 0.155909 0.671892 0.644375 0.688057 0.626617 0.688297 0.656358 0.428867 0.918348 0.524572 0.956143 0.408454 0.951393 0.656272 0.483319 0.688057 0.626617 0.670109 0.627958 0.622451 0.177692 0.656444 0.171811 0.65582 0.176526 0.653994 0.20802 0.638985 0.201845 0.654521 0.20232 0.625957 0.182511 0.65582 0.176526 0.655167 0.1813 0.657723 0.151959 0.640343 0.150513 0.657791 0.146352 0.655167 0.1813 0.630806 0.186033 0.625957 0.182511 0.657529 0.157273 0.635504 0.154909 0.657723 0.151959 0.657265 0.162283 0.630197 0.157512 0.657529 0.157273 0.636126 0.189861 0.654662 0.186228 0.654473 0.19139 0.656924 0.167088 0.625383 0.160916 0.657265 0.162283 0.639114 0.195466 0.654473 0.19139 0.654577 0.196771 0.656444 0.171811 0.622077 0.1659 0.656924 0.167088 0.638985 0.201845 0.654577 0.196771 0.654521 0.20232 0.725407 0.179939 0.686973 0.172893 0.726565 0.174378 0.684437 0.208093 0.725116 0.206942 0.725557 0.212573 0.724577 0.185415 0.686583 0.177948 0.725407 0.179939 0.687983 0.151069 0.73026 0.1453 0.730249 0.151243 0.724577 0.185415 0.685812 0.187767 0.686188 0.182884 0.729836 0.157151 0.687983 0.151069 0.730249 0.151243 0.729003 0.162986 0.687857 0.156666 0.729836 0.157151 0.685464 0.19267 0.724192 0.19081 0.724239 0.196149 0.727845 0.168729 0.687641 0.162234 0.729003 0.162986 0.685129 0.197662 0.724239 0.196149 0.724608 0.201495 0.726565 0.174378 0.687339 0.167659 0.727845 0.168729 0.684795 0.202797 0.724608 0.201495 0.725116 0.206942 0.755607 0.182153 0.726565 0.174378 0.757861 0.177262 0.725557 0.212573 0.759598 0.207629 0.761372 0.212573 0.754401 0.187385 0.725407 0.179939 0.755607 0.182153 0.730249 0.151243 0.766578 0.152163 0.766607 0.157603 0.754401 0.187385 0.724192 0.19081 0.724577 0.185415 0.729836 0.157151 0.766607 0.157603 0.765561 0.162936 0.763419 0.167963 0.729836 0.157151 0.765561 0.162936 0.724239 0.196149 0.754441 0.19273 0.755591 0.197914 0.760669 0.172646 0.729003 0.162986 0.763419 0.167963 0.724608 0.201495 0.755591 0.197914 0.757487 0.202827 0.757861 0.177262 0.727845 0.168729 0.760669 0.172646 0.725116 0.206942 0.757487 0.202827 0.759598 0.207629 0.65582 0.176526 0.686973 0.172893 0.686583 0.177948 0.684437 0.208093 0.654521 0.20232 0.684795 0.202797 0.655167 0.1813 0.686583 0.177948 0.686188 0.182884 0.687983 0.151069 0.657791 0.146352 0.688027 0.145579 0.686188 0.182884 0.654662 0.186228 0.655167 0.1813 0.687857 0.156666 0.657723 0.151959 0.687983 0.151069 0.687641 0.162234 0.657529 0.157273 0.687857 0.156666 0.654473 0.19139 0.685812 0.187767 0.685464 0.19267 0.687339 0.167659 0.657265 0.162283 0.687641 0.162234 0.685129 0.197662 0.654473 0.19139 0.685464 0.19267 0.686973 0.172893 0.656924 0.167088 0.687339 0.167659 0.684795 0.202797 0.654577 0.196771 0.685129 0.197662 0.600744 0.631654 0.588152 0.596765 0.592644 0.595758 0.62231 0.59278 0.61758 0.595987 0.617153 0.593301 0.604105 0.625661 0.592644 0.595758 0.597252 0.595058 0.570304 0.602318 0.566624 0.60938 0.565289 0.603432 0.597252 0.595058 0.606894 0.617904 0.604105 0.625661 0.574977 0.600963 0.573584 0.616129 0.570304 0.602318 0.579418 0.599497 0.580057 0.623737 0.574977 0.600963 0.609568 0.608297 0.601987 0.594581 0.606876 0.594204 0.583763 0.598046 0.585681 0.629802 0.579418 0.599497 0.61311 0.600307 0.606876 0.594204 0.611948 0.593802 0.588152 0.596765 0.591146 0.634074 0.583763 0.598046 0.61758 0.595987 0.611948 0.593802 0.617153 0.593301 0.579533 0.528243 0.580236 0.562491 0.57448 0.529252 0.613411 0.558128 0.603752 0.521888 0.608692 0.520904 0.584678 0.527905 0.584983 0.561753 0.579533 0.528243 0.560256 0.567693 0.548866 0.531361 0.554002 0.530811 0.584678 0.527905 0.594279 0.560791 0.58965 0.561221 0.55912 0.53057 0.560256 0.567693 0.554002 0.530811 0.564226 0.530477 0.56534 0.566201 0.55912 0.53057 0.598928 0.560361 0.589504 0.526419 0.594224 0.524793 0.569344 0.530324 0.5704 0.564758 0.564226 0.530477 0.603645 0.559824 0.594224 0.524793 0.598941 0.523223 0.57448 0.529252 0.575375 0.563494 0.569344 0.530324 0.608469 0.559095 0.598941 0.523223 0.603752 0.521888 0.579533 0.528243 0.571541 0.50812 0.576322 0.506739 0.604741 0.499275 0.603752 0.521888 0.599748 0.499073 0.581333 0.506115 0.579533 0.528243 0.576322 0.506739 0.551471 0.508647 0.548866 0.531361 0.546302 0.508873 0.581333 0.506115 0.589504 0.526419 0.584678 0.527905 0.556989 0.511267 0.554002 0.530811 0.551471 0.508647 0.561976 0.510318 0.55912 0.53057 0.556989 0.511267 0.594224 0.524793 0.586244 0.504943 0.590875 0.503103 0.569344 0.530324 0.561976 0.510318 0.566764 0.50898 0.598941 0.523223 0.590875 0.503103 0.595161 0.500169 0.57448 0.529252 0.566764 0.50898 0.571541 0.50812 0.603752 0.521888 0.595161 0.500169 0.599748 0.499073 0.592644 0.595758 0.580236 0.562491 0.584983 0.561753 0.613411 0.558128 0.617153 0.593301 0.608469 0.559095 0.58965 0.561221 0.592644 0.595758 0.584983 0.561753 0.560256 0.567693 0.565289 0.603432 0.555214 0.569083 0.594279 0.560791 0.597252 0.595058 0.58965 0.561221 0.56534 0.566201 0.570304 0.602318 0.560256 0.567693 0.5704 0.564758 0.574977 0.600963 0.56534 0.566201 0.598928 0.560361 0.601987 0.594581 0.594279 0.560791 0.583763 0.598046 0.5704 0.564758 0.575375 0.563494 0.603645 0.559824 0.606876 0.594204 0.598928 0.560361 0.588152 0.596765 0.575375 0.563494 0.580236 0.562491 0.608469 0.559095 0.611948 0.593802 0.603645 0.559824 0.083569 0.847039 0.054575 0.829453 0.062059 0.819729 0.618043 0.222917 0.601798 0.254198 0.61463 0.214408 0.632504 0.228716 0.61463 0.214408 0.64114 0.222912 0.632504 0.228716 0.642766 0.267183 0.633876 0.266049 0.612067 0.260288 0.594814 0.293641 0.601798 0.254198 0.63074 0.308017 0.642766 0.267183 0.640468 0.308717 0.555607 0.363029 0.578164 0.32852 0.589432 0.339488 0.555607 0.363029 0.546225 0.398458 0.546337 0.351603 0.61298 0.395782 0.63712 0.347903 0.625526 0.410994 0.61298 0.395782 0.592326 0.409938 0.591269 0.398155 0.555245 0.392189 0.592326 0.409938 0.546225 0.398458 0.60681 0.299626 0.578164 0.32852 0.594814 0.293641 0.63074 0.308017 0.63712 0.347903 0.623729 0.346059 0.424815 0.736632 0.44602 0.677393 0.453097 0.682112 0.465082 0.638891 0.44602 0.677393 0.462803 0.625301 0.458453 0.890948 0.409107 0.899991 0.415625 0.892361 0.458453 0.890948 0.464135 0.846284 0.465742 0.898045 0.415625 0.892361 0.405068 0.857442 0.413214 0.852948 0.465082 0.638891 0.527081 0.693868 0.515723 0.692364 0.456079 0.817102 0.463552 0.74795 0.464069 0.816719 0.413214 0.852948 0.397737 0.830807 0.405514 0.828614 0.405143 0.820058 0.417241 0.734755 0.424815 0.736632 0.405514 0.828614 0.397071 0.81995 0.405143 0.820058 0.457144 0.825339 0.464135 0.846284 0.457195 0.846729 0.457144 0.825339 0.464069 0.816719 0.465344 0.825903 0.487544 0.704727 0.463552 0.74795 0.455718 0.744624 0.515723 0.692364 0.493281 0.710566 0.487544 0.704727 0.750152 0.087746 0.817883 0.099033 0.74963 0.096983 0.750152 0.087746 0.693251 0.101987 0.691514 0.092667 0.845566 0.090065 0.817883 0.099033 0.819314 0.091322 0.836778 0.017562 0.859524 0.096463 0.845566 0.090065 0.690375 0.036262 0.744209 0.026695 0.744838 0.03543 0.836778 0.017562 0.811551 0.009497 0.849056 0.007824 0.811025 0.018739 0.744209 0.026695 0.811551 0.009497 0.633743 0.118187 0.62658 0.067888 0.634384 0.071401 0.633743 0.118187 0.693251 0.101987 0.626251 0.128805 0.634384 0.071401 0.656766 0.038114 0.661077 0.045503 0.661077 0.045503 0.690138 0.028058 0.690375 0.036262 0.830919 0.343649 0.817883 0.099033 0.826354 0.107407 0.855291 0.342426 0.822331 0.353132 0.830919 0.343649 0.846367 0.106608 0.817883 0.099033 0.859524 0.096463 0.846367 0.106608 0.867635 0.351071 0.855291 0.342426 0.582282 0.483254 0.535714 0.498344 0.525742 0.489534 0.523493 0.660015 0.532752 0.644726 0.527916 0.67857 0.523493 0.660015 0.475985 0.617757 0.486001 0.610801 0.582475 0.430092 0.592767 0.4907 0.582282 0.483254 0.495513 0.376184 0.472737 0.428333 0.492199 0.361225 0.484112 0.569837 0.475985 0.617757 0.472225 0.556117 0.582475 0.430092 0.5413 0.411623 0.590892 0.42389 0.495513 0.376184 0.5413 0.411623 0.538361 0.421202 0.483015 0.437431 0.472225 0.556117 0.472737 0.428333 0.525166 0.638702 0.535714 0.498344 0.532752 0.644726 0.073853 0.307053 0.061641 0.335471 0.059956 0.334767 0.059956 0.334767 0.053182 0.358333 0.05145 0.357828 0.05145 0.357828 0.049843 0.375339 0.047916 0.375076 0.048879 0.39397 0.049843 0.375339 0.051636 0.394112 0.043016 0.43867 0.048879 0.39397 0.051636 0.394112 0.02473 0.544788 0.024673 0.63357 0.022268 0.633727 0.024673 0.63357 0.029663 0.687032 0.022268 0.633727 0.038429 0.722625 0.031973 0.686594 0.040918 0.721936 0.066106 0.808339 0.040918 0.721936 0.068453 0.807767 0.027177 0.544606 0.040837 0.438202 0.043016 0.43867 0.121715 0.951115 0.086262 0.962587 0.086114 0.958634 0.145717 0.936682 0.123982 0.957184 0.121715 0.951115 0.086262 0.962587 0.043801 0.952961 0.086114 0.958634 0.046897 0.54754 0.024673 0.63357 0.027177 0.544606 0.061641 0.335471 0.090361 0.316933 0.073131 0.351611 0.149667 0.35215 0.100568 0.377304 0.121987 0.335923 0.053182 0.358333 0.073131 0.351611 0.049843 0.375339 0.095595 0.393518 0.100568 0.377304 0.130594 0.392473 0.046897 0.54754 0.043016 0.43867 0.065544 0.440931 0.065544 0.440931 0.051636 0.394112 0.070474 0.395454 0.080741 0.757914 0.097001 0.738056 0.097106 0.765475 0.144046 0.830522 0.131135 0.785538 0.158635 0.797222 0.067719 0.72844 0.064969 0.704923 0.084507 0.725732 0.086114 0.958634 0.070503 0.953733 0.085613 0.956779 0.086114 0.958634 0.120242 0.949478 0.121715 0.951115 0.121715 0.951115 0.14366 0.935583 0.145717 0.936682 0.097106 0.765475 0.144704 0.751684 0.135876 0.774231 0.100947 0.690808 0.064969 0.704923 0.06599 0.638747 0.709722 0.929513 0.696754 0.903206 0.719997 0.906829 0.114849 0.817189 0.1092 0.832479 0.105209 0.81377 0.655293 0.984414 0.672688 0.980545 0.656729 0.987806 0.059902 0.93638 0.012859 0.942047 0.032113 0.912219 0.608584 0.699564 0.605187 0.694071 0.608307 0.69558 0.608584 0.699564 0.639173 0.69085 0.605187 0.703682 0.608307 0.69558 0.637714 0.670117 0.638159 0.673398 0.662736 0.68836 0.639173 0.69085 0.640088 0.687626 0.662268 0.67597 0.637714 0.670117 0.665175 0.67317 0.662736 0.68836 0.665175 0.67317 0.666404 0.691129 0.668557 0.676991 0.696002 0.677097 0.692919 0.68009 0.693303 0.686671 0.696002 0.677097 0.696748 0.689847 0.693303 0.686671 0.666404 0.691129 0.668946 0.687996 0.668557 0.676991 0.666404 0.691129 0.665175 0.67317 0.712119 0.244369 0.680423 0.245587 0.714196 0.23054 0.734587 0.241796 0.712119 0.244369 0.714196 0.23054 0.229634 0.410405 0.20526 0.416997 0.205453 0.405972 0.229681 0.416997 0.216362 0.428407 0.20526 0.416997 0.706734 0.220163 0.680423 0.245587 0.676474 0.241728 0.189807 0.406441 0.20526 0.416997 0.189614 0.417466 0.712463 0.256986 0.730673 0.253727 0.731908 0.270356 0.734587 0.241796 0.724694 0.223373 0.747456 0.232394 0.730673 0.253727 0.749238 0.248221 0.745324 0.260152 0.218153 0.396511 0.229634 0.410405 0.205453 0.405972 0.623798 0.842029 0.54301 0.820703 0.617445 0.832377 0.080741 0.757914 0.067719 0.72844 0.084507 0.725732 0.104938 0.542935 0.06599 0.638747 0.072067 0.54607 0.121987 0.335923 0.089467 0.369651 0.110826 0.32933 0.051636 0.394112 0.069719 0.380487 0.070474 0.395454 0.069719 0.380487 0.073131 0.351611 0.089467 0.369651 0.104938 0.542935 0.094949 0.444045 0.138642 0.447495 0.094949 0.444045 0.130594 0.392473 0.138642 0.447495 0.079314 0.79238 0.097106 0.765475 0.097051 0.792009 0.163744 0.782561 0.144704 0.751684 0.170905 0.754561 0.055059 0.724454 0.064969 0.704923 0.067719 0.72844 0.131135 0.785538 0.097106 0.765475 0.135876 0.774231 0.06599 0.638747 0.048059 0.697242 0.043369 0.636195 0.055059 0.724454 0.080741 0.757914 0.079314 0.79238 0.06599 0.638747 0.046897 0.54754 0.072067 0.54607 0.072067 0.54607 0.065544 0.440931 0.094949 0.444045 0.094949 0.444045 0.070474 0.395454 0.095595 0.393518 0.158635 0.797222 0.135876 0.774231 0.163744 0.782561 0.110826 0.32933 0.073131 0.351611 0.090361 0.316933 0.070474 0.395454 0.091584 0.383027 0.095595 0.393518 0.091584 0.383027 0.089467 0.369651 0.100568 0.377304 0.097051 0.792009 0.094804 0.821332 0.079314 0.79238 0.040918 0.721936 0.048059 0.697242 0.055059 0.724454 0.114849 0.817189 0.097051 0.792009 0.131135 0.785538 0.043369 0.636195 0.031973 0.686594 0.024673 0.63357 0.040918 0.721936 0.079314 0.79238 0.068453 0.807767 0.068453 0.807767 0.094804 0.821332 0.08668 0.829413 0.570764 0.952453 0.552474 0.931418 0.57279 0.932655 0.615959 0.947363 0.592779 0.936568 0.617622 0.93966 0.638277 0.967944 0.651106 0.961681 0.647336 0.975593 0.57279 0.932655 0.552606 0.925795 0.573076 0.924878 0.671262 0.965457 0.649758 0.931925 0.684222 0.942884 0.592779 0.936568 0.619656 0.926416 0.617622 0.93966 0.693131 0.925424 0.682662 0.903502 0.696754 0.903206 0.697342 0.977785 0.700562 0.946681 0.707714 0.968245 0.700562 0.946681 0.693131 0.925424 0.709722 0.929513 0.697342 0.977785 0.683667 0.975994 0.684222 0.942884 0.684222 0.942884 0.683667 0.975994 0.671262 0.965457 0.138141 0.8452 0.112401 0.84612 0.1092 0.832479 0.672688 0.980545 0.683667 0.975994 0.680813 0.983237 0.138141 0.8452 0.114849 0.817189 0.144046 0.830522 0.222835 0.533425 0.151058 0.63216 0.179177 0.521556 0.138642 0.447495 0.141692 0.507889 0.104938 0.542935 0.179177 0.521556 0.104938 0.542935 0.141692 0.507889 0.172606 0.714219 0.144704 0.751684 0.137835 0.70794 0.137835 0.70794 0.097001 0.738056 0.11286 0.697524 0.151058 0.63216 0.100947 0.690808 0.104938 0.542935 0.11286 0.697524 0.084507 0.725732 0.100947 0.690808 0.149667 0.35215 0.17957 0.414977 0.130594 0.392473 0.177389 0.441526 0.138642 0.447495 0.130594 0.392473 0.924921 0.231058 0.912185 0.259948 0.902093 0.229402 0.923302 0.202543 0.902093 0.229402 0.896527 0.198343 0.924921 0.231058 0.966894 0.204624 0.963286 0.23676 0.926172 0.263818 0.963286 0.23676 0.955537 0.273251 0.649758 0.931925 0.621147 0.906527 0.651143 0.907421 0.640178 0.954962 0.617622 0.93966 0.644193 0.947187 0.644193 0.947187 0.619656 0.926416 0.649758 0.931925 0.58313 0.913099 0.570565 0.903206 0.584516 0.90381 0.582583 0.956318 0.591595 0.944195 0.589793 0.958439 0.57279 0.932655 0.593054 0.924071 0.592779 0.936568 0.680813 0.983237 0.691723 0.984785 0.6903 0.994194 0.695263 0.419726 0.688476 0.430368 0.689296 0.41681 0.794754 0.814027 0.80167 0.828567 0.795322 0.831283 0.695835 0.404897 0.702731 0.390579 0.701773 0.406816 0.771404 0.794728 0.783857 0.768288 0.783872 0.795367 0.675631 0.419977 0.688476 0.430368 0.675322 0.43423 0.794754 0.814027 0.789504 0.830563 0.789246 0.813922 0.789246 0.813922 0.783456 0.827358 0.784085 0.812458 0.707783 0.406992 0.702731 0.390579 0.708146 0.381997 0.696503 0.388433 0.689735 0.402355 0.691887 0.376441 0.695835 0.404897 0.689296 0.41681 0.689735 0.402355 0.796169 0.778117 0.80059 0.795094 0.795082 0.796138 0.795082 0.796138 0.800158 0.812634 0.794754 0.814027 0.694823 0.434285 0.701103 0.421443 0.700929 0.436218 0.695263 0.419726 0.701773 0.406816 0.701103 0.421443 0.783456 0.827358 0.771935 0.812831 0.784085 0.812458 0.771935 0.812831 0.783872 0.795367 0.784085 0.812458 0.678262 0.379508 0.689735 0.402355 0.676132 0.40559 0.676132 0.40559 0.689296 0.41681 0.675631 0.419977 0.790273 0.778734 0.795082 0.796138 0.789248 0.796383 0.789248 0.796383 0.794754 0.814027 0.789246 0.813922 0.790273 0.778734 0.783872 0.795367 0.783857 0.768288 0.789248 0.796383 0.784085 0.812458 0.783872 0.795367 0.708146 0.434622 0.701103 0.421443 0.707088 0.420778 0.707088 0.420778 0.701773 0.406816 0.707783 0.406992 0.589793 0.958439 0.615959 0.947363 0.614852 0.960611 0.651106 0.961681 0.644193 0.947187 0.671262 0.965457 0.655293 0.984414 0.647336 0.975593 0.651106 0.961681 0.614852 0.960611 0.640178 0.954962 0.638277 0.967944 0.582583 0.956318 0.570764 0.952453 0.582635 0.943481 0.582635 0.943481 0.592779 0.936568 0.591595 0.944195 0.570764 0.952453 0.57279 0.932655 0.582635 0.943481 0.671262 0.965457 0.655293 0.984414 0.651106 0.961681 0.570565 0.903206 0.550707 0.913997 0.548968 0.903993 0.546007 0.905031 0.550707 0.913997 0.531582 0.918643 0.593392 0.904982 0.58313 0.913099 0.584516 0.90381 0.573076 0.924878 0.58313 0.913099 0.593054 0.924071 0.186204 0.791204 0.183547 0.774272 0.187925 0.777385 0.15533 0.678113 0.144567 0.667186 0.150737 0.667652 0.182984 0.660349 0.150737 0.667652 0.176991 0.649505 0.187925 0.777385 0.212855 0.791175 0.186204 0.791204 0.172624 0.646868 0.150737 0.667652 0.145527 0.664204 0.186204 0.791204 0.210862 0.795763 0.181863 0.795459 0.210435 0.773422 0.187925 0.777385 0.184244 0.773422 0.182984 0.665825 0.15533 0.678113 0.182984 0.660349 0.550707 0.913997 0.547759 0.928237 0.531582 0.918643 0.026511 0.72771 0.036961 0.743656 0.018583 0.736091 0.018583 0.736091 0.018568 0.747722 0.01579 0.743503 0.022323 0.759387 0.021885 0.752676 0.029493 0.767781 0.015349 0.76109 0.020095 0.754241 0.020892 0.759658 0.020892 0.759658 0.02047 0.772778 0.015349 0.76109 0.021235 0.75206 0.036961 0.743656 0.037985 0.750908 0.018568 0.747722 0.020095 0.754241 0.015349 0.752655 0.035193 0.789458 0.016301 0.79548 0.01625 0.789462 0.01625 0.789462 0.034547 0.780216 0.035193 0.789458 0.01628 0.79915 0.034602 0.812001 0.016094 0.81341 0.035775 0.799122 0.016301 0.79548 0.03584 0.795452 0.983267 0.886142 0.978113 0.926703 0.979765 0.88558 0.979765 0.88558 0.973959 0.927168 0.975937 0.885579 0.975937 0.885579 0.969706 0.926736 0.972126 0.885549 0.969706 0.926736 0.968334 0.885494 0.972126 0.885549 0.968334 0.885494 0.96244 0.924878 0.964559 0.885429 0.96244 0.924878 0.960792 0.885364 0.964559 0.885429 0.96244 0.924878 0.959075 0.935311 0.959008 0.924471 0.985124 0.925412 0.983267 0.886142 0.986776 0.885626 0.959008 0.924471 0.957031 0.885304 0.960792 0.885364 0.029493 0.767781 0.021885 0.752676 0.037317 0.754277 0.969593 0.934938 0.97364 0.948036 0.969719 0.948342 0.959008 0.924471 0.955816 0.93525 0.955532 0.924681 0.981762 0.925934 0.984386 0.93428 0.981355 0.934169 0.973959 0.927168 0.977834 0.934241 0.973775 0.934549 0.973959 0.927168 0.969593 0.934938 0.969706 0.926736 0.978113 0.926703 0.981355 0.934169 0.977834 0.934241 0.969706 0.926736 0.965757 0.935205 0.965916 0.925758 0.965916 0.925758 0.962322 0.935309 0.96244 0.924878 0.969719 0.948342 0.968201 0.968528 0.966099 0.948549 0.962322 0.935309 0.959358 0.948929 0.959075 0.935311 0.973775 0.934549 0.977545 0.94766 0.97364 0.948036 0.965757 0.935205 0.962704 0.948704 0.962322 0.935309 0.981355 0.934169 0.98431 0.946944 0.981091 0.947278 0.977834 0.934241 0.981091 0.947278 0.977545 0.94766 0.965757 0.935205 0.969719 0.948342 0.966099 0.948549 0.959075 0.935311 0.956003 0.949254 0.955816 0.93525 0.959358 0.948929 0.957557 0.970159 0.956003 0.949254 0.969719 0.948342 0.974992 0.966447 0.971585 0.967338 0.962704 0.948704 0.961139 0.970237 0.959358 0.948929 0.97364 0.948036 0.978425 0.966124 0.974992 0.966447 0.966099 0.948549 0.964732 0.969606 0.962704 0.948704 0.981091 0.947278 0.985183 0.966719 0.981822 0.966324 0.977545 0.94766 0.981822 0.966324 0.978425 0.966124 0.021146 0.754587 0.020892 0.759658 0.020095 0.754241 0.021885 0.752676 0.037985 0.750908 0.037317 0.754277 0.021885 0.752676 0.020095 0.754241 0.021235 0.75206 0.022323 0.759387 0.026915 0.770357 0.020892 0.759658 0.380468 0.075722 0.4099 0.006661 0.407812 0.075581 0.368987 0.005273 0.380468 0.075722 0.365347 0.083769 0.84852 0.848942 0.837277 0.824385 0.853645 0.836667 0.922803 0.813296 0.936372 0.831802 0.92188 0.827643 0.433354 0.641071 0.406092 0.683082 0.414015 0.635504 0.443334 0.560429 0.414015 0.635504 0.422188 0.555497 0.451778 0.561299 0.433354 0.641071 0.443334 0.560429 0.44286 0.643472 0.423235 0.689659 0.433354 0.641071 0.405054 0.553858 0.414015 0.635504 0.396863 0.634494 0.396863 0.634494 0.406092 0.683082 0.378763 0.682188 0.433112 0.541737 0.443334 0.560429 0.422188 0.555497 0.541939 0.954378 0.53247 0.934918 0.54105 0.934042 0.406092 0.683082 0.424582 0.699634 0.409241 0.711204 0.176628 0.898132 0.194074 0.878393 0.194038 0.889227 0.194074 0.878393 0.178184 0.866124 0.194727 0.877367 0.54105 0.934042 0.54256 0.954266 0.541939 0.954378 0.492199 0.361225 0.461666 0.418702 0.487341 0.341498 0.472737 0.428333 0.461371 0.419747 0.461666 0.418702 0.487341 0.341498 0.546337 0.351603 0.546225 0.398458 0.502169 0.292798 0.502461 0.291573 0.546337 0.351603 0.016225 0.633279 0.017795 0.688199 0.010355 0.633638 0.017795 0.688199 0.023827 0.687926 0.018373 0.69024 0.016225 0.633279 0.012631 0.545709 0.018765 0.544287 0.012683 0.544536 0.018765 0.544287 0.012631 0.545709 0.753662 0.742559 0.736078 0.766543 0.755036 0.726624 0.711082 0.845053 0.733714 0.798697 0.714786 0.846617 0.733714 0.798697 0.74861 0.772964 0.740318 0.801078 0.409107 0.899991 0.393713 0.868687 0.405068 0.857442 0.951696 0.76031 0.936652 0.76038 0.945516 0.754414 0.756231 0.74479 0.742215 0.770286 0.753662 0.742559 0.386574 0.835933 0.405068 0.857442 0.393713 0.868687 0.392378 0.819056 0.397737 0.830807 0.386574 0.835933 0.184001 0.815983 0.343628 0.800579 0.184908 0.822379 0.536833 0.814007 0.483337 0.844434 0.47778 0.837318 0.576315 0.797682 0.54301 0.820703 0.536833 0.814007 0.629084 0.814539 0.617635 0.821607 0.626673 0.811331 0.620926 0.822883 0.617445 0.832377 0.617635 0.821607 0.617635 0.821607 0.618657 0.788369 0.626673 0.811331 0.617445 0.832377 0.582759 0.804149 0.617635 0.821607 0.711082 0.845053 0.629084 0.814539 0.7356 0.769542 0.983267 0.886142 0.978663 0.881921 0.980373 0.878591 0.983267 0.886142 0.983911 0.877364 0.986776 0.885626 0.988439 0.882338 0.983911 0.877364 0.987253 0.878916 0.819314 0.091322 0.750152 0.087746 0.744838 0.03543 0.483015 0.437431 0.495513 0.376184 0.525742 0.489534 0.495513 0.376184 0.538361 0.421202 0.525742 0.489534 0.626251 0.128805 0.693251 0.101987 0.646242 0.142885 0.491412 0.79279 0.474222 0.782563 0.481046 0.78335 0.494477 0.781165 0.484329 0.77782 0.481909 0.77472 0.780854 0.175514 0.783078 0.181665 0.783017 0.192722 0.790736 0.191348 0.789272 0.180543 0.791298 0.172107 0.477322 0.767779 0.481909 0.77472 0.474222 0.782563 0.495267 0.737414 0.508633 0.715949 0.522245 0.727088 0.534874 0.75921 0.503542 0.767326 0.504138 0.753361 0.504138 0.753361 0.498367 0.74635 0.522245 0.727088 0.77419 0.379179 0.77539 0.356681 0.809491 0.35724 0.783017 0.192722 0.790736 0.191348 0.796342 0.201924 0.799928 0.224655 0.775151 0.228355 0.775584 0.206042 0.808052 0.289898 0.773193 0.292675 0.777441 0.284697 0.861312 0.606488 0.840868 0.596492 0.844906 0.587661 0.535318 0.695722 0.550001 0.708241 0.522245 0.727088 0.561838 0.745404 0.555189 0.717593 0.566038 0.71259 0.561838 0.745404 0.534874 0.75921 0.52921 0.734964 0.566038 0.71259 0.555189 0.717593 0.550001 0.708241 0.555189 0.717593 0.52921 0.734964 0.522245 0.727088 0.534874 0.75921 0.561838 0.745404 0.579292 0.788367 0.605577 0.724712 0.626181 0.767039 0.579292 0.788367 0.775851 0.258583 0.804202 0.25402 0.807522 0.281951 0.775151 0.228355 0.799928 0.224655 0.804202 0.25402 0.770451 0.257539 0.775851 0.258583 0.777441 0.284697 0.770451 0.257539 0.769056 0.22728 0.775151 0.228355 0.809491 0.35724 0.77539 0.356681 0.780293 0.351764 0.808052 0.289898 0.80825 0.296565 0.778742 0.297779 0.881352 0.560124 0.86225 0.542697 0.870238 0.540008 0.881352 0.560124 0.873789 0.57797 0.85115 0.568998 0.873789 0.57797 0.870201 0.597636 0.844906 0.587661 0.829356 0.500912 0.852615 0.533216 0.855587 0.539637 0.836347 0.583391 0.844694 0.565892 0.85115 0.568998 0.844694 0.565892 0.855587 0.539637 0.86225 0.542697 0.858371 0.533042 0.869441 0.538118 0.86225 0.542697 0.773431 0.33505 0.779791 0.33357 0.780293 0.351764 0.773431 0.33505 0.772314 0.313965 0.779051 0.3156 0.772314 0.313965 0.773193 0.292675 0.778742 0.297779 0.780293 0.351764 0.779791 0.33357 0.809182 0.332828 0.779791 0.33357 0.779051 0.3156 0.808742 0.31474 0.779051 0.3156 0.778742 0.297779 0.80825 0.296565 0.503542 0.767326 0.534874 0.75921 0.526106 0.775339 0.395125 0.752854 0.374458 0.752749 0.375872 0.746657 0.368775 0.725408 0.371422 0.725834 0.375872 0.746657 0.375872 0.746657 0.371422 0.725834 0.39536 0.725984 0.371422 0.725834 0.369205 0.724277 0.39536 0.724924 0.549606 0.800731 0.540324 0.805348 0.529511 0.776535 0.395352 0.705416 0.395356 0.713989 0.372641 0.714001 0.39536 0.724924 0.369205 0.724277 0.37264 0.715702 0.367685 0.723626 0.37112 0.715051 0.37264 0.715702 0.372641 0.714001 0.395356 0.713989 0.395356 0.715691 0.477322 0.767779 0.504138 0.753361 0.503542 0.767326 0.481909 0.77472 0.484329 0.77782 0.481046 0.78335 0.789272 0.180543 0.783078 0.181665 0.780854 0.175514 0.485687 0.78338 0.490043 0.785284 0.491245 0.78849 0.789272 0.180543 0.790736 0.191348 0.787922 0.187899 0.494477 0.781165 0.491304 0.782555 0.486909 0.781218 0.785044 0.188282 0.783017 0.192722 0.783078 0.181665 0.787529 0.183345 0.78525 0.1837 0.783078 0.181665 0.485687 0.78338 0.481046 0.78335 0.484329 0.77782 0.491245 0.78849 0.490043 0.785284 0.491304 0.782555 0.790736 0.191348 0.783017 0.192722 0.785044 0.188282 0.491412 0.79279 0.491245 0.78849 0.494477 0.781165 0.491412 0.79279 0.503542 0.767326 0.501465 0.777918 0.816103 0.573164 0.855587 0.539637 0.844694 0.565892 0.958117 0.296256 0.935598 0.303516 0.940708 0.296761 0.941618 0.274115 0.935982 0.288788 0.931537 0.290477 0.962285 0.468473 0.964325 0.474663 0.963951 0.485668 0.971674 0.484534 0.970523 0.473733 0.972779 0.465397 0.921876 0.293578 0.931537 0.290477 0.935598 0.303516 0.89362 0.265166 0.876957 0.243604 0.892601 0.233791 0.912185 0.259948 0.903709 0.264365 0.892601 0.233791 0.984027 0.687279 0.93803 0.685124 0.951711 0.648675 0.963951 0.485668 0.971674 0.484534 0.976956 0.495233 0.979882 0.517971 0.95511 0.520904 0.956174 0.498703 0.986123 0.583172 0.951337 0.584881 0.955793 0.577067 0.255588 0.970329 0.237421 0.956092 0.243172 0.948245 0.869404 0.209364 0.886198 0.19983 0.892601 0.233791 0.923302 0.202543 0.896527 0.198343 0.896458 0.185936 0.896458 0.185936 0.896527 0.198343 0.886198 0.19983 0.896527 0.198343 0.902093 0.229402 0.892601 0.233791 0.923157 0.154202 0.967982 0.1528 0.966894 0.204624 0.95495 0.551019 0.983306 0.547335 0.985821 0.575243 0.95511 0.520904 0.979882 0.517971 0.983306 0.547335 0.949603 0.549816 0.95495 0.551019 0.955793 0.577067 0.949603 0.549816 0.949073 0.519649 0.95511 0.520904 0.985648 0.650265 0.951711 0.648675 0.956732 0.643929 0.986123 0.583172 0.986131 0.589816 0.956718 0.590131 0.224326 0.906061 0.204322 0.921907 0.202961 0.913455 0.224326 0.906061 0.239684 0.917154 0.226769 0.938213 0.239684 0.917154 0.257565 0.924642 0.243172 0.948245 0.157665 0.946423 0.193099 0.929377 0.199806 0.927667 0.237421 0.956092 0.22251 0.944105 0.226769 0.938213 0.22251 0.944105 0.199806 0.927667 0.204322 0.921907 0.194434 0.922632 0.202961 0.913455 0.204322 0.921907 0.950374 0.627079 0.956748 0.625798 0.956732 0.643929 0.950374 0.627079 0.949859 0.606052 0.95652 0.607884 0.949859 0.606052 0.951337 0.584881 0.956718 0.590131 0.956732 0.643929 0.956748 0.625798 0.986032 0.62595 0.956748 0.625798 0.95652 0.607884 0.986106 0.607926 0.95652 0.607884 0.956718 0.590131 0.986131 0.589816 0.921876 0.293578 0.912185 0.259948 0.926172 0.263818 0.931537 0.290477 0.935982 0.288788 0.940708 0.296761 0.970523 0.473733 0.964325 0.474663 0.962285 0.468473 0.94465 0.290627 0.952377 0.288225 0.955105 0.292565 0.970523 0.473733 0.971674 0.484534 0.968971 0.481016 0.941618 0.274115 0.944796 0.278619 0.94215 0.286386 0.966095 0.48131 0.963951 0.485668 0.964325 0.474663 0.968708 0.476471 0.96643 0.476754 0.964325 0.474663 0.94465 0.290627 0.940708 0.296761 0.935982 0.288788 0.951123 0.274409 0.949614 0.278738 0.944796 0.278619 0.971674 0.484534 0.963951 0.485668 0.966095 0.48131 0.955537 0.273251 0.951123 0.274409 0.941618 0.274115 0.223612 0.974598 0.199806 0.927667 0.22251 0.944105 0.57121 0.91323 0.573076 0.924878 0.552606 0.925795 0.621147 0.906527 0.619656 0.926416 0.593054 0.924071 0.682662 0.903502 0.684222 0.942884 0.649758 0.931925 0.724768 0.938938 0.707714 0.968245 0.700562 0.946681 0.724768 0.938938 0.709722 0.929513 0.719997 0.906829 0.239998 0.885719 0.176114 0.840572 0.348535 0.834692 0.184908 0.822379 0.343628 0.800579 0.348535 0.834692 0.283462 0.920431 0.239998 0.885719 0.354188 0.866142 0.142402 0.91905 0.146498 0.893616 0.176628 0.898132 0.328389 0.951192 0.283462 0.920431 0.365537 0.891284 0.357917 0.834269 0.348535 0.834692 0.343628 0.800579 0.362876 0.865234 0.354188 0.866142 0.348535 0.834692 0.177017 0.928531 0.142164 0.929066 0.142402 0.91905 0.370127 0.884973 0.365537 0.891284 0.354188 0.866142 0.365537 0.891284 0.370127 0.884973 0.387512 0.905232 0.283462 0.920431 0.328389 0.951192 0.31546 0.963432 0.184908 0.822379 0.176114 0.840572 0.172553 0.837179 0.174401 0.845466 0.176114 0.840572 0.239998 0.885719 0.232677 0.897531 0.239998 0.885719 0.283462 0.920431 0.176701 0.867659 0.176628 0.898132 0.146498 0.893616 0.144015 0.865193 0.146498 0.893616 0.116109 0.893055 0.114376 0.863512 0.116109 0.893055 0.092634 0.887709 0.088789 0.852571 0.077866 0.87845 0.067988 0.86875 0.142164 0.929066 0.118827 0.930212 0.118981 0.923519 0.060414 0.94363 0.010932 0.95704 0.012859 0.942047 0.712463 0.256986 0.67882 0.255217 0.680383 0.249852 0.118827 0.930212 0.089423 0.935618 0.088931 0.927003 0.142402 0.91905 0.118981 0.923519 0.116109 0.893055 0.077866 0.87845 0.032113 0.912219 0.044421 0.885557 0.116109 0.893055 0.118981 0.923519 0.088931 0.927003 0.029053 0.853777 0.054575 0.829453 0.067988 0.86875 0.054575 0.829453 0.029053 0.853777 0.023624 0.847671 0.089423 0.935618 0.060414 0.94363 0.059902 0.93638 0.088931 0.927003 0.059902 0.93638 0.077866 0.87845 0.096678 0.860341 0.092634 0.887709 0.077866 0.87845 0.245201 0.412089 0.245248 0.418682 0.229681 0.416997 0.680423 0.245587 0.680383 0.249852 0.674631 0.249701 0.336408 0.767934 0.365622 0.766755 0.365958 0.775585 0.309079 0.763088 0.336408 0.767934 0.334658 0.778087 0.305538 0.773787 0.308242 0.780199 0.276366 0.778367 0.142164 0.929066 0.060414 0.94363 0.089423 0.935618 0.029663 0.687032 0.038429 0.722625 0.035456 0.72356 0.022268 0.633727 0.029663 0.687032 0.023827 0.687926 0.02473 0.544788 0.022268 0.633727 0.016225 0.633279 0.047916 0.375076 0.048879 0.39397 0.043153 0.393478 0.05145 0.357828 0.047916 0.375076 0.043772 0.373412 0.056082 0.33337 0.059956 0.334767 0.05145 0.357828 0.069717 0.304914 0.073853 0.307053 0.059956 0.334767 0.018373 0.69024 0.023827 0.687926 0.035456 0.72356 0.029869 0.434441 0.035308 0.436237 0.018765 0.544287 0.039732 0.371799 0.043772 0.373412 0.043153 0.393478 0.047766 0.356993 0.043772 0.373412 0.039732 0.371799 0.050114 0.331208 0.056082 0.33337 0.047766 0.356993 0.069717 0.304914 0.056082 0.33337 0.050114 0.331208 0.244856 0.749731 0.253268 0.736761 0.284899 0.760577 0.239685 0.720403 0.253268 0.736761 0.244856 0.749731 0.757128 0.72893 0.755036 0.726624 0.761808 0.722998 0.618657 0.788369 0.755036 0.726624 0.736078 0.766543 0.612674 0.781817 0.755126 0.718097 0.755036 0.726624 0.474922 0.841488 0.483337 0.844434 0.483162 0.889319 0.613755 0.8837 0.697976 0.884492 0.695533 0.89327 0.612674 0.781817 0.618657 0.788369 0.582759 0.804149 0.483162 0.889319 0.613755 0.8837 0.611391 0.893069 0.623798 0.842029 0.711249 0.849312 0.697976 0.884492 0.613755 0.8837 0.483162 0.889319 0.483337 0.844434 0.626049 0.839054 0.711082 0.845053 0.711249 0.849312 0.739959 0.77144 0.7356 0.769542 0.736078 0.766543 0.626673 0.811331 0.736078 0.766543 0.7356 0.769542 0.621012 0.831271 0.626049 0.839054 0.623798 0.842029 0.626049 0.839054 0.621012 0.831271 0.620926 0.822883 0.392378 0.819056 0.386574 0.835933 0.378464 0.835253 0.757128 0.72893 0.763443 0.726263 0.760336 0.740456 0.761066 0.742713 0.756231 0.74479 0.753662 0.742559 0.75515 0.895633 0.75144 0.855893 0.777451 0.854294 0.762223 0.958891 0.758028 0.935424 0.78233 0.933629 0.779696 0.894011 0.777451 0.854294 0.79609 0.853528 0.784125 0.957216 0.78233 0.933629 0.800793 0.932438 0.798168 0.893115 0.79609 0.853528 0.831805 0.852564 0.82191 0.954333 0.802869 0.955875 0.800793 0.932438 0.839673 0.960298 0.82191 0.954333 0.830954 0.930337 0.839673 0.960298 0.85285 0.92756 0.86632 0.938619 0.242455 0.521721 0.242287 0.526724 0.215519 0.52032 0.431922 0.491649 0.406706 0.502666 0.411085 0.494421 0.215519 0.52032 0.193699 0.517033 0.196221 0.512002 0.437657 0.475231 0.442655 0.477254 0.431922 0.491649 0.183908 0.509779 0.172792 0.49611 0.177694 0.493262 0.440098 0.445344 0.445784 0.44299 0.442655 0.477254 0.172792 0.49611 0.166274 0.477784 0.173113 0.480112 0.432165 0.428761 0.445784 0.44299 0.440098 0.445344 0.186072 0.460011 0.180462 0.456269 0.199159 0.45375 0.199159 0.45375 0.218583 0.448326 0.219444 0.453197 0.414372 0.423848 0.406706 0.408933 0.432165 0.428761 0.451241 0.391899 0.468453 0.225549 0.475986 0.22546 0.758028 0.935424 0.75515 0.895633 0.779696 0.894011 0.78233 0.933629 0.779696 0.894011 0.798168 0.893115 0.830954 0.930337 0.800793 0.932438 0.798168 0.893115 0.942436 0.124773 0.912004 0.129564 0.916286 0.106993 0.897508 0.824679 0.887134 0.810026 0.918977 0.796258 0.897508 0.824679 0.922803 0.813296 0.92188 0.827643 0.896944 0.850572 0.882876 0.843364 0.897508 0.824679 0.881606 0.103129 0.879341 0.083278 0.89895 0.085928 0.867131 0.834484 0.887134 0.810026 0.897508 0.824679 0.862879 0.853504 0.867131 0.834484 0.882876 0.843364 0.862168 0.859964 0.862879 0.853504 0.881012 0.865395 0.879341 0.083278 0.889041 0.056658 0.90444 0.072569 0.889041 0.056658 0.912809 0.043086 0.916544 0.066078 0.916544 0.066078 0.912809 0.043086 0.941418 0.049059 0.887258 0.136571 0.868084 0.108013 0.881606 0.103129 0.920197 0.845641 0.908319 0.835433 0.92188 0.827643 0.960114 0.098523 0.942436 0.124773 0.92997 0.104463 0.937895 0.079186 0.960788 0.064181 0.960114 0.098523 0.941418 0.049059 0.960788 0.064181 0.937895 0.079186 0.887258 0.136571 0.896606 0.124553 0.912004 0.129564 0.941418 0.049059 0.94248 0.030493 0.960348 0.033408 0.916286 0.106993 0.912004 0.129564 0.896606 0.124553 0.881606 0.103129 0.868084 0.108013 0.866987 0.080763 0.912809 0.043086 0.912273 0.0277 0.94248 0.030493 0.866987 0.080763 0.874873 0.043858 0.889041 0.056658 0.918977 0.796258 0.962565 0.794803 0.960334 0.81321 0.901945 0.867721 0.897228 0.891935 0.880019 0.871709 0.881012 0.865395 0.882876 0.843364 0.896944 0.850572 0.896944 0.850572 0.908319 0.835433 0.920197 0.845641 0.897228 0.891935 0.909003 0.932357 0.885359 0.917581 0.874873 0.043858 0.912273 0.0277 0.912809 0.043086 0.86929 0.021472 0.909852 0.005802 0.912273 0.0277 0.912273 0.0277 0.909852 0.005802 0.945194 0.009597 0.94248 0.030493 0.945194 0.009597 0.962276 0.013676 0.365622 0.766755 0.388094 0.763579 0.389225 0.76994 0.388094 0.763579 0.399554 0.75708 0.403962 0.762378 0.334658 0.778087 0.365958 0.775585 0.368366 0.781395 0.308242 0.780199 0.305538 0.773787 0.334658 0.778087 0.305538 0.773787 0.278966 0.772413 0.284899 0.760577 0.241386 0.755705 0.244856 0.749731 0.278966 0.772413 0.215789 0.730402 0.220575 0.723731 0.244856 0.749731 0.368366 0.781395 0.365958 0.775585 0.389225 0.76994 0.391885 0.773574 0.389225 0.76994 0.403962 0.762378 0.247465 0.646561 0.256682 0.613599 0.364863 0.635171 0.188678 0.005346 0.188574 0.21695 0.103781 0.216905 0.762866 0.475798 0.792029 0.473591 0.790938 0.560275 0.061119 0.216883 0.059529 0.005272 0.103885 0.005301 0.380735 0.495376 0.379908 0.542818 0.258609 0.530443 0.372901 0.590028 0.260718 0.581951 0.258892 0.561509 0.2976 0.217007 0.240004 0.216977 0.240108 0.005373 0.240004 0.216977 0.188574 0.21695 0.188678 0.005346 0.727848 0.32863 0.748347 0.370903 0.727595 0.382139 0.738471 0.690713 0.72125 0.70418 0.701308 0.679333 0.714232 0.285947 0.723004 0.275579 0.740219 0.322749 0.796328 0.472088 0.80796 0.469065 0.80796 0.560647 0.74218 0.696602 0.763128 0.667819 0.772197 0.676475 0.791349 0.437231 0.772297 0.40589 0.780479 0.399849 0.772297 0.40589 0.751308 0.369265 0.760199 0.364221 0.730974 0.327157 0.740219 0.322749 0.760199 0.364221 0.763128 0.667819 0.7862 0.614711 0.799024 0.61843 0.794875 0.56021 0.80796 0.560647 0.799024 0.61843 0.822154 0.592196 0.84081 0.611841 0.827339 0.648933 0.826354 0.107407 0.846367 0.106608 0.855291 0.342426 0.798065 0.645073 0.827339 0.648933 0.814987 0.702654 0.931824 0.63374 0.912802 0.635379 0.9062 0.553446 0.814987 0.702654 0.809571 0.746427 0.787319 0.748102 0.837277 0.824385 0.88267 0.759698 0.899038 0.77198 0.88267 0.759698 0.809571 0.746427 0.814987 0.702654 0.712292 0.292088 0.714232 0.285947 0.730974 0.327157 0.792029 0.473591 0.796328 0.472088 0.794875 0.56021 0.738471 0.690713 0.759365 0.6641 0.763128 0.667819 0.785823 0.439296 0.768316 0.406853 0.772297 0.40589 0.768316 0.406853 0.748347 0.370903 0.751308 0.369265 0.748347 0.370903 0.727848 0.32863 0.730974 0.327157 0.759365 0.6641 0.782217 0.613681 0.7862 0.614711 0.790938 0.560275 0.794875 0.56021 0.7862 0.614711 0.736837 0.550758 0.716841 0.544929 0.711083 0.496175 0.716234 0.666485 0.697885 0.659787 0.710224 0.608515 0.710224 0.608515 0.716841 0.544929 0.736837 0.550758 0.748347 0.370903 0.768316 0.406853 0.745055 0.415747 0.782217 0.613681 0.755044 0.605107 0.76174 0.558916 0.690821 0.302438 0.712292 0.292088 0.727848 0.32863 0.785823 0.439296 0.792029 0.473591 0.762866 0.475798 0.759365 0.6641 0.735122 0.648313 0.755044 0.605107 0.926494 0.523259 0.925223 0.551807 0.9062 0.553446 0.382413 0.376379 0.392864 0.373446 0.395257 0.433531 0.387283 0.544099 0.395969 0.548109 0.38701 0.567465 0.338103 0.755815 0.358412 0.681627 0.363579 0.683274 0.382895 0.326253 0.371718 0.292933 0.375161 0.290347 0.387283 0.544099 0.385291 0.495504 0.394881 0.496347 0.385664 0.434756 0.395257 0.433531 0.394881 0.496347 0.378375 0.589243 0.384297 0.587922 0.374975 0.637395 0.370029 0.635842 0.374975 0.637395 0.363579 0.683274 0.229772 0.642999 0.247465 0.646561 0.229172 0.709733 0.260718 0.581951 0.256682 0.613599 0.241973 0.604465 0.256682 0.613599 0.247465 0.646561 0.229772 0.642999 0.250194 0.397015 0.375906 0.377391 0.381045 0.434642 0.375906 0.377391 0.250194 0.397015 0.252115 0.349277 0.260718 0.581951 0.372901 0.590028 0.364863 0.635171 0.353829 0.679993 0.333724 0.752671 0.229172 0.709733 0.381045 0.434642 0.380735 0.495376 0.258398 0.488338 0.218583 0.448326 0.233283 0.442275 0.229791 0.449065 0.2288 0.442001 0.244231 0.439687 0.245221 0.44675 0.874516 0.959733 0.86632 0.938619 0.893515 0.943811 0.957047 0.708979 0.958225 0.755087 0.945516 0.754414 0.415275 0.391898 0.407939 0.395943 0.403925 0.265304 0.411313 0.264101 0.403925 0.265304 0.404448 0.178645 0.468453 0.225549 0.439669 0.186568 0.446388 0.18258 0.451241 0.391899 0.415275 0.391898 0.411313 0.264101 0.412137 0.179749 0.439669 0.186568 0.468453 0.225549 0.451241 0.391899 0.453588 0.400135 0.417621 0.400135 0.416387 0.173051 0.443919 0.179869 0.439669 0.186568 0.758028 0.935424 0.741267 0.948901 0.737981 0.910749 0.75515 0.895633 0.737981 0.910749 0.734706 0.856812 0.413214 0.852948 0.457195 0.846729 0.458453 0.890948 0.394973 0.088671 0.402239 0.09247 0.402239 0.130594 0.437657 0.475231 0.431371 0.47127 0.433337 0.449327 0.427502 0.487474 0.411085 0.494421 0.410446 0.484971 0.440098 0.445344 0.433337 0.449327 0.424048 0.439835 0.428289 0.432765 0.424048 0.439835 0.412597 0.433466 0.437657 0.475231 0.427502 0.487474 0.423647 0.480179 0.431371 0.47127 0.427337 0.467347 0.42839 0.454195 0.236003 0.32619 0.240286 0.332521 0.240286 0.357313 0.431371 0.47127 0.423647 0.480179 0.421443 0.473462 0.424048 0.439835 0.421914 0.445941 0.414044 0.442321 0.423647 0.480179 0.410446 0.484971 0.412359 0.476059 0.433337 0.449327 0.42839 0.454195 0.421914 0.445941 0.427337 0.467347 0.421443 0.473462 0.41888 0.467844 0.421914 0.445941 0.419393 0.45156 0.413485 0.449956 0.421443 0.473462 0.412359 0.476059 0.412648 0.468462 0.42839 0.454195 0.423443 0.456083 0.419393 0.45156 0.42839 0.454195 0.427337 0.467347 0.422737 0.464451 0.374629 0.086805 0.380607 0.089533 0.380607 0.108581 0.419393 0.45156 0.41888 0.467844 0.412648 0.468462 0.423443 0.456083 0.422737 0.464451 0.41888 0.467844 0.223893 0.467318 0.202679 0.473841 0.199718 0.458477 0.196221 0.512002 0.19833 0.496911 0.219339 0.499599 0.199718 0.458477 0.202679 0.473841 0.187865 0.475196 0.2327 0.46167 0.223893 0.467318 0.219444 0.453197 0.177694 0.493262 0.189804 0.486727 0.19833 0.496911 0.247212 0.460938 0.2327 0.46167 0.229791 0.449065 0.242455 0.521721 0.216423 0.514952 0.219339 0.499599 0.173113 0.480112 0.187865 0.475196 0.189804 0.486727 0.246054 0.506831 0.219339 0.499599 0.232534 0.481017 0.247212 0.460938 0.247212 0.481743 0.232534 0.481017 0.232534 0.481017 0.219339 0.499599 0.223893 0.467318 0.219339 0.499599 0.19833 0.496911 0.202679 0.473841 0.202679 0.473841 0.19833 0.496911 0.189804 0.486727 0.007604 0.217381 0.00446 0.0057 0.059529 0.005272 0.297703 0.005403 0.332027 0.005421 0.331923 0.217025 0.379908 0.542818 0.377265 0.564752 0.258892 0.561509 0.738471 0.690713 0.716234 0.666485 0.735122 0.648313 0.720657 0.711233 0.74218 0.696602 0.749684 0.706501 0.791349 0.437231 0.802463 0.433614 0.80796 0.469065 0.72125 0.70418 0.738471 0.690713 0.74218 0.696602 0.785823 0.439296 0.791349 0.437231 0.796328 0.472088 0.736837 0.550758 0.735472 0.461161 0.762866 0.475798 0.735122 0.648313 0.716234 0.666485 0.730436 0.606309 0.730436 0.606309 0.736837 0.550758 0.76174 0.558916 0.785823 0.439296 0.759174 0.447725 0.745055 0.415747 0.381897 0.566051 0.38701 0.567465 0.384297 0.587922 0.382895 0.326253 0.388632 0.323792 0.392864 0.373446 0.229772 0.642999 0.205416 0.715938 0.187249 0.675509 0.258892 0.561509 0.241973 0.604465 0.221637 0.593203 0.241973 0.604465 0.229772 0.642999 0.207988 0.637964 0.36774 0.295056 0.377404 0.328579 0.252115 0.349277 0.899104 0.6701 0.930019 0.674345 0.91744 0.727912 0.91744 0.727912 0.899038 0.77198 0.88267 0.759698 0.912802 0.635379 0.931824 0.63374 0.930019 0.674345 0.827339 0.648933 0.84081 0.611841 0.912802 0.635379 0.887222 0.718021 0.814987 0.702654 0.827339 0.648933 0.836778 0.017562 0.845566 0.090065 0.819314 0.091322 0.656272 0.483319 0.623635 0.487238 0.624198 0.429757 0.658072 0.224274 0.668084 0.267826 0.642766 0.267183 0.691514 0.092667 0.690375 0.036262 0.744838 0.03543 0.584252 0.673778 0.527916 0.67857 0.532752 0.644726 0.646568 0.647023 0.584252 0.673778 0.588202 0.640583 0.384244 0.912023 0.428867 0.918348 0.408454 0.951393 0.328389 0.951192 0.408454 0.951393 0.40624 0.969323 0.486001 0.610801 0.484112 0.569837 0.525166 0.638702 0.632504 0.228716 0.633876 0.266049 0.612067 0.260288 0.60681 0.299626 0.612067 0.260288 0.633876 0.266049 0.563822 0.246963 0.555458 0.282653 0.521981 0.26721 0.579883 0.155909 0.523921 0.157672 0.522706 0.005735 0.523921 0.157672 0.477133 0.159038 0.482517 0.006081 0.826288 0.368104 0.875218 0.371676 0.87273 0.396717 0.913616 0.453084 0.911076 0.419939 0.956775 0.410768 0.671894 0.346416 0.63712 0.347903 0.640468 0.308717 0.591269 0.398155 0.589432 0.339488 0.623729 0.346059 0.563822 0.246963 0.533722 0.239264 0.547763 0.22401 0.563822 0.246963 0.562379 0.22237 0.572256 0.22567 0.578164 0.32852 0.546337 0.351603 0.555458 0.282653 0.555458 0.282653 0.546337 0.351603 0.502461 0.291573 0.591269 0.398155 0.555245 0.392189 0.555607 0.363029 0.660221 0.409965 0.625526 0.410994 0.63712 0.347903 0.592767 0.4907 0.590892 0.42389 0.624198 0.429757 0.582282 0.483254 0.525742 0.489534 0.538361 0.421202 0.60681 0.299626 0.63074 0.308017 0.623729 0.346059 0.668084 0.267826 0.671621 0.3082 0.640468 0.308717 0.601798 0.254198 0.594814 0.293641 0.555458 0.282653 0.649286 0.426631 0.660221 0.409965 0.676647 0.476311 0.527916 0.67857 0.584252 0.673778 0.585168 0.68796 0.671892 0.644375 0.688297 0.656358 0.650952 0.658782 0.584252 0.673778 0.646568 0.647023 0.650952 0.658782 0.472225 0.556117 0.475985 0.617757 0.462803 0.625301 0.527916 0.67857 0.527081 0.693868 0.462803 0.625301 0.649286 0.426631 0.624198 0.429757 0.625526 0.410994 0.590892 0.42389 0.592326 0.409938 0.625526 0.410994 0.5413 0.411623 0.546225 0.398458 0.592326 0.409938 0.492199 0.361225 0.487341 0.341498 0.546225 0.398458 0.826288 0.368104 0.824515 0.393436 0.816759 0.391712 0.878371 0.319582 0.872666 0.309351 0.908414 0.311003 0.821641 0.44606 0.813319 0.454199 0.816759 0.391712 0.946192 0.3614 0.952469 0.351871 0.965325 0.410179 0.961841 0.444422 0.956775 0.410768 0.965325 0.410179 0.865018 0.501698 0.90931 0.505443 0.914949 0.5133 0.870148 0.448905 0.87273 0.396717 0.911076 0.419939 0.87273 0.396717 0.875218 0.371676 0.898766 0.3732 0.898766 0.3732 0.946192 0.3614 0.956775 0.410768 0.821641 0.44606 0.824515 0.393436 0.87273 0.396717 0.870148 0.448905 0.913616 0.453084 0.90931 0.505443 0.898766 0.3732 0.875218 0.371676 0.878371 0.319582 0.456079 0.817102 0.405143 0.820058 0.424815 0.736632 0.168706 0.358436 0.168774 0.348875 0.335563 0.249658 0.168774 0.348875 0.022984 0.231229 0.314972 0.232911 0.022984 0.231229 0.005429 0.224869 0.31537 0.225135 0.31537 0.225135 0.346773 0.251319 0.335563 0.249658 0.022984 0.231229 0.168774 0.348875 0.168706 0.358436 0.654531 0.713099 0.654586 0.745503 0.634563 0.74534 0.654531 0.713099 0.660752 0.706397 0.662733 0.749696 0.02913 0.269204 0.049108 0.292023 0.040295 0.292293 0.629552 0.705469 0.660752 0.706397 0.654531 0.713099 0.178961 0.724687 0.210163 0.723751 0.204177 0.730925 0.177042 0.767979 0.178961 0.724687 0.185253 0.73133 0.204177 0.730925 0.210163 0.723751 0.213641 0.767979 0.040295 0.292293 0.019847 0.316117 0.00538 0.302482 -0.001639 0.298634 0.024293 0.269204 0.026585 0.278496 0.040295 0.292293 0.049108 0.292023 0.023071 0.324778 0.185253 0.73133 0.204177 0.730925 0.205205 0.763634 0.626137 0.749696 0.629552 0.705469 0.635615 0.712596 0.405143 0.820058 0.456079 0.817102 0.457144 0.825339 0.413214 0.852948 0.405514 0.828614 0.457144 0.825339 0.389023 0.2038 0.368884 0.217237 0.364327 0.158775 0.832278 0.891945 0.831805 0.852564 0.852258 0.852417 0.331923 0.217025 0.332027 0.005421 0.365347 0.083769 0.392864 0.373446 0.398634 0.37219 0.400773 0.433463 0.38701 0.567465 0.389723 0.569154 0.387904 0.588412 0.341007 0.76028 0.363579 0.683274 0.368055 0.684859 0.388632 0.323792 0.393724 0.321591 0.398634 0.37219 0.395969 0.548109 0.394881 0.496347 0.400218 0.496274 0.394881 0.496347 0.395257 0.433531 0.400773 0.433463 0.384297 0.587922 0.387904 0.588412 0.379389 0.638372 0.374975 0.637395 0.379389 0.638372 0.368055 0.684859 0.385664 0.434756 0.381045 0.434642 0.375906 0.377391 0.378375 0.589243 0.372901 0.590028 0.377265 0.564752 0.358412 0.681627 0.338103 0.755815 0.333724 0.752671 0.382413 0.376379 0.375906 0.377391 0.377404 0.328579 0.385291 0.495504 0.387283 0.544099 0.379908 0.542818 0.385664 0.434756 0.385291 0.495504 0.380735 0.495376 0.370029 0.635842 0.364863 0.635171 0.372901 0.590028 0.358412 0.681627 0.353829 0.679993 0.364863 0.635171 0.395969 0.548109 0.400768 0.549258 0.389723 0.569154 0.388632 0.323792 0.375161 0.290347 0.379017 0.288091 0.381897 0.566051 0.377265 0.564752 0.379908 0.542818 0.371718 0.292933 0.382895 0.326253 0.377404 0.328579 0.74963 0.096983 0.817883 0.099033 0.805832 0.12624 0.693251 0.101987 0.74963 0.096983 0.748982 0.123102 0.393713 0.222089 0.390209 0.230547 0.368884 0.217237 0.453097 0.682112 0.487544 0.704727 0.455718 0.744624 0.453097 0.682112 0.465082 0.638891 0.515723 0.692364 0.634384 0.071401 0.661077 0.045503 0.691514 0.092667 0.477133 0.159038 0.523921 0.157672 0.527882 0.200587 0.484112 0.569837 0.483015 0.437431 0.525742 0.489534 0.472737 0.428333 0.472225 0.556117 0.458251 0.54098 0.408454 0.951393 0.524572 0.956143 0.525005 0.974145 0.048879 0.39397 0.040837 0.438202 0.035308 0.436237 0.040837 0.438202 0.02473 0.544788 0.018765 0.544287 0.43041 0.910418 0.5346 0.926339 0.53247 0.934918 0.043153 0.393478 0.035308 0.436237 0.029869 0.434441 0.387512 0.905232 0.43041 0.910418 0.428867 0.918348 0.579883 0.155909 0.593817 0.188532 0.548142 0.19276 0.670109 0.627958 0.671892 0.644375 0.646568 0.647023 0.426856 0.004879 0.482517 0.006081 0.477133 0.159038 0.670109 0.627958 0.63196 0.635488 0.623635 0.487238 0.581295 0.002717 0.615886 0.002931 0.614371 0.156098 0.671892 0.644375 0.670109 0.627958 0.688057 0.626617 0.428867 0.918348 0.53247 0.934918 0.524572 0.956143 0.656272 0.483319 0.676647 0.476311 0.688057 0.626617 0.622451 0.177692 0.621028 0.17184 0.656444 0.171811 0.653994 0.20802 0.635623 0.207285 0.638985 0.201845 0.625957 0.182511 0.622451 0.177692 0.65582 0.176526 0.657723 0.151959 0.635504 0.154909 0.640343 0.150513 0.655167 0.1813 0.654662 0.186228 0.630806 0.186033 0.657529 0.157273 0.630197 0.157512 0.635504 0.154909 0.657265 0.162283 0.625383 0.160916 0.630197 0.157512 0.636126 0.189861 0.630806 0.186033 0.654662 0.186228 0.656924 0.167088 0.622077 0.1659 0.625383 0.160916 0.639114 0.195466 0.636126 0.189861 0.654473 0.19139 0.656444 0.171811 0.621028 0.17184 0.622077 0.1659 0.638985 0.201845 0.639114 0.195466 0.654577 0.196771 0.725407 0.179939 0.686583 0.177948 0.686973 0.172893 0.684437 0.208093 0.684795 0.202797 0.725116 0.206942 0.724577 0.185415 0.686188 0.182884 0.686583 0.177948 0.687983 0.151069 0.688027 0.145579 0.73026 0.1453 0.724577 0.185415 0.724192 0.19081 0.685812 0.187767 0.729836 0.157151 0.687857 0.156666 0.687983 0.151069 0.729003 0.162986 0.687641 0.162234 0.687857 0.156666 0.685464 0.19267 0.685812 0.187767 0.724192 0.19081 0.727845 0.168729 0.687339 0.167659 0.687641 0.162234 0.685129 0.197662 0.685464 0.19267 0.724239 0.196149 0.726565 0.174378 0.686973 0.172893 0.687339 0.167659 0.684795 0.202797 0.685129 0.197662 0.724608 0.201495 0.755607 0.182153 0.725407 0.179939 0.726565 0.174378 0.725557 0.212573 0.725116 0.206942 0.759598 0.207629 0.754401 0.187385 0.724577 0.185415 0.725407 0.179939 0.730249 0.151243 0.73026 0.1453 0.766578 0.152163 0.754401 0.187385 0.754441 0.19273 0.724192 0.19081 0.729836 0.157151 0.730249 0.151243 0.766607 0.157603 0.763419 0.167963 0.729003 0.162986 0.729836 0.157151 0.724239 0.196149 0.724192 0.19081 0.754441 0.19273 0.760669 0.172646 0.727845 0.168729 0.729003 0.162986 0.724608 0.201495 0.724239 0.196149 0.755591 0.197914 0.757861 0.177262 0.726565 0.174378 0.727845 0.168729 0.725116 0.206942 0.724608 0.201495 0.757487 0.202827 0.65582 0.176526 0.656444 0.171811 0.686973 0.172893 0.684437 0.208093 0.653994 0.20802 0.654521 0.20232 0.655167 0.1813 0.65582 0.176526 0.686583 0.177948 0.687983 0.151069 0.657723 0.151959 0.657791 0.146352 0.686188 0.182884 0.685812 0.187767 0.654662 0.186228 0.687857 0.156666 0.657529 0.157273 0.657723 0.151959 0.687641 0.162234 0.657265 0.162283 0.657529 0.157273 0.654473 0.19139 0.654662 0.186228 0.685812 0.187767 0.687339 0.167659 0.656924 0.167088 0.657265 0.162283 0.685129 0.197662 0.654577 0.196771 0.654473 0.19139 0.686973 0.172893 0.656444 0.171811 0.656924 0.167088 0.684795 0.202797 0.654521 0.20232 0.654577 0.196771 0.600744 0.631654 0.596208 0.634534 0.588152 0.596765 0.62231 0.59278 0.622957 0.598318 0.61758 0.595987 0.604105 0.625661 0.600744 0.631654 0.592644 0.595758 0.570304 0.602318 0.573584 0.616129 0.566624 0.60938 0.597252 0.595058 0.601987 0.594581 0.606894 0.617904 0.574977 0.600963 0.580057 0.623737 0.573584 0.616129 0.579418 0.599497 0.585681 0.629802 0.580057 0.623737 0.609568 0.608297 0.606894 0.617904 0.601987 0.594581 0.583763 0.598046 0.591146 0.634074 0.585681 0.629802 0.61311 0.600307 0.609568 0.608297 0.606876 0.594204 0.588152 0.596765 0.596208 0.634534 0.591146 0.634074 0.61758 0.595987 0.61311 0.600307 0.611948 0.593802 0.579533 0.528243 0.584983 0.561753 0.580236 0.562491 0.613411 0.558128 0.608469 0.559095 0.603752 0.521888 0.584678 0.527905 0.58965 0.561221 0.584983 0.561753 0.560256 0.567693 0.555214 0.569083 0.548866 0.531361 0.584678 0.527905 0.589504 0.526419 0.594279 0.560791 0.55912 0.53057 0.56534 0.566201 0.560256 0.567693 0.564226 0.530477 0.5704 0.564758 0.56534 0.566201 0.598928 0.560361 0.594279 0.560791 0.589504 0.526419 0.569344 0.530324 0.575375 0.563494 0.5704 0.564758 0.603645 0.559824 0.598928 0.560361 0.594224 0.524793 0.57448 0.529252 0.580236 0.562491 0.575375 0.563494 0.608469 0.559095 0.603645 0.559824 0.598941 0.523223 0.579533 0.528243 0.57448 0.529252 0.571541 0.50812 0.604741 0.499275 0.608692 0.520904 0.603752 0.521888 0.581333 0.506115 0.584678 0.527905 0.579533 0.528243 0.551471 0.508647 0.554002 0.530811 0.548866 0.531361 0.581333 0.506115 0.586244 0.504943 0.589504 0.526419 0.556989 0.511267 0.55912 0.53057 0.554002 0.530811 0.561976 0.510318 0.564226 0.530477 0.55912 0.53057 0.594224 0.524793 0.589504 0.526419 0.586244 0.504943 0.569344 0.530324 0.564226 0.530477 0.561976 0.510318 0.598941 0.523223 0.594224 0.524793 0.590875 0.503103 0.57448 0.529252 0.569344 0.530324 0.566764 0.50898 0.603752 0.521888 0.598941 0.523223 0.595161 0.500169 0.592644 0.595758 0.588152 0.596765 0.580236 0.562491 0.613411 0.558128 0.62231 0.59278 0.617153 0.593301 0.58965 0.561221 0.597252 0.595058 0.592644 0.595758 0.560256 0.567693 0.570304 0.602318 0.565289 0.603432 0.594279 0.560791 0.601987 0.594581 0.597252 0.595058 0.56534 0.566201 0.574977 0.600963 0.570304 0.602318 0.5704 0.564758 0.579418 0.599497 0.574977 0.600963 0.598928 0.560361 0.606876 0.594204 0.601987 0.594581 0.583763 0.598046 0.579418 0.599497 0.5704 0.564758 0.603645 0.559824 0.611948 0.593802 0.606876 0.594204 0.588152 0.596765 0.583763 0.598046 0.575375 0.563494 0.608469 0.559095 0.617153 0.593301 0.611948 0.593802 0.083569 0.847039 0.067988 0.86875 0.054575 0.829453 0.618043 0.222917 0.612067 0.260288 0.601798 0.254198 0.632504 0.228716 0.618043 0.222917 0.61463 0.214408 0.632504 0.228716 0.64114 0.222912 0.642766 0.267183 0.612067 0.260288 0.60681 0.299626 0.594814 0.293641 0.63074 0.308017 0.633876 0.266049 0.642766 0.267183 0.555607 0.363029 0.546337 0.351603 0.578164 0.32852 0.555607 0.363029 0.555245 0.392189 0.546225 0.398458 0.61298 0.395782 0.623729 0.346059 0.63712 0.347903 0.61298 0.395782 0.625526 0.410994 0.592326 0.409938 0.555245 0.392189 0.591269 0.398155 0.592326 0.409938 0.60681 0.299626 0.589432 0.339488 0.578164 0.32852 0.63074 0.308017 0.640468 0.308717 0.63712 0.347903 0.424815 0.736632 0.417241 0.734755 0.44602 0.677393 0.465082 0.638891 0.453097 0.682112 0.44602 0.677393 0.458453 0.890948 0.465742 0.898045 0.409107 0.899991 0.458453 0.890948 0.457195 0.846729 0.464135 0.846284 0.415625 0.892361 0.409107 0.899991 0.405068 0.857442 0.465082 0.638891 0.462803 0.625301 0.527081 0.693868 0.456079 0.817102 0.455718 0.744624 0.463552 0.74795 0.413214 0.852948 0.405068 0.857442 0.397737 0.830807 0.405143 0.820058 0.397071 0.81995 0.417241 0.734755 0.405514 0.828614 0.397737 0.830807 0.397071 0.81995 0.457144 0.825339 0.465344 0.825903 0.464135 0.846284 0.457144 0.825339 0.456079 0.817102 0.464069 0.816719 0.487544 0.704727 0.493281 0.710566 0.463552 0.74795 0.515723 0.692364 0.527081 0.693868 0.493281 0.710566 0.750152 0.087746 0.819314 0.091322 0.817883 0.099033 0.750152 0.087746 0.74963 0.096983 0.693251 0.101987 0.845566 0.090065 0.859524 0.096463 0.817883 0.099033 0.836778 0.017562 0.849056 0.007824 0.859524 0.096463 0.690375 0.036262 0.690138 0.028058 0.744209 0.026695 0.836778 0.017562 0.811025 0.018739 0.811551 0.009497 0.811025 0.018739 0.744838 0.03543 0.744209 0.026695 0.633743 0.118187 0.626251 0.128805 0.62658 0.067888 0.633743 0.118187 0.691514 0.092667 0.693251 0.101987 0.634384 0.071401 0.62658 0.067888 0.656766 0.038114 0.661077 0.045503 0.656766 0.038114 0.690138 0.028058 0.830919 0.343649 0.822331 0.353132 0.817883 0.099033 0.855291 0.342426 0.867635 0.351071 0.822331 0.353132 0.846367 0.106608 0.826354 0.107407 0.817883 0.099033 0.846367 0.106608 0.859524 0.096463 0.867635 0.351071 0.582282 0.483254 0.592767 0.4907 0.535714 0.498344 0.523493 0.660015 0.525166 0.638702 0.532752 0.644726 0.523493 0.660015 0.527916 0.67857 0.475985 0.617757 0.582475 0.430092 0.590892 0.42389 0.592767 0.4907 0.495513 0.376184 0.483015 0.437431 0.472737 0.428333 0.484112 0.569837 0.486001 0.610801 0.475985 0.617757 0.582475 0.430092 0.538361 0.421202 0.5413 0.411623 0.495513 0.376184 0.492199 0.361225 0.5413 0.411623 0.483015 0.437431 0.484112 0.569837 0.472225 0.556117 0.525166 0.638702 0.525742 0.489534 0.535714 0.498344 0.073853 0.307053 0.075854 0.308143 0.061641 0.335471 0.059956 0.334767 0.061641 0.335471 0.053182 0.358333 0.05145 0.357828 0.053182 0.358333 0.049843 0.375339 0.048879 0.39397 0.047916 0.375076 0.049843 0.375339 0.043016 0.43867 0.040837 0.438202 0.048879 0.39397 0.02473 0.544788 0.027177 0.544606 0.024673 0.63357 0.024673 0.63357 0.031973 0.686594 0.029663 0.687032 0.038429 0.722625 0.029663 0.687032 0.031973 0.686594 0.066106 0.808339 0.038429 0.722625 0.040918 0.721936 0.027177 0.544606 0.02473 0.544788 0.040837 0.438202 0.121715 0.951115 0.123982 0.957184 0.086262 0.962587 0.145717 0.936682 0.151654 0.939639 0.123982 0.957184 0.086262 0.962587 0.042746 0.955105 0.043801 0.952961 0.046897 0.54754 0.043369 0.636195 0.024673 0.63357 0.061641 0.335471 0.075854 0.308143 0.090361 0.316933 0.149667 0.35215 0.130594 0.392473 0.100568 0.377304 0.053182 0.358333 0.061641 0.335471 0.073131 0.351611 0.095595 0.393518 0.091584 0.383027 0.100568 0.377304 0.046897 0.54754 0.027177 0.544606 0.043016 0.43867 0.065544 0.440931 0.043016 0.43867 0.051636 0.394112 0.080741 0.757914 0.084507 0.725732 0.097001 0.738056 0.144046 0.830522 0.114849 0.817189 0.131135 0.785538 0.086114 0.958634 0.043801 0.952961 0.070503 0.953733 0.086114 0.958634 0.085613 0.956779 0.120242 0.949478 0.121715 0.951115 0.120242 0.949478 0.14366 0.935583 0.097106 0.765475 0.097001 0.738056 0.144704 0.751684 0.100947 0.690808 0.084507 0.725732 0.064969 0.704923 0.709722 0.929513 0.693131 0.925424 0.696754 0.903206 0.655293 0.984414 0.671262 0.965457 0.672688 0.980545 0.608584 0.699564 0.605187 0.703682 0.605187 0.694071 0.608584 0.699564 0.640088 0.687626 0.639173 0.69085 0.608307 0.69558 0.605187 0.694071 0.637714 0.670117 0.662736 0.68836 0.666404 0.691129 0.639173 0.69085 0.662268 0.67597 0.638159 0.673398 0.637714 0.670117 0.662736 0.68836 0.662268 0.67597 0.665175 0.67317 0.668557 0.676991 0.665175 0.67317 0.696002 0.677097 0.693303 0.686671 0.692919 0.68009 0.696002 0.677097 0.693303 0.686671 0.696748 0.689847 0.666404 0.691129 0.668557 0.676991 0.668946 0.687996 0.666404 0.691129 0.712119 0.244369 0.680383 0.249852 0.680423 0.245587 0.734587 0.241796 0.730673 0.253727 0.712119 0.244369 0.229634 0.410405 0.229681 0.416997 0.20526 0.416997 0.229681 0.416997 0.240783 0.428407 0.216362 0.428407 0.706734 0.220163 0.714196 0.23054 0.680423 0.245587 0.189807 0.406441 0.205453 0.405972 0.20526 0.416997 0.712463 0.256986 0.712119 0.244369 0.730673 0.253727 0.734587 0.241796 0.714196 0.23054 0.724694 0.223373 0.730673 0.253727 0.734587 0.241796 0.749238 0.248221 0.218153 0.396511 0.242334 0.400944 0.229634 0.410405 0.623798 0.842029 0.483337 0.844434 0.54301 0.820703 0.104938 0.542935 0.100947 0.690808 0.06599 0.638747 0.121987 0.335923 0.100568 0.377304 0.089467 0.369651 0.051636 0.394112 0.049843 0.375339 0.069719 0.380487 0.069719 0.380487 0.049843 0.375339 0.073131 0.351611 0.104938 0.542935 0.072067 0.54607 0.094949 0.444045 0.094949 0.444045 0.095595 0.393518 0.130594 0.392473 0.079314 0.79238 0.080741 0.757914 0.097106 0.765475 0.163744 0.782561 0.135876 0.774231 0.144704 0.751684 0.055059 0.724454 0.048059 0.697242 0.064969 0.704923 0.131135 0.785538 0.097051 0.792009 0.097106 0.765475 0.06599 0.638747 0.064969 0.704923 0.048059 0.697242 0.055059 0.724454 0.067719 0.72844 0.080741 0.757914 0.06599 0.638747 0.043369 0.636195 0.046897 0.54754 0.072067 0.54607 0.046897 0.54754 0.065544 0.440931 0.094949 0.444045 0.065544 0.440931 0.070474 0.395454 0.158635 0.797222 0.131135 0.785538 0.135876 0.774231 0.110826 0.32933 0.089467 0.369651 0.073131 0.351611 0.070474 0.395454 0.069719 0.380487 0.091584 0.383027 0.091584 0.383027 0.069719 0.380487 0.089467 0.369651 0.097051 0.792009 0.105209 0.81377 0.094804 0.821332 0.040918 0.721936 0.031973 0.686594 0.048059 0.697242 0.114849 0.817189 0.105209 0.81377 0.097051 0.792009 0.043369 0.636195 0.048059 0.697242 0.031973 0.686594 0.040918 0.721936 0.055059 0.724454 0.079314 0.79238 0.068453 0.807767 0.079314 0.79238 0.094804 0.821332 0.570764 0.952453 0.549259 0.951418 0.552474 0.931418 0.615959 0.947363 0.591595 0.944195 0.592779 0.936568 0.638277 0.967944 0.640178 0.954962 0.651106 0.961681 0.57279 0.932655 0.552474 0.931418 0.552606 0.925795 0.671262 0.965457 0.644193 0.947187 0.649758 0.931925 0.592779 0.936568 0.593054 0.924071 0.619656 0.926416 0.693131 0.925424 0.684222 0.942884 0.682662 0.903502 0.697342 0.977785 0.684222 0.942884 0.700562 0.946681 0.700562 0.946681 0.684222 0.942884 0.693131 0.925424 0.697342 0.977785 0.691723 0.984785 0.683667 0.975994 0.138141 0.8452 0.134241 0.854972 0.112401 0.84612 0.672688 0.980545 0.671262 0.965457 0.683667 0.975994 0.138141 0.8452 0.1092 0.832479 0.114849 0.817189 0.222835 0.533425 0.194648 0.644532 0.151058 0.63216 0.138642 0.447495 0.177389 0.441526 0.141692 0.507889 0.179177 0.521556 0.151058 0.63216 0.104938 0.542935 0.172606 0.714219 0.170905 0.754561 0.144704 0.751684 0.137835 0.70794 0.144704 0.751684 0.097001 0.738056 0.151058 0.63216 0.11286 0.697524 0.100947 0.690808 0.11286 0.697524 0.097001 0.738056 0.084507 0.725732 0.149667 0.35215 0.19995 0.381331 0.17957 0.414977 0.924921 0.231058 0.926172 0.263818 0.912185 0.259948 0.923302 0.202543 0.924921 0.231058 0.902093 0.229402 0.924921 0.231058 0.923302 0.202543 0.966894 0.204624 0.926172 0.263818 0.924921 0.231058 0.963286 0.23676 0.649758 0.931925 0.619656 0.926416 0.621147 0.906527 0.640178 0.954962 0.615959 0.947363 0.617622 0.93966 0.644193 0.947187 0.617622 0.93966 0.619656 0.926416 0.58313 0.913099 0.57121 0.91323 0.570565 0.903206 0.582583 0.956318 0.582635 0.943481 0.591595 0.944195 0.57279 0.932655 0.573076 0.924878 0.593054 0.924071 0.680813 0.983237 0.683667 0.975994 0.691723 0.984785 0.695263 0.419726 0.694823 0.434285 0.688476 0.430368 0.794754 0.814027 0.800158 0.812634 0.80167 0.828567 0.695835 0.404897 0.696503 0.388433 0.702731 0.390579 0.771404 0.794728 0.771404 0.766558 0.783857 0.768288 0.675631 0.419977 0.689296 0.41681 0.688476 0.430368 0.794754 0.814027 0.795322 0.831283 0.789504 0.830563 0.789246 0.813922 0.789504 0.830563 0.783456 0.827358 0.707783 0.406992 0.701773 0.406816 0.702731 0.390579 0.696503 0.388433 0.695835 0.404897 0.689735 0.402355 0.695835 0.404897 0.695263 0.419726 0.689296 0.41681 0.796169 0.778117 0.803465 0.768135 0.80059 0.795094 0.795082 0.796138 0.80059 0.795094 0.800158 0.812634 0.694823 0.434285 0.695263 0.419726 0.701103 0.421443 0.695263 0.419726 0.695835 0.404897 0.701773 0.406816 0.783456 0.827358 0.771423 0.829057 0.771935 0.812831 0.771935 0.812831 0.771404 0.794728 0.783872 0.795367 0.678262 0.379508 0.691887 0.376441 0.689735 0.402355 0.676132 0.40559 0.689735 0.402355 0.689296 0.41681 0.790273 0.778734 0.796169 0.778117 0.795082 0.796138 0.789248 0.796383 0.795082 0.796138 0.794754 0.814027 0.790273 0.778734 0.789248 0.796383 0.783872 0.795367 0.789248 0.796383 0.789246 0.813922 0.784085 0.812458 0.708146 0.434622 0.700929 0.436218 0.701103 0.421443 0.707088 0.420778 0.701103 0.421443 0.701773 0.406816 0.589793 0.958439 0.591595 0.944195 0.615959 0.947363 0.651106 0.961681 0.640178 0.954962 0.644193 0.947187 0.614852 0.960611 0.615959 0.947363 0.640178 0.954962 0.582635 0.943481 0.57279 0.932655 0.592779 0.936568 0.570565 0.903206 0.57121 0.91323 0.550707 0.913997 0.593392 0.904982 0.593054 0.924071 0.58313 0.913099 0.573076 0.924878 0.57121 0.91323 0.58313 0.913099 0.186204 0.791204 0.180662 0.793532 0.183547 0.774272 0.15533 0.678113 0.151956 0.683872 0.144567 0.667186 0.182984 0.660349 0.15533 0.678113 0.150737 0.667652 0.187925 0.777385 0.212843 0.77789 0.212855 0.791175 0.172624 0.646868 0.176991 0.649505 0.150737 0.667652 0.186204 0.791204 0.212855 0.791175 0.210862 0.795763 0.210435 0.773422 0.212843 0.77789 0.187925 0.777385 0.182984 0.665825 0.155329 0.684847 0.15533 0.678113 0.550707 0.913997 0.552606 0.925795 0.547759 0.928237 0.018583 0.736091 0.036961 0.743656 0.018568 0.747722 0.022323 0.759387 0.021146 0.754587 0.021885 0.752676 0.015349 0.76109 0.015349 0.752655 0.020095 0.754241 0.020892 0.759658 0.026915 0.770357 0.02047 0.772778 0.021235 0.75206 0.018568 0.747722 0.036961 0.743656 0.018568 0.747722 0.021235 0.75206 0.020095 0.754241 0.035193 0.789458 0.03584 0.795452 0.016301 0.79548 0.01625 0.789462 0.016094 0.77883 0.034547 0.780216 0.01628 0.79915 0.035775 0.799122 0.034602 0.812001 0.035775 0.799122 0.01628 0.79915 0.016301 0.79548 0.983267 0.886142 0.981762 0.925934 0.978113 0.926703 0.979765 0.88558 0.978113 0.926703 0.973959 0.927168 0.975937 0.885579 0.973959 0.927168 0.969706 0.926736 0.969706 0.926736 0.965916 0.925758 0.968334 0.885494 0.968334 0.885494 0.965916 0.925758 0.96244 0.924878 0.96244 0.924878 0.959008 0.924471 0.960792 0.885364 0.96244 0.924878 0.962322 0.935309 0.959075 0.935311 0.985124 0.925412 0.981762 0.925934 0.983267 0.886142 0.959008 0.924471 0.955532 0.924681 0.957031 0.885304 0.969593 0.934938 0.973775 0.934549 0.97364 0.948036 0.959008 0.924471 0.959075 0.935311 0.955816 0.93525 0.981762 0.925934 0.985124 0.925412 0.984386 0.93428 0.973959 0.927168 0.978113 0.926703 0.977834 0.934241 0.973959 0.927168 0.973775 0.934549 0.969593 0.934938 0.978113 0.926703 0.981762 0.925934 0.981355 0.934169 0.969706 0.926736 0.969593 0.934938 0.965757 0.935205 0.965916 0.925758 0.965757 0.935205 0.962322 0.935309 0.969719 0.948342 0.971585 0.967338 0.968201 0.968528 0.962322 0.935309 0.962704 0.948704 0.959358 0.948929 0.973775 0.934549 0.977834 0.934241 0.977545 0.94766 0.965757 0.935205 0.966099 0.948549 0.962704 0.948704 0.981355 0.934169 0.984386 0.93428 0.98431 0.946944 0.977834 0.934241 0.981355 0.934169 0.981091 0.947278 0.965757 0.935205 0.969593 0.934938 0.969719 0.948342 0.959075 0.935311 0.959358 0.948929 0.956003 0.949254 0.959358 0.948929 0.961139 0.970237 0.957557 0.970159 0.969719 0.948342 0.97364 0.948036 0.974992 0.966447 0.962704 0.948704 0.964732 0.969606 0.961139 0.970237 0.97364 0.948036 0.977545 0.94766 0.978425 0.966124 0.966099 0.948549 0.968201 0.968528 0.964732 0.969606 0.981091 0.947278 0.98431 0.946944 0.985183 0.966719 0.977545 0.94766 0.981091 0.947278 0.981822 0.966324 0.021146 0.754587 0.022323 0.759387 0.020892 0.759658 0.021885 0.752676 0.021235 0.75206 0.037985 0.750908 0.021885 0.752676 0.021146 0.754587 0.020095 0.754241 0.022323 0.759387 0.029493 0.767781 0.026915 0.770357 0.380468 0.075722 0.368987 0.005273 0.4099 0.006661 0.84852 0.848942 0.812473 0.826331 0.837277 0.824385 0.922803 0.813296 0.960334 0.81321 0.936372 0.831802 0.433354 0.641071 0.423235 0.689659 0.406092 0.683082 0.443334 0.560429 0.433354 0.641071 0.414015 0.635504 0.451778 0.561299 0.44286 0.643472 0.433354 0.641071 0.44286 0.643472 0.432352 0.693357 0.423235 0.689659 0.405054 0.553858 0.422188 0.555497 0.414015 0.635504 0.396863 0.634494 0.414015 0.635504 0.406092 0.683082 0.433112 0.541737 0.448691 0.553696 0.443334 0.560429 0.541939 0.954378 0.524572 0.956143 0.53247 0.934918 0.406092 0.683082 0.423235 0.689659 0.424582 0.699634 0.176628 0.898132 0.176701 0.867659 0.194074 0.878393 0.194074 0.878393 0.176701 0.867659 0.178184 0.866124 0.54105 0.934042 0.541732 0.933946 0.54256 0.954266 0.492199 0.361225 0.472737 0.428333 0.461666 0.418702 0.487341 0.341498 0.502169 0.292798 0.546337 0.351603 0.016225 0.633279 0.023827 0.687926 0.017795 0.688199 0.016225 0.633279 0.010355 0.633638 0.012631 0.545709 0.753662 0.742559 0.742215 0.770286 0.736078 0.766543 0.711082 0.845053 0.739959 0.77144 0.733714 0.798697 0.733714 0.798697 0.742215 0.770286 0.74861 0.772964 0.409107 0.899991 0.397373 0.901141 0.393713 0.868687 0.951696 0.76031 0.936652 0.767595 0.936652 0.76038 0.756231 0.74479 0.74861 0.772964 0.742215 0.770286 0.386574 0.835933 0.397737 0.830807 0.405068 0.857442 0.392378 0.819056 0.397071 0.81995 0.397737 0.830807 0.184001 0.815983 0.346624 0.789501 0.343628 0.800579 0.536833 0.814007 0.54301 0.820703 0.483337 0.844434 0.576315 0.797682 0.582759 0.804149 0.54301 0.820703 0.629084 0.814539 0.620926 0.822883 0.617635 0.821607 0.620926 0.822883 0.621012 0.831271 0.617445 0.832377 0.617635 0.821607 0.582759 0.804149 0.618657 0.788369 0.617445 0.832377 0.54301 0.820703 0.582759 0.804149 0.711082 0.845053 0.620926 0.822883 0.629084 0.814539 0.983267 0.886142 0.979765 0.88558 0.978663 0.881921 0.983267 0.886142 0.980373 0.878591 0.983911 0.877364 0.988439 0.882338 0.986776 0.885626 0.983911 0.877364 0.491412 0.79279 0.481046 0.78335 0.491245 0.78849 0.494477 0.781165 0.481909 0.77472 0.503542 0.767326 0.780854 0.175514 0.783017 0.192722 0.775584 0.206042 0.790736 0.191348 0.791298 0.172107 0.796342 0.201924 0.477322 0.767779 0.474222 0.782563 0.468181 0.775923 0.495267 0.737414 0.522245 0.727088 0.498367 0.74635 0.534874 0.75921 0.504138 0.753361 0.52921 0.734964 0.504138 0.753361 0.522245 0.727088 0.52921 0.734964 0.498367 0.74635 0.477322 0.767779 0.495267 0.737414 0.77419 0.379179 0.809491 0.35724 0.80892 0.394434 0.77419 0.379179 0.763345 0.351721 0.77539 0.356681 0.783017 0.192722 0.796342 0.201924 0.775584 0.206042 0.799928 0.224655 0.775584 0.206042 0.796342 0.201924 0.775151 0.228355 0.769056 0.22728 0.775584 0.206042 0.808052 0.289898 0.777441 0.284697 0.807522 0.281951 0.861312 0.606488 0.844906 0.587661 0.870201 0.597636 0.535318 0.695722 0.522245 0.727088 0.508633 0.715949 0.561838 0.745404 0.566038 0.71259 0.605577 0.724712 0.561838 0.745404 0.52921 0.734964 0.555189 0.717593 0.566038 0.71259 0.550001 0.708241 0.559202 0.699407 0.555189 0.717593 0.522245 0.727088 0.550001 0.708241 0.534874 0.75921 0.579292 0.788367 0.549606 0.800731 0.605577 0.724712 0.579292 0.788367 0.561838 0.745404 0.775851 0.258583 0.807522 0.281951 0.777441 0.284697 0.775151 0.228355 0.804202 0.25402 0.775851 0.258583 0.770451 0.257539 0.777441 0.284697 0.773193 0.292675 0.770451 0.257539 0.775151 0.228355 0.775851 0.258583 0.809491 0.35724 0.780293 0.351764 0.809483 0.351421 0.808052 0.289898 0.778742 0.297779 0.773193 0.292675 0.881352 0.560124 0.870238 0.540008 0.889854 0.542766 0.881352 0.560124 0.85115 0.568998 0.86225 0.542697 0.873789 0.57797 0.844906 0.587661 0.85115 0.568998 0.829356 0.500912 0.855587 0.539637 0.816103 0.573164 0.836347 0.583391 0.85115 0.568998 0.844906 0.587661 0.844694 0.565892 0.86225 0.542697 0.85115 0.568998 0.858371 0.533042 0.86225 0.542697 0.855587 0.539637 0.773431 0.33505 0.780293 0.351764 0.77539 0.356681 0.773431 0.33505 0.779051 0.3156 0.779791 0.33357 0.772314 0.313965 0.778742 0.297779 0.779051 0.3156 0.780293 0.351764 0.809182 0.332828 0.809483 0.351421 0.779791 0.33357 0.808742 0.31474 0.809182 0.332828 0.779051 0.3156 0.80825 0.296565 0.808742 0.31474 0.503542 0.767326 0.526106 0.775339 0.501465 0.777918 0.395125 0.752854 0.375872 0.746657 0.395224 0.746725 0.368775 0.725408 0.375872 0.746657 0.370998 0.75038 0.375872 0.746657 0.39536 0.725984 0.395224 0.746725 0.371422 0.725834 0.39536 0.724924 0.39536 0.725984 0.526106 0.775339 0.534874 0.75921 0.529511 0.776535 0.549606 0.800731 0.529511 0.776535 0.534874 0.75921 0.395352 0.705416 0.372641 0.714001 0.369198 0.705429 0.39536 0.724924 0.37264 0.715702 0.395356 0.715691 0.367685 0.723626 0.37264 0.715702 0.369205 0.724277 0.372641 0.714001 0.395356 0.715691 0.37264 0.715702 0.498367 0.74635 0.504138 0.753361 0.477322 0.767779 0.477322 0.767779 0.503542 0.767326 0.481909 0.77472 0.481909 0.77472 0.481046 0.78335 0.474222 0.782563 0.789272 0.180543 0.780854 0.175514 0.791298 0.172107 0.485687 0.78338 0.491245 0.78849 0.481046 0.78335 0.789272 0.180543 0.787922 0.187899 0.787529 0.183345 0.494477 0.781165 0.486909 0.781218 0.484329 0.77782 0.785044 0.188282 0.783078 0.181665 0.78525 0.1837 0.787529 0.183345 0.783078 0.181665 0.789272 0.180543 0.485687 0.78338 0.484329 0.77782 0.486909 0.781218 0.491245 0.78849 0.491304 0.782555 0.494477 0.781165 0.790736 0.191348 0.785044 0.188282 0.787922 0.187899 0.491412 0.79279 0.494477 0.781165 0.503542 0.767326 0.491412 0.79279 0.501465 0.777918 0.49303 0.793717 0.535318 0.695722 0.559202 0.699407 0.550001 0.708241 0.770451 0.257539 0.773193 0.292675 0.759375 0.27676 0.816103 0.573164 0.844694 0.565892 0.836347 0.583391 0.958117 0.296256 0.940708 0.296761 0.955105 0.292565 0.941618 0.274115 0.931537 0.290477 0.926172 0.263818 0.962285 0.468473 0.963951 0.485668 0.956174 0.498703 0.971674 0.484534 0.972779 0.465397 0.976956 0.495233 0.921876 0.293578 0.935598 0.303516 0.926141 0.307168 0.89362 0.265166 0.892601 0.233791 0.903709 0.264365 0.912185 0.259948 0.892601 0.233791 0.902093 0.229402 0.903709 0.264365 0.921876 0.293578 0.89362 0.265166 0.984027 0.687279 0.951711 0.648675 0.985648 0.650265 0.93803 0.685124 0.939859 0.643372 0.951711 0.648675 0.963951 0.485668 0.976956 0.495233 0.956174 0.498703 0.979882 0.517971 0.956174 0.498703 0.976956 0.495233 0.95511 0.520904 0.949073 0.519649 0.956174 0.498703 0.986123 0.583172 0.955793 0.577067 0.985821 0.575243 0.255588 0.970329 0.243172 0.948245 0.266128 0.963499 0.869404 0.209364 0.892601 0.233791 0.876957 0.243604 0.923302 0.202543 0.896458 0.185936 0.923157 0.154202 0.896458 0.185936 0.886198 0.19983 0.881729 0.187504 0.896527 0.198343 0.892601 0.233791 0.886198 0.19983 0.923157 0.154202 0.966894 0.204624 0.923302 0.202543 0.95495 0.551019 0.985821 0.575243 0.955793 0.577067 0.95511 0.520904 0.983306 0.547335 0.95495 0.551019 0.949603 0.549816 0.955793 0.577067 0.951337 0.584881 0.949603 0.549816 0.95511 0.520904 0.95495 0.551019 0.985648 0.650265 0.956732 0.643929 0.985805 0.64447 0.986123 0.583172 0.956718 0.590131 0.951337 0.584881 0.224326 0.906061 0.202961 0.913455 0.209435 0.893988 0.224326 0.906061 0.226769 0.938213 0.204322 0.921907 0.239684 0.917154 0.243172 0.948245 0.226769 0.938213 0.157665 0.946423 0.199806 0.927667 0.223612 0.974598 0.237421 0.956092 0.226769 0.938213 0.243172 0.948245 0.22251 0.944105 0.204322 0.921907 0.226769 0.938213 0.194434 0.922632 0.204322 0.921907 0.199806 0.927667 0.950374 0.627079 0.956732 0.643929 0.951711 0.648675 0.950374 0.627079 0.95652 0.607884 0.956748 0.625798 0.949859 0.606052 0.956718 0.590131 0.95652 0.607884 0.956732 0.643929 0.986032 0.62595 0.985805 0.64447 0.956748 0.625798 0.986106 0.607926 0.986032 0.62595 0.95652 0.607884 0.986131 0.589816 0.986106 0.607926 0.903709 0.264365 0.912185 0.259948 0.921876 0.293578 0.921876 0.293578 0.926172 0.263818 0.931537 0.290477 0.931537 0.290477 0.940708 0.296761 0.935598 0.303516 0.970523 0.473733 0.962285 0.468473 0.972779 0.465397 0.94465 0.290627 0.955105 0.292565 0.940708 0.296761 0.970523 0.473733 0.968971 0.481016 0.968708 0.476471 0.941618 0.274115 0.94215 0.286386 0.935982 0.288788 0.966095 0.48131 0.964325 0.474663 0.96643 0.476754 0.968708 0.476471 0.964325 0.474663 0.970523 0.473733 0.94465 0.290627 0.935982 0.288788 0.94215 0.286386 0.951123 0.274409 0.944796 0.278619 0.941618 0.274115 0.971674 0.484534 0.966095 0.48131 0.968971 0.481016 0.955537 0.273251 0.941618 0.274115 0.926172 0.263818 0.869404 0.209364 0.881729 0.187504 0.886198 0.19983 0.949603 0.549816 0.951337 0.584881 0.93803 0.568617 0.223612 0.974598 0.22251 0.944105 0.237421 0.956092 0.57121 0.91323 0.552606 0.925795 0.550707 0.913997 0.621147 0.906527 0.593054 0.924071 0.593392 0.904982 0.682662 0.903502 0.649758 0.931925 0.651143 0.907421 0.724768 0.938938 0.700562 0.946681 0.709722 0.929513 0.724768 0.938938 0.719997 0.906829 0.734009 0.913664 0.239998 0.885719 0.348535 0.834692 0.354188 0.866142 0.184908 0.822379 0.348535 0.834692 0.176114 0.840572 0.283462 0.920431 0.354188 0.866142 0.365537 0.891284 0.142402 0.91905 0.176628 0.898132 0.177402 0.9179 0.328389 0.951192 0.365537 0.891284 0.384244 0.912023 0.357917 0.834269 0.343628 0.800579 0.354531 0.797302 0.362876 0.865234 0.348535 0.834692 0.357917 0.834269 0.177017 0.928531 0.142402 0.91905 0.177402 0.9179 0.370127 0.884973 0.354188 0.866142 0.362876 0.865234 0.365537 0.891284 0.387512 0.905232 0.384244 0.912023 0.283462 0.920431 0.31546 0.963432 0.275747 0.933726 0.184908 0.822379 0.172553 0.837179 0.179942 0.818446 0.174401 0.845466 0.239998 0.885719 0.232677 0.897531 0.232677 0.897531 0.283462 0.920431 0.275747 0.933726 0.176701 0.867659 0.146498 0.893616 0.144015 0.865193 0.144015 0.865193 0.116109 0.893055 0.114376 0.863512 0.114376 0.863512 0.092634 0.887709 0.096678 0.860341 0.088789 0.852571 0.067988 0.86875 0.083569 0.847039 0.142164 0.929066 0.118981 0.923519 0.142402 0.91905 0.060414 0.94363 0.012859 0.942047 0.059902 0.93638 0.712463 0.256986 0.680383 0.249852 0.712119 0.244369 0.118827 0.930212 0.088931 0.927003 0.118981 0.923519 0.142402 0.91905 0.116109 0.893055 0.146498 0.893616 0.077866 0.87845 0.044421 0.885557 0.067988 0.86875 0.116109 0.893055 0.088931 0.927003 0.092634 0.887709 0.029053 0.853777 0.067988 0.86875 0.044421 0.885557 0.054575 0.829453 0.023624 0.847671 0.046054 0.820286 0.089423 0.935618 0.059902 0.93638 0.088931 0.927003 0.088931 0.927003 0.077866 0.87845 0.092634 0.887709 0.096678 0.860341 0.077866 0.87845 0.088789 0.852571 0.245201 0.412089 0.229681 0.416997 0.229634 0.410405 0.680423 0.245587 0.674631 0.249701 0.674631 0.245437 0.336408 0.767934 0.365958 0.775585 0.334658 0.778087 0.309079 0.763088 0.334658 0.778087 0.305538 0.773787 0.305538 0.773787 0.276366 0.778367 0.278966 0.772413 0.142164 0.929066 0.089423 0.935618 0.118827 0.930212 0.038429 0.722625 0.066106 0.808339 0.035456 0.72356 0.029663 0.687032 0.035456 0.72356 0.023827 0.687926 0.022268 0.633727 0.023827 0.687926 0.016225 0.633279 0.02473 0.544788 0.016225 0.633279 0.018765 0.544287 0.047916 0.375076 0.043153 0.393478 0.043772 0.373412 0.05145 0.357828 0.043772 0.373412 0.047766 0.356993 0.056082 0.33337 0.05145 0.357828 0.047766 0.356993 0.069717 0.304914 0.059956 0.334767 0.056082 0.33337 0.066106 0.808339 0.032866 0.724642 0.035456 0.72356 0.018373 0.69024 0.035456 0.72356 0.032866 0.724642 0.029869 0.434441 0.018765 0.544287 0.012683 0.544536 0.039732 0.371799 0.043153 0.393478 0.038735 0.392864 0.047766 0.356993 0.039732 0.371799 0.041843 0.355646 0.050114 0.331208 0.047766 0.356993 0.041843 0.355646 0.069717 0.304914 0.050114 0.331208 0.06358 0.302134 0.244856 0.749731 0.284899 0.760577 0.278966 0.772413 0.239685 0.720403 0.244856 0.749731 0.220575 0.723731 0.757128 0.72893 0.761808 0.722998 0.763443 0.726263 0.757128 0.72893 0.753662 0.742559 0.755036 0.726624 0.618657 0.788369 0.736078 0.766543 0.626673 0.811331 0.612674 0.781817 0.755036 0.726624 0.618657 0.788369 0.474922 0.841488 0.483162 0.889319 0.474863 0.893587 0.613755 0.8837 0.695533 0.89327 0.611391 0.893069 0.612674 0.781817 0.582759 0.804149 0.576315 0.797682 0.483162 0.889319 0.611391 0.893069 0.479603 0.898168 0.623798 0.842029 0.697976 0.884492 0.613755 0.8837 0.613755 0.8837 0.483337 0.844434 0.623798 0.842029 0.626049 0.839054 0.711249 0.849312 0.623798 0.842029 0.739959 0.77144 0.736078 0.766543 0.742215 0.770286 0.626673 0.811331 0.7356 0.769542 0.629084 0.814539 0.621012 0.831271 0.623798 0.842029 0.617445 0.832377 0.626049 0.839054 0.620926 0.822883 0.711082 0.845053 0.711082 0.845053 0.7356 0.769542 0.739959 0.77144 0.392378 0.819056 0.378464 0.835253 0.372059 0.814534 0.757128 0.72893 0.760336 0.740456 0.753662 0.742559 0.761066 0.742713 0.753662 0.742559 0.760336 0.740456 0.75515 0.895633 0.777451 0.854294 0.779696 0.894011 0.762223 0.958891 0.78233 0.933629 0.784125 0.957216 0.779696 0.894011 0.79609 0.853528 0.798168 0.893115 0.784125 0.957216 0.800793 0.932438 0.802869 0.955875 0.798168 0.893115 0.831805 0.852564 0.832278 0.891945 0.82191 0.954333 0.800793 0.932438 0.830954 0.930337 0.839673 0.960298 0.830954 0.930337 0.85285 0.92756 0.839673 0.960298 0.86632 0.938619 0.859068 0.962193 0.242455 0.521721 0.215519 0.52032 0.216423 0.514952 0.431922 0.491649 0.411085 0.494421 0.427502 0.487474 0.215519 0.52032 0.196221 0.512002 0.216423 0.514952 0.437657 0.475231 0.431922 0.491649 0.427502 0.487474 0.183908 0.509779 0.177694 0.493262 0.186394 0.505344 0.440098 0.445344 0.442655 0.477254 0.437657 0.475231 0.172792 0.49611 0.173113 0.480112 0.177694 0.493262 0.432165 0.428761 0.440098 0.445344 0.428289 0.432765 0.186072 0.460011 0.199159 0.45375 0.199718 0.458477 0.199159 0.45375 0.219444 0.453197 0.199718 0.458477 0.414372 0.423848 0.432165 0.428761 0.428289 0.432765 0.451241 0.391899 0.475986 0.22546 0.458451 0.396153 0.758028 0.935424 0.779696 0.894011 0.78233 0.933629 0.78233 0.933629 0.798168 0.893115 0.800793 0.932438 0.830954 0.930337 0.798168 0.893115 0.832278 0.891945 0.958225 0.755087 0.951696 0.76031 0.945516 0.754414 0.919585 0.086317 0.92997 0.104463 0.916286 0.106993 0.919585 0.086317 0.938934 0.093143 0.92997 0.104463 0.919585 0.086317 0.916286 0.106993 0.90277 0.099918 0.942436 0.124773 0.916286 0.106993 0.92997 0.104463 0.919585 0.086317 0.90277 0.099918 0.89895 0.085928 0.919585 0.086317 0.89895 0.085928 0.90444 0.072569 0.919585 0.086317 0.90444 0.072569 0.916544 0.066078 0.919585 0.086317 0.916544 0.066078 0.929526 0.068573 0.897508 0.824679 0.918977 0.796258 0.922803 0.813296 0.897508 0.824679 0.92188 0.827643 0.908319 0.835433 0.896944 0.850572 0.897508 0.824679 0.908319 0.835433 0.881606 0.103129 0.89895 0.085928 0.90277 0.099918 0.919585 0.086317 0.929526 0.068573 0.937895 0.079186 0.867131 0.834484 0.897508 0.824679 0.882876 0.843364 0.862879 0.853504 0.882876 0.843364 0.881012 0.865395 0.919585 0.086317 0.937895 0.079186 0.938934 0.093143 0.862168 0.859964 0.881012 0.865395 0.880019 0.871709 0.879341 0.083278 0.90444 0.072569 0.89895 0.085928 0.889041 0.056658 0.916544 0.066078 0.90444 0.072569 0.916544 0.066078 0.941418 0.049059 0.929526 0.068573 0.887258 0.136571 0.881606 0.103129 0.896606 0.124553 0.920197 0.845641 0.92188 0.827643 0.936372 0.831802 0.960114 0.098523 0.92997 0.104463 0.938934 0.093143 0.937895 0.079186 0.960114 0.098523 0.938934 0.093143 0.941418 0.049059 0.937895 0.079186 0.929526 0.068573 0.887258 0.136571 0.912004 0.129564 0.909556 0.150756 0.941418 0.049059 0.960348 0.033408 0.960788 0.064181 0.916286 0.106993 0.896606 0.124553 0.90277 0.099918 0.881606 0.103129 0.866987 0.080763 0.879341 0.083278 0.912809 0.043086 0.94248 0.030493 0.941418 0.049059 0.866987 0.080763 0.889041 0.056658 0.879341 0.083278 0.918977 0.796258 0.960334 0.81321 0.922803 0.813296 0.901945 0.867721 0.880019 0.871709 0.881012 0.865395 0.881012 0.865395 0.896944 0.850572 0.901945 0.867721 0.896944 0.850572 0.920197 0.845641 0.901945 0.867721 0.896606 0.124553 0.881606 0.103129 0.90277 0.099918 0.942436 0.124773 0.909556 0.150756 0.912004 0.129564 0.897228 0.891935 0.885359 0.917581 0.880019 0.871709 0.874873 0.043858 0.912809 0.043086 0.889041 0.056658 0.86929 0.021472 0.912273 0.0277 0.874873 0.043858 0.912273 0.0277 0.945194 0.009597 0.94248 0.030493 0.94248 0.030493 0.962276 0.013676 0.960348 0.033408 0.365622 0.766755 0.389225 0.76994 0.365958 0.775585 0.388094 0.763579 0.403962 0.762378 0.389225 0.76994 0.334658 0.778087 0.368366 0.781395 0.334751 0.783965 0.308242 0.780199 0.334658 0.778087 0.334751 0.783965 0.305538 0.773787 0.284899 0.760577 0.309079 0.763088 0.241386 0.755705 0.278966 0.772413 0.276366 0.778367 0.215789 0.730402 0.244856 0.749731 0.241386 0.755705 0.368366 0.781395 0.389225 0.76994 0.391885 0.773574 0.391885 0.773574 0.403962 0.762378 0.40565 0.767289 0.247465 0.646561 0.364863 0.635171 0.353829 0.679993 0.188678 0.005346 0.103781 0.216905 0.103885 0.005301 0.762866 0.475798 0.790938 0.560275 0.76174 0.558916 0.061119 0.216883 0.103885 0.005301 0.103781 0.216905 0.380735 0.495376 0.258609 0.530443 0.258398 0.488338 0.372901 0.590028 0.258892 0.561509 0.377265 0.564752 0.2976 0.217007 0.240108 0.005373 0.297703 0.005403 0.240004 0.216977 0.188678 0.005346 0.240108 0.005373 0.727848 0.32863 0.727595 0.382139 0.706918 0.338824 0.738471 0.690713 0.701308 0.679333 0.716234 0.666485 0.714232 0.285947 0.740219 0.322749 0.730974 0.327157 0.796328 0.472088 0.80796 0.560647 0.794875 0.56021 0.74218 0.696602 0.772197 0.676475 0.749684 0.706501 0.791349 0.437231 0.780479 0.399849 0.802463 0.433614 0.772297 0.40589 0.760199 0.364221 0.783973 0.405901 0.730974 0.327157 0.760199 0.364221 0.751308 0.369265 0.763128 0.667819 0.799024 0.61843 0.772197 0.676475 0.794875 0.56021 0.799024 0.61843 0.7862 0.614711 0.822154 0.592196 0.827339 0.648933 0.798065 0.645073 0.826354 0.107407 0.855291 0.342426 0.830919 0.343649 0.798065 0.645073 0.814987 0.702654 0.788659 0.69421 0.931824 0.63374 0.9062 0.553446 0.925223 0.551807 0.814987 0.702654 0.787319 0.748102 0.788659 0.69421 0.837277 0.824385 0.899038 0.77198 0.853645 0.836667 0.88267 0.759698 0.814987 0.702654 0.887222 0.718021 0.712292 0.292088 0.730974 0.327157 0.727848 0.32863 0.792029 0.473591 0.794875 0.56021 0.790938 0.560275 0.738471 0.690713 0.763128 0.667819 0.74218 0.696602 0.785823 0.439296 0.772297 0.40589 0.791349 0.437231 0.768316 0.406853 0.751308 0.369265 0.772297 0.40589 0.748347 0.370903 0.730974 0.327157 0.751308 0.369265 0.759365 0.6641 0.7862 0.614711 0.763128 0.667819 0.790938 0.560275 0.7862 0.614711 0.782217 0.613681 0.736837 0.550758 0.711083 0.496175 0.735472 0.461161 0.716234 0.666485 0.710224 0.608515 0.730436 0.606309 0.710224 0.608515 0.736837 0.550758 0.730436 0.606309 0.748347 0.370903 0.745055 0.415747 0.727595 0.382139 0.782217 0.613681 0.76174 0.558916 0.790938 0.560275 0.690821 0.302438 0.727848 0.32863 0.706918 0.338824 0.785823 0.439296 0.762866 0.475798 0.759174 0.447725 0.759365 0.6641 0.755044 0.605107 0.782217 0.613681 0.926494 0.523259 0.9062 0.553446 0.885366 0.531774 0.382413 0.376379 0.395257 0.433531 0.385664 0.434756 0.387283 0.544099 0.38701 0.567465 0.381897 0.566051 0.338103 0.755815 0.363579 0.683274 0.341007 0.76028 0.382895 0.326253 0.375161 0.290347 0.388632 0.323792 0.387283 0.544099 0.394881 0.496347 0.395969 0.548109 0.385664 0.434756 0.394881 0.496347 0.385291 0.495504 0.378375 0.589243 0.374975 0.637395 0.370029 0.635842 0.370029 0.635842 0.363579 0.683274 0.358412 0.681627 0.229772 0.642999 0.229172 0.709733 0.205416 0.715938 0.260718 0.581951 0.241973 0.604465 0.258892 0.561509 0.256682 0.613599 0.229772 0.642999 0.241973 0.604465 0.250194 0.397015 0.381045 0.434642 0.257075 0.441566 0.375906 0.377391 0.252115 0.349277 0.377404 0.328579 0.260718 0.581951 0.364863 0.635171 0.256682 0.613599 0.353829 0.679993 0.229172 0.709733 0.247465 0.646561 0.381045 0.434642 0.258398 0.488338 0.257075 0.441566 0.218583 0.448326 0.229791 0.449065 0.219444 0.453197 0.2288 0.442001 0.245221 0.44675 0.229791 0.449065 0.874516 0.959733 0.859068 0.962193 0.86632 0.938619 0.874516 0.959733 0.893515 0.943811 0.890941 0.962193 0.957047 0.708979 0.945516 0.754414 0.944663 0.702217 0.415275 0.391898 0.403925 0.265304 0.411313 0.264101 0.411313 0.264101 0.404448 0.178645 0.412137 0.179749 0.758028 0.935424 0.762223 0.958891 0.741267 0.948901 0.734984 0.961037 0.734488 0.954981 0.741267 0.948901 0.762223 0.958891 0.734984 0.961037 0.741267 0.948901 0.468453 0.225549 0.446388 0.18258 0.474978 0.221654 0.451241 0.391899 0.411313 0.264101 0.468453 0.225549 0.412137 0.179749 0.468453 0.225549 0.411313 0.264101 0.451241 0.391899 0.417621 0.400135 0.415275 0.391898 0.416387 0.173051 0.439669 0.186568 0.412137 0.179749 0.758028 0.935424 0.737981 0.910749 0.75515 0.895633 0.739959 0.77144 0.742215 0.770286 0.733714 0.798697 0.75515 0.895633 0.734706 0.856812 0.75144 0.855893 0.413214 0.852948 0.458453 0.890948 0.415625 0.892361 0.394973 0.088671 0.402239 0.130594 0.394973 0.134795 0.437657 0.475231 0.433337 0.449327 0.440098 0.445344 0.427502 0.487474 0.410446 0.484971 0.423647 0.480179 0.440098 0.445344 0.424048 0.439835 0.428289 0.432765 0.428289 0.432765 0.412597 0.433466 0.414372 0.423848 0.437657 0.475231 0.423647 0.480179 0.431371 0.47127 0.431371 0.47127 0.42839 0.454195 0.433337 0.449327 0.236003 0.32619 0.240286 0.357313 0.236003 0.364314 0.431371 0.47127 0.421443 0.473462 0.427337 0.467347 0.424048 0.439835 0.414044 0.442321 0.412597 0.433466 0.423647 0.480179 0.412359 0.476059 0.421443 0.473462 0.433337 0.449327 0.421914 0.445941 0.424048 0.439835 0.427337 0.467347 0.41888 0.467844 0.422737 0.464451 0.421914 0.445941 0.413485 0.449956 0.414044 0.442321 0.421443 0.473462 0.412648 0.468462 0.41888 0.467844 0.42839 0.454195 0.419393 0.45156 0.421914 0.445941 0.42839 0.454195 0.422737 0.464451 0.423443 0.456083 0.374629 0.086805 0.380607 0.108581 0.374629 0.111597 0.419393 0.45156 0.412648 0.468462 0.413485 0.449956 0.423443 0.456083 0.41888 0.467844 0.419393 0.45156 0.223893 0.467318 0.199718 0.458477 0.219444 0.453197 0.196221 0.512002 0.219339 0.499599 0.216423 0.514952 0.199718 0.458477 0.187865 0.475196 0.186072 0.460011 0.2327 0.46167 0.219444 0.453197 0.229791 0.449065 0.177694 0.493262 0.19833 0.496911 0.186394 0.505344 0.247212 0.460938 0.229791 0.449065 0.245221 0.44675 0.242455 0.521721 0.219339 0.499599 0.246054 0.506831 0.173113 0.480112 0.189804 0.486727 0.177694 0.493262 0.246054 0.506831 0.232534 0.481017 0.247212 0.481743 0.247212 0.460938 0.232534 0.481017 0.2327 0.46167 0.232534 0.481017 0.223893 0.467318 0.2327 0.46167 0.219339 0.499599 0.202679 0.473841 0.223893 0.467318 0.202679 0.473841 0.189804 0.486727 0.187865 0.475196 0.007604 0.217381 0.059529 0.005272 0.061119 0.216883 0.297703 0.005403 0.331923 0.217025 0.2976 0.217007 0.379908 0.542818 0.258892 0.561509 0.258609 0.530443 0.738471 0.690713 0.735122 0.648313 0.759365 0.6641 0.720657 0.711233 0.749684 0.706501 0.718934 0.726997 0.791349 0.437231 0.80796 0.469065 0.796328 0.472088 0.72125 0.70418 0.74218 0.696602 0.720657 0.711233 0.785823 0.439296 0.796328 0.472088 0.792029 0.473591 0.736837 0.550758 0.762866 0.475798 0.76174 0.558916 0.735122 0.648313 0.730436 0.606309 0.755044 0.605107 0.730436 0.606309 0.76174 0.558916 0.755044 0.605107 0.785823 0.439296 0.745055 0.415747 0.768316 0.406853 0.381897 0.566051 0.384297 0.587922 0.378375 0.589243 0.382895 0.326253 0.392864 0.373446 0.382413 0.376379 0.229772 0.642999 0.187249 0.675509 0.207988 0.637964 0.258892 0.561509 0.221637 0.593203 0.229298 0.5511 0.241973 0.604465 0.207988 0.637964 0.221637 0.593203 0.36774 0.295056 0.252115 0.349277 0.245515 0.323319 0.899104 0.6701 0.91744 0.727912 0.887222 0.718021 0.91744 0.727912 0.88267 0.759698 0.887222 0.718021 0.912802 0.635379 0.930019 0.674345 0.899104 0.6701 0.827339 0.648933 0.912802 0.635379 0.899104 0.6701 0.887222 0.718021 0.827339 0.648933 0.899104 0.6701 0.836778 0.017562 0.819314 0.091322 0.811025 0.018739 0.656272 0.483319 0.624198 0.429757 0.649286 0.426631 0.658072 0.224274 0.642766 0.267183 0.64114 0.222912 0.691514 0.092667 0.744838 0.03543 0.750152 0.087746 0.584252 0.673778 0.532752 0.644726 0.588202 0.640583 0.811025 0.018739 0.819314 0.091322 0.744838 0.03543 0.646568 0.647023 0.588202 0.640583 0.63196 0.635488 0.384244 0.912023 0.408454 0.951393 0.328389 0.951192 0.328389 0.951192 0.40624 0.969323 0.327945 0.969096 0.486001 0.610801 0.525166 0.638702 0.523493 0.660015 0.632504 0.228716 0.612067 0.260288 0.618043 0.222917 0.60681 0.299626 0.633876 0.266049 0.63074 0.308017 0.563822 0.246963 0.521981 0.26721 0.533722 0.239264 0.579883 0.155909 0.522706 0.005735 0.581295 0.002717 0.523921 0.157672 0.482517 0.006081 0.522706 0.005735 0.826288 0.368104 0.87273 0.396717 0.824515 0.393436 0.913616 0.453084 0.956775 0.410768 0.961841 0.444422 0.077866 0.87845 0.059902 0.93638 0.032113 0.912219 0.671894 0.346416 0.640468 0.308717 0.671621 0.3082 0.591269 0.398155 0.623729 0.346059 0.61298 0.395782 0.563822 0.246963 0.547763 0.22401 0.562379 0.22237 0.563822 0.246963 0.572256 0.22567 0.601798 0.254198 0.578164 0.32852 0.555458 0.282653 0.594814 0.293641 0.555458 0.282653 0.502461 0.291573 0.521981 0.26721 0.591269 0.398155 0.555607 0.363029 0.589432 0.339488 0.660221 0.409965 0.63712 0.347903 0.671894 0.346416 0.592767 0.4907 0.624198 0.429757 0.623635 0.487238 0.582282 0.483254 0.538361 0.421202 0.582475 0.430092 0.60681 0.299626 0.623729 0.346059 0.589432 0.339488 0.668084 0.267826 0.640468 0.308717 0.642766 0.267183 0.601798 0.254198 0.555458 0.282653 0.563822 0.246963 0.649286 0.426631 0.676647 0.476311 0.656272 0.483319 0.527916 0.67857 0.585168 0.68796 0.527081 0.693868 0.671892 0.644375 0.650952 0.658782 0.646568 0.647023 0.584252 0.673778 0.650952 0.658782 0.585168 0.68796 0.472225 0.556117 0.462803 0.625301 0.458251 0.54098 0.527916 0.67857 0.462803 0.625301 0.475985 0.617757 0.649286 0.426631 0.625526 0.410994 0.660221 0.409965 0.590892 0.42389 0.625526 0.410994 0.624198 0.429757 0.5413 0.411623 0.592326 0.409938 0.590892 0.42389 0.492199 0.361225 0.546225 0.398458 0.5413 0.411623 0.826288 0.368104 0.816759 0.391712 0.820349 0.358473 0.878371 0.319582 0.908414 0.311003 0.902683 0.321154 0.821641 0.44606 0.816759 0.391712 0.824515 0.393436 0.946192 0.3614 0.965325 0.410179 0.956775 0.410768 0.961841 0.444422 0.965325 0.410179 0.968168 0.450669 0.865018 0.501698 0.914949 0.5133 0.856212 0.51086 0.870148 0.448905 0.911076 0.419939 0.913616 0.453084 0.87273 0.396717 0.898766 0.3732 0.911076 0.419939 0.898766 0.3732 0.956775 0.410768 0.911076 0.419939 0.821641 0.44606 0.87273 0.396717 0.870148 0.448905 0.870148 0.448905 0.90931 0.505443 0.865018 0.501698 0.898766 0.3732 0.878371 0.319582 0.902683 0.321154 0.392378 0.819056 0.417241 0.734755 0.397071 0.81995 0.456079 0.817102 0.424815 0.736632 0.455718 0.744624 0.168706 0.358436 0.335563 0.249658 0.346773 0.251319 0.168774 0.348875 0.314972 0.232911 0.335563 0.249658 0.022984 0.231229 0.31537 0.225135 0.314972 0.232911 0.31537 0.225135 0.335563 0.249658 0.314972 0.232911 0.022984 0.231229 0.168706 0.358436 0.005429 0.224869 0.654531 0.713099 0.634563 0.74534 0.635615 0.712596 0.654531 0.713099 0.662733 0.749696 0.654586 0.745503 0.02913 0.269204 0.040295 0.292293 0.026585 0.278496 0.629552 0.705469 0.654531 0.713099 0.635615 0.712596 0.178961 0.724687 0.204177 0.730925 0.185253 0.73133 0.177042 0.767979 0.185253 0.73133 0.185179 0.763776 0.204177 0.730925 0.213641 0.767979 0.205205 0.763634 0.040295 0.292293 0.00538 0.302482 0.026585 0.278496 -0.001639 0.298634 0.026585 0.278496 0.00538 0.302482 0.040295 0.292293 0.023071 0.324778 0.019847 0.316117 0.185253 0.73133 0.205205 0.763634 0.185179 0.763776 0.626137 0.749696 0.635615 0.712596 0.634563 0.74534 0.405143 0.820058 0.457144 0.825339 0.405514 0.828614 0.368884 0.217237 0.331923 0.217025 0.364327 0.158775 0.413214 0.852948 0.457144 0.825339 0.457195 0.846729 0.389023 0.2038 0.364327 0.158775 0.392464 0.157689 0.832278 0.891945 0.852258 0.852417 0.85285 0.92756 0.85285 0.92756 0.830954 0.930337 0.832278 0.891945 0.331923 0.217025 0.365347 0.083769 0.364327 0.158775 0.332027 0.005421 0.368987 0.005273 0.365347 0.083769 0.392864 0.373446 0.400773 0.433463 0.395257 0.433531 0.38701 0.567465 0.387904 0.588412 0.384297 0.587922 0.341007 0.76028 0.368055 0.684859 0.344987 0.763807 0.388632 0.323792 0.398634 0.37219 0.392864 0.373446 0.395969 0.548109 0.400218 0.496274 0.400768 0.549258 0.394881 0.496347 0.400773 0.433463 0.400218 0.496274 0.384297 0.587922 0.379389 0.638372 0.374975 0.637395 0.374975 0.637395 0.368055 0.684859 0.363579 0.683274 0.385664 0.434756 0.375906 0.377391 0.382413 0.376379 0.378375 0.589243 0.377265 0.564752 0.381897 0.566051 0.358412 0.681627 0.333724 0.752671 0.353829 0.679993 0.382413 0.376379 0.377404 0.328579 0.382895 0.326253 0.385291 0.495504 0.379908 0.542818 0.380735 0.495376 0.385664 0.434756 0.380735 0.495376 0.381045 0.434642 0.370029 0.635842 0.372901 0.590028 0.378375 0.589243 0.358412 0.681627 0.364863 0.635171 0.370029 0.635842 0.395969 0.548109 0.389723 0.569154 0.38701 0.567465 0.388632 0.323792 0.379017 0.288091 0.393724 0.321591 0.381897 0.566051 0.379908 0.542818 0.387283 0.544099 0.371718 0.292933 0.377404 0.328579 0.36774 0.295056 0.74963 0.096983 0.805832 0.12624 0.748982 0.123102 0.693251 0.101987 0.748982 0.123102 0.698809 0.126969 0.817883 0.099033 0.822331 0.353132 0.805832 0.12624 0.393713 0.222089 0.368884 0.217237 0.389023 0.2038 0.693251 0.101987 0.698809 0.126969 0.646242 0.142885 0.661077 0.045503 0.690375 0.036262 0.691514 0.092667 0.453097 0.682112 0.455718 0.744624 0.424815 0.736632 0.453097 0.682112 0.515723 0.692364 0.487544 0.704727 0.634384 0.071401 0.691514 0.092667 0.633743 0.118187 0.477133 0.159038 0.527882 0.200587 0.470622 0.210924 0.484112 0.569837 0.525742 0.489534 0.525166 0.638702 0.472737 0.428333 0.458251 0.54098 0.461371 0.419747 0.408454 0.951393 0.525005 0.974145 0.40624 0.969323 0.048879 0.39397 0.035308 0.436237 0.043153 0.393478 0.040837 0.438202 0.018765 0.544287 0.035308 0.436237 0.43041 0.910418 0.53247 0.934918 0.428867 0.918348 0.043153 0.393478 0.029869 0.434441 0.038735 0.392864 0.387512 0.905232 0.428867 0.918348 0.384244 0.912023 0.579883 0.155909 0.548142 0.19276 0.523921 0.157672 0.670109 0.627958 0.646568 0.647023 0.63196 0.635488 0.426856 0.004879 0.477133 0.159038 0.426538 0.158495 0.670109 0.627958 0.623635 0.487238 0.656272 0.483319 0.581295 0.002717 0.614371 0.156098 0.579883 0.155909 0.671892 0.644375 0.688057 0.626617 0.688297 0.656358 0.428867 0.918348 0.524572 0.956143 0.408454 0.951393 0.656272 0.483319 0.688057 0.626617 0.670109 0.627958 0.622451 0.177692 0.656444 0.171811 0.65582 0.176526 0.653994 0.20802 0.638985 0.201845 0.654521 0.20232 0.625957 0.182511 0.65582 0.176526 0.655167 0.1813 0.657723 0.151959 0.640343 0.150513 0.657791 0.146352 0.655167 0.1813 0.630806 0.186033 0.625957 0.182511 0.657529 0.157273 0.635504 0.154909 0.657723 0.151959 0.657265 0.162283 0.630197 0.157512 0.657529 0.157273 0.636126 0.189861 0.654662 0.186228 0.654473 0.19139 0.656924 0.167088 0.625383 0.160916 0.657265 0.162283 0.639114 0.195466 0.654473 0.19139 0.654577 0.196771 0.656444 0.171811 0.622077 0.1659 0.656924 0.167088 0.638985 0.201845 0.654577 0.196771 0.654521 0.20232 0.725407 0.179939 0.686973 0.172893 0.726565 0.174378 0.684437 0.208093 0.725116 0.206942 0.725557 0.212573 0.724577 0.185415 0.686583 0.177948 0.725407 0.179939 0.687983 0.151069 0.73026 0.1453 0.730249 0.151243 0.724577 0.185415 0.685812 0.187767 0.686188 0.182884 0.729836 0.157151 0.687983 0.151069 0.730249 0.151243 0.729003 0.162986 0.687857 0.156666 0.729836 0.157151 0.685464 0.19267 0.724192 0.19081 0.724239 0.196149 0.727845 0.168729 0.687641 0.162234 0.729003 0.162986 0.685129 0.197662 0.724239 0.196149 0.724608 0.201495 0.726565 0.174378 0.687339 0.167659 0.727845 0.168729 0.684795 0.202797 0.724608 0.201495 0.725116 0.206942 0.755607 0.182153 0.726565 0.174378 0.757861 0.177262 0.725557 0.212573 0.759598 0.207629 0.761372 0.212573 0.754401 0.187385 0.725407 0.179939 0.755607 0.182153 0.730249 0.151243 0.766578 0.152163 0.766607 0.157603 0.754401 0.187385 0.724192 0.19081 0.724577 0.185415 0.729836 0.157151 0.766607 0.157603 0.765561 0.162936 0.763419 0.167963 0.729836 0.157151 0.765561 0.162936 0.724239 0.196149 0.754441 0.19273 0.755591 0.197914 0.760669 0.172646 0.729003 0.162986 0.763419 0.167963 0.724608 0.201495 0.755591 0.197914 0.757487 0.202827 0.757861 0.177262 0.727845 0.168729 0.760669 0.172646 0.725116 0.206942 0.757487 0.202827 0.759598 0.207629 0.65582 0.176526 0.686973 0.172893 0.686583 0.177948 0.684437 0.208093 0.654521 0.20232 0.684795 0.202797 0.655167 0.1813 0.686583 0.177948 0.686188 0.182884 0.687983 0.151069 0.657791 0.146352 0.688027 0.145579 0.686188 0.182884 0.654662 0.186228 0.655167 0.1813 0.687857 0.156666 0.657723 0.151959 0.687983 0.151069 0.687641 0.162234 0.657529 0.157273 0.687857 0.156666 0.654473 0.19139 0.685812 0.187767 0.685464 0.19267 0.687339 0.167659 0.657265 0.162283 0.687641 0.162234 0.685129 0.197662 0.654473 0.19139 0.685464 0.19267 0.686973 0.172893 0.656924 0.167088 0.687339 0.167659 0.684795 0.202797 0.654577 0.196771 0.685129 0.197662 0.600744 0.631654 0.588152 0.596765 0.592644 0.595758 0.62231 0.59278 0.61758 0.595987 0.617153 0.593301 0.604105 0.625661 0.592644 0.595758 0.597252 0.595058 0.570304 0.602318 0.566624 0.60938 0.565289 0.603432 0.597252 0.595058 0.606894 0.617904 0.604105 0.625661 0.574977 0.600963 0.573584 0.616129 0.570304 0.602318 0.579418 0.599497 0.580057 0.623737 0.574977 0.600963 0.609568 0.608297 0.601987 0.594581 0.606876 0.594204 0.583763 0.598046 0.585681 0.629802 0.579418 0.599497 0.61311 0.600307 0.606876 0.594204 0.611948 0.593802 0.588152 0.596765 0.591146 0.634074 0.583763 0.598046 0.61758 0.595987 0.611948 0.593802 0.617153 0.593301 0.579533 0.528243 0.580236 0.562491 0.57448 0.529252 0.613411 0.558128 0.603752 0.521888 0.608692 0.520904 0.584678 0.527905 0.584983 0.561753 0.579533 0.528243 0.560256 0.567693 0.548866 0.531361 0.554002 0.530811 0.584678 0.527905 0.594279 0.560791 0.58965 0.561221 0.55912 0.53057 0.560256 0.567693 0.554002 0.530811 0.564226 0.530477 0.56534 0.566201 0.55912 0.53057 0.598928 0.560361 0.589504 0.526419 0.594224 0.524793 0.569344 0.530324 0.5704 0.564758 0.564226 0.530477 0.603645 0.559824 0.594224 0.524793 0.598941 0.523223 0.57448 0.529252 0.575375 0.563494 0.569344 0.530324 0.608469 0.559095 0.598941 0.523223 0.603752 0.521888 0.579533 0.528243 0.571541 0.50812 0.576322 0.506739 0.604741 0.499275 0.603752 0.521888 0.599748 0.499073 0.581333 0.506115 0.579533 0.528243 0.576322 0.506739 0.551471 0.508647 0.548866 0.531361 0.546302 0.508873 0.581333 0.506115 0.589504 0.526419 0.584678 0.527905 0.556989 0.511267 0.554002 0.530811 0.551471 0.508647 0.561976 0.510318 0.55912 0.53057 0.556989 0.511267 0.594224 0.524793 0.586244 0.504943 0.590875 0.503103 0.569344 0.530324 0.561976 0.510318 0.566764 0.50898 0.598941 0.523223 0.590875 0.503103 0.595161 0.500169 0.57448 0.529252 0.566764 0.50898 0.571541 0.50812 0.603752 0.521888 0.595161 0.500169 0.599748 0.499073 0.592644 0.595758 0.580236 0.562491 0.584983 0.561753 0.613411 0.558128 0.617153 0.593301 0.608469 0.559095 0.58965 0.561221 0.592644 0.595758 0.584983 0.561753 0.560256 0.567693 0.565289 0.603432 0.555214 0.569083 0.594279 0.560791 0.597252 0.595058 0.58965 0.561221 0.56534 0.566201 0.570304 0.602318 0.560256 0.567693 0.5704 0.564758 0.574977 0.600963 0.56534 0.566201 0.598928 0.560361 0.601987 0.594581 0.594279 0.560791 0.583763 0.598046 0.5704 0.564758 0.575375 0.563494 0.603645 0.559824 0.606876 0.594204 0.598928 0.560361 0.588152 0.596765 0.575375 0.563494 0.580236 0.562491 0.608469 0.559095 0.611948 0.593802 0.603645 0.559824 0.083569 0.847039 0.054575 0.829453 0.062059 0.819729 0.618043 0.222917 0.601798 0.254198 0.61463 0.214408 0.632504 0.228716 0.61463 0.214408 0.64114 0.222912 0.632504 0.228716 0.642766 0.267183 0.633876 0.266049 0.612067 0.260288 0.594814 0.293641 0.601798 0.254198 0.63074 0.308017 0.642766 0.267183 0.640468 0.308717 0.555607 0.363029 0.578164 0.32852 0.589432 0.339488 0.555607 0.363029 0.546225 0.398458 0.546337 0.351603 0.61298 0.395782 0.63712 0.347903 0.625526 0.410994 0.61298 0.395782 0.592326 0.409938 0.591269 0.398155 0.555245 0.392189 0.592326 0.409938 0.546225 0.398458 0.60681 0.299626 0.578164 0.32852 0.594814 0.293641 0.63074 0.308017 0.63712 0.347903 0.623729 0.346059 0.424815 0.736632 0.44602 0.677393 0.453097 0.682112 0.465082 0.638891 0.44602 0.677393 0.462803 0.625301 0.458453 0.890948 0.409107 0.899991 0.415625 0.892361 0.458453 0.890948 0.464135 0.846284 0.465742 0.898045 0.415625 0.892361 0.405068 0.857442 0.413214 0.852948 0.465082 0.638891 0.527081 0.693868 0.515723 0.692364 0.456079 0.817102 0.463552 0.74795 0.464069 0.816719 0.413214 0.852948 0.397737 0.830807 0.405514 0.828614 0.405143 0.820058 0.417241 0.734755 0.424815 0.736632 0.405514 0.828614 0.397071 0.81995 0.405143 0.820058 0.457144 0.825339 0.464135 0.846284 0.457195 0.846729 0.457144 0.825339 0.464069 0.816719 0.465344 0.825903 0.487544 0.704727 0.463552 0.74795 0.455718 0.744624 0.515723 0.692364 0.493281 0.710566 0.487544 0.704727 0.750152 0.087746 0.817883 0.099033 0.74963 0.096983 0.750152 0.087746 0.693251 0.101987 0.691514 0.092667 0.845566 0.090065 0.817883 0.099033 0.819314 0.091322 0.836778 0.017562 0.859524 0.096463 0.845566 0.090065 0.690375 0.036262 0.744209 0.026695 0.744838 0.03543 0.836778 0.017562 0.811551 0.009497 0.849056 0.007824 0.811025 0.018739 0.744209 0.026695 0.811551 0.009497 0.633743 0.118187 0.62658 0.067888 0.634384 0.071401 0.633743 0.118187 0.693251 0.101987 0.626251 0.128805 0.634384 0.071401 0.656766 0.038114 0.661077 0.045503 0.661077 0.045503 0.690138 0.028058 0.690375 0.036262 0.830919 0.343649 0.817883 0.099033 0.826354 0.107407 0.855291 0.342426 0.822331 0.353132 0.830919 0.343649 0.846367 0.106608 0.817883 0.099033 0.859524 0.096463 0.846367 0.106608 0.867635 0.351071 0.855291 0.342426 0.582282 0.483254 0.535714 0.498344 0.525742 0.489534 0.523493 0.660015 0.532752 0.644726 0.527916 0.67857 0.523493 0.660015 0.475985 0.617757 0.486001 0.610801 0.582475 0.430092 0.592767 0.4907 0.582282 0.483254 0.495513 0.376184 0.472737 0.428333 0.492199 0.361225 0.484112 0.569837 0.475985 0.617757 0.472225 0.556117 0.582475 0.430092 0.5413 0.411623 0.590892 0.42389 0.495513 0.376184 0.5413 0.411623 0.538361 0.421202 0.483015 0.437431 0.472225 0.556117 0.472737 0.428333 0.525166 0.638702 0.535714 0.498344 0.532752 0.644726 0.073853 0.307053 0.061641 0.335471 0.059956 0.334767 0.059956 0.334767 0.053182 0.358333 0.05145 0.357828 0.05145 0.357828 0.049843 0.375339 0.047916 0.375076 0.048879 0.39397 0.049843 0.375339 0.051636 0.394112 0.043016 0.43867 0.048879 0.39397 0.051636 0.394112 0.02473 0.544788 0.024673 0.63357 0.022268 0.633727 0.024673 0.63357 0.029663 0.687032 0.022268 0.633727 0.038429 0.722625 0.031973 0.686594 0.040918 0.721936 0.066106 0.808339 0.040918 0.721936 0.068453 0.807767 0.027177 0.544606 0.040837 0.438202 0.043016 0.43867 0.121715 0.951115 0.086262 0.962587 0.086114 0.958634 0.145717 0.936682 0.123982 0.957184 0.121715 0.951115 0.086262 0.962587 0.043801 0.952961 0.086114 0.958634 0.046897 0.54754 0.024673 0.63357 0.027177 0.544606 0.061641 0.335471 0.090361 0.316933 0.073131 0.351611 0.149667 0.35215 0.100568 0.377304 0.121987 0.335923 0.053182 0.358333 0.073131 0.351611 0.049843 0.375339 0.095595 0.393518 0.100568 0.377304 0.130594 0.392473 0.046897 0.54754 0.043016 0.43867 0.065544 0.440931 0.065544 0.440931 0.051636 0.394112 0.070474 0.395454 0.080741 0.757914 0.097001 0.738056 0.097106 0.765475 0.144046 0.830522 0.131135 0.785538 0.158635 0.797222 0.067719 0.72844 0.064969 0.704923 0.084507 0.725732 0.086114 0.958634 0.070503 0.953733 0.085613 0.956779 0.086114 0.958634 0.120242 0.949478 0.121715 0.951115 0.121715 0.951115 0.14366 0.935583 0.145717 0.936682 0.097106 0.765475 0.144704 0.751684 0.135876 0.774231 0.100947 0.690808 0.064969 0.704923 0.06599 0.638747 0.709722 0.929513 0.696754 0.903206 0.719997 0.906829 0.114849 0.817189 0.1092 0.832479 0.105209 0.81377 0.655293 0.984414 0.672688 0.980545 0.656729 0.987806 0.059902 0.93638 0.012859 0.942047 0.032113 0.912219 0.608584 0.699564 0.605187 0.694071 0.608307 0.69558 0.608584 0.699564 0.639173 0.69085 0.605187 0.703682 0.608307 0.69558 0.637714 0.670117 0.638159 0.673398 0.662736 0.68836 0.639173 0.69085 0.640088 0.687626 0.662268 0.67597 0.637714 0.670117 0.665175 0.67317 0.662736 0.68836 0.665175 0.67317 0.666404 0.691129 0.668557 0.676991 0.696002 0.677097 0.692919 0.68009 0.693303 0.686671 0.696002 0.677097 0.696748 0.689847 0.693303 0.686671 0.666404 0.691129 0.668946 0.687996 0.668557 0.676991 0.666404 0.691129 0.665175 0.67317 0.712119 0.244369 0.680423 0.245587 0.714196 0.23054 0.734587 0.241796 0.712119 0.244369 0.714196 0.23054 0.229634 0.410405 0.20526 0.416997 0.205453 0.405972 0.229681 0.416997 0.216362 0.428407 0.20526 0.416997 0.706734 0.220163 0.680423 0.245587 0.676474 0.241728 0.189807 0.406441 0.20526 0.416997 0.189614 0.417466 0.712463 0.256986 0.730673 0.253727 0.731908 0.270356 0.734587 0.241796 0.724694 0.223373 0.747456 0.232394 0.730673 0.253727 0.749238 0.248221 0.745324 0.260152 0.218153 0.396511 0.229634 0.410405 0.205453 0.405972 0.623798 0.842029 0.54301 0.820703 0.617445 0.832377 0.080741 0.757914 0.067719 0.72844 0.084507 0.725732 0.104938 0.542935 0.06599 0.638747 0.072067 0.54607 0.121987 0.335923 0.089467 0.369651 0.110826 0.32933 0.051636 0.394112 0.069719 0.380487 0.070474 0.395454 0.069719 0.380487 0.073131 0.351611 0.089467 0.369651 0.104938 0.542935 0.094949 0.444045 0.138642 0.447495 0.094949 0.444045 0.130594 0.392473 0.138642 0.447495 0.079314 0.79238 0.097106 0.765475 0.097051 0.792009 0.163744 0.782561 0.144704 0.751684 0.170905 0.754561 0.055059 0.724454 0.064969 0.704923 0.067719 0.72844 0.131135 0.785538 0.097106 0.765475 0.135876 0.774231 0.06599 0.638747 0.048059 0.697242 0.043369 0.636195 0.055059 0.724454 0.080741 0.757914 0.079314 0.79238 0.06599 0.638747 0.046897 0.54754 0.072067 0.54607 0.072067 0.54607 0.065544 0.440931 0.094949 0.444045 0.094949 0.444045 0.070474 0.395454 0.095595 0.393518 0.158635 0.797222 0.135876 0.774231 0.163744 0.782561 0.110826 0.32933 0.073131 0.351611 0.090361 0.316933 0.070474 0.395454 0.091584 0.383027 0.095595 0.393518 0.091584 0.383027 0.089467 0.369651 0.100568 0.377304 0.097051 0.792009 0.094804 0.821332 0.079314 0.79238 0.040918 0.721936 0.048059 0.697242 0.055059 0.724454 0.114849 0.817189 0.097051 0.792009 0.131135 0.785538 0.043369 0.636195 0.031973 0.686594 0.024673 0.63357 0.040918 0.721936 0.079314 0.79238 0.068453 0.807767 0.068453 0.807767 0.094804 0.821332 0.08668 0.829413 0.570764 0.952453 0.552474 0.931418 0.57279 0.932655 0.615959 0.947363 0.592779 0.936568 0.617622 0.93966 0.638277 0.967944 0.651106 0.961681 0.647336 0.975593 0.57279 0.932655 0.552606 0.925795 0.573076 0.924878 0.671262 0.965457 0.649758 0.931925 0.684222 0.942884 0.592779 0.936568 0.619656 0.926416 0.617622 0.93966 0.693131 0.925424 0.682662 0.903502 0.696754 0.903206 0.697342 0.977785 0.700562 0.946681 0.707714 0.968245 0.700562 0.946681 0.693131 0.925424 0.709722 0.929513 0.697342 0.977785 0.683667 0.975994 0.684222 0.942884 0.684222 0.942884 0.683667 0.975994 0.671262 0.965457 0.138141 0.8452 0.112401 0.84612 0.1092 0.832479 0.672688 0.980545 0.683667 0.975994 0.680813 0.983237 0.138141 0.8452 0.114849 0.817189 0.144046 0.830522 0.222835 0.533425 0.151058 0.63216 0.179177 0.521556 0.138642 0.447495 0.141692 0.507889 0.104938 0.542935 0.179177 0.521556 0.104938 0.542935 0.141692 0.507889 0.172606 0.714219 0.144704 0.751684 0.137835 0.70794 0.137835 0.70794 0.097001 0.738056 0.11286 0.697524 0.151058 0.63216 0.100947 0.690808 0.104938 0.542935 0.11286 0.697524 0.084507 0.725732 0.100947 0.690808 0.149667 0.35215 0.17957 0.414977 0.130594 0.392473 0.177389 0.441526 0.138642 0.447495 0.130594 0.392473 0.924921 0.231058 0.912185 0.259948 0.902093 0.229402 0.923302 0.202543 0.902093 0.229402 0.896527 0.198343 0.924921 0.231058 0.966894 0.204624 0.963286 0.23676 0.926172 0.263818 0.963286 0.23676 0.955537 0.273251 0.649758 0.931925 0.621147 0.906527 0.651143 0.907421 0.640178 0.954962 0.617622 0.93966 0.644193 0.947187 0.644193 0.947187 0.619656 0.926416 0.649758 0.931925 0.58313 0.913099 0.570565 0.903206 0.584516 0.90381 0.582583 0.956318 0.591595 0.944195 0.589793 0.958439 0.57279 0.932655 0.593054 0.924071 0.592779 0.936568 0.680813 0.983237 0.691723 0.984785 0.6903 0.994194 0.695263 0.419726 0.688476 0.430368 0.689296 0.41681 0.794754 0.814027 0.80167 0.828567 0.795322 0.831283 0.695835 0.404897 0.702731 0.390579 0.701773 0.406816 0.771404 0.794728 0.783857 0.768288 0.783872 0.795367 0.675631 0.419977 0.688476 0.430368 0.675322 0.43423 0.794754 0.814027 0.789504 0.830563 0.789246 0.813922 0.789246 0.813922 0.783456 0.827358 0.784085 0.812458 0.707783 0.406992 0.702731 0.390579 0.708146 0.381997 0.696503 0.388433 0.689735 0.402355 0.691887 0.376441 0.695835 0.404897 0.689296 0.41681 0.689735 0.402355 0.796169 0.778117 0.80059 0.795094 0.795082 0.796138 0.795082 0.796138 0.800158 0.812634 0.794754 0.814027 0.694823 0.434285 0.701103 0.421443 0.700929 0.436218 0.695263 0.419726 0.701773 0.406816 0.701103 0.421443 0.783456 0.827358 0.771935 0.812831 0.784085 0.812458 0.771935 0.812831 0.783872 0.795367 0.784085 0.812458 0.678262 0.379508 0.689735 0.402355 0.676132 0.40559 0.676132 0.40559 0.689296 0.41681 0.675631 0.419977 0.790273 0.778734 0.795082 0.796138 0.789248 0.796383 0.789248 0.796383 0.794754 0.814027 0.789246 0.813922 0.790273 0.778734 0.783872 0.795367 0.783857 0.768288 0.789248 0.796383 0.784085 0.812458 0.783872 0.795367 0.708146 0.434622 0.701103 0.421443 0.707088 0.420778 0.707088 0.420778 0.701773 0.406816 0.707783 0.406992 0.589793 0.958439 0.615959 0.947363 0.614852 0.960611 0.651106 0.961681 0.644193 0.947187 0.671262 0.965457 0.655293 0.984414 0.647336 0.975593 0.651106 0.961681 0.614852 0.960611 0.640178 0.954962 0.638277 0.967944 0.582583 0.956318 0.570764 0.952453 0.582635 0.943481 0.582635 0.943481 0.592779 0.936568 0.591595 0.944195 0.570764 0.952453 0.57279 0.932655 0.582635 0.943481 0.671262 0.965457 0.655293 0.984414 0.651106 0.961681 0.570565 0.903206 0.550707 0.913997 0.548968 0.903993 0.546007 0.905031 0.550707 0.913997 0.531582 0.918643 0.593392 0.904982 0.58313 0.913099 0.584516 0.90381 0.573076 0.924878 0.58313 0.913099 0.593054 0.924071 0.186204 0.791204 0.183547 0.774272 0.187925 0.777385 0.15533 0.678113 0.144567 0.667186 0.150737 0.667652 0.182984 0.660349 0.150737 0.667652 0.176991 0.649505 0.187925 0.777385 0.212855 0.791175 0.186204 0.791204 0.172624 0.646868 0.150737 0.667652 0.145527 0.664204 0.186204 0.791204 0.210862 0.795763 0.181863 0.795459 0.210435 0.773422 0.187925 0.777385 0.184244 0.773422 0.182984 0.665825 0.15533 0.678113 0.182984 0.660349 0.550707 0.913997 0.547759 0.928237 0.531582 0.918643 0.026511 0.72771 0.036961 0.743656 0.018583 0.736091 0.018583 0.736091 0.018568 0.747722 0.01579 0.743503 0.022323 0.759387 0.021885 0.752676 0.029493 0.767781 0.015349 0.76109 0.020095 0.754241 0.020892 0.759658 0.020892 0.759658 0.02047 0.772778 0.015349 0.76109 0.021235 0.75206 0.036961 0.743656 0.037985 0.750908 0.018568 0.747722 0.020095 0.754241 0.015349 0.752655 0.035193 0.789458 0.016301 0.79548 0.01625 0.789462 0.01625 0.789462 0.034547 0.780216 0.035193 0.789458 0.01628 0.79915 0.034602 0.812001 0.016094 0.81341 0.035775 0.799122 0.016301 0.79548 0.03584 0.795452 0.983267 0.886142 0.978113 0.926703 0.979765 0.88558 0.979765 0.88558 0.973959 0.927168 0.975937 0.885579 0.975937 0.885579 0.969706 0.926736 0.972126 0.885549 0.969706 0.926736 0.968334 0.885494 0.972126 0.885549 0.968334 0.885494 0.96244 0.924878 0.964559 0.885429 0.96244 0.924878 0.960792 0.885364 0.964559 0.885429 0.96244 0.924878 0.959075 0.935311 0.959008 0.924471 0.985124 0.925412 0.983267 0.886142 0.986776 0.885626 0.959008 0.924471 0.957031 0.885304 0.960792 0.885364 0.029493 0.767781 0.021885 0.752676 0.037317 0.754277 0.969593 0.934938 0.97364 0.948036 0.969719 0.948342 0.959008 0.924471 0.955816 0.93525 0.955532 0.924681 0.981762 0.925934 0.984386 0.93428 0.981355 0.934169 0.973959 0.927168 0.977834 0.934241 0.973775 0.934549 0.973959 0.927168 0.969593 0.934938 0.969706 0.926736 0.978113 0.926703 0.981355 0.934169 0.977834 0.934241 0.969706 0.926736 0.965757 0.935205 0.965916 0.925758 0.965916 0.925758 0.962322 0.935309 0.96244 0.924878 0.969719 0.948342 0.968201 0.968528 0.966099 0.948549 0.962322 0.935309 0.959358 0.948929 0.959075 0.935311 0.973775 0.934549 0.977545 0.94766 0.97364 0.948036 0.965757 0.935205 0.962704 0.948704 0.962322 0.935309 0.981355 0.934169 0.98431 0.946944 0.981091 0.947278 0.977834 0.934241 0.981091 0.947278 0.977545 0.94766 0.965757 0.935205 0.969719 0.948342 0.966099 0.948549 0.959075 0.935311 0.956003 0.949254 0.955816 0.93525 0.959358 0.948929 0.957557 0.970159 0.956003 0.949254 0.969719 0.948342 0.974992 0.966447 0.971585 0.967338 0.962704 0.948704 0.961139 0.970237 0.959358 0.948929 0.97364 0.948036 0.978425 0.966124 0.974992 0.966447 0.966099 0.948549 0.964732 0.969606 0.962704 0.948704 0.981091 0.947278 0.985183 0.966719 0.981822 0.966324 0.977545 0.94766 0.981822 0.966324 0.978425 0.966124 0.021146 0.754587 0.020892 0.759658 0.020095 0.754241 0.021885 0.752676 0.037985 0.750908 0.037317 0.754277 0.021885 0.752676 0.020095 0.754241 0.021235 0.75206 0.022323 0.759387 0.026915 0.770357 0.020892 0.759658 0.380468 0.075722 0.4099 0.006661 0.407812 0.075581 0.368987 0.005273 0.380468 0.075722 0.365347 0.083769 0.84852 0.848942 0.837277 0.824385 0.853645 0.836667 0.922803 0.813296 0.936372 0.831802 0.92188 0.827643 0.433354 0.641071 0.406092 0.683082 0.414015 0.635504 0.443334 0.560429 0.414015 0.635504 0.422188 0.555497 0.451778 0.561299 0.433354 0.641071 0.443334 0.560429 0.44286 0.643472 0.423235 0.689659 0.433354 0.641071 0.405054 0.553858 0.414015 0.635504 0.396863 0.634494 0.396863 0.634494 0.406092 0.683082 0.378763 0.682188 0.433112 0.541737 0.443334 0.560429 0.422188 0.555497 0.541939 0.954378 0.53247 0.934918 0.54105 0.934042 0.406092 0.683082 0.424582 0.699634 0.409241 0.711204 0.176628 0.898132 0.194074 0.878393 0.194038 0.889227 0.194074 0.878393 0.178184 0.866124 0.194727 0.877367 0.54105 0.934042 0.54256 0.954266 0.541939 0.954378 0.492199 0.361225 0.461666 0.418702 0.487341 0.341498 0.472737 0.428333 0.461371 0.419747 0.461666 0.418702 0.487341 0.341498 0.546337 0.351603 0.546225 0.398458 0.502169 0.292798 0.502461 0.291573 0.546337 0.351603 0.016225 0.633279 0.017795 0.688199 0.010355 0.633638 0.017795 0.688199 0.023827 0.687926 0.018373 0.69024 0.016225 0.633279 0.012631 0.545709 0.018765 0.544287 0.012683 0.544536 0.018765 0.544287 0.012631 0.545709 0.753662 0.742559 0.736078 0.766543 0.755036 0.726624 0.711082 0.845053 0.733714 0.798697 0.714786 0.846617 0.733714 0.798697 0.74861 0.772964 0.740318 0.801078 0.409107 0.899991 0.393713 0.868687 0.405068 0.857442 0.951696 0.76031 0.936652 0.76038 0.945516 0.754414 0.756231 0.74479 0.742215 0.770286 0.753662 0.742559 0.386574 0.835933 0.405068 0.857442 0.393713 0.868687 0.392378 0.819056 0.397737 0.830807 0.386574 0.835933 0.184001 0.815983 0.343628 0.800579 0.184908 0.822379 0.536833 0.814007 0.483337 0.844434 0.47778 0.837318 0.576315 0.797682 0.54301 0.820703 0.536833 0.814007 0.629084 0.814539 0.617635 0.821607 0.626673 0.811331 0.620926 0.822883 0.617445 0.832377 0.617635 0.821607 0.617635 0.821607 0.618657 0.788369 0.626673 0.811331 0.617445 0.832377 0.582759 0.804149 0.617635 0.821607 0.711082 0.845053 0.629084 0.814539 0.7356 0.769542 0.983267 0.886142 0.978663 0.881921 0.980373 0.878591 0.983267 0.886142 0.983911 0.877364 0.986776 0.885626 0.988439 0.882338 0.983911 0.877364 0.987253 0.878916 0.819314 0.091322 0.750152 0.087746 0.744838 0.03543 0.483015 0.437431 0.495513 0.376184 0.525742 0.489534 0.495513 0.376184 0.538361 0.421202 0.525742 0.489534 0.626251 0.128805 0.693251 0.101987 0.646242 0.142885 0.491412 0.79279 0.474222 0.782563 0.481046 0.78335 0.494477 0.781165 0.484329 0.77782 0.481909 0.77472 0.780854 0.175514 0.783078 0.181665 0.783017 0.192722 0.790736 0.191348 0.789272 0.180543 0.791298 0.172107 0.477322 0.767779 0.481909 0.77472 0.474222 0.782563 0.495267 0.737414 0.508633 0.715949 0.522245 0.727088 0.534874 0.75921 0.503542 0.767326 0.504138 0.753361 0.504138 0.753361 0.498367 0.74635 0.522245 0.727088 0.77419 0.379179 0.77539 0.356681 0.809491 0.35724 0.783017 0.192722 0.790736 0.191348 0.796342 0.201924 0.799928 0.224655 0.775151 0.228355 0.775584 0.206042 0.808052 0.289898 0.773193 0.292675 0.777441 0.284697 0.861312 0.606488 0.840868 0.596492 0.844906 0.587661 0.535318 0.695722 0.550001 0.708241 0.522245 0.727088 0.561838 0.745404 0.555189 0.717593 0.566038 0.71259 0.561838 0.745404 0.534874 0.75921 0.52921 0.734964 0.566038 0.71259 0.555189 0.717593 0.550001 0.708241 0.555189 0.717593 0.52921 0.734964 0.522245 0.727088 0.534874 0.75921 0.561838 0.745404 0.579292 0.788367 0.605577 0.724712 0.626181 0.767039 0.579292 0.788367 0.775851 0.258583 0.804202 0.25402 0.807522 0.281951 0.775151 0.228355 0.799928 0.224655 0.804202 0.25402 0.770451 0.257539 0.775851 0.258583 0.777441 0.284697 0.770451 0.257539 0.769056 0.22728 0.775151 0.228355 0.809491 0.35724 0.77539 0.356681 0.780293 0.351764 0.808052 0.289898 0.80825 0.296565 0.778742 0.297779 0.881352 0.560124 0.86225 0.542697 0.870238 0.540008 0.881352 0.560124 0.873789 0.57797 0.85115 0.568998 0.873789 0.57797 0.870201 0.597636 0.844906 0.587661 0.829356 0.500912 0.852615 0.533216 0.855587 0.539637 0.836347 0.583391 0.844694 0.565892 0.85115 0.568998 0.844694 0.565892 0.855587 0.539637 0.86225 0.542697 0.858371 0.533042 0.869441 0.538118 0.86225 0.542697 0.773431 0.33505 0.779791 0.33357 0.780293 0.351764 0.773431 0.33505 0.772314 0.313965 0.779051 0.3156 0.772314 0.313965 0.773193 0.292675 0.778742 0.297779 0.780293 0.351764 0.779791 0.33357 0.809182 0.332828 0.779791 0.33357 0.779051 0.3156 0.808742 0.31474 0.779051 0.3156 0.778742 0.297779 0.80825 0.296565 0.503542 0.767326 0.534874 0.75921 0.526106 0.775339 0.395125 0.752854 0.374458 0.752749 0.375872 0.746657 0.368775 0.725408 0.371422 0.725834 0.375872 0.746657 0.375872 0.746657 0.371422 0.725834 0.39536 0.725984 0.371422 0.725834 0.369205 0.724277 0.39536 0.724924 0.549606 0.800731 0.540324 0.805348 0.529511 0.776535 0.395352 0.705416 0.395356 0.713989 0.372641 0.714001 0.39536 0.724924 0.369205 0.724277 0.37264 0.715702 0.367685 0.723626 0.37112 0.715051 0.37264 0.715702 0.372641 0.714001 0.395356 0.713989 0.395356 0.715691 0.477322 0.767779 0.504138 0.753361 0.503542 0.767326 0.481909 0.77472 0.484329 0.77782 0.481046 0.78335 0.789272 0.180543 0.783078 0.181665 0.780854 0.175514 0.485687 0.78338 0.490043 0.785284 0.491245 0.78849 0.789272 0.180543 0.790736 0.191348 0.787922 0.187899 0.494477 0.781165 0.491304 0.782555 0.486909 0.781218 0.785044 0.188282 0.783017 0.192722 0.783078 0.181665 0.787529 0.183345 0.78525 0.1837 0.783078 0.181665 0.485687 0.78338 0.481046 0.78335 0.484329 0.77782 0.491245 0.78849 0.490043 0.785284 0.491304 0.782555 0.790736 0.191348 0.783017 0.192722 0.785044 0.188282 0.491412 0.79279 0.491245 0.78849 0.494477 0.781165 0.491412 0.79279 0.503542 0.767326 0.501465 0.777918 0.816103 0.573164 0.855587 0.539637 0.844694 0.565892 0.958117 0.296256 0.935598 0.303516 0.940708 0.296761 0.941618 0.274115 0.935982 0.288788 0.931537 0.290477 0.962285 0.468473 0.964325 0.474663 0.963951 0.485668 0.971674 0.484534 0.970523 0.473733 0.972779 0.465397 0.921876 0.293578 0.931537 0.290477 0.935598 0.303516 0.89362 0.265166 0.876957 0.243604 0.892601 0.233791 0.912185 0.259948 0.903709 0.264365 0.892601 0.233791 0.984027 0.687279 0.93803 0.685124 0.951711 0.648675 0.963951 0.485668 0.971674 0.484534 0.976956 0.495233 0.979882 0.517971 0.95511 0.520904 0.956174 0.498703 0.986123 0.583172 0.951337 0.584881 0.955793 0.577067 0.255588 0.970329 0.237421 0.956092 0.243172 0.948245 0.869404 0.209364 0.886198 0.19983 0.892601 0.233791 0.923302 0.202543 0.896527 0.198343 0.896458 0.185936 0.896458 0.185936 0.896527 0.198343 0.886198 0.19983 0.896527 0.198343 0.902093 0.229402 0.892601 0.233791 0.923157 0.154202 0.967982 0.1528 0.966894 0.204624 0.95495 0.551019 0.983306 0.547335 0.985821 0.575243 0.95511 0.520904 0.979882 0.517971 0.983306 0.547335 0.949603 0.549816 0.95495 0.551019 0.955793 0.577067 0.949603 0.549816 0.949073 0.519649 0.95511 0.520904 0.985648 0.650265 0.951711 0.648675 0.956732 0.643929 0.986123 0.583172 0.986131 0.589816 0.956718 0.590131 0.224326 0.906061 0.204322 0.921907 0.202961 0.913455 0.224326 0.906061 0.239684 0.917154 0.226769 0.938213 0.239684 0.917154 0.257565 0.924642 0.243172 0.948245 0.157665 0.946423 0.193099 0.929377 0.199806 0.927667 0.237421 0.956092 0.22251 0.944105 0.226769 0.938213 0.22251 0.944105 0.199806 0.927667 0.204322 0.921907 0.194434 0.922632 0.202961 0.913455 0.204322 0.921907 0.950374 0.627079 0.956748 0.625798 0.956732 0.643929 0.950374 0.627079 0.949859 0.606052 0.95652 0.607884 0.949859 0.606052 0.951337 0.584881 0.956718 0.590131 0.956732 0.643929 0.956748 0.625798 0.986032 0.62595 0.956748 0.625798 0.95652 0.607884 0.986106 0.607926 0.95652 0.607884 0.956718 0.590131 0.986131 0.589816 0.921876 0.293578 0.912185 0.259948 0.926172 0.263818 0.931537 0.290477 0.935982 0.288788 0.940708 0.296761 0.970523 0.473733 0.964325 0.474663 0.962285 0.468473 0.94465 0.290627 0.952377 0.288225 0.955105 0.292565 0.970523 0.473733 0.971674 0.484534 0.968971 0.481016 0.941618 0.274115 0.944796 0.278619 0.94215 0.286386 0.966095 0.48131 0.963951 0.485668 0.964325 0.474663 0.968708 0.476471 0.96643 0.476754 0.964325 0.474663 0.94465 0.290627 0.940708 0.296761 0.935982 0.288788 0.951123 0.274409 0.949614 0.278738 0.944796 0.278619 0.971674 0.484534 0.963951 0.485668 0.966095 0.48131 0.955537 0.273251 0.951123 0.274409 0.941618 0.274115 0.223612 0.974598 0.199806 0.927667 0.22251 0.944105 0.57121 0.91323 0.573076 0.924878 0.552606 0.925795 0.621147 0.906527 0.619656 0.926416 0.593054 0.924071 0.682662 0.903502 0.684222 0.942884 0.649758 0.931925 0.724768 0.938938 0.707714 0.968245 0.700562 0.946681 0.724768 0.938938 0.709722 0.929513 0.719997 0.906829 0.239998 0.885719 0.176114 0.840572 0.348535 0.834692 0.184908 0.822379 0.343628 0.800579 0.348535 0.834692 0.283462 0.920431 0.239998 0.885719 0.354188 0.866142 0.142402 0.91905 0.146498 0.893616 0.176628 0.898132 0.328389 0.951192 0.283462 0.920431 0.365537 0.891284 0.357917 0.834269 0.348535 0.834692 0.343628 0.800579 0.362876 0.865234 0.354188 0.866142 0.348535 0.834692 0.177017 0.928531 0.142164 0.929066 0.142402 0.91905 0.370127 0.884973 0.365537 0.891284 0.354188 0.866142 0.365537 0.891284 0.370127 0.884973 0.387512 0.905232 0.283462 0.920431 0.328389 0.951192 0.31546 0.963432 0.184908 0.822379 0.176114 0.840572 0.172553 0.837179 0.174401 0.845466 0.176114 0.840572 0.239998 0.885719 0.232677 0.897531 0.239998 0.885719 0.283462 0.920431 0.176701 0.867659 0.176628 0.898132 0.146498 0.893616 0.144015 0.865193 0.146498 0.893616 0.116109 0.893055 0.114376 0.863512 0.116109 0.893055 0.092634 0.887709 0.088789 0.852571 0.077866 0.87845 0.067988 0.86875 0.142164 0.929066 0.118827 0.930212 0.118981 0.923519 0.060414 0.94363 0.010932 0.95704 0.012859 0.942047 0.712463 0.256986 0.67882 0.255217 0.680383 0.249852 0.118827 0.930212 0.089423 0.935618 0.088931 0.927003 0.142402 0.91905 0.118981 0.923519 0.116109 0.893055 0.077866 0.87845 0.032113 0.912219 0.044421 0.885557 0.116109 0.893055 0.118981 0.923519 0.088931 0.927003 0.029053 0.853777 0.054575 0.829453 0.067988 0.86875 0.054575 0.829453 0.029053 0.853777 0.023624 0.847671 0.089423 0.935618 0.060414 0.94363 0.059902 0.93638 0.088931 0.927003 0.059902 0.93638 0.077866 0.87845 0.096678 0.860341 0.092634 0.887709 0.077866 0.87845 0.245201 0.412089 0.245248 0.418682 0.229681 0.416997 0.680423 0.245587 0.680383 0.249852 0.674631 0.249701 0.336408 0.767934 0.365622 0.766755 0.365958 0.775585 0.309079 0.763088 0.336408 0.767934 0.334658 0.778087 0.305538 0.773787 0.308242 0.780199 0.276366 0.778367 0.142164 0.929066 0.060414 0.94363 0.089423 0.935618 0.029663 0.687032 0.038429 0.722625 0.035456 0.72356 0.022268 0.633727 0.029663 0.687032 0.023827 0.687926 0.02473 0.544788 0.022268 0.633727 0.016225 0.633279 0.047916 0.375076 0.048879 0.39397 0.043153 0.393478 0.05145 0.357828 0.047916 0.375076 0.043772 0.373412 0.056082 0.33337 0.059956 0.334767 0.05145 0.357828 0.069717 0.304914 0.073853 0.307053 0.059956 0.334767 0.018373 0.69024 0.023827 0.687926 0.035456 0.72356 0.029869 0.434441 0.035308 0.436237 0.018765 0.544287 0.039732 0.371799 0.043772 0.373412 0.043153 0.393478 0.047766 0.356993 0.043772 0.373412 0.039732 0.371799 0.050114 0.331208 0.056082 0.33337 0.047766 0.356993 0.069717 0.304914 0.056082 0.33337 0.050114 0.331208 0.244856 0.749731 0.253268 0.736761 0.284899 0.760577 0.239685 0.720403 0.253268 0.736761 0.244856 0.749731 0.757128 0.72893 0.755036 0.726624 0.761808 0.722998 0.618657 0.788369 0.755036 0.726624 0.736078 0.766543 0.612674 0.781817 0.755126 0.718097 0.755036 0.726624 0.474922 0.841488 0.483337 0.844434 0.483162 0.889319 0.613755 0.8837 0.697976 0.884492 0.695533 0.89327 0.612674 0.781817 0.618657 0.788369 0.582759 0.804149 0.483162 0.889319 0.613755 0.8837 0.611391 0.893069 0.623798 0.842029 0.711249 0.849312 0.697976 0.884492 0.613755 0.8837 0.483162 0.889319 0.483337 0.844434 0.626049 0.839054 0.711082 0.845053 0.711249 0.849312 0.739959 0.77144 0.7356 0.769542 0.736078 0.766543 0.626673 0.811331 0.736078 0.766543 0.7356 0.769542 0.621012 0.831271 0.626049 0.839054 0.623798 0.842029 0.626049 0.839054 0.621012 0.831271 0.620926 0.822883 0.392378 0.819056 0.386574 0.835933 0.378464 0.835253 0.757128 0.72893 0.763443 0.726263 0.760336 0.740456 0.761066 0.742713 0.756231 0.74479 0.753662 0.742559 0.75515 0.895633 0.75144 0.855893 0.777451 0.854294 0.762223 0.958891 0.758028 0.935424 0.78233 0.933629 0.779696 0.894011 0.777451 0.854294 0.79609 0.853528 0.784125 0.957216 0.78233 0.933629 0.800793 0.932438 0.798168 0.893115 0.79609 0.853528 0.831805 0.852564 0.82191 0.954333 0.802869 0.955875 0.800793 0.932438 0.839673 0.960298 0.82191 0.954333 0.830954 0.930337 0.839673 0.960298 0.85285 0.92756 0.86632 0.938619 0.242455 0.521721 0.242287 0.526724 0.215519 0.52032 0.431922 0.491649 0.406706 0.502666 0.411085 0.494421 0.215519 0.52032 0.193699 0.517033 0.196221 0.512002 0.437657 0.475231 0.442655 0.477254 0.431922 0.491649 0.183908 0.509779 0.172792 0.49611 0.177694 0.493262 0.440098 0.445344 0.445784 0.44299 0.442655 0.477254 0.172792 0.49611 0.166274 0.477784 0.173113 0.480112 0.432165 0.428761 0.445784 0.44299 0.440098 0.445344 0.186072 0.460011 0.180462 0.456269 0.199159 0.45375 0.199159 0.45375 0.218583 0.448326 0.219444 0.453197 0.414372 0.423848 0.406706 0.408933 0.432165 0.428761 0.451241 0.391899 0.468453 0.225549 0.475986 0.22546 0.758028 0.935424 0.75515 0.895633 0.779696 0.894011 0.78233 0.933629 0.779696 0.894011 0.798168 0.893115 0.830954 0.930337 0.800793 0.932438 0.798168 0.893115 0.942436 0.124773 0.912004 0.129564 0.916286 0.106993 0.897508 0.824679 0.887134 0.810026 0.918977 0.796258 0.897508 0.824679 0.922803 0.813296 0.92188 0.827643 0.896944 0.850572 0.882876 0.843364 0.897508 0.824679 0.881606 0.103129 0.879341 0.083278 0.89895 0.085928 0.867131 0.834484 0.887134 0.810026 0.897508 0.824679 0.862879 0.853504 0.867131 0.834484 0.882876 0.843364 0.862168 0.859964 0.862879 0.853504 0.881012 0.865395 0.879341 0.083278 0.889041 0.056658 0.90444 0.072569 0.889041 0.056658 0.912809 0.043086 0.916544 0.066078 0.916544 0.066078 0.912809 0.043086 0.941418 0.049059 0.887258 0.136571 0.868084 0.108013 0.881606 0.103129 0.920197 0.845641 0.908319 0.835433 0.92188 0.827643 0.960114 0.098523 0.942436 0.124773 0.92997 0.104463 0.937895 0.079186 0.960788 0.064181 0.960114 0.098523 0.941418 0.049059 0.960788 0.064181 0.937895 0.079186 0.887258 0.136571 0.896606 0.124553 0.912004 0.129564 0.941418 0.049059 0.94248 0.030493 0.960348 0.033408 0.916286 0.106993 0.912004 0.129564 0.896606 0.124553 0.881606 0.103129 0.868084 0.108013 0.866987 0.080763 0.912809 0.043086 0.912273 0.0277 0.94248 0.030493 0.866987 0.080763 0.874873 0.043858 0.889041 0.056658 0.918977 0.796258 0.962565 0.794803 0.960334 0.81321 0.901945 0.867721 0.897228 0.891935 0.880019 0.871709 0.881012 0.865395 0.882876 0.843364 0.896944 0.850572 0.896944 0.850572 0.908319 0.835433 0.920197 0.845641 0.897228 0.891935 0.909003 0.932357 0.885359 0.917581 0.874873 0.043858 0.912273 0.0277 0.912809 0.043086 0.86929 0.021472 0.909852 0.005802 0.912273 0.0277 0.912273 0.0277 0.909852 0.005802 0.945194 0.009597 0.94248 0.030493 0.945194 0.009597 0.962276 0.013676 0.365622 0.766755 0.388094 0.763579 0.389225 0.76994 0.388094 0.763579 0.399554 0.75708 0.403962 0.762378 0.334658 0.778087 0.365958 0.775585 0.368366 0.781395 0.308242 0.780199 0.305538 0.773787 0.334658 0.778087 0.305538 0.773787 0.278966 0.772413 0.284899 0.760577 0.241386 0.755705 0.244856 0.749731 0.278966 0.772413 0.215789 0.730402 0.220575 0.723731 0.244856 0.749731 0.368366 0.781395 0.365958 0.775585 0.389225 0.76994 0.391885 0.773574 0.389225 0.76994 0.403962 0.762378 0.247465 0.646561 0.256682 0.613599 0.364863 0.635171 0.188678 0.005346 0.188574 0.21695 0.103781 0.216905 0.762866 0.475798 0.792029 0.473591 0.790938 0.560275 0.061119 0.216883 0.059529 0.005272 0.103885 0.005301 0.380735 0.495376 0.379908 0.542818 0.258609 0.530443 0.372901 0.590028 0.260718 0.581951 0.258892 0.561509 0.2976 0.217007 0.240004 0.216977 0.240108 0.005373 0.240004 0.216977 0.188574 0.21695 0.188678 0.005346 0.727848 0.32863 0.748347 0.370903 0.727595 0.382139 0.738471 0.690713 0.72125 0.70418 0.701308 0.679333 0.714232 0.285947 0.723004 0.275579 0.740219 0.322749 0.796328 0.472088 0.80796 0.469065 0.80796 0.560647 0.74218 0.696602 0.763128 0.667819 0.772197 0.676475 0.791349 0.437231 0.772297 0.40589 0.780479 0.399849 0.772297 0.40589 0.751308 0.369265 0.760199 0.364221 0.730974 0.327157 0.740219 0.322749 0.760199 0.364221 0.763128 0.667819 0.7862 0.614711 0.799024 0.61843 0.794875 0.56021 0.80796 0.560647 0.799024 0.61843 0.822154 0.592196 0.84081 0.611841 0.827339 0.648933 0.826354 0.107407 0.846367 0.106608 0.855291 0.342426 0.798065 0.645073 0.827339 0.648933 0.814987 0.702654 0.931824 0.63374 0.912802 0.635379 0.9062 0.553446 0.814987 0.702654 0.809571 0.746427 0.787319 0.748102 0.837277 0.824385 0.88267 0.759698 0.899038 0.77198 0.88267 0.759698 0.809571 0.746427 0.814987 0.702654 0.712292 0.292088 0.714232 0.285947 0.730974 0.327157 0.792029 0.473591 0.796328 0.472088 0.794875 0.56021 0.738471 0.690713 0.759365 0.6641 0.763128 0.667819 0.785823 0.439296 0.768316 0.406853 0.772297 0.40589 0.768316 0.406853 0.748347 0.370903 0.751308 0.369265 0.748347 0.370903 0.727848 0.32863 0.730974 0.327157 0.759365 0.6641 0.782217 0.613681 0.7862 0.614711 0.790938 0.560275 0.794875 0.56021 0.7862 0.614711 0.736837 0.550758 0.716841 0.544929 0.711083 0.496175 0.716234 0.666485 0.697885 0.659787 0.710224 0.608515 0.710224 0.608515 0.716841 0.544929 0.736837 0.550758 0.748347 0.370903 0.768316 0.406853 0.745055 0.415747 0.782217 0.613681 0.755044 0.605107 0.76174 0.558916 0.690821 0.302438 0.712292 0.292088 0.727848 0.32863 0.785823 0.439296 0.792029 0.473591 0.762866 0.475798 0.759365 0.6641 0.735122 0.648313 0.755044 0.605107 0.926494 0.523259 0.925223 0.551807 0.9062 0.553446 0.382413 0.376379 0.392864 0.373446 0.395257 0.433531 0.387283 0.544099 0.395969 0.548109 0.38701 0.567465 0.338103 0.755815 0.358412 0.681627 0.363579 0.683274 0.382895 0.326253 0.371718 0.292933 0.375161 0.290347 0.387283 0.544099 0.385291 0.495504 0.394881 0.496347 0.385664 0.434756 0.395257 0.433531 0.394881 0.496347 0.378375 0.589243 0.384297 0.587922 0.374975 0.637395 0.370029 0.635842 0.374975 0.637395 0.363579 0.683274 0.229772 0.642999 0.247465 0.646561 0.229172 0.709733 0.260718 0.581951 0.256682 0.613599 0.241973 0.604465 0.256682 0.613599 0.247465 0.646561 0.229772 0.642999 0.250194 0.397015 0.375906 0.377391 0.381045 0.434642 0.375906 0.377391 0.250194 0.397015 0.252115 0.349277 0.260718 0.581951 0.372901 0.590028 0.364863 0.635171 0.353829 0.679993 0.333724 0.752671 0.229172 0.709733 0.381045 0.434642 0.380735 0.495376 0.258398 0.488338 0.218583 0.448326 0.233283 0.442275 0.229791 0.449065 0.2288 0.442001 0.244231 0.439687 0.245221 0.44675 0.874516 0.959733 0.86632 0.938619 0.893515 0.943811 0.957047 0.708979 0.958225 0.755087 0.945516 0.754414 0.415275 0.391898 0.407939 0.395943 0.403925 0.265304 0.411313 0.264101 0.403925 0.265304 0.404448 0.178645 0.468453 0.225549 0.439669 0.186568 0.446388 0.18258 0.451241 0.391899 0.415275 0.391898 0.411313 0.264101 0.412137 0.179749 0.439669 0.186568 0.468453 0.225549 0.451241 0.391899 0.453588 0.400135 0.417621 0.400135 0.416387 0.173051 0.443919 0.179869 0.439669 0.186568 0.758028 0.935424 0.741267 0.948901 0.737981 0.910749 0.75515 0.895633 0.737981 0.910749 0.734706 0.856812 0.413214 0.852948 0.457195 0.846729 0.458453 0.890948 0.394973 0.088671 0.402239 0.09247 0.402239 0.130594 0.437657 0.475231 0.431371 0.47127 0.433337 0.449327 0.427502 0.487474 0.411085 0.494421 0.410446 0.484971 0.440098 0.445344 0.433337 0.449327 0.424048 0.439835 0.428289 0.432765 0.424048 0.439835 0.412597 0.433466 0.437657 0.475231 0.427502 0.487474 0.423647 0.480179 0.431371 0.47127 0.427337 0.467347 0.42839 0.454195 0.236003 0.32619 0.240286 0.332521 0.240286 0.357313 0.431371 0.47127 0.423647 0.480179 0.421443 0.473462 0.424048 0.439835 0.421914 0.445941 0.414044 0.442321 0.423647 0.480179 0.410446 0.484971 0.412359 0.476059 0.433337 0.449327 0.42839 0.454195 0.421914 0.445941 0.427337 0.467347 0.421443 0.473462 0.41888 0.467844 0.421914 0.445941 0.419393 0.45156 0.413485 0.449956 0.421443 0.473462 0.412359 0.476059 0.412648 0.468462 0.42839 0.454195 0.423443 0.456083 0.419393 0.45156 0.42839 0.454195 0.427337 0.467347 0.422737 0.464451 0.374629 0.086805 0.380607 0.089533 0.380607 0.108581 0.419393 0.45156 0.41888 0.467844 0.412648 0.468462 0.423443 0.456083 0.422737 0.464451 0.41888 0.467844 0.223893 0.467318 0.202679 0.473841 0.199718 0.458477 0.196221 0.512002 0.19833 0.496911 0.219339 0.499599 0.199718 0.458477 0.202679 0.473841 0.187865 0.475196 0.2327 0.46167 0.223893 0.467318 0.219444 0.453197 0.177694 0.493262 0.189804 0.486727 0.19833 0.496911 0.247212 0.460938 0.2327 0.46167 0.229791 0.449065 0.242455 0.521721 0.216423 0.514952 0.219339 0.499599 0.173113 0.480112 0.187865 0.475196 0.189804 0.486727 0.246054 0.506831 0.219339 0.499599 0.232534 0.481017 0.247212 0.460938 0.247212 0.481743 0.232534 0.481017 0.232534 0.481017 0.219339 0.499599 0.223893 0.467318 0.219339 0.499599 0.19833 0.496911 0.202679 0.473841 0.202679 0.473841 0.19833 0.496911 0.189804 0.486727 0.007604 0.217381 0.00446 0.0057 0.059529 0.005272 0.297703 0.005403 0.332027 0.005421 0.331923 0.217025 0.379908 0.542818 0.377265 0.564752 0.258892 0.561509 0.738471 0.690713 0.716234 0.666485 0.735122 0.648313 0.720657 0.711233 0.74218 0.696602 0.749684 0.706501 0.791349 0.437231 0.802463 0.433614 0.80796 0.469065 0.72125 0.70418 0.738471 0.690713 0.74218 0.696602 0.785823 0.439296 0.791349 0.437231 0.796328 0.472088 0.736837 0.550758 0.735472 0.461161 0.762866 0.475798 0.735122 0.648313 0.716234 0.666485 0.730436 0.606309 0.730436 0.606309 0.736837 0.550758 0.76174 0.558916 0.785823 0.439296 0.759174 0.447725 0.745055 0.415747 0.381897 0.566051 0.38701 0.567465 0.384297 0.587922 0.382895 0.326253 0.388632 0.323792 0.392864 0.373446 0.229772 0.642999 0.205416 0.715938 0.187249 0.675509 0.258892 0.561509 0.241973 0.604465 0.221637 0.593203 0.241973 0.604465 0.229772 0.642999 0.207988 0.637964 0.36774 0.295056 0.377404 0.328579 0.252115 0.349277 0.899104 0.6701 0.930019 0.674345 0.91744 0.727912 0.91744 0.727912 0.899038 0.77198 0.88267 0.759698 0.912802 0.635379 0.931824 0.63374 0.930019 0.674345 0.827339 0.648933 0.84081 0.611841 0.912802 0.635379 0.887222 0.718021 0.814987 0.702654 0.827339 0.648933 0.836778 0.017562 0.845566 0.090065 0.819314 0.091322 0.656272 0.483319 0.623635 0.487238 0.624198 0.429757 0.658072 0.224274 0.668084 0.267826 0.642766 0.267183 0.691514 0.092667 0.690375 0.036262 0.744838 0.03543 0.584252 0.673778 0.527916 0.67857 0.532752 0.644726 0.646568 0.647023 0.584252 0.673778 0.588202 0.640583 0.384244 0.912023 0.428867 0.918348 0.408454 0.951393 0.328389 0.951192 0.408454 0.951393 0.40624 0.969323 0.486001 0.610801 0.484112 0.569837 0.525166 0.638702 0.632504 0.228716 0.633876 0.266049 0.612067 0.260288 0.60681 0.299626 0.612067 0.260288 0.633876 0.266049 0.563822 0.246963 0.555458 0.282653 0.521981 0.26721 0.579883 0.155909 0.523921 0.157672 0.522706 0.005735 0.523921 0.157672 0.477133 0.159038 0.482517 0.006081 0.826288 0.368104 0.875218 0.371676 0.87273 0.396717 0.913616 0.453084 0.911076 0.419939 0.956775 0.410768 0.671894 0.346416 0.63712 0.347903 0.640468 0.308717 0.591269 0.398155 0.589432 0.339488 0.623729 0.346059 0.563822 0.246963 0.533722 0.239264 0.547763 0.22401 0.563822 0.246963 0.562379 0.22237 0.572256 0.22567 0.578164 0.32852 0.546337 0.351603 0.555458 0.282653 0.555458 0.282653 0.546337 0.351603 0.502461 0.291573 0.591269 0.398155 0.555245 0.392189 0.555607 0.363029 0.660221 0.409965 0.625526 0.410994 0.63712 0.347903 0.592767 0.4907 0.590892 0.42389 0.624198 0.429757 0.582282 0.483254 0.525742 0.489534 0.538361 0.421202 0.60681 0.299626 0.63074 0.308017 0.623729 0.346059 0.668084 0.267826 0.671621 0.3082 0.640468 0.308717 0.601798 0.254198 0.594814 0.293641 0.555458 0.282653 0.649286 0.426631 0.660221 0.409965 0.676647 0.476311 0.527916 0.67857 0.584252 0.673778 0.585168 0.68796 0.671892 0.644375 0.688297 0.656358 0.650952 0.658782 0.584252 0.673778 0.646568 0.647023 0.650952 0.658782 0.472225 0.556117 0.475985 0.617757 0.462803 0.625301 0.527916 0.67857 0.527081 0.693868 0.462803 0.625301 0.649286 0.426631 0.624198 0.429757 0.625526 0.410994 0.590892 0.42389 0.592326 0.409938 0.625526 0.410994 0.5413 0.411623 0.546225 0.398458 0.592326 0.409938 0.492199 0.361225 0.487341 0.341498 0.546225 0.398458 0.826288 0.368104 0.824515 0.393436 0.816759 0.391712 0.878371 0.319582 0.872666 0.309351 0.908414 0.311003 0.821641 0.44606 0.813319 0.454199 0.816759 0.391712 0.946192 0.3614 0.952469 0.351871 0.965325 0.410179 0.961841 0.444422 0.956775 0.410768 0.965325 0.410179 0.865018 0.501698 0.90931 0.505443 0.914949 0.5133 0.870148 0.448905 0.87273 0.396717 0.911076 0.419939 0.87273 0.396717 0.875218 0.371676 0.898766 0.3732 0.898766 0.3732 0.946192 0.3614 0.956775 0.410768 0.821641 0.44606 0.824515 0.393436 0.87273 0.396717 0.870148 0.448905 0.913616 0.453084 0.90931 0.505443 0.898766 0.3732 0.875218 0.371676 0.878371 0.319582 0.456079 0.817102 0.405143 0.820058 0.424815 0.736632 0.168706 0.358436 0.168774 0.348875 0.335563 0.249658 0.168774 0.348875 0.022984 0.231229 0.314972 0.232911 0.022984 0.231229 0.005429 0.224869 0.31537 0.225135 0.31537 0.225135 0.346773 0.251319 0.335563 0.249658 0.022984 0.231229 0.168774 0.348875 0.168706 0.358436 0.654531 0.713099 0.654586 0.745503 0.634563 0.74534 0.654531 0.713099 0.660752 0.706397 0.662733 0.749696 0.02913 0.269204 0.049108 0.292023 0.040295 0.292293 0.629552 0.705469 0.660752 0.706397 0.654531 0.713099 0.178961 0.724687 0.210163 0.723751 0.204177 0.730925 0.177042 0.767979 0.178961 0.724687 0.185253 0.73133 0.204177 0.730925 0.210163 0.723751 0.213641 0.767979 0.040295 0.292293 0.019847 0.316117 0.00538 0.302482 -0.001639 0.298634 0.024293 0.269204 0.026585 0.278496 0.040295 0.292293 0.049108 0.292023 0.023071 0.324778 0.185253 0.73133 0.204177 0.730925 0.205205 0.763634 0.626137 0.749696 0.629552 0.705469 0.635615 0.712596 0.405143 0.820058 0.456079 0.817102 0.457144 0.825339 0.413214 0.852948 0.405514 0.828614 0.457144 0.825339 0.389023 0.2038 0.368884 0.217237 0.364327 0.158775 0.832278 0.891945 0.831805 0.852564 0.852258 0.852417 0.331923 0.217025 0.332027 0.005421 0.365347 0.083769 0.392864 0.373446 0.398634 0.37219 0.400773 0.433463 0.38701 0.567465 0.389723 0.569154 0.387904 0.588412 0.341007 0.76028 0.363579 0.683274 0.368055 0.684859 0.388632 0.323792 0.393724 0.321591 0.398634 0.37219 0.395969 0.548109 0.394881 0.496347 0.400218 0.496274 0.394881 0.496347 0.395257 0.433531 0.400773 0.433463 0.384297 0.587922 0.387904 0.588412 0.379389 0.638372 0.374975 0.637395 0.379389 0.638372 0.368055 0.684859 0.385664 0.434756 0.381045 0.434642 0.375906 0.377391 0.378375 0.589243 0.372901 0.590028 0.377265 0.564752 0.358412 0.681627 0.338103 0.755815 0.333724 0.752671 0.382413 0.376379 0.375906 0.377391 0.377404 0.328579 0.385291 0.495504 0.387283 0.544099 0.379908 0.542818 0.385664 0.434756 0.385291 0.495504 0.380735 0.495376 0.370029 0.635842 0.364863 0.635171 0.372901 0.590028 0.358412 0.681627 0.353829 0.679993 0.364863 0.635171 0.395969 0.548109 0.400768 0.549258 0.389723 0.569154 0.388632 0.323792 0.375161 0.290347 0.379017 0.288091 0.381897 0.566051 0.377265 0.564752 0.379908 0.542818 0.371718 0.292933 0.382895 0.326253 0.377404 0.328579 0.74963 0.096983 0.817883 0.099033 0.805832 0.12624 0.693251 0.101987 0.74963 0.096983 0.748982 0.123102 0.393713 0.222089 0.390209 0.230547 0.368884 0.217237 0.453097 0.682112 0.487544 0.704727 0.455718 0.744624 0.453097 0.682112 0.465082 0.638891 0.515723 0.692364 0.634384 0.071401 0.661077 0.045503 0.691514 0.092667 0.477133 0.159038 0.523921 0.157672 0.527882 0.200587 0.484112 0.569837 0.483015 0.437431 0.525742 0.489534 0.472737 0.428333 0.472225 0.556117 0.458251 0.54098 0.408454 0.951393 0.524572 0.956143 0.525005 0.974145 0.048879 0.39397 0.040837 0.438202 0.035308 0.436237 0.040837 0.438202 0.02473 0.544788 0.018765 0.544287 0.43041 0.910418 0.5346 0.926339 0.53247 0.934918 0.043153 0.393478 0.035308 0.436237 0.029869 0.434441 0.387512 0.905232 0.43041 0.910418 0.428867 0.918348 0.579883 0.155909 0.593817 0.188532 0.548142 0.19276 0.670109 0.627958 0.671892 0.644375 0.646568 0.647023 0.426856 0.004879 0.482517 0.006081 0.477133 0.159038 0.670109 0.627958 0.63196 0.635488 0.623635 0.487238 0.581295 0.002717 0.615886 0.002931 0.614371 0.156098 0.671892 0.644375 0.670109 0.627958 0.688057 0.626617 0.428867 0.918348 0.53247 0.934918 0.524572 0.956143 0.656272 0.483319 0.676647 0.476311 0.688057 0.626617 0.622451 0.177692 0.621028 0.17184 0.656444 0.171811 0.653994 0.20802 0.635623 0.207285 0.638985 0.201845 0.625957 0.182511 0.622451 0.177692 0.65582 0.176526 0.657723 0.151959 0.635504 0.154909 0.640343 0.150513 0.655167 0.1813 0.654662 0.186228 0.630806 0.186033 0.657529 0.157273 0.630197 0.157512 0.635504 0.154909 0.657265 0.162283 0.625383 0.160916 0.630197 0.157512 0.636126 0.189861 0.630806 0.186033 0.654662 0.186228 0.656924 0.167088 0.622077 0.1659 0.625383 0.160916 0.639114 0.195466 0.636126 0.189861 0.654473 0.19139 0.656444 0.171811 0.621028 0.17184 0.622077 0.1659 0.638985 0.201845 0.639114 0.195466 0.654577 0.196771 0.725407 0.179939 0.686583 0.177948 0.686973 0.172893 0.684437 0.208093 0.684795 0.202797 0.725116 0.206942 0.724577 0.185415 0.686188 0.182884 0.686583 0.177948 0.687983 0.151069 0.688027 0.145579 0.73026 0.1453 0.724577 0.185415 0.724192 0.19081 0.685812 0.187767 0.729836 0.157151 0.687857 0.156666 0.687983 0.151069 0.729003 0.162986 0.687641 0.162234 0.687857 0.156666 0.685464 0.19267 0.685812 0.187767 0.724192 0.19081 0.727845 0.168729 0.687339 0.167659 0.687641 0.162234 0.685129 0.197662 0.685464 0.19267 0.724239 0.196149 0.726565 0.174378 0.686973 0.172893 0.687339 0.167659 0.684795 0.202797 0.685129 0.197662 0.724608 0.201495 0.755607 0.182153 0.725407 0.179939 0.726565 0.174378 0.725557 0.212573 0.725116 0.206942 0.759598 0.207629 0.754401 0.187385 0.724577 0.185415 0.725407 0.179939 0.730249 0.151243 0.73026 0.1453 0.766578 0.152163 0.754401 0.187385 0.754441 0.19273 0.724192 0.19081 0.729836 0.157151 0.730249 0.151243 0.766607 0.157603 0.763419 0.167963 0.729003 0.162986 0.729836 0.157151 0.724239 0.196149 0.724192 0.19081 0.754441 0.19273 0.760669 0.172646 0.727845 0.168729 0.729003 0.162986 0.724608 0.201495 0.724239 0.196149 0.755591 0.197914 0.757861 0.177262 0.726565 0.174378 0.727845 0.168729 0.725116 0.206942 0.724608 0.201495 0.757487 0.202827 0.65582 0.176526 0.656444 0.171811 0.686973 0.172893 0.684437 0.208093 0.653994 0.20802 0.654521 0.20232 0.655167 0.1813 0.65582 0.176526 0.686583 0.177948 0.687983 0.151069 0.657723 0.151959 0.657791 0.146352 0.686188 0.182884 0.685812 0.187767 0.654662 0.186228 0.687857 0.156666 0.657529 0.157273 0.657723 0.151959 0.687641 0.162234 0.657265 0.162283 0.657529 0.157273 0.654473 0.19139 0.654662 0.186228 0.685812 0.187767 0.687339 0.167659 0.656924 0.167088 0.657265 0.162283 0.685129 0.197662 0.654577 0.196771 0.654473 0.19139 0.686973 0.172893 0.656444 0.171811 0.656924 0.167088 0.684795 0.202797 0.654521 0.20232 0.654577 0.196771 0.600744 0.631654 0.596208 0.634534 0.588152 0.596765 0.62231 0.59278 0.622957 0.598318 0.61758 0.595987 0.604105 0.625661 0.600744 0.631654 0.592644 0.595758 0.570304 0.602318 0.573584 0.616129 0.566624 0.60938 0.597252 0.595058 0.601987 0.594581 0.606894 0.617904 0.574977 0.600963 0.580057 0.623737 0.573584 0.616129 0.579418 0.599497 0.585681 0.629802 0.580057 0.623737 0.609568 0.608297 0.606894 0.617904 0.601987 0.594581 0.583763 0.598046 0.591146 0.634074 0.585681 0.629802 0.61311 0.600307 0.609568 0.608297 0.606876 0.594204 0.588152 0.596765 0.596208 0.634534 0.591146 0.634074 0.61758 0.595987 0.61311 0.600307 0.611948 0.593802 0.579533 0.528243 0.584983 0.561753 0.580236 0.562491 0.613411 0.558128 0.608469 0.559095 0.603752 0.521888 0.584678 0.527905 0.58965 0.561221 0.584983 0.561753 0.560256 0.567693 0.555214 0.569083 0.548866 0.531361 0.584678 0.527905 0.589504 0.526419 0.594279 0.560791 0.55912 0.53057 0.56534 0.566201 0.560256 0.567693 0.564226 0.530477 0.5704 0.564758 0.56534 0.566201 0.598928 0.560361 0.594279 0.560791 0.589504 0.526419 0.569344 0.530324 0.575375 0.563494 0.5704 0.564758 0.603645 0.559824 0.598928 0.560361 0.594224 0.524793 0.57448 0.529252 0.580236 0.562491 0.575375 0.563494 0.608469 0.559095 0.603645 0.559824 0.598941 0.523223 0.579533 0.528243 0.57448 0.529252 0.571541 0.50812 0.604741 0.499275 0.608692 0.520904 0.603752 0.521888 0.581333 0.506115 0.584678 0.527905 0.579533 0.528243 0.551471 0.508647 0.554002 0.530811 0.548866 0.531361 0.581333 0.506115 0.586244 0.504943 0.589504 0.526419 0.556989 0.511267 0.55912 0.53057 0.554002 0.530811 0.561976 0.510318 0.564226 0.530477 0.55912 0.53057 0.594224 0.524793 0.589504 0.526419 0.586244 0.504943 0.569344 0.530324 0.564226 0.530477 0.561976 0.510318 0.598941 0.523223 0.594224 0.524793 0.590875 0.503103 0.57448 0.529252 0.569344 0.530324 0.566764 0.50898 0.603752 0.521888 0.598941 0.523223 0.595161 0.500169 0.592644 0.595758 0.588152 0.596765 0.580236 0.562491 0.613411 0.558128 0.62231 0.59278 0.617153 0.593301 0.58965 0.561221 0.597252 0.595058 0.592644 0.595758 0.560256 0.567693 0.570304 0.602318 0.565289 0.603432 0.594279 0.560791 0.601987 0.594581 0.597252 0.595058 0.56534 0.566201 0.574977 0.600963 0.570304 0.602318 0.5704 0.564758 0.579418 0.599497 0.574977 0.600963 0.598928 0.560361 0.606876 0.594204 0.601987 0.594581 0.583763 0.598046 0.579418 0.599497 0.5704 0.564758 0.603645 0.559824 0.611948 0.593802 0.606876 0.594204 0.588152 0.596765 0.583763 0.598046 0.575375 0.563494 0.608469 0.559095 0.617153 0.593301 0.611948 0.593802 0.083569 0.847039 0.067988 0.86875 0.054575 0.829453 0.618043 0.222917 0.612067 0.260288 0.601798 0.254198 0.632504 0.228716 0.618043 0.222917 0.61463 0.214408 0.632504 0.228716 0.64114 0.222912 0.642766 0.267183 0.612067 0.260288 0.60681 0.299626 0.594814 0.293641 0.63074 0.308017 0.633876 0.266049 0.642766 0.267183 0.555607 0.363029 0.546337 0.351603 0.578164 0.32852 0.555607 0.363029 0.555245 0.392189 0.546225 0.398458 0.61298 0.395782 0.623729 0.346059 0.63712 0.347903 0.61298 0.395782 0.625526 0.410994 0.592326 0.409938 0.555245 0.392189 0.591269 0.398155 0.592326 0.409938 0.60681 0.299626 0.589432 0.339488 0.578164 0.32852 0.63074 0.308017 0.640468 0.308717 0.63712 0.347903 0.424815 0.736632 0.417241 0.734755 0.44602 0.677393 0.465082 0.638891 0.453097 0.682112 0.44602 0.677393 0.458453 0.890948 0.465742 0.898045 0.409107 0.899991 0.458453 0.890948 0.457195 0.846729 0.464135 0.846284 0.415625 0.892361 0.409107 0.899991 0.405068 0.857442 0.465082 0.638891 0.462803 0.625301 0.527081 0.693868 0.456079 0.817102 0.455718 0.744624 0.463552 0.74795 0.413214 0.852948 0.405068 0.857442 0.397737 0.830807 0.405143 0.820058 0.397071 0.81995 0.417241 0.734755 0.405514 0.828614 0.397737 0.830807 0.397071 0.81995 0.457144 0.825339 0.465344 0.825903 0.464135 0.846284 0.457144 0.825339 0.456079 0.817102 0.464069 0.816719 0.487544 0.704727 0.493281 0.710566 0.463552 0.74795 0.515723 0.692364 0.527081 0.693868 0.493281 0.710566 0.750152 0.087746 0.819314 0.091322 0.817883 0.099033 0.750152 0.087746 0.74963 0.096983 0.693251 0.101987 0.845566 0.090065 0.859524 0.096463 0.817883 0.099033 0.836778 0.017562 0.849056 0.007824 0.859524 0.096463 0.690375 0.036262 0.690138 0.028058 0.744209 0.026695 0.836778 0.017562 0.811025 0.018739 0.811551 0.009497 0.811025 0.018739 0.744838 0.03543 0.744209 0.026695 0.633743 0.118187 0.626251 0.128805 0.62658 0.067888 0.633743 0.118187 0.691514 0.092667 0.693251 0.101987 0.634384 0.071401 0.62658 0.067888 0.656766 0.038114 0.661077 0.045503 0.656766 0.038114 0.690138 0.028058 0.830919 0.343649 0.822331 0.353132 0.817883 0.099033 0.855291 0.342426 0.867635 0.351071 0.822331 0.353132 0.846367 0.106608 0.826354 0.107407 0.817883 0.099033 0.846367 0.106608 0.859524 0.096463 0.867635 0.351071 0.582282 0.483254 0.592767 0.4907 0.535714 0.498344 0.523493 0.660015 0.525166 0.638702 0.532752 0.644726 0.523493 0.660015 0.527916 0.67857 0.475985 0.617757 0.582475 0.430092 0.590892 0.42389 0.592767 0.4907 0.495513 0.376184 0.483015 0.437431 0.472737 0.428333 0.484112 0.569837 0.486001 0.610801 0.475985 0.617757 0.582475 0.430092 0.538361 0.421202 0.5413 0.411623 0.495513 0.376184 0.492199 0.361225 0.5413 0.411623 0.483015 0.437431 0.484112 0.569837 0.472225 0.556117 0.525166 0.638702 0.525742 0.489534 0.535714 0.498344 0.073853 0.307053 0.075854 0.308143 0.061641 0.335471 0.059956 0.334767 0.061641 0.335471 0.053182 0.358333 0.05145 0.357828 0.053182 0.358333 0.049843 0.375339 0.048879 0.39397 0.047916 0.375076 0.049843 0.375339 0.043016 0.43867 0.040837 0.438202 0.048879 0.39397 0.02473 0.544788 0.027177 0.544606 0.024673 0.63357 0.024673 0.63357 0.031973 0.686594 0.029663 0.687032 0.038429 0.722625 0.029663 0.687032 0.031973 0.686594 0.066106 0.808339 0.038429 0.722625 0.040918 0.721936 0.027177 0.544606 0.02473 0.544788 0.040837 0.438202 0.121715 0.951115 0.123982 0.957184 0.086262 0.962587 0.145717 0.936682 0.151654 0.939639 0.123982 0.957184 0.086262 0.962587 0.042746 0.955105 0.043801 0.952961 0.046897 0.54754 0.043369 0.636195 0.024673 0.63357 0.061641 0.335471 0.075854 0.308143 0.090361 0.316933 0.149667 0.35215 0.130594 0.392473 0.100568 0.377304 0.053182 0.358333 0.061641 0.335471 0.073131 0.351611 0.095595 0.393518 0.091584 0.383027 0.100568 0.377304 0.046897 0.54754 0.027177 0.544606 0.043016 0.43867 0.065544 0.440931 0.043016 0.43867 0.051636 0.394112 0.080741 0.757914 0.084507 0.725732 0.097001 0.738056 0.144046 0.830522 0.114849 0.817189 0.131135 0.785538 0.086114 0.958634 0.043801 0.952961 0.070503 0.953733 0.086114 0.958634 0.085613 0.956779 0.120242 0.949478 0.121715 0.951115 0.120242 0.949478 0.14366 0.935583 0.097106 0.765475 0.097001 0.738056 0.144704 0.751684 0.100947 0.690808 0.084507 0.725732 0.064969 0.704923 0.709722 0.929513 0.693131 0.925424 0.696754 0.903206 0.655293 0.984414 0.671262 0.965457 0.672688 0.980545 0.608584 0.699564 0.605187 0.703682 0.605187 0.694071 0.608584 0.699564 0.640088 0.687626 0.639173 0.69085 0.608307 0.69558 0.605187 0.694071 0.637714 0.670117 0.662736 0.68836 0.666404 0.691129 0.639173 0.69085 0.662268 0.67597 0.638159 0.673398 0.637714 0.670117 0.662736 0.68836 0.662268 0.67597 0.665175 0.67317 0.668557 0.676991 0.665175 0.67317 0.696002 0.677097 0.693303 0.686671 0.692919 0.68009 0.696002 0.677097 0.693303 0.686671 0.696748 0.689847 0.666404 0.691129 0.668557 0.676991 0.668946 0.687996 0.666404 0.691129 0.712119 0.244369 0.680383 0.249852 0.680423 0.245587 0.734587 0.241796 0.730673 0.253727 0.712119 0.244369 0.229634 0.410405 0.229681 0.416997 0.20526 0.416997 0.229681 0.416997 0.240783 0.428407 0.216362 0.428407 0.706734 0.220163 0.714196 0.23054 0.680423 0.245587 0.189807 0.406441 0.205453 0.405972 0.20526 0.416997 0.712463 0.256986 0.712119 0.244369 0.730673 0.253727 0.734587 0.241796 0.714196 0.23054 0.724694 0.223373 0.730673 0.253727 0.734587 0.241796 0.749238 0.248221 0.218153 0.396511 0.242334 0.400944 0.229634 0.410405 0.623798 0.842029 0.483337 0.844434 0.54301 0.820703 0.104938 0.542935 0.100947 0.690808 0.06599 0.638747 0.121987 0.335923 0.100568 0.377304 0.089467 0.369651 0.051636 0.394112 0.049843 0.375339 0.069719 0.380487 0.069719 0.380487 0.049843 0.375339 0.073131 0.351611 0.104938 0.542935 0.072067 0.54607 0.094949 0.444045 0.094949 0.444045 0.095595 0.393518 0.130594 0.392473 0.079314 0.79238 0.080741 0.757914 0.097106 0.765475 0.163744 0.782561 0.135876 0.774231 0.144704 0.751684 0.055059 0.724454 0.048059 0.697242 0.064969 0.704923 0.131135 0.785538 0.097051 0.792009 0.097106 0.765475 0.06599 0.638747 0.064969 0.704923 0.048059 0.697242 0.055059 0.724454 0.067719 0.72844 0.080741 0.757914 0.06599 0.638747 0.043369 0.636195 0.046897 0.54754 0.072067 0.54607 0.046897 0.54754 0.065544 0.440931 0.094949 0.444045 0.065544 0.440931 0.070474 0.395454 0.158635 0.797222 0.131135 0.785538 0.135876 0.774231 0.110826 0.32933 0.089467 0.369651 0.073131 0.351611 0.070474 0.395454 0.069719 0.380487 0.091584 0.383027 0.091584 0.383027 0.069719 0.380487 0.089467 0.369651 0.097051 0.792009 0.105209 0.81377 0.094804 0.821332 0.040918 0.721936 0.031973 0.686594 0.048059 0.697242 0.114849 0.817189 0.105209 0.81377 0.097051 0.792009 0.043369 0.636195 0.048059 0.697242 0.031973 0.686594 0.040918 0.721936 0.055059 0.724454 0.079314 0.79238 0.068453 0.807767 0.079314 0.79238 0.094804 0.821332 0.570764 0.952453 0.549259 0.951418 0.552474 0.931418 0.615959 0.947363 0.591595 0.944195 0.592779 0.936568 0.638277 0.967944 0.640178 0.954962 0.651106 0.961681 0.57279 0.932655 0.552474 0.931418 0.552606 0.925795 0.671262 0.965457 0.644193 0.947187 0.649758 0.931925 0.592779 0.936568 0.593054 0.924071 0.619656 0.926416 0.693131 0.925424 0.684222 0.942884 0.682662 0.903502 0.697342 0.977785 0.684222 0.942884 0.700562 0.946681 0.700562 0.946681 0.684222 0.942884 0.693131 0.925424 0.697342 0.977785 0.691723 0.984785 0.683667 0.975994 0.138141 0.8452 0.134241 0.854972 0.112401 0.84612 0.672688 0.980545 0.671262 0.965457 0.683667 0.975994 0.138141 0.8452 0.1092 0.832479 0.114849 0.817189 0.222835 0.533425 0.194648 0.644532 0.151058 0.63216 0.138642 0.447495 0.177389 0.441526 0.141692 0.507889 0.179177 0.521556 0.151058 0.63216 0.104938 0.542935 0.172606 0.714219 0.170905 0.754561 0.144704 0.751684 0.137835 0.70794 0.144704 0.751684 0.097001 0.738056 0.151058 0.63216 0.11286 0.697524 0.100947 0.690808 0.11286 0.697524 0.097001 0.738056 0.084507 0.725732 0.149667 0.35215 0.19995 0.381331 0.17957 0.414977 0.924921 0.231058 0.926172 0.263818 0.912185 0.259948 0.923302 0.202543 0.924921 0.231058 0.902093 0.229402 0.924921 0.231058 0.923302 0.202543 0.966894 0.204624 0.926172 0.263818 0.924921 0.231058 0.963286 0.23676 0.649758 0.931925 0.619656 0.926416 0.621147 0.906527 0.640178 0.954962 0.615959 0.947363 0.617622 0.93966 0.644193 0.947187 0.617622 0.93966 0.619656 0.926416 0.58313 0.913099 0.57121 0.91323 0.570565 0.903206 0.582583 0.956318 0.582635 0.943481 0.591595 0.944195 0.57279 0.932655 0.573076 0.924878 0.593054 0.924071 0.680813 0.983237 0.683667 0.975994 0.691723 0.984785 0.695263 0.419726 0.694823 0.434285 0.688476 0.430368 0.794754 0.814027 0.800158 0.812634 0.80167 0.828567 0.695835 0.404897 0.696503 0.388433 0.702731 0.390579 0.771404 0.794728 0.771404 0.766558 0.783857 0.768288 0.675631 0.419977 0.689296 0.41681 0.688476 0.430368 0.794754 0.814027 0.795322 0.831283 0.789504 0.830563 0.789246 0.813922 0.789504 0.830563 0.783456 0.827358 0.707783 0.406992 0.701773 0.406816 0.702731 0.390579 0.696503 0.388433 0.695835 0.404897 0.689735 0.402355 0.695835 0.404897 0.695263 0.419726 0.689296 0.41681 0.796169 0.778117 0.803465 0.768135 0.80059 0.795094 0.795082 0.796138 0.80059 0.795094 0.800158 0.812634 0.694823 0.434285 0.695263 0.419726 0.701103 0.421443 0.695263 0.419726 0.695835 0.404897 0.701773 0.406816 0.783456 0.827358 0.771423 0.829057 0.771935 0.812831 0.771935 0.812831 0.771404 0.794728 0.783872 0.795367 0.678262 0.379508 0.691887 0.376441 0.689735 0.402355 0.676132 0.40559 0.689735 0.402355 0.689296 0.41681 0.790273 0.778734 0.796169 0.778117 0.795082 0.796138 0.789248 0.796383 0.795082 0.796138 0.794754 0.814027 0.790273 0.778734 0.789248 0.796383 0.783872 0.795367 0.789248 0.796383 0.789246 0.813922 0.784085 0.812458 0.708146 0.434622 0.700929 0.436218 0.701103 0.421443 0.707088 0.420778 0.701103 0.421443 0.701773 0.406816 0.589793 0.958439 0.591595 0.944195 0.615959 0.947363 0.651106 0.961681 0.640178 0.954962 0.644193 0.947187 0.614852 0.960611 0.615959 0.947363 0.640178 0.954962 0.582635 0.943481 0.57279 0.932655 0.592779 0.936568 0.570565 0.903206 0.57121 0.91323 0.550707 0.913997 0.593392 0.904982 0.593054 0.924071 0.58313 0.913099 0.573076 0.924878 0.57121 0.91323 0.58313 0.913099 0.186204 0.791204 0.180662 0.793532 0.183547 0.774272 0.15533 0.678113 0.151956 0.683872 0.144567 0.667186 0.182984 0.660349 0.15533 0.678113 0.150737 0.667652 0.187925 0.777385 0.212843 0.77789 0.212855 0.791175 0.172624 0.646868 0.176991 0.649505 0.150737 0.667652 0.186204 0.791204 0.212855 0.791175 0.210862 0.795763 0.210435 0.773422 0.212843 0.77789 0.187925 0.777385 0.182984 0.665825 0.155329 0.684847 0.15533 0.678113 0.550707 0.913997 0.552606 0.925795 0.547759 0.928237 0.018583 0.736091 0.036961 0.743656 0.018568 0.747722 0.022323 0.759387 0.021146 0.754587 0.021885 0.752676 0.015349 0.76109 0.015349 0.752655 0.020095 0.754241 0.020892 0.759658 0.026915 0.770357 0.02047 0.772778 0.021235 0.75206 0.018568 0.747722 0.036961 0.743656 0.018568 0.747722 0.021235 0.75206 0.020095 0.754241 0.035193 0.789458 0.03584 0.795452 0.016301 0.79548 0.01625 0.789462 0.016094 0.77883 0.034547 0.780216 0.01628 0.79915 0.035775 0.799122 0.034602 0.812001 0.035775 0.799122 0.01628 0.79915 0.016301 0.79548 0.983267 0.886142 0.981762 0.925934 0.978113 0.926703 0.979765 0.88558 0.978113 0.926703 0.973959 0.927168 0.975937 0.885579 0.973959 0.927168 0.969706 0.926736 0.969706 0.926736 0.965916 0.925758 0.968334 0.885494 0.968334 0.885494 0.965916 0.925758 0.96244 0.924878 0.96244 0.924878 0.959008 0.924471 0.960792 0.885364 0.96244 0.924878 0.962322 0.935309 0.959075 0.935311 0.985124 0.925412 0.981762 0.925934 0.983267 0.886142 0.959008 0.924471 0.955532 0.924681 0.957031 0.885304 0.969593 0.934938 0.973775 0.934549 0.97364 0.948036 0.959008 0.924471 0.959075 0.935311 0.955816 0.93525 0.981762 0.925934 0.985124 0.925412 0.984386 0.93428 0.973959 0.927168 0.978113 0.926703 0.977834 0.934241 0.973959 0.927168 0.973775 0.934549 0.969593 0.934938 0.978113 0.926703 0.981762 0.925934 0.981355 0.934169 0.969706 0.926736 0.969593 0.934938 0.965757 0.935205 0.965916 0.925758 0.965757 0.935205 0.962322 0.935309 0.969719 0.948342 0.971585 0.967338 0.968201 0.968528 0.962322 0.935309 0.962704 0.948704 0.959358 0.948929 0.973775 0.934549 0.977834 0.934241 0.977545 0.94766 0.965757 0.935205 0.966099 0.948549 0.962704 0.948704 0.981355 0.934169 0.984386 0.93428 0.98431 0.946944 0.977834 0.934241 0.981355 0.934169 0.981091 0.947278 0.965757 0.935205 0.969593 0.934938 0.969719 0.948342 0.959075 0.935311 0.959358 0.948929 0.956003 0.949254 0.959358 0.948929 0.961139 0.970237 0.957557 0.970159 0.969719 0.948342 0.97364 0.948036 0.974992 0.966447 0.962704 0.948704 0.964732 0.969606 0.961139 0.970237 0.97364 0.948036 0.977545 0.94766 0.978425 0.966124 0.966099 0.948549 0.968201 0.968528 0.964732 0.969606 0.981091 0.947278 0.98431 0.946944 0.985183 0.966719 0.977545 0.94766 0.981091 0.947278 0.981822 0.966324 0.021146 0.754587 0.022323 0.759387 0.020892 0.759658 0.021885 0.752676 0.021235 0.75206 0.037985 0.750908 0.021885 0.752676 0.021146 0.754587 0.020095 0.754241 0.022323 0.759387 0.029493 0.767781 0.026915 0.770357 0.380468 0.075722 0.368987 0.005273 0.4099 0.006661 0.84852 0.848942 0.812473 0.826331 0.837277 0.824385 0.922803 0.813296 0.960334 0.81321 0.936372 0.831802 0.433354 0.641071 0.423235 0.689659 0.406092 0.683082 0.443334 0.560429 0.433354 0.641071 0.414015 0.635504 0.451778 0.561299 0.44286 0.643472 0.433354 0.641071 0.44286 0.643472 0.432352 0.693357 0.423235 0.689659 0.405054 0.553858 0.422188 0.555497 0.414015 0.635504 0.396863 0.634494 0.414015 0.635504 0.406092 0.683082 0.433112 0.541737 0.448691 0.553696 0.443334 0.560429 0.541939 0.954378 0.524572 0.956143 0.53247 0.934918 0.406092 0.683082 0.423235 0.689659 0.424582 0.699634 0.176628 0.898132 0.176701 0.867659 0.194074 0.878393 0.194074 0.878393 0.176701 0.867659 0.178184 0.866124 0.54105 0.934042 0.541732 0.933946 0.54256 0.954266 0.492199 0.361225 0.472737 0.428333 0.461666 0.418702 0.487341 0.341498 0.502169 0.292798 0.546337 0.351603 0.016225 0.633279 0.023827 0.687926 0.017795 0.688199 0.016225 0.633279 0.010355 0.633638 0.012631 0.545709 0.753662 0.742559 0.742215 0.770286 0.736078 0.766543 0.711082 0.845053 0.739959 0.77144 0.733714 0.798697 0.733714 0.798697 0.742215 0.770286 0.74861 0.772964 0.409107 0.899991 0.397373 0.901141 0.393713 0.868687 0.951696 0.76031 0.936652 0.767595 0.936652 0.76038 0.756231 0.74479 0.74861 0.772964 0.742215 0.770286 0.386574 0.835933 0.397737 0.830807 0.405068 0.857442 0.392378 0.819056 0.397071 0.81995 0.397737 0.830807 0.184001 0.815983 0.346624 0.789501 0.343628 0.800579 0.536833 0.814007 0.54301 0.820703 0.483337 0.844434 0.576315 0.797682 0.582759 0.804149 0.54301 0.820703 0.629084 0.814539 0.620926 0.822883 0.617635 0.821607 0.620926 0.822883 0.621012 0.831271 0.617445 0.832377 0.617635 0.821607 0.582759 0.804149 0.618657 0.788369 0.617445 0.832377 0.54301 0.820703 0.582759 0.804149 0.711082 0.845053 0.620926 0.822883 0.629084 0.814539 0.983267 0.886142 0.979765 0.88558 0.978663 0.881921 0.983267 0.886142 0.980373 0.878591 0.983911 0.877364 0.988439 0.882338 0.986776 0.885626 0.983911 0.877364</float_array>
          <technique_common>
            <accessor source="#Cube_048-mesh-map-0-array" count="10854" stride="2">
              <param name="S" type="float" />
              <param name="T" type="float" />
            </accessor>
          </technique_common>
        </source>
        <source id="Cube_048-mesh-colors-Col" name="Col">
          <float_array id="Cube_048-mesh-colors-Col-array" count="32562">0 0 0 0 0 0 0 0 0 0 0 0 0 0 0 0 0 0 0 0 0 0 0 0 0 0 0 0 0 0 0 0 0 0 0 0 0 0 0 0 0 0 0 0 0 0 0 0 0 0 0 0 0 0 0 0 0 0 0 0 0 0 0 0 0 0 0 0 0 0 0 0 0 0 0 0 0 0 0 0 0 0 0 0 0 0 0 0 0 0 0 0 0 0 0 0 0 0 0 0 0 0 0 0 0 0 0 0 0 0 0 0 0 0 0 0 0 0 0 0 0 0 0 0 0 0 0 0 0 0 0 0 0 0 0 0 0 0 0 0 0 0 0 0 0 0 0 0 0 0 0 0 0 0 0 0 0 0 0 0 0 0 0 0 0 0 0 0 0 0 0 0 0 0 0 0 0 0 0 0 0 0 0 0 0 0 0 0 0 0 0 0 0 0 0 0 0 0 0 0 0 0 0 0 0 0 0 0 0 0 0 0 0 0 0 0 0 0 0 0 0 0 0 0 0 0 0 0 0 0 0 0 0 0 0 0 0 0 0 0 0 0 0 0 0 0 0 0 0 0 0 0 0 0 0 0 0 0 0 0 0 0 0 0 0 0 0 0 0 0 0 0 0 0 0 0 0 0 0 0 0 0 0 0 0 0 0 0 0 0 0 0 0 0 0 0 0 0 0 0 0 0 0 0 0 0 0 0 0 0 0 0 0 0 0 0 0 0 0 0 0 0 0 0 0 0 0 0 0 0 0 0 0 0 0 0 0 0 0 0 0 0 0 0 0 0 0 0 0 0 0 0 0 0 0 0 0 0 0 0 0 0 0 0 0 0 0 0 0 0 0 0 0 0 0 0 0 0 0 0 0 0 0 0 0 0 0 0 0 0 0 0 0 0 0 0 0 0 0 0 0 0 0 0 0 0 0 0 0 0 0 0 0 0 0 0 0 0 0 0 0 0 0 0 0 0 0 0 0 0 0 0 0 0 0 0 0 0 0 0 0 0 0 0 0 0 0 0 0 0 0 0 0 0 0 0 0 0 0 0 0 0 0 0 0 0 0 0 0 0 0 0 0 0 0 0 0 0 0 0 0 0 0 0 0 0 0 0 0 0 0 0 0 0 0 0 0 0 0 0 0 0 0 0 0 0 0 0 0 0 0 0 0 0 0 0 0 0 0 0 0 0 0 0 0 0 0 0 0 0 0 0 0 0 0 0 0 0 0 0 0 0 0 0 0 0 0 0 0 0 0 0 0 0 0 0 0 0 0 0 0 0 0 0 0 0 0 0 0 0 0 0 0 0 0 0 0 0 0 0 0 0 0 0 0 0 0 0 0 0 0 0 0 0 0 0 0 0 0 0 0 0 0 0 0 0 0 0 0 0 0 0 0 0 0 0 0 0 0 0 0 0 0 0 0 0 0 0 0 0 0 0 0 0 0 0 0 0 0 0 0 0 0 0 0 0 0 0 0 0 0 0 0 0 0 0 0 0 0 0 0 0 0 0 0 0 0 0 0 0 0 0 0 0 0 0 0 0 0 0 0 0 0 0 0 0 0 0 0 0 0 0 0 0 0 0 0 0 0 0 0 0 0 0 0 0 0 0 0 0 0 0 0 0 0 0 0 0 0 0 0 0 0 0 0 0 0 0 0 0 0 0 0 0 0 0 0 0 0 0 0 0 0 0 0 0 0 0 0 0 0 0 0 0 0 0 0 0 0 0 0 0 0 0 0 0 0 0 0 0 0 0 0 0 0 0 0 0 0 0 0 0 0 0 0 0 0 0 0 0 0 0 0 0 0 0 0 0 0 0 0 0 0 0 0 0 0 0 0 0 0 0 0 0 0 0 0 0 0 0 0 0 0 0 0 0 0 0 0 0 0 0 0 0 0 0 0 0 0 0 0 0 0 0 0 0 0 0 0 0 0 0 0 0 0 0 0 0 0 0 0 0 0 0 0 0 0 0 0 0 0 0 0 0 0 0 0 0 0 0 0 0 0 0 0 0 0 0 0 0 0 0 0 0 0 0 0 0 0 0 0 0 0 0 0 0 0 0 0 0 0 0 0 0 0 0 0 0 0 0 0 0 0 0 0 0 0 0 0 0 0 0 0 0 0 0 0 0 0 0 0 0 0 0 0 0 0 0 0 0 0 0 0 0 0 0 0 0 0 0 0 0 0 0 0 0 0 0 0 0 0 0 0 0 0 0 0 0 0 0 0 0 0 0 0 0 0 0 0 0 0 0 0 0 0 0 0 0 0 0 0 0 0 0 0 0 0 0 0 0 0 0 0 0 0 0 0 0 0 0 0 0 0 0 0 0 0 0 0 0 0 0 0 0 0 0 0 0 0 0 0 0 0 0 0 0 0 0 0 0 0 0 0 0 0 0 0 0 0 0 0 0 0 0 0 0 0 0 0 0 0 0 0 0 0 0 0 0 0 0 0 0 0 0 0 0 0 0 0 0 0 0 0 0 0 0 0 0 0 0 0 0 0 0 0 0 0 0 0 0 0 0 0 0 0 0 0 0 0 0 0 0 0 0 0 0 0 0 0 0 0 0 0 0 0 0 0 0 0 0 0 0 0 0 0 0 0 0 0 0 0 0 0 0 0 0 0 0 0 0 0 0 0 0 0 0 0 0 0 0 0 0 0 0 0 0 0 0 0 0 0 0 0 0 0 0 0 0 0 0 0 0 0 0 0 0 0 0 0 0 0 0 0 0 0 0 0 0 0 0 0 0 0 0 0 0 0 0 0 0 0 0 0 0 0 0 0 0 0 0 0 0 0 0 0 0 0 0 0 0 0 0 0 0 0 0 0 0 0 0 0 0 0 0 0 0 0 0 0 0 0 0 0 0 0 0 0 0 0 0 0 0 0 0 0 0 0 0 0 0 0 0 0 0 0 0 0 0 0 0 0 0 0 0 0 0 0 0 0 0 0 0 0 0 0 0 0 0 0 0 0 0 0 0 0 0 0 0 0 0 0 0 0 0 0 0 0 0 0 0 0 0 0 0 0 0 0 0 0 0 0 0 0 0 0 0 0 0 0 0 0 0 0 0 0 0 0 0 0 0 0 0 0 0 0 0 0 0 0 0 0 0 0 0 0 0 0 0 0 0 0 0 0 0 0 0 0 0 0 0 0 0 0 0 0 0 0 0 0 0 0 0 0 0 0 0 0 0 0 0 0 0 0 0 0 0 0 0 0 0 0 0 0 0 0 0 0 0 0 0 0 0 0 0 0 0 0 0 0 0 0 0 0 0 0 0 0 0 0 0 0 0 0 0 0 0 0 0 0 0 0 0 0 0 0 0 0 0 0 0 0 0 0 0 0 0 0 0 0 0 0 0 0 0 0 0 0 0 0 0 0 0 0 0 0 0 0 0 0 0 0 0 0 0 0 0 0 0 0 0 0 0 0 0 0 0 0 0 0 0 0 0 0 0 0 0 0 0 0 0 0 0 0 0 0 0 0 0 0 0 0 0 0 0 0 0 0 0 0 0 0 0 0 0 0 0 0 0 0 0 0 0 0 0 0 0 0 0 0 0 0 0 0 0 0 0 0 0 0 0 0 0 0 0 0 0 0 0 0 0 0 0 0 0 0 0 0 0 0 0 0 0 0 0 0 0 0 0 0 0 0 0 0 0 0 0 0 0 0 0 0 0 0 0 0 0 0 0 0 0 0 0 0 0 0 0 0 0 0 0 0 0 0 0 0 0 0 0 0 0 0 0 0 0 0 0 0 0 0 0 0 0 0 0 0 0 0 0 0 0 0 0 0 0 0 0 0 0 0 0 0 0 0 0 0 0 0 0 0 0 0 0 0 0 0 0 0 0 0 0 0 0 0 0 0 0 0 0 0 0 0 0 0 0 0 0 0 0 0 0 0 0 0 0 0 0 0 0 0 0 0 0 0 0 0 0 0 0 0 0 0 0 0 0 0 0 0 0 0 0 0 0 0 0 0 0 0 0 0 0 0 0 0 0 0 0 0 0 0 0 0 0 0 0 0 0 0 0 0 0 0 0 0 0 0 0 0 0 0 0 0 0 0 0 0 0 0 0 0 0 0 0 0 0 0 0 0 0 0 0 0 0 0 0 0 0 0 0 0 0 0 0 0 0 0 0 0 0 0 0 0 0 0 0 0 0 0 0 0 0 0 0 0 0 0 0 0 0 0 0 0 0 0 0 0 0 0 0 0 0 0 0 0 0 0 0 0 0 0 0 0 0 0 0 0 0 0 0 0 0 0 0 0 0 0 0 0 0 0 0 0 0 0 0 0 0 0 0 0 0 0 0 0 0 0 0 0 0 0 0 0 0 0 0 0 0 0 0 0 0 0 0 0 0 0 0 0 0 0 0 0 0 0 0 0 0 0 0 0 0 0 0 0 0 0 0 0 0 0 0 0 0 0 0 0 0 0 0 0 0 0 0 0 0 0 0 0 0 0 0 0 0 0 0 0 0 0 0 0 0 0 0 0 0 0 0 0 0 0 0 0 0 0 0 0 0 0 0 0 0 0 0 0 0 0 0 0 0 0 0 0 0 0 0 0 0 0 0 0 0 0 0 0 0 0 0 0 0 0 0 0 0 0 0 0 0 0 0 0 0 0 0 0 0 0 0 0 0 0 0 0 0 0 0 0 0 0 0 0 0 0 0 0 0 0 0 0 0 0 0 0 0 0 0 0 0 0 0 0 0 0 0 0 0 0 0 0 0 0 0 0 0 0 0 0 0 0 0 0 0 0 0 0 0 0 0 0 0 0 0 0 0 0 0 0 0 0 0 0 0 0 0 0 0 0 0 0 0 0 0 0 0 0 0 0 0 0 0 0 0 0 0 0 0 0 0 0 0 0 0 0 0 0 0 0 0 0 0 0 0 0 0 0 0 0 0 0 0 0 0 0 0 0 0 0 0 0 0 0 0 0 0 0 0 0 0 0 0 0 0 0 0 0 0 0 0 0 0 0 0 0 0 0 0 0 0 0 0 0 0 0 0 0 0 0 0 0 0 0 0 0 0 0 0 0 0 0 0 0 0 0 0 0 0 0 0 0 0 0 0 0 0 0 0 0 0 0 0 0 0 0 0 0 0 0 0 0 0 0 0 0 0 0 0 0 0 0 0 0 0 0 0 0 0 0 0 0 0 0 0 0 0 0 0 0 0 0 0 0 0 0 0 0 0 0 0 0 0 0 0 0 0 0 0 0 0 0 0 0 0 0 0 0 0 0 0 0 0 0 0 0 0 0 0 0 0 0 0 0 0 0 0 0 0 0 0 0 0 0 0 0 0 0 0 0 0 0 0 0 0 0 0 0 0 0 0 0 0 0 0 0 0 0 0 0 0 0 0 0 0 0 0 0 0 0 0 0 0 0 0 0 0 0 0 0 0 0 0 0 0 0 0 0 0 0 0 0 0 0 0 0 0 0 0 0 0 0 0 0 0 0 0 0 0 0 0 0 0 0 0 0 0 0 0 0 0 0 0 0 0 0 0 0 0 0 0 0 0 0 0 0 0 0 0 0 0 0 0 0 0 0 0 0 0 0 0 0 0 0 0 0 0 0 0 0 0 0 0 0 0 0 0 0 0 0 0 0 0 0 0 0 0 0 0 0 0 0 0 0 0 0 0 0 0 0 0 0 0 0 0 0 0 0 0 0 0 0 0 0 0 0 0 0 0 0 0 0 0 0 0 0 0 0 0 0 0 0 0 0 0 0 0 0 0 0 0 0 0 0 0 0 0 0 0 0 0 0 0 0 0 0 0 0 0 0 0 0 0 0 0 0 0 0 0 0 0 0 0 0 0 0 0 0 0 0 0 0 0 0 0 0 0 0 0 0 0 0 0 0 0 0 0 0 0 0 0 0 0 0 0 0 0 0 0 0 0 0 0 0 0 0 0 0 0 0 0 0 0 0 0 0 0 0 0 0 0 0 0 0 0 0 0 0 0 0 0 0 0 0 0 0 0 0 0 0 0 0 0 0 0 0 0 0 0 0 0 0 0 0 0 0 0 0 0 0 0 0 0 0 0 0 0 0 0 0 0 0 0 0 0 0 0 0 0 0 0 0 0 0 0 0 0 0 0 0 0 0 0 0 0 0 0 0 0 0 0 0 0 0 0 0 0 0 0 0 0 0 0 0 0 0 0 0 0 0 0 0 0 0 0 0 0 0 0 0 0 0 0 0 0 0 0 0 0 0 0 0 0 0 0 0 0 0 0 0 0 0 0 0 0 0 0 0 0 0 0 0 0 0 0 0 0 0 0 0 0 0 0 0 0 0 0 0 0 0 0 0 0 0 0 0 0 0 0 0 0 0 0 0 0 0 0 0 0 0 0 0 0 0 0 0 0 0 0 0 0 0 0 0 0 0 0 0 0 0 0 0 0 0 0 0 0 0 0 0 0 0 0 0 0 0 0 0 0 0 0 0 0 0 0 0 0 0 0 0 0 0 0 0 0 0 0 0 0 0 0 0 0 0 0 0 0 0 0 0 0 0 0 0 0 0 0 0 0 0 0 0 0 0 0 0 0 0 0 0 0 0 0 0 0 0 0 0 0 0 0 0 0 0 0 0 0 0 0 0 0 0 0 0 0 0 0 0 0 0 0 0 0 0 0 0 0 0 0 0 0 0 0 0 0 0 0 0 0 0 0 0 0 0 0 0 0 0 0 0 0 0 0 0 0 0 0 0 0 0 0 0 0 0 0 0 0 0 0 0 0 0 0 0 0 0 0 0 0 0 0 0 0 0 0 0 0 0 0 0 0 0 0 0 0 0 0 0 0 0 0 0 0 0 0 0 0 0 0 0 0 0 0 0 0 0 0 0 0 0 0 0 0 0 0 0 0 0 0 0 0 0 0 0 0 0 0 0 0 0 0 0 0 0 0 0 0 0 0 0 0 0 0 0 0 0 0 0 0 0 0 0 0 0 0 0 0 0 0 0 0 0 0 0 0 0 0 0 0 0 0 0 0 0 0 0 0 0 0 0 0 0 0 0 0 0 0 0 0 0 0 0 0 0 0 0 0 0 0 0 0 0 0 0 0 0 0 0 0 0 0 0 0 0 0 0 0 0 0 0 0 0 0 0 0 0 0 0 0 0 0 0 0 0 0 0 0 0 0 0 0 0 0 0 0 0 0 0 0 0 0 0 0 0 0 0 0 0 0 0 0 0 0 0 0 0 0 0 0 0 0 0 0 0 0 0 0 0 0 0 0 0 0 0 0 0 0 0 0 0 0 0 0 0 0 0 0 0 0 0 0 0 0 0 0 0 0 0 0 0 0 0 0 0 0 0 0 0 0 0 0 0 0 0 0 0 0 0 0 0 0 0 0 0 0 0 0 0 0 0 0 0 0 0 0 0 0 0 0 0 0 0 0 0 0 0 0 0 0 0 0 0 0 0 0 0 0 0 0 0 0 0 0 0 0 0 0 0 0 0 0 0 0 0 0 0 0 0 0 0 0 0 0 0 0 0 0 0 0 0 0 0 0 0 0 0 0 0 0 0 0 0 0 0 0 0 0 0 0 0 0 0 0 0 0 0 0 0 0 0 0 0 0 0 0 0 0 0 0 0 0 0 0 0 0 0 0 0 0 0 0 0 0 0 0 0 0 0 0 0 0 0 0 0 0 0 0 0 0 0 0 0 0 0 0 0 0 0 0 0 0 0 0 0 0 0 0 0 0 0 0 0 0 0 0 0 0 0 0 0 0 0 0 0 0 0 0 0 0 0 0 0 0 0 0 0 0 0 0 0 0 0 0 0 0 0 0 0 0 0 0 0 0 0 0 0 0 0 0 0 0 0 0 0 0 0 0 0 0 0 0 0 0 0 0 0 0 0 0 0 0 0 0 0 0 0 0 0 0 0 0 0 0 0 0 0 0 0 0 0 0 0 0 0 0 0 0 0 0 0 0 0 0 0 0 0 0 0 0 0 0 0 0 0 0 0 0 0 0 0 0 0 0 0 0 0 0 0 0 0 0 0 0 0 0 0 0 0 0 0 0 0 0 0 0 0 0 0 0 0 0 0 0 0 0 0 0 0 0 0 0 0 0 0 0 0 0 0 0 0 0 0 0 0 0 0 0 0 0 0 0 0 0 0 0 0 0 0 0 0 0 0 0 0 0 0 0 0 0 0 0 0 0 0 0 0 0 0 0 0 0 0 0 0 0 0 0 0 0 0 0 0 0 0 0 0 0 0 0 0 0 0 0 0 0 0 0 0 0 0 0 0 0 0 0 0 0 0 0 0 0 0 0 0 0 0 0 0 0 0 0 0 0 0 0 0 0 0 0 0 0 0 0 0 0 0 0 0 0 0 0 0 0 0 0 0 0 0 0 0 0 0 0 0 0 0 0 0 0 0 0 0 0 0 0 0 0 0 0 0 0 0 0 0 0 0 0 0 0 0 0 0 0 0 0 0 0 0 0 0 0 0 0 0 0 0 0 0 0 0 0 0 0 0 0 0 0 0 0 0 0 0 0 0 0 0 0 0 0 0 0 0 0 0 0 0 0 0 0 0 0 0 0 0 0 0 0 0 0 0 0 0 0 0 0 0 0 0 0 0 0 0 0 0 0 0 0 0 0 0 0 0 0 0 0 0 0 0 0 0 0 0 0 0 0 0 0 0 0 0 0 0 0 0 0 0 0 0 0 0 0 0 0 0 0 0 0 0 0 0 0 0 0 0 0 0 0 0 0 0 0 0 0 0 0 0 0 0 0 0 0 0 0 0 0 0 0 0 0 0 0 0 0 0 0 0 0 0 0 0 0 0 0 0 0 0 0 0 0 0 0 0 0 0 0 0 0 0 0 0 0 0 0 0 0 0 0 0 0 0 0 0 0 0 0 0 0 0 0 0 0 0 0 0 0 0 0 0 0 0 0 0 0 0 0 0 0 0 0 0 0 0 0 0 0 0 0 0 0 0 0 0 0 0 0 0 0 0 0 0 0 0 0 0 0 0 0 0 0 0 0 0 0 0 0 0 0 0 0 0 0 0 0 0 0 0 0 0 0 0 0 0 0 0 0 0 0 0 0 0 0 0 0 0 0 0 0 0 0 0 0 0 0 0 0 0 0 0 0 0 0 0 0 0 0 0 0 0 0 0 0 0 0 0 0 0 0 0 0 0 0 0 0 0 0 0 0 0 0 0 0 0 0 0 0 0 0 0 0 0 0 0 0 0 0 0 0 0 0 0 0 0 0 0 0 0 0 0 0 0 0 0 0 0 0 0 0 0 0 0 0 0 0 0 0 0 0 0 0 0 0 0 0 0 0 0 0 0 0 0 0 0 0 0 0 0 0 0 0 0 0 0 0 0 0 0 0 0 0 0 0 0 0 0 0 0 0 0 0 0 0 0 0 0 0 0 0 0 0 0 0 0 0 0 0 0 0 0 0 0 0 0 0 0 0 0 0 0 0 0 0 0 0 0 0 0 0 0 0 0 0 0 0 0 0 0 0 0 0 0 0 0 0 0 0 0 0 0 0 0 0 0 0 0 0 0 0 0 0 0 0 0 0 0 0 0 0 0 0 0 0 0 0 0 0 0 0 0 0 0 0 0 0 0 0 0 0 0 0 0 0 0 0 0 0 0 0 0 0 0 0 0 0 0 0 0 0 0 0 0 0 0 0 0 0 0 0 0 0 0 0 0 0 0 0 0 0 0 0 0 0 0 0 0 0 0 0 0 0 0 0 0 0 0 0 0 0 0 0 0 0 0 0 0 0 0 0 0 0 0 0 0 0 0 0 0 0 0 0 0 0 0 0 0 0 0 0 0 0 0 0 0 0 0 0 0 0 0 0 0 0 0 0 0 0 0 0 0 0 0 0 0 0 0 0 0 0 0 0 0 0 0 0 0 0 0 0 0 0 0 0 0 0 0 0 0 0 0 0 0 0 0 0 0 0 0 0 0 0 0 0 0 0 0 0 0 0 0 0 0 0 0 0 0 0 0 0 0 0 0 0 0 0 0 0 0 0 0 0 0 0 0 0 0 0 0 0 0 0 0 0 0 0 0 0 0 0 0 0 0 0 0 0 0 0 0 0 0 0 0 0 0 0 0 0 0 0 0 0 0 0 0 0 0 0 0 0 0 0 0 0 0 0 0 0 0 0 0 0 0 0 0 0 0 0 0 0 0 0 0 0 0 0 0 0 0 0 0 0 0 0 0 0 0 0 0 0 0 0 0 0 0 0 0 0 0 0 0 0 0 0 0 0 0 0 0 0 0 0 0 0 0 0 0 0 0 0 0 0 0 0 0 0 0 0 0 0 0 0 0 0 0 0 0 0 0 0 0 0 0 0 0 0 0 0 0 0 0 0 0 0 0 0 0 0 0 0 0 0 0 0 0 0 0 0 0 0 0 0 0 0 0 0 0 0 0 0 0 0 0 0 0 0 0 0 0 0 0 0 0 0 0 0 0 0 0 0 0 0 0 0 0 0 0 0 0 0 0 0 0 0 0 0 0 0 0 0 0 0 0 0 0 0 0 0 0 0 0 0 0 0 0 0 0 0 0 0 0 0 0 0 0 0 0 0 0 0 0 0 0 0 0 0 0 0 0 0 0 0 0 0 0 0 0 0 0 0 0 0 0 0 0 0 0 0 0 0 0 0 0 0 0 0 0 0 0 0 0 0 0 0 0 0 0 0 0 0 0 0 0 0 0 0 0 0 0 0 0 0 0 0 0 0 0 0 0 0 0 0 0 0 0 0 0 0 0 0 0 0 0 0 0 0 0 0 0 0 0 0 0 0 0 0 0 0 0 0 0 0 0 0 0 0 0 0 0 0 0 0 0 0 0 0 0 0 0 0 0 0 0 0 0 0 0 0 0 0 0 0 0 0 0 0 0 0 0 0 0 0 0 0 0 0 0 0 0 0 0 0 0 0 0 0 0 0 0 0 0 0 0 0 0 0 0 0 0 0 0 0 0 0 0 0 0 0 0 0 0 0 0 0 0 0 0 0 0 0 0 0 0 0 0 0 0 0 0 0 0 0 0 0 0 0 0 0 0 0 0 0 0 0 0 0 0 0 0 0 0 0 0 0 0 0 0 0 0 0 0 0 0 0 0 0 0 0 0 0 0 0 0 0 0 0 0 0 0 0 0 0 0 0 0 0 0 0 0 0 0 0 0 0 0 0 0 0 0 0 0 0 0 0 0 0 0 0 0 0 0 0 0 0 0 0 0 0 0 0 0 0 0 0 0 0 0 0 0 0 0 0 0 0 0 0 0 0 0 0 0 0 0 0 0 0 0 0 0 0 0 0 0 0 0 0 0 0 0 0 0 0 0 0 0 0 0 0 0 0 0 0 0 0 0 0 0 0 0 0 0 0 0 0 0 0 0 0 0 0 0 0 0 0 0 0 0 0 0 0 0 0 0 0 0 0 0 0 0 0 0 0 0 0 0 0 0 0 0 0 0 0 0 0 0 0 0 0 0 0 0 0 0 0 0 0 0 0 0 0 0 0 0 0 0 0 0 0 0 0 0 0 0 0 0 0 0 0 0 0 0 0 0 0 0 0 0 0 0 0 0 0 0 0 0 0 0 0 0 0 0 0 0 0 0 0 0 0 0 0 0 0 0 0 0 0 0 0 0 0 0 0 0 0 0 0 0 0 0 0 0 0 0 0 0 0 0 0 0 0 0 0 0 0 0 0 0 0 0 0 0 0 0 0 0 0 0 0 0 0 0 0 0 0 0 0 0 0 0 0 0 0 0 0 0 0 0 0 0 0 0 0 0 0 0 0 0 0 0 0 0 0 0 0 0 0 0 0 0 0 0 0 0 0 0 0 0 0 0 0 0 0 0 0 0 0 0 0 0 0 0 0 0 0 0 0 0 0 0 0 0 0 0 0 0 0 0 0 0 0 0 0 0 0 0 0 0 0 0 0 0 0 0 0 0 0 0 0 0 0 0 0 0 0 0 0 0 0 0 0 0 0 0 0 0 0 0 0 0 0 0 0 0 0 0 0 0 0 0 0 0 0 0 0 0 0 0 0 0 0 0 0 0 0 0 0 0 0 0 0 0 0 0 0 0 0 0 0 0 0 0 0 0 0 0 0 0 0 0 0 0 0 0 0 0 0 0 0 0 0 0 0 0 0 0 0 0 0 0 0 0 0 0 0 0 0 0 0 0 0 0 0 0 0 0 0 0 0 0 0 0 0 0 0 0 0 0 0 0 0 0 0 0 0 0 0 0 0 0 0 0 0 0 0 0 0 0 0 0 0 0 0 0 0 0 0 0 0 0 0 0 0 0 0 0 0 0 0 0 0 0 0 0 0 0 0 0 0 0 0 0 0 0 0 0 0 0 0 0 0 0 0 0 0 0 0 0 0 0 0 0 0 0 0 0 0 0 0 0 0 0 0 0 0 0 0 0 0 0 0 0 0 0 0 0 0 0 0 0 0 0 0 0 0 0 0 0 0 0 0 0 0 0 0 0 0 0 0 0 0 0 0 0 0 0 0 0 0 0 0 0 0 0 0 0 0 0 0 0 0 0 0 0 0 0 0 0 0 0 0 0 0 0 0 0 0 0 0 0 0 0 0 0 0 0 0 0 0 0 0 0 0 0 0 0 0 0 0 0 0 0 0 0 0 0 0 0 0 0 0 0 0 0 0 0 0 0 0 0 0 0 0 0 0 0 0 0 0 0 0 0 0 0 0 0 0 0 0 0 0 0 0 0 0 0 0 0 0 0 0 0 0 0 0 0 0 0 0 0 0 0 0 0 0 0 0 0 0 0 0 0 0 0 0 0 0 0 0 0 0 0 0 0 0 0 0 0 0 0 0 0 0 0 0 0 0 0 0 0 0 0 0 0 0 0 0 0 0 0 0 0 0 0 0 0 0 0 0 0 0 0 0 0 0 0 0 0 0 0 0 0 0 0 0 0 0 0 0 0 0 0 0 0 0 0 0 0 0 0 0 0 0 0 0 0 0 0 0 0 0 0 0 0 0 0 0 0 0 0 0 0 0 0 0 0 0 0 0 0 0 0 0 0 0 0 0 0 0 0 0 0 0 0 0 0 0 0 0 0 0 0 0 0 0 0 0 0 0 0 0 0 0 0 0 0 0 0 0 0 0 0 0 0 0 0 0 0 0 0 0 0 0 0 0 0 0 0 0 0 0 0 0 0 0 0 0 0 0 0 0 0 0 0 0 0 0 0 0 0 0 0 0 0 0 0 0 0 0 0 0 0 0 0 0 0 0 0 0 0 0 0 0 0 0 0 0 0 0 0 0 0 0 0 0 0 0 0 0 0 0 0 0 0 0 0 0 0 0 0 0 0 0 0 0 0 0 0 0 0 0 0 0 0 0 0 0 0 0 0 0 0 0 0 0 0 0 0 0 0 0 0 0 0 0 0 0 0 0 0 0 0 0 0 0 0 0 0 0 0 0 0 0 0 0 0 0 0 0 0 0 0 0 0 0 0 0 0 0 0 0 0 0 0 0 0 0 0 0 0 0 0 0 0 0 0 0 0 0 0 0 0 0 0 0 0 0 0 0 0 0 0 0 0 0 0 0 0 0 0 0 0 0 0 0 0 0 0 0 0 0 0 0 0 0 0 0 0 0 0 0 0 0 0 0 0 0 0 0 0 0 0 0 0 0 0 0 0 0 0 0 0 0 0 0 0 0 0 0 0 0 0 0 0 0 0 0 0 0 0 0 0 0 0 0 0 0 0 0 0 0 0 0 0 0 0 0 0 0 0 0 0 0 0 0 0 0 0 0 0 0 0 0 0 0 0 0 0 0 0 0 0 0 0 0 0 0 0 0 0 0 0 0 0 0 0 0 0 0 0 0 0 0 0 0 0 0 0 0 0 0 0 0 0 0 0 0 0 0 0 0 0 0 0 0 0 0 0 0 0 0 0 0 0 0 0 0 0 0 0 0 0 0 0 0 0 0 0 0 0 0 0 0 0 0 0 0 0 0 0 0 0 0 0 0 0 0 0 0 0 0 0 0 0 0 0 0 0 0 0 0 0 0 0 0 0 0 0 0 0 0 0 0 0 0 0 0 0 0 0 0 0 0 0 0 0 0 0 0 0 0 0 0 0 0 0 0 0 0 0 0 0 0 0 0 0 0 0 0 0 0 0 0 0 0 0 0 0 0 0 0 0 0 0 0 0 0 0 0 0 0 0 0 0 0 0 0 0 0 0 0 0 0 0 0 0 0 0 0 0 0 0 0 0 0 0 0 0 0 0 0 0 0 0 0 0 0 0 0 0 0 0 0 0 0 0 0 0 0 0 0 0 0 0 0 0 0 0 0 0 0 0 0 0 0 0 0 0 0 0 0 0 0 0 0 0 0 0 0 0 0 0 0 0 0 0 0 0 0 0 0 0 0 0 0 0 0 0 0 0 0 0 0 0 0 0 0 0 0 0 0 0 0 0 0 0 0 0 0 0 0 0 0 0 0 0 0 0 0 0 0 0 0 0 0 0 0 0 0 0 0 0 0 0 0 0 0 0 0 0 0 0 0 0 0 0 0 0 0 0 0 0 0 0 0 0 0 0 0 0 0 0 0 0 0 0 0 0 0 0 0 0 0 0 0 0 0 0 0 0 0 0 0 0 0 0 0 0 0 0 0 0 0 0 0 0 0 0 0 0 0 0 0 0 0 0 0 0 0 0 0 0 0 0 0 0 0 0 0 0 0 0 0 0 0 0 0 0 0 0 0 0 0 0 0 0 0 0 0 0 0 0 0 0 0 0 0 0 0 0 0 0 0 0 0 0 0 0 0 0 0 0 0 0 0 0 0 0 0 0 0 0 0 0 0 0 0 0 0 0 0 0 0 0 0 0 0 0 0 0 0 0 0 0 0 0 0 0 0 0 0 0 0 0 0 0 0 0 0 0 0 0 0 0 0 0 0 0 0 0 0 0 0 0 0 0 0 0 0 0 0 0 0 0 0 0 0 0 0 0 0 0 0 0 0 0 0 0 0 0 0 0 0 0 0 0 0 0 0 0 0 0 0 0 0 0 0 0 0 0 0 0 0 0 0 0 0 0 0 0 0 0 0 0 0 0 0 0 0 0 0 0 0 0 0 0 0 0 0 0 0 0 0 0 0 0 0 0 0 0 0 0 0 0 0 0 0 0 0 0 0 0 0 0 0 0 0 0 0 0 0 0 0 0 0 0 0 0 0 0 0 0 0 0 0 0 0 0 0 0 0 0 0 0 0 0 0 0 0 0 0 0 0 0 0 0 0 0 0 0 0 0 0 0 0 0 0 0 0 0 0 0 0 0 0 0 0 0 0 0 0 0 0 0 0 0 0 0 0 0 0 0 0 0 0 0 0 0 0 0 0 0 0 0 0 0 0 0 0 0 0 0 0 0 0 0 0 0 0 0 0 0 0 0 0 0 0 0 0 0 0 0 0 0 0 0 0 0 0 0 0 0 0 0 0 0 0 0 0 0 0 0 0 0 0 0 0 0 0 0 0 0 0 0 0 0 0 0 0 0 0 0 0 0 0 0 0 0 0 0 0 0 0 0 0 0 0 0 0 0 0 0 0 0 0 0 0 0 0 0 0 0 0 0 0 0 0 0 0 0 0 0 0 0 0 0 0 0 0 0 0 0 0 0 0 0 0 0 0 0 0 0 0 0 0 0 0 0 0 0 0 0 0 0 0 0 0 0 0 0 0 0 0 0 0 0 0 0 0 0 0 0 0 0 0 0 0 0 0 0 0 0 0 0 0 0 0 0 0 0 0 0 0 0 0 0 0 0 0 0 0 0 0 0 0 0 0 0 0 0 0 0 0 0 0 0 0 0 0 0 0 0 0 0 0 0 0 0 0 0 0 0 0 0 0 0 0 0 0 0 0 0 0 0 0 0 0 0 0 0 0 0 0 0 0 0 0 0 0 0 0 0 0 0 0 0 0 0 0 0 0 0 0 0 0 0 0 0 0 0 0 0 0 0 0 0 0 0 0 0 0 0 0 0 0 0 0 0 0 0 0 0 0 0 0 0 0 0 0 0 0 0 0 0 0 0 0 0 0 0 0 0 0 0 0 0 0 0 0 0 0 0 0 0 0 0 0 0 0 0 0 0 0 0 0 0 0 0 0 0 0 0 0 0 0 0 0 0 0 0 0 0 0 0 0 0 0 0 0 0 0 0 0 0 0 0 0 0 0 0 0 0 0 0 0 0 0 0 0 0 0 0 0 0 0 0 0 0 0 0 0 0 0 0 0 0 0 0 0 0 0 0 0 0 0 0 0 0 0 0 0 0 0 0 0 0 0 0 0 0 0 0 0 0 0 0 0 0 0 0 0 0 0 0 0 0 0 0 0 0 0 0 0 0 0 0 0 0 0 0 0 0 0 0 0 0 0 0 0 0 0 0 0 0 0 0 0 0 0 0 0 0 0 0 0 0 0 0 0 0 0 0 0 0 0 0 0 0 0 0 0 0 0 0 0 0 0 0 0 0 0 0 0 0 0 0 0 0 0 0 0 0 0 0 0 0 0 0 0 0 0 0 0 0 0 0 0 0 0 0 0 0 0 0 0 0 0 0 0 0 0 0 0 0 0 0 0 0 0 0 0 0 0 0 0 0 0 0 0 0 0 0 0 0 0 0 0 0 0 0 0 0 0 0 0 0 0 0 0 0 0 0 0 0 0 0 0 0 0 0 0 0 0 0 0 0 0 0 0 0 0 0 0 0 0 0 0 0 0 0 0 0 0 0 0 0 0 0 0 0 0 0 0 0 0 0 0 0 0 0 0 0 0 0 0 0 0 0 0 0 0 0 0 0 0 0 0 0 0 0 0 0 0 0 0 0 0 0 0 0 0 0 0 0 0 0 0 0 0 0 0 0 0 0 0 0 0 0 0 0 0 0 0 0 0 0 0 0 0 0 0 0 0 0 0 0 0 0 0 0 0 0 0 0 0 0 0 0 0 0 0 0 0 0 0 0 0 0 0 0 0 0 0 0 0 0 0 0 0 0 0 0 0 0 0 0 0 0 0 0 0 0 0 0 0 0 0 0 0 0 0 0 0 0 0 0 0 0 0 0 0 0 0 0 0 0 0 0 0 0 0 0 0 0 0 0 0 0 0 0 0 0 0 0 0 0 0 0 0 0 0 0 0 0 0 0 0 0 0 0 0 0 0 0 0 0 0 0 0 0 0 0 0 0 0 0 0 0 0 0 0 0 0 0 0 0 0 0 0 0 0 0 0 0 0 0 0 0 0 0 0 0 0 0 0 0 0 0 0 0 0 0 0 0 0 0 0 0 0 0 0 0 0 0 0 0 0 0 0 0 0 0 0 0 0 0 0 0 0 0 0 0 0 0 0 0 0 0 0 0 0 0 0 0 0 0 0 0 0 0 0 0 0 0 0 0 0 0 0 0 0 0 0 0 0 0 0 0 0 0 0 0 0 0 0 0 0 0 0 0 0 0 0 0 0 0 0 0 0 0 0 0 0 0 0 0 0 0 0 0 0 0 0 0 0 0 0 0 0 0 0 0 0 0 0 0 0 0 0 0 0 0 0 0 0 0 0 0 0 0 0 0 0 0 0 0 0 0 0 0 0 0 0 0 0 0 0 0 0 0 0 0 0 0 0 0 0 0 0 0 0 0 0 0 0 0 0 0 0 0 0 0 0 0 0 0 0 0 0 0 0 0 0 0 0 0 0 0 0 0 0 0 0 0 0 0 0 0 0 0 0 0 0 0 0 0 0 0 0 0 0 0 0 0 0 0 0 0 0 0 0 0 0 0 0 0 0 0 0 0 0 0 0 0 0 0 0 0 0 0 0 0 0 0 0 0 0 0 0 0 0 0 0 0 0 0 0 0 0 0 0 0 0 0 0 0 0 0 0 0 0 0 0 0 0 0 0 0 0 0 0 0 0 0 0 0 0 0 0 0 0 0 0 0 0 0 0 0 0 0 0 0 0 0 0 0 0 0 0 0 0 0 0 0 0 0 0 0 0 0 0 0 0 0 0 0 0 0 0 0 0 0 0 0 0 0 0 0 0 0 0 0 0 0 0 0 0 0 0 0 0 0 0 0 0 0 0 0 0 0 0 0 0 0 0 0 0 0 0 0 0 0 0 0 0 0 0 0 0 0 0 0 0 0 0 0 0 0 0 0 0 0 0 0 0 0 0 0 0 0 0 0 0 0 0 0 0 0 0 0 0 0 0 0 0 0 0 0 0 0 0 0 0 0 0 0 0 0 0 0 0 0 0 0 0 0 0 0 0 0 0 0 0 0 0 0 0 0 0 0 0 0 0 0 0 0 0 0 0 0 0 0 0 0 0 0 0 0 0 0 0 0 0 0 0 0 0 0 0 0 0 0 0 0 0 0 0 0 0 0 0 0 0 0 0 0 0 0 0 0 0 0 0 0 0 0 0 0 0 0 0 0 0 0 0 0 0 0 0 0 0 0 0 0 0 0 0 0 0 0 0 0 0 0 0 0 0 0 0 0 0 0 0 0 0 0 0 0 0 0 0 0 0 0 0 0 0 0 0 0 0 0 0 0 0 0 0 0 0 0 0 0 0 0 0 0 0 0 0 0 0 0 0 0 0 0 0 0 0 0 0 0 0 0 0 0 0 0 0 0 0 0 0 0 0 0 0 0 0 0 0 0 0 0 0 0 0 0 0 0 0 0 0 0 0 0 0 0 0 0 0 0 0 0 0 0 0 0 0 0 0 0 0 0 0 0 0 0 0 0 0 0 0 0 0 0 0 0 0 0 0 0 0 0 0 0 0 0 0 0 0 0 0 0 0 0 0 0 0 0 0 0 0 0 0 0 0 0 0 0 0 0 0 0 0 0 0 0 0 0 0 0 0 0 0 0 0 0 0 0 0 0 0 0 0 0 0 0 0 0 0 0 0 0 0 0 0 0 0 0 0 0 0 0 0 0 0 0 0 0 0 0 0 0 0 0 0 0 0 0 0 0 0 0 0 0 0 0 0 0 0 0 0 0 0 0 0 0 0 0 0 0 0 0 0 0 0 0 0 0 0 0 0 0 0 0 0 0 0 0 0 0 0 0 0 0 0 0 0 0 0 0 0 0 0 0 0 0 0 0 0 0 0 0 0 0 0 0 0 0 0 0 0 0 0 0 0 0 0 0 0 0 0 0 0 0 0 0 0 0 0 0 0 0 0 0 0 0 0 0 0 0 0 0 0 0 0 0 0 0 0 0 0 0 0 0 0 0 0 0 0 0 0 0 0 0 0 0 0 0 0 0 0 0 0 0 0 0 0 0 0 0 0 0 0 0 0 0 0 0 0 0 0 0 0 0 0 0 0 0 0 0 0 0 0 0 0 0 0 0 0 0 0 0 0 0 0 0 0 0 0 0 0 0 0 0 0 0 0 0 0 0 0 0 0 0 0 0 0 0 0 0 0 0 0 0 0 0 0 0 0 0 0 0 0 0 0 0 0 0 0 0 0 0 0 0 0 0 0 0 0 0 0 0 0 0 0 0 0 0 0 0 0 0 0 0 0 0 0 0 0 0 0 0 0 0 0 0 0 0 0 0 0 0 0 0 0 0 0 0 0 0 0 0 0 0 0 0 0 0 0 0 0 0 0 0 0 0 0 0 0 0 0 0 0 0 0 0 0 0 0 0 0 0 0 0 0 0 0 0 0 0 0 0 0 0 0 0 0 0 0 0 0 0 0 0 0 0 0 0 0 0 0 0 0 0 0 0 0 0 0 0 0 0 0 0 0 0 0 0 0 0 0 0 0 0 0 0 0 0 0 0 0 0 0 0 0 0 0 0 0 0 0 0 0 0 0 0 0 0 0 0 0 0 0 0 0 0 0 0 0 0 0 0 0 0 0 0 0 0 0 0 0 0 0 0 0 0 0 0 0 0 0 0 0 0 0 0 0 0 0 0 0 0 0 0 0 0 0 0 0 0 0 0 0 0 0 0 0 0 0 0 0 0 0 0 0 0 0 0 0 0 0 0 0 0 0 0 0 0 0 0 0 0 0 0 0 0 0 0 0 0 0 0 0 0 0 0 0 0 0 0 0 0 0 0 0 0 0 0 0 0 0 0 0 0 0 0 0 0 0 0 0 0 0 0 0 0 0 0 0 0 0 0 0 0 0 0 0 0 0 0 0 0 0 0 0 0 0 0 0 0 0 0 0 0 0 0 0 0 0 0 0 0 0 0 0 0 0 0 0 0 0 0 0 0 0 0 0 0 0 0 0 0 0 0 0 0 0 0 0 0 0 0 0 0 0 0 0 0 0 0 0 0 0 0 0 0 0 0 0 0 0 0 0 0 0 0 0 0 0 0 0 0 0 0 0 0 0 0 0 0 0 0 0 0 0 0 0 0 0 0 0 0 0 0 0 0 0 0 0 0 0 0 0 0 0 0 0 0 0 0 0 0 0 0 0 0 0 0 0 0 0 0 0 0 0 0 0 0 0 0 0 0 0 0 0 0 0 0 0 0 0 0 0 0 0 0 0 0 0 0 0 0 0 0 0 0 0 0 0 0 0 0 0 0 0 0 0 0 0 0 0 0 0 0 0 0 0 0 0 0 0 0 0 0 0 0 0 0 0 0 0 0 0 0 0 0 0 0 0 0 0 0 0 0 0 0 0 0 0 0 0 0 0 0 0 0 0 0 0 0 0 0 0 0 0 0 0 0 0 0 0 0 0 0 0 0 0 0 0 0 0 0 0 0 0 0 0 0 0 0 0 0 0 0 0 0 0 0 0 0 0 0 0 0 0 0 0 0 0 0 0 0 0 0 0 0 0 0 0 0 0 0 0 0 0 0 0 0 0 0 0 0 0 0 0 0 0 0 0 0 0 0 0 0 0 0 0 0 0 0 0 0 0 0 0 0 0 0 0 0 0 0 0 0 0 0 0 0 0 0 0 0 0 0 0 0 0 0 0 0 0 0 0 0 0 0 0 0 0 0 0 0 0 0 0 0 0 0 0 0 0 0 0 0 0 0 0 0 0 0 0 0 0 0 0 0 0 0 0 0 0 0 0 0 0 0 0 0 0 0 0 0 0 0 0 0 0 0 0 0 0 0 0 0 0 0 0 0 0 0 0 0 0 0 0 0 0 0 0 0 0 0 0 0 0 0 0 0 0 0 0 0 0 0 0 0 0 0 0 0 0 0 0 0 0 0 0 0 0 0 0 0 0 0 0 0 0 0 0 0 0 0 0 0 0 0 0 0 0 0 0 0 0 0 0 0 0 0 0 0 0 0 0 0 0 0 0 0 0 0 0 0 0 0 0 0 0 0 0 0 0 0 0 0 0 0 0 0 0 0 0 0 0 0 0 0 0 0 0 0 0 0 0 0 0 0 0 0 0 0 0 0 0 0 0 0 0 0 0 0 0 0 0 0 0 0 0 0 0 0 0 0 0 0 0 0 0 0 0 0 0 0 0 0 0 0 0 0 0 0 0 0 0 0 0 0 0 0 0 0 0 0 0 0 0 0 0 0 0 0 0 0 0 0 0 0 0 0 0 0 0 0 0 0 0 0 0 0 0 0 0 0 0 0 0 0 0 0 0 0 0 0 0 0 0 0 0 0 0 0 0 0 0 0 0 0 0 0 0 0 0 0 0 0 0 0 0 0 0 0 0 0 0 0 0 0 0 0 0 0 0 0 0 0 0 0 0 0 0 0 0 0 0 0 0 0 0 0 0 0 0 0 0 0 0 0 0 0 0 0 0 0 0 0 0 0 0 0 0 0 0 0 0 0 0 0 0 0 0 0 0 0 0 0 0 0 0 0 0 0 0 0 0 0 0 0 0 0 0 0 0 0 0 0 0 0 0 0 0 0 0 0 0 0 0 0 0 0 0 0 0 0 0 0 0 0 0 0 0 0 0 0 0 0 0 0 0 0 0 0 0 0 0 0 0 0 0 0 0 0 0 0 0 0 0 0 0 0 0 0 0 0 0 0 0 0 0 0 0 0 0 0 0 0 0 0 0 0 0 0 0 0 0 0 0 0 0 0 0 0 0 0 0 0 0 0 0 0 0 0 0 0 0 0 0 0 0 0 0 0 0 0 0 0 0 0 0 0 0 0 0 0 0 0 0 0 0 0 0 0 0 0 0 0 0 0 0 0 0 0 0 0 0 0 0 0 0 0 0 0 0 0 0 0 0 0 0 0 0 0 0 0 0 0 0 0 0 0 0 0 0 0 0 0 0 0 0 0 0 0 0 0 0 0 0 0 0 0 0 0 0 0 0 0 0 0 0 0 0 0 0 0 0 0 0 0 0 0 0 0 0 0 0 0 0 0 0 0 0 0 0 0 0 0 0 0 0 0 0 0 0 0 0 0 0 0 0 0 0 0 0 0 0 0 0 0 0 0 0 0 0 0 0 0 0 0 0 0 0 0 0 0 0 0 0 0 0 0 0 0 0 0 0 0 0 0 0 0 0 0 0 0 0 0 0 0 0 0 0 0 0 0 0 0 0 0 0 0 0 0 0 0 0 0 0 0 0 0 0 0 0 0 0 0 0 0 0 0 0 0 0 0 0 0 0 0 0 0 0 0 0 0 0 0 0 0 0 0 0 0 0 0 0 0 0 0 0 0 0 0 0 0 0 0 0 0 0 0 0 0 0 0 0 0 0 0 0 0 0 0 0 0 0 0 0 0 0 0 0 0 0 0 0 0 0 0 0 0 0 0 0 0 0 0 0 0 0 0 0 0 0 0 0 0 0 0 0 0 0 0 0 0 0 0 0 0 0 0 0 0 0 0 0 0 0 0 0 0 0 0 0 0 0 0 0 0 0 0 0 0 0 0 0 0 0 0 0 0 0 0 0 0 0 0 0 0 0 0 0 0 0 0 0 0 0 0 0 0 0 0 0 0 0 0 0 0 0 0 0 0 0 0 0 0 0 0 0 0 0 0 0 0 0 0 0 0 0 0 0 0 0 0 0 0 0 0 0 0 0 0 0 0 0 0 0 0 0 0 0 0 0 0 0 0 0 0 0 0 0 0 0 0 0 0 0 0 0 0 0 0 0 0 0 0 0 0 0 0 0 0 0 0 0 0 0 0 0 0 0 0 0 0 0 0 0 0 0 0 0 0 0 0 0 0 0 0 0 0 0 0 0 0 0 0 0 0 0 0 0 0 0 0 0 0 0 0 0 0 0 0 0 0 0 0 0 0 0 0 0 0 0 0 0 0 0 0 0 0 0 0 0 0 0 0 0 0 0 0 0 0 0 0 0 0 0 0 0 0 0 0 0 0 0 0 0 0 0 0 0 0 0 0 0 0 0 0 0 0 0 0 0 0 0 0 0 0 0 0 0 0 0 0 0 0 0 0 0 0 0 0 0 0 0 0 0 0 0 0 0 0 0 0 0 0 0 0 0 0 0 0 0 0 0 0 0 0 0 0 0 0 0 0 0 0 0 0 0 0 0 0 0 0 0 0 0 0 0 0 0 0 0 0 0 0 0 0 0 0 0 0 0 0 0 0 0 0 0 0 0 0 0 0 0 0 0 0 0 0 0 0 0 0 0 0 0 0 0 0 0 0 0 0 0 0 0 0 0 0 0 0 0 0 0 0 0 0 0 0 0 0 0 0 0 0 0 0 0 0 0 0 0 0 0 0 0 0 0 0 0 0 0 0 0 0 0 0 0 0 0 0 0 0 0 0 0 0 0 0 0 0 0 0 0 0 0 0 0 0 0 0 0 0 0 0 0 0 0 0 0 0 0 0 0 0 0 0 0 0 0 0 0 0 0 0 0 0 0 0 0 0 0 0 0 0 0 0 0 0 0 0 0 0 0 0 0 0 0 0 0 0 0 0 0 0 0 0 0 0 0 0 0 0 0 0 0 0 0 0 0 0 0 0 0 0 0 0 0 0 0 0 0 0 0 0 0 0 0 0 0 0 0 0 0 0 0 0 0 0 0 0 0 0 0 0 0 0 0 0 0 0 0 0 0 0 0 0 0 0 0 0 0 0 0 0 0 0 0 0 0 0 0 0 0 0 0 0 0 0 0 0 0 0 0 0 0 0 0 0 0 0 0 0 0 0 0 0 0 0 0 0 0 0 0 0 0 0 0 0 0 0 0 0 0 0 0 0 0 0 0 0 0 0 0 0 0 0 0 0 0 0 0 0 0 0 0 0 0 0 0 0 0 0 0 0 0 0 0 0 0 0 0 0 0 0 0 0 0 0 0 0 0 0 0 0 0 0 0 0 0 0 0 0 0 0 0 0 0 0 0 0 0 0 0 0 0 0 0 0 0 0 0 0 0 0 0 0 0 0 0 0 0 0 0 0 0 0 0 0 0 0 0 0 0 0 0 0 0 0 0 0 0 0 0 0 0 0 0 0 0 0 0 0 0 0 0 0 0 0 0 0 0 0 0 0 0 0 0 0 0 0 0 0 0 0 0 0 0 0 0 0 0 0 0 0 0 0 0 0 0 0 0 0 0 0 0 0 0 0 0 0 0 0 0 0 0 0 0 0 0 0 0 0 0 0 0 0 0 0 0 0 0 0 0 0 0 0 0 0 0 0 0 0 0 0 0 0 0 0 0 0 0 0 0 0 0 0 0 0 0 0 0 0 0 0 0 0 0 0 0 0 0 0 0 0 0 0 0 0 0 0 0 0 0 0 0 0 0 0 0 0 0 0 0 0 0 0 0 0 0 0 0 0 0 0 0 0 0 0 0 0 0 0 0 0 0 0 0 0 0 0 0 0 0 0 0 0 0 0 0 0 0 0 0 0 0 0 0 0 0 0 0 0 0 0 0 0 0 0 0 0 0 0 0 0 0 0 0 0 0 0 0 0 0 0 0 0 0 0 0 0 0 0 0 0 0 0 0 0 0 0 0 0 0 0 0 0 0 0 0 0 0 0 0 0 0 0 0 0 0 0 0 0 0 0 0 0 0 0 0 0 0 0 0 0 0 0 0 0 0 0 0 0 0 0 0 0 0 0 0 0 0 0 0 0 0 0 0 0 0 0 0 0 0 0 0 0 0 0 0 0 0 0 0 0 0 0 0 0 0 0 0 0 0 0 0 0 0 0 0 0 0 0 0 0 0 0 0 0 0 0 0 0 0 0 0 0 0 0 0 0 0 0 0 0 0 0 0 0 0 0 0 0 0 0 0 0 0 0 0 0 0 0 0 0 0 0 0 0 0 0 0 0 0 0 0 0 0 0 0 0 0 0 0 0 0 0 0 0 0 0 0 0 0 0 0 0 0 0 0 0 0 0 0 0 0 0 0 0 0 0 0 0 0 0 0 0 0 0 0 0 0 0 0 0 0 0 0 0 0 0 0 0 0 0 0 0 0 0 0 0 0 0 0 0 0 0 0 0 0 0 0 0 0 0 0 0 0 0 0 0 0 0 0 0 0 0 0 0 0 0 0 0 0 0 0 0 0 0 0 0 0 0 0 0 0 0 0 0 0 0 0 0 0 0 0 0 0 0 0 0 0 0 0 0 0 0 0 0 0 0 0 0 0 0 0 0 0 0 0 0 0 0 0 0 0 0 0 0 0 0 0 0 0 0 0 0 0 0 0 0 0 0 0 0 0 0 0 0 0 0 0 0 0 0 0 0 0 0 0 0 0 0 0 0 0 0 0 0 0 0 0 0 0 0 0 0 0 0 0 0 0 0 0 0 0 0 0 0 0 0 0 0 0 0 0 0 0 0 0 0 0 0 0 0 0 0 0 0 0 0 0 0 0 0 0 0 0 0 0 0 0 0 0 0 0 0 0 0 0 0 0 0 0 0 0 0 0 0 0 0 0 0 0 0 0 0 0 0 0 0 0 0 0 0 0 0 0 0 0 0 0 0 0 0 0 0 0 0 0 0 0 0 0 0 0 0 0 0 0 0 0 0 0 0 0 0 0 0 0 0 0 0 0 0 0 0 0 0 0 0 0 0 0 0 0 0 0 0 0 0 0 0 0 0 0 0 0 0 0 0 0 0 0 0 0 0 0 0 0 0 0 0 0 0 0 0 0 0 0 0 0 0 0 0 0 0 0 0 0 0 0 0 0 0 0 0 0 0 0 0 0 0 0 0 0 0 0 0 0 0 0 0 0 0 0 0 0 0 0 0 0 0 0 0 0 0 0 0 0 0 0 0 0 0 0 0 0 0 0 0 0 0 0 0 0 0 0 0 0 0 0 0 0 0 0 0 0 0 0 0 0 0 0 0 0 0 0 0 0 0 0 0 0 0 0 0 0 0 0 0 0 0 0 0 0 0 0 0 0 0 0 0 0 0 0 0 0 0 0 0 0 0 0 0 0 0 0 0 0 0 0 0 0 0 0 0 0 0 0 0 0 0 0 0 0 0 0 0 0 0 0 0 0 0 0 0 0 0 0 0 0 0 0 0 0 0 0 0 0 0 0 0 0 0 0 0 0 0 0 0 0 0 0 0 0 0 0 0 0 0 0 0 0 0 0 0 0 0 0 0 0 0 0 0 0 0 0 0 0 0 0 0 0 0 0 0 0 0 0 0 0 0 0 0 0 0 0 0 0 0 0 0 0 0 0 0 0 0 0 0 0 0 0 0 0 0 0 0 0 0 0 0 0 0 0 0 0 0 0 0 0 0 0 0 0 0 0 0 0 0 0 0 0 0 0 0 0 0 0 0 0 0 0 0 0 0 0 0 0 0 0 0 0 0 0 0 0 0 0 0 0 0 0 0 0 0 0 0 0 0 0 0 0 0 0 0 0 0 0 0 0 0 0 0 0 0 0 0 0 0 0 0 0 0 0 0 0 0 0 0 0 0 0 0 0 0 0 0 0 0 0 0 0 0 0 0 0 0 0 0 0 0 0 0 0 0 0 0 0 0 0 0 0 0 0 0 0 0 0 0 0 0 0 0 0 0 0 0 0 0 0 0 0 0 0 0 0 0 0 0 0 0 0 0 0 0 0 0 0 0 0 0 0 0 0 0 0 0 0 0 0 0 0 0 0 0 0 0 0 0 0 0 0 0 0 0 0 0 0 0 0 0 0 0 0 0 0 0 0 0 0 0 0 0 0 0 0 0 0 0 0 0 0 0 0 0 0 0 0 0 0 0 0 0 0 0 0 0 0 0 0 0 0 0 0 0 0 0 0 0 0 0 0 0 0 0 0 0 0 0 0 0 0 0 0 0 0 0 0 0 0 0 0 0 0 0 0 0 0 0 0 0 0 0 0 0 0 0 0 0 0 0 0 0 0 0 0 0 0 0 0 0 0 0 0 0 0 0 0 0 0 0 0 0 0 0 0 0 0 0 0 0 0 0 0 0 0 0 0 0 0 0 0 0 0 0 0 0 0 0 0 0 0 0 0 0 0 0 0 0 0 0 0 0 0 0 0 0 0 0 0 0 0 0 0 0 0 0 0 0 0 0 0 0 0 0 0 0 0 0 0 0 0 0 0 0 0 0 0 0 0 0 0 0 0 0 0 0 0 0 0 0 0 0 0 0 0 0 0 0 0 0 0 0 0 0 0 0 0 0 0 0 0 0 0 0 0 0 0 0 0 0 0 0 0 0 0 0 0 0 0 0 0 0 0 0 0 0 0 0 0 0 0 0 0 0 0 0 0 0 0 0 0 0 0 0 0 0 0 0 0 0 0 0 0 0 0 0 0 0 0 0 0 0 0 0 0 0 0 0 0 0 0 0 0 0 0 0 0 0 0 0 0 0 0 0 0 0 0 0 0 0 0 0 0 0 0 0 0 0 0 0 0 0 0 0 0 0 0 0 0 0 0 0 0 0 0 0 0 0 0 0 0 0 0 0 0 0 0 0 0 0 0 0 0 0 0 0 0 0 0 0 0 0 0 0 0 0 0 0 0 0 0 0 0 0 0 0 0 0 0 0 0 0 0 0 0 0 0 0 0 0 0 0 0 0 0 0 0 0 0 0 0 0 0 0 0 0 0 0 0 0 0 0 0 0 0 0 0 0 0 0 0 0 0 0 0 0 0 0 0 0 0 0 0 0 0 0 0 0 0 0 0 0 0 0 0 0 0 0 0 0 0 0 0 0 0 0 0 0 0 0 0 0 0 0 0 0 0 0 0 0 0 0 0 0 0 0 0 0 0 0 0 0 0 0 0 0 0 0 0 0 0 0 0 0 0 0 0 0 0 0 0 0 0 0 0 0 0 0 0 0 0 0 0 0 0 0 0 0 0 0 0 0 0 0 0 0 0 0 0 0 0 0 0 0 0 0 0 0 0 0 0 0 0 0 0 0 0 0 0 0 0 0 0 0 0 0 0 0 0 0 0 0 0 0 0 0 0 0 0 0 0 0 0 0 0 0 0 0 0 0 0 0 0 0 0 0 0 0 0 0 0 0 0 0 0 0 0 0 0 0 0 0 0 0 0 0 0 0 0 0 0 0 0 0 0 0 0 0 0 0 0 0 0 0 0 0 0 0 0 0 0 0 0 0 0 0 0 0 0 0 0 0 0 0 0 0 0 0 0 0 0 0 0 0 0 0 0 0 0 0 0 0 0 0 0 0 0 0 0 0 0 0 0 0 0 0 0 0 0 0 0 0 0 0 0 0 0 0 0 0 0 0 0 0 0 0 0 0 0 0 0 0 0 0 0 0 0 0 0 0 0 0 0 0 0 0 0 0 0 0 0 0 0 0 0 0 0 0 0 0 0 0 0 0 0 0 0 0 0 0 0 0 0 0 0 0 0 0 0 0 0 0 0 0 0 0 0 0 0 0 0 0 0 0 0 0 0 0 0 0 0 0 0 0 0 0 0 0 0 0 0 0 0 0 0 0 0 0 0 0 0 0 0 0 0 0 0 0 0 0 0 0 0 0 0 0 0 0 0 0 0 0 0 0 0 0 0 0 0 0 0 0 0 0 0 0 0 0 0 0 0 0 0 0 0 0 0 0 0 0 0 0 0 0 0 0 0 0 0 0 0 0 0 0 0 0 0 0 0 0 0 0 0 0 0 0 0 0 0 0 0 0 0 0 0 0 0 0 0 0 0 0 0 0 0 0 0 0 0 0 0 0 0 0 0 0 0 0 0 0 0 0 0 0 0 0 0 0 0 0 0 0 0 0 0 0 0 0 0 0 0 0 0 0 0 0 0 0 0 0 0 0 0 0 0 0 0 0 0 0 0 0 0 0 0 0 0 0 0 0 0 0 0 0 0 0 0 0 0 0 0 0 0 0 0 0 0 0 0 0 0 0 0 0 0 0 0 0 0 0 0 0 0 0 0 0 0 0 0 0 0 0 0 0 0 0 0 0 0 0 0 0 0 0 0 0 0 0 0 0 0 0 0 0 0 0 0 0 0 0 0 0 0 0 0 0 0 0 0 0 0 0 0 0 0 0 0 0 0 0 0 0 0 0 0 0 0 0 0 0 0 0 0 0 0 0 0 0 0 0 0 0 0 0 0 0 0 0 0 0 0 0 0 0 0 0 0 0 0 0 0 0 0 0 0 0 0 0 0 0 0 0 0 0 0 0 0 0 0 0 0 0 0 0 0 0 0 0 0 0 0 0 0 0 0 0 0 0 0 0 0 0 0 0 0 0 0 0 0 0 0 0 0 0 0 0 0 0 0 0 0 0 0 0 0 0 0 0 0 0 0 0 0 0 0 0 0 0 0 0 0 0 0 0 0 0 0 0 0 0 0 0 0 0 0 0 0 0 0 0 0 0 0 0 0 0 0 0 0 0 0 0 0 0 0 0 0 0 0 0 0 0 0 0 0 0 0 0 0 0 0 0 0 0 0 0 0 0 0 0 0 0 0 0 0 0 0 0 0 0 0 0 0 0 0 0 0 0 0 0 0 0 0 0 0 0 0 0 0 0 0 0 0 0 0 0 0 0 0 0 0 0 0 0 0 0 0 0 0 0 0 0 0 0 0 0 0 0 0 0 0 0 0 0 0 0 0 0 0 0 0 0 0 0 0 0 0 0 0 0 0 0 0 0 0 0 0 0 0 0 0 0 0 0 0 0 0 0 0 0 0 0 0 0 0 0 0 0 0 0 0 0 0 0 0 0 0 0 0 0 0 0 0 0 0 0 0 0 0 0 0 0 0 0 0 0 0 0 0 0 0 0 0 0 0 0 0 0 0 0 0 0 0 0 0 0 0 0 0 0 0 0 0 0 0 0 0 0 0 0 0 0 0 0 0 0 0 0 0 0 0 0 0 0 0 0 0 0 0 0 0 0 0 0 0 0 0 0 0 0 0 0 0 0 0 0 0 0 0 0 0 0 0 0 0 0 0 0 0 0 0 0 0 0 0 0 0 0 0 0 0 0 0 0 0 0 0 0 0 0 0 0 0 0 0 0 0 0 0 0 0 0 0 0 0 0 0 0 0 0 0 0 0 0 0 0 0 0 0 0 0 0 0 0 0 0 0 0 0 0 0 0 0 0 0 0 0 0 0 0 0 0 0 0 0 0 0 0 0 0 0 0 0 0 0 0 0 0 0 0 0 0 0 0 0 0 0 0 0 0 0 0 0 0 0 0 0 0 0 0 0 0 0 0 0 0 0 0 0 0 0 0 0 0 0 0 0 0 0 0 0 0 0 0 0 0 0 0 0 0 0 0 0 0 0 0 0 0 0 0 0 0 0 0 0 0 0 0 0 0 0 0 0 0 0 0 0 0 0 0 0 0 0 0 0 0 0 0 0 0 0 0 0 0 0 0 0 0 0 0 0 0 0 0 0 0 0 0 0 0 0 0 0 0 0 0 0 0 0 0 0 0 0 0 0 0 0 0 0 0 0 0 0 0 0 0 0 0 0 0 0 0 0 0 0 0 0 0 0 0 0 0 0 0 0 0 0 0 0 0 0 0 0 0 0 0 0 0 0 0 0 0 0 0 0 0 0 0 0 0 0 0 0 0 0 0 0 0 0 0 0 0 0 0 0 0 0 0 0 0 0 0 0 0 0 0 0 0 0 0 0 0 0 0 0 0 0 0 0 0 0 0 0 0 0 0 0 0 0 0 0 0 0 0 0 0 0 0 0 0 0 0 0 0 0 0 0 0 0 0 0 0 0 0 0 0 0 0 0 0 0 0 0 0 0 0 0 0 0 0 0 0 0 0 0 0 0 0 0 0 0 0 0 0 0 0 0 0 0 0 0 0 0 0 0 0 0 0 0 0 0 0 0 0 0 0 0 0 0 0 0 0 0 0 0 0 0 0 0 0 0 0 0 0 0 0 0 0 0 0 0 0 0 0 0 0 0 0 0 0 0 0 0 0 0 0 0 0 0 0 0 0 0 0 0 0 0 0 0 0 0 0 0 0 0 0 0 0 0 0 0 0 0 0 0 0 0 0 0 0 0 0 0 0 0 0 0 0 0 0 0 0 0 0 0 0 0 0 0 0 0 0 0 0 0 0 0 0 0 0 0 0 0 0 0 0 0 0 0 0 0 0 0 0 0 0 0 0 0 0 0 0 0 0 0 0 0 0 0 0 0 0 0 0 0 0 0 0 0 0 0 0 0 0 0 0 0 0 0 0 0 0 0 0 0 0 0 0 0 0 0 0 0 0 0 0 0 0 0 0 0 0 0 0 0 0 0 0 0 0 0 0 0 0 0 0 0 0 0 0 0 0 0 0 0 0 0 0 0 0 0 0 0 0 0 0 0 0 0 0 0 0 0 0 0 0 0 0 0 0 0 0 0 0 0 0 0 0 0 0 0 0 0 0 0 0 0 0 0 0 0 0 0 0 0 0 0 0 0 0 0 0 0 0 0 0 0 0 0 0 0 0 0 0 0 0 0 0 0 0 0 0 0 0 0 0 0 0 0 0 0 0 0 0 0 0 0 0 0 0 0 0 0 0 0 0 0 0 0 0 0 0 0 0 0 0 0 0 0 0 0 0 0 0 0 0 0 0 0 0 0 0 0 0 0 0 0 0 0 0 0 0 0 0 0 0 0 0 0 0 0 0 0 0 0 0 0 0 0 0 0 0 0 0 0 0 0 0 0 0 0 0 0 0 0 0 0 0 0 0 0 0 0 0 0 0 0 0 0 0 0 0 0 0 0 0 0 0 0 0 0 0 0 0 0 0 0 0 0 0 0 0 0 0 0 0 0 0 0 0 0 0 0 0 0 0 0 0 0 0 0 0 0 0 0 0 0 0 0 0 0 0 0 0 0 0 0 0 0 0 0 0 0 0 0 0 0 0 0 0 0 0 0 0 0 0 0 0 0 0 0 0 0 0 0 0 0 0 0 0 0 0 0 0 0 0 0 0 0 0 0 0 0 0 0 0 0 0 0 0 0 0 0 0 0 0 0 0 0 0 0 0 0 0 0 0 0 0 0 0 0 0 0 0 0 0 0 0 0 0 0 0 0 0 0 0 0 0 0 0 0 0 0 0 0 0 0 0 0 0 0 0 0 0 0 0 0 0 0 0 0 0 0 0 0 0 0 0 0 0 0 0 0 0 0 0 0 0 0 0 0 0 0 0 0 0 0 0 0 0 0 0 0 0 0 0 0 0 0 0 0 0 0 0 0 0 0 0 0 0 0 0 0 0 0 0 0 0 0 0 0 0 0 0 0 0 0 0 0 0 0 0 0 0 0 0 0 0 0 0 0 0 0 0 0 0 0 0 0 0 0 0 0 0 0 0 0 0 0 0 0 0 0 0 0 0 0 0 0 0 0 0 0 0 0 0 0 0 0 0 0 0 0 0 0 0 0 0 0 0 0 0 0 0 0 0 0 0 0 0 0 0 0 0 0 0 0 0 0 0 0 0 0 0 0 0 0 0 0 0 0 0 0 0 0 0 0 0 0 0 0 0 0 0 0 0 0 0 0 0 0 0 0 0 0 0 0 0 0 0 0 0 0 0 0 0 0 0 0 0 0 0 0 0 0 0 0 0 0 0 0 0 0 0 0 0 0 0 0 0 0 0 0 0 0 0 0 0 0 0 0 0 0 0 0 0 0 0 0 0 0 0 0 0 0 0 0 0 0 0 0 0 0 0 0 0 0 0 0 0 0 0 0 0 0 0 0 0 0 0 0 0 0 0 0 0 0 0 0 0 0 0 0 0 0 0 0 0 0 0 0 0 0 0 0 0 0 0 0 0 0 0 0 0 0 0 0 0 0 0 0 0 0 0 0 0 0 0 0 0 0 0 0 0 0 0 0 0 0 0 0 0 0 0 0 0 0 0 0 0 0 0 0 0 0 0 0 0 0 0 0 0 0 0 0 0 0 0 0 0 0 0 0 0 0 0 0 0 0 0 0 0 0 0 0 0 0 0 0 0 0 0 0 0 0 0 0 0 0 0 0 0 0 0 0 0 0 0 0 0 0 0 0 0 0 0 0 0 0 0 0 0 0 0 0 0 0 0 0 0 0 0 0 0 0 0 0 0 0 0 0 0 0 0 0 0 0 0 0 0 0 0 0 0 0 0 0 0 0 0 0 0 0 0 0 0 0 0 0 0 0 0 0 0 0 0 0 0 0 0 0 0 0 0 0 0 0 0 0 0 0 0 0 0 0 0 0 0 0 0 0 0 0 0 0 0 0 0 0 0 0 0 0 0 0 0 0 0 0 0 0 0 0 0 0 0 0 0 0 0 0 0 0 0 0 0 0 0 0 0 0 0 0 0 0 0 0 0 0 0 0 0 0 0 0 0 0 0 0 0 0 0 0 0 0 0 0 0 0 0 0 0 0 0 0 0 0 0 0 0 0 0 0 0 0 0 0 0 0 0 0 0 0 0 0 0 0 0 0 0 0 0 0 0 0 0 0 0 0 0 0 0 0 0 0 0 0 0 0 0 0 0 0 0 0 0 0 0 0 0 0 0 0 0 0 0 0 0 0 0 0 0 0 0 0 0 0 0 0 0 0 0 0 0 0 0 0 0 0 0 0 0 0 0 0 0 0 0 0 0 0 0 0 0 0 0 0 0 0 0 0 0 0 0 0 0 0 0 0 0 0 0 0 0 0 0 0 0 0 0 0 0 0 0 0 0 0 0 0 0 0 0 0 0 0 0 0 0 0 0 0 0 0 0 0 0 0 0 0 0 0 0 0 0 0 0 0 0 0 0 0 0 0 0 0 0 0 0 0 0 0 0 0 0 0 0 0 0 0 0 0 0 0 0 0 0 0 0 0 0 0 0 0 0 0 0 0 0 0 0 0 0 0 0 0 0 0 0 0 0 0 0 0 0 0 0 0 0 0 0 0 0 0 0 0 0 0 0 0 0 0 0 0 0 0 0 0 0 0 0 0 0 0 0 0 0 0 0 0 0 0 0 0 0 0 0 0 0 0 0 0 0 0 0 0 0 0 0 0 0 0 0 0 0 0 0 0 0 0 0 0 0 0 0 0 0 0 0 0 0 0 0 0 0 0 0 0 0 0 0 0 0 0 0 0 0 0 0 0 0 0 0 0 0 0 0 0 0 0 0 0 0 0 0 0 0 0 0 0 0 0 0 0 0 0 0 0 0 0 0 0 0 0 0 0 0 0 0 0 0 0 0 0 0 0 0 0 0 0 0 0 0 0 0 0 0 0 0 0 0 0 0 0 0 0 0 0 0 0 0 0 0 0 0 0 0 0 0 0 0 0 0 0 0 0 0 0 0 0 0 0 0 0 0 0 0 0 0 0 0 0 0 0 0 0 0 0 0 0 0 0 0 0 0 0 0 0 0 0 0 0 0 0 0 0 0 0 0 0 0 0 0 0 0 0 0 0 0 0 0 0 0 0 0 0 0 0 0 0 0 0 0 0 0 0 0 0 0 0 0 0 0 0 0 0 0 0 0 0 0 0 0 0 0 0 0 0 0 0 0 0 0 0 0 0 0 0 0 0 0 0 0 0 0 0 0 0 0 0 0 0 0 0 0 0 0 0 0 0 0 0 0 0 0 0 0 0 0 0 0 0 0 0 0 0 0 0 0 0 0 0 0 0 0 0 0 0 0 0 0 0 0 0 0 0 0 0 0 0 0 0 0 0 0 0 0 0 0 0 0 0 0 0 0 0 0 0 0 0 0 0 0 0 0 0 0 0 0 0 0 0 0 0 0 0 0 0 0 0 0 0 0 0 0 0 0 0 0 0 0 0 0 0 0 0 0 0 0 0 0 0 0 0 0 0 0 0 0 0 0 0 0 0 0 0 0 0 0 0 0 0 0 0 0 0 0 0 0 0 0 0 0 0 0 0 0 0 0 0 0 0 0 0 0 0 0 0 0 0 0 0 0 0 0 0 0 0 0 0 0 0 0 0 0 0 0 0 0 0 0 0 0 0 0 0 0 0 0 0 0 0 0 0 0 0 0 0 0 0 0 0 0 0 0 0 0 0 0 0 0 0 0 0 0 0 0 0 0 0 0 0 0 0 0 0 0 0 0 0 0 0 0 0 0 0 0 0 0 0 0 0 0 0 0 0 0 0 0 0 0 0 0 0 0 0 0 0 0 0 0 0 0 0 0 0 0 0 0 0 0 0 0 0 0 0 0 0 0 0 0 0 0 0 0 0 0 0 0 0 0 0 0 0 0 0 0 0 0 0 0 0 0 0 0 0 0 0 0 0 0 0 0 0 0 0 0 0 0 0 0 0 0 0 0 0 0 0 0 0 0 0 0 0 0 0 0 0 0 0 0 0 0 0 0 0 0 0 0 0 0 0 0 0 0 0 0 0 0 0 0 0 0 0 0 0 0 0 0 0 0 0 0 0 0 0 0 0 0 0 0 0 0 0 0 0 0 0 0 0 0 0 0 0 0 0 0 0 0 0 0 0 0 0 0 0 0 0 0 0 0 0 0 0 0 0 0 0 0 0 0 0 0 0 0 0 0 0 0 0 0 0 0 0 0 0 0 0 0 0 0 0 0 0 0 0 0 0 0 0 0 0 0 0 0 0 0 0 0 0 0 0 0 0 0 0 0 0 0 0 0 0 0 0 0 0 0 0 0 0 0 0 0 0 0 0 0 0 0 0 0 0 0 0 0 0 0 0 0 0 0 0 0 0 0 0 0 0 0 0 0 0 0 0 0 0 0 0 0 0 0 0 0 0 0 0 0 0 0 0 0 0 0 0 0 0 0 0 0 0 0 0 0 0 0 0 0 0 0 0 0 0 0 0 0 0 0 0 0 0 0 0 0 0 0 0 0 0 0 0 0 0 0 0 0 0 0 0 0 0 0 0 0 0 0 0 0 0 0 0 0 0 0 0 0 0 0 0 0 0 0 0 0 0 0 0 0 0 0 0 0 0 0 0 0 0 0 0 0 0 0 0 0 0 0 0 0 0 0 0 0 0 0 0 0 0 0 0 0 0 0 0 0 0 0 0 0 0 0 0 0 0 0 0 0 0 0 0 0 0 0 0 0 0 0 0 0 0 0 0 0 0 0 0 0 0 0 0 0 0 0 0 0 0 0 0 0 0 0 0 0 0 0 0 0 0 0 0 0 0 0 0 0 0 0 0 0 0 0 0 0 0 0 0 0 0 0 0 0 0 0 0 0 0 0 0 0 0 0 0 0 0 0 0 0 0 0 0 0 0 0 0 0 0 0 0 0 0 0 0 0 0 0 0 0 0 0 0 0 0 0 0 0 0 0 0 0 0 0 0 0 0 0 0 0 0 0 0 0 0 0 0 0 0 0 0 0 0 0 0 0 0 0 0 0 0 0 0 0 0 0 0 0 0 0 0 0 0 0 0 0 0 0 0 0 0 0 0 0 0 0 0 0 0 0 0 0 0 0 0 0 0 0 0 0 0 0 0 0 0 0 0 0 0 0 0 0 0 0 0 0 0 0 0 0 0 0 0 0 0 0 0 0 0 0 0 0 0 0 0 0 0 0 0 0 0 0 0 0 0 0 0 0 0 0 0 0 0 0 0 0 0 0 0 0 0 0 0 0 0 0 0 0 0 0 0 0 0 0 0 0 0 0 0 0 0 0 0 0 0 0 0 0 0 0 0 0 0 0 0 0 0 0 0 0 0 0 0 0 0 0 0 0 0 0 0 0 0 0 0 0 0 0 0 0 0 0 0 0 0 0 0 0 0 0 0 0 0 0 0 0 0 0 0 0 0 0 0 0 0 0 0 0 0 0 0 0 0 0 0 0 0 0 0 0 0 0 0 0 0 0 0 0 0 0 0 0 0 0 0 0 0 0 0 0 0 0 0 0 0 0 0 0 0 0 0 0 0 0 0 0 0 0 0 0 0 0 0 0 0 0 0 0 0 0 0 0 0 0 0 0 0 0 0 0 0 0 0 0 0 0 0 0 0 0 0 0 0 0 0 0 0 0 0 0 0 0 0 0 0 0 0 0 0 0 0 0 0 0 0 0 0 0 0 0 0 0 0 0 0 0 0 0 0 0 0 0 0 0 0 0 0 0 0 0 0 0 0 0 0 0 0 0 0 0 0 0 0 0 0 0 0 0 0 0 0 0 0 0 0 0 0 0 0 0 0 0 0 0 0 0 0 0 0 0 0 0 0 0 0 0 0 0 0 0 0 0 0 0 0 0 0 0 0 0 0 0 0 0 0 0 0 0 0 0 0 0 0 0 0 0 0 0 0 0 0 0 0 0 0 0 0 0 0 0 0 0 0 0 0 0 0 0 0 0 0 0 0 0 0 0 0 0 0 0 0 0 0 0 0 0 0 0 0 0 0 0 0 0 0 0 0 0 0 0 0 0 0 0 0 0 0 0 0 0 0 0 0 0 0 0 0 0 0 0 0 0 0 0 0 0 0 0 0 0 0 0 0 0 0 0 0 0 0 0 0 0 0 0 0 0 0 0 0 0 0 0 0 0 0 0 0 0 0 0 0 0 0 0 0 0 0 0 0 0 0 0 0 0 0 0 0 0 0 0 0 0 0 0 0 0 0 0 0 0 0 0 0 0 0 0 0 0 0 0 0 0 0 0 0 0 0 0 0 0 0 0 0 0 0 0 0 0 0 0 0 0 0 0 0 0 0 0 0 0 0 0 0 0 0 0 0 0 0 0 0 0 0 0 0 0 0 0 0 0 0 0 0 0 0 0 0 0 0 0 0 0 0 0 0 0 0 0 0 0 0 0 0 0 0 0 0 0 0 0 0 0 0 0 0 0 0 0 0 0 0 0 0 0 0 0 0 0 0 0 0 0 0 0 0 0 0 0 0 0 0 0 0 0 0 0 0 0 0 0 0 0 0 0 0 0 0 0 0 0 0 0 0 0 0 0 0 0 0 0 0 0 0 0 0 0 0 0 0 0 0 0 0 0 0 0 0 0 0 0 0 0 0 0 0 0 0 0 0 0 0 0 0 0 0 0 0 0 0 0 0 0 0 0 0 0 0 0 0 0 0 0 0 0 0 0 0 0 0 0 0 0 0 0 0 0 0 0 0 0 0 0 0 0 0 0 0 0 0 0 0 0 0 0 0 0 0 0 0 0 0 0 0 0 0 0 0 0 0 0 0 0 0 0 0 0 0 0 0 0 0 0 0 0 0 0 0 0 0 0 0 0 0 0 0 0 0 0 0 0 0 0 0 0 0 0 0 0 0 0 0 0 0 0 0 0 0 0 0 0 0 0 0 0 0 0 0 0 0 0 0 0 0 0 0 0 0 0 0 0 0 0 0 0 0 0 0 0 0 0 0 0 0 0 0 0 0 0 0 0 0 0 0 0 0 0 0 0 0 0 0 0 0 0 0 0 0 0 0 0 0 0 0 0 0 0 0 0 0 0 0 0 0 0 0 0 0 0 0 0 0 0 0 0 0 0 0 0 0 0 0 0 0 0 0 0 0 0 0 0 0 0 0 0 0 0 0 0 0 0 0 0 0 0 0 0 0 0 0 0 0 0 0 0 0 0 0 0 0 0 0 0 0 0 0 0 0 0 0 0 0 0 0 0 0 0 0 0 0 0 0 0 0 0 0 0 0 0 0 0 0 0 0 0 0 0 0 0 0 0 0 0 0 0 0 0 0 0 0 0 0 0 0 0 0 0 0 0 0 0 0 0 0 0 0 0 0 0 0 0 0 0 0 0 0 0 0 0 0 0 0 0 0 0 0 0 0 0 0 0 0 0 0 0 0 0 0 0 0 0 0 0 0 0 0 0 0 0 0 0 0 0 0 0 0 0 0 0 0 0 0 0 0 0 0 0 0 0 0 0 0 0 0 0 0 0 0 0 0 0 0 0 0 0 0 0 0 0 0 0 0 0 0 0 0 0 0 0 0 0 0 0 0 0 0 0 0 0 0 0 0 0 0 0 0 0 0 0 0 0 0 0 0 0 0 0 0 0 0 0 0 0 0 0 0 0 0 0 0 0 0 0 0 0 0 0 0 0 0 0 0 0 0 0 0 0 0 0 0 0 0 0 0 0 0 0 0 0 0 0 0 0 0 0 0 0 0 0 0 0 0 0 0 0 0 0 0 0 0 0 0 0 0 0 0 0 0 0 0 0 0 0 0 0 0 0 0 0 0 0 0 0 0 0 0 0 0 0 0 0 0 0 0 0 0 0 0 0 0 0 0 0 0 0 0 0 0 0 0 0 0 0 0 0 0 0 0 0 0 0 0 0 0 0 0 0 0 0 0 0 0 0 0 0 0 0 0 0 0 0 0 0 0 0 0 0 0 0 0 0 0 0 0 0 0 0 0 0 0 0 0 0 0 0 0 0 0 0 0 0 0 0 0 0 0 0 0 0 0 0 0 0 0 0 0 0 0 0 0 0 0 0 0 0 0 0 0 0 0 0 0 0 0 0 0 0 0 0 0 0 0 0 0 0 0 0 0 0 0 0 0 0 0 0 0 0 0 0 0 0 0 0 0 0 0 0 0 0 0 0 0 0 0 0 0 0 0 0 0 0 0 0 0 0 0 0 0 0 0 0 0 0 0 0 0 0 0 0 0 0 0 0 0 0 0 0 0 0 0 0 0 0 0 0 0 0 0 0 0 0 0 0 0 0 0 0 0 0 0 0 0 0 0 0 0 0 0 0 0 0 0 0 0 0 0 0 0 0 0 0 0 0 0 0 0 0 0 0 0 0 0 0 0 0 0 0 0 0 0 0 0 0 0 0 0 0 0 0 0 0 0 0 0 0 0 0 0 0 0 0 0 0 0 0 0 0 0 0 0 0 0 0 0 0 0 0 0 0 0 0 0 0 0 0 0 0 0 0 0 0 0 0 0 0 0 0 0 0 0 0 0 0 0 0 0 0 0 0 0 0 0 0 0 0 0 0 0 0 0 0 0 0 0 0 0 0 0 0 0 0 0 0 0 0 0 0 0 0 0 0 0 0 0 0 0 0 0 0 0 0 0 0 0 0 0 0 0 0 0 0 0 0 0 0 0 0 0 0 0 0 0 0 0 0 0 0 0 0 0 0 0 0 0 0 0 0 0 0 0 0 0 0 0 0 0 0 0 0 0 0 0 0 0 0 0 0 0 0 0 0 0 0 0 0 0 0 0 0 0 0 0 0 0 0 0 0 0 0 0 0 0 0 0 0 0 0 0 0 0 0 0 0 0 0 0 0 0 0 0 0 0 0 0 0 0 0 0 0 0 0 0 0 0 0 0 0 0 0 0 0 0 0 0 0 0 0 0 0 0 0 0 0 0 0 0 0 0 0 0 0 0 0 0 0 0 0 0 0 0 0 0 0 0 0 0 0 0 0 0 0 0 0 0 0 0 0 0 0 0 0 0 0 0 0 0 0 0 0 0 0 0 0 0 0 0 0 0 0 0 0 0 0 0 0 0 0 0 0 0 0 0 0 0 0 0 0 0 0 0 0 0 0 0 0 0 0 0 0 0 0 0 0 0 0 0 0 0 0 0 0 0 0 0 0 0 0 0 0 0 0 0 0 0 0 0 0 0 0 0 0 0 0 0 0 0 0 0 0 0 0 0 0 0 0 0 0 0 0 0 0 0 0 0 0 0 0 0 0 0 0 0 0 0 0 0 0 0 0 0 0 0 0 0 0 0 0 0 0 0 0 0 0 0 0 0 0 0 0 0 0 0 0 0 0 0 0 0 0 0 0 0 0 0 0 0 0 0 0 0 0 0 0 0 0 0 0 0 0 0 0 0 0 0 0 0 0 0 0 0 0 0 0 0 0 0 0 0 0 0 0 0 0 0 0 0 0 0 0 0 0 0 0 0 0 0 0 0 0 0 0 0 0 0 0 0 0 0 0 0 0 0 0 0 0 0 0 0 0 0 0 0 0 0 0 0 0 0 0 0 0 0 0 0 0 0 0 0 0 0 0 0 0 0 0 0 0 0 0 0 0 0 0 0 0 0 0 0 0 0 0 0 0 0 0 0 0 0 0 0 0 0 0 0 0 0 0 0 0 0 0 0 0 0 0 0 0 0 0 0 0 0 0 0 0 0 0 0 0 0 0 0 0 0 0 0 0 0 0 0 0 0 0 0 0 0 0 0 0 0 0 0 0 0 0 0 0 0 0 0 0 0 0 0 0 0 0 0 0 0 0 0 0 0 0 0 0 0 0 0 0 0 0 0 0 0 0 0 0 0 0 0 0 0 0 0 0 0 0 0 0 0 0 0 0 0 0 0 0 0 0 0 0 0 0 0 0 0 0 0 0 0 0 0 0 0 0 0 0 0 0 0 0 0 0 0 0 0 0 0 0 0 0 0 0 0 0 0 0 0 0 0 0 0 0 0 0 0 0 0 0 0 0 0 0 0 0 0 0 0 0 0 0 0 0 0 0 0 0 0 0 0 0 0 0 0 0 0 0 0 0 0 0 0 0 0 0 0 0 0 0 0 0 0 0 0 0 0 0 0 0 0 0 0 0 0 0 0 0 0 0 0 0 0 0 0 0 0 0 0 0 0 0 0 0 0 0 0 0 0 0 0 0 0 0 0 0 0 0 0 0 0 0 0 0 0 0 0 0 0 0 0 0 0 0 0 0 0 0 0 0 0 0 0 0 0 0 0 0 0 0 0 0 0 0 0 0 0 0 0 0 0 0 0 0 0 0 0 0 0 0 0 0 0 0 0 0 0 0 0 0 0 0 0 0 0 0 0 0 0 0 0 0 0 0 0 0 0 0 0 0 0 0 0 0 0 0 0 0 0 0 0 0 0 0 0 0 0 0 0 0 0 0 0 0 0 0 0 0 0 0 0 0 0 0 0 0 0 0 0 0 0 0 0 0 0 0 0 0 0 0 0 0 0 0 0 0 0 0 0 0 0 0 0 0 0 0 0 0 0 0 0 0 0 0 0 0 0 0 0 0 0 0 0 0 0 0 0 0 0 0 0 0 0 0 0 0 0 0 0 0 0 0 0 0 0 0 0 0 0 0 0 0 0 0 0 0 0 0 0 0 0 0 0 0 0 0 0 0 0 0 0 0 0 0 0 0 0 0 0 0 0 0 0 0 0 0 0 0 0 0 0 0 0 0 0 0 0 0 0 0 0 0 0 0 0 0 0 0 0 0 0 0 0 0 0 0 0 0 0 0 0 0 0 0 0 0 0 0 0 0 0 0 0 0 0 0 0 0 0 0 0 0 0 0 0 0 0 0 0 0 0 0 0 0 0 0 0 0 0 0 0 0 0 0 0 0 0 0 0 0 0 0 0 0 0 0 0 0 0 0 0 0 0 0 0 0 0 0 0 0 0 0 0 0 0 0 0 0 0 0 0 0 0 0 0 0 0 0 0 0 0 0 0 0 0 0 0 0 0 0 0 0 0 0 0 0 0 0 0 0 0 0 0 0 0 0 0 0 0 0 0 0 0 0 0 0 0 0 0 0 0 0 0 0 0 0 0 0 0 0 0 0 0 0 0 0 0 0 0 0 0 0 0 0 0 0 0 0 0 0 0 0 0 0 0 0 0 0 0 0 0 0 0 0 0 0 0 0 0 0 0 0 0 0 0 0 0 0 0 0 0 0 0 0 0 0 0 0 0 0 0 0 0 0 0 0 0 0 0 0 0 0 0 0 0 0 0 0 0 0 0 0 0 0 0 0 0 0 0 0 0 0 0 0 0 0 0 0 0 0 0 0 0 0 0 0 0 0 0 0 0 0 0 0 0 0 0 0 0 0 0 0 0 0 0 0 0 0 0 0 0 0 0 0 0 0 0 0 0 0 0 0 0 0 0 0 0 0 0 0 0 0 0 0 0 0 0 0 0 0 0 0 0 0 0 0 0 0 0 0 0 0 0 0 0 0 0 0 0 0 0 0 0 0 0 0 0 0 0 0 0 0 0 0 0 0 0 0 0 0 0 0 0 0 0 0 0 0 0 0 0 0 0 0 0 0 0 0 0 0 0 0 0 0 0 0 0 0 0 0 0 0 0 0 0 0 0 0 0 0 0 0 0 0 0 0 0 0 0 0 0 0 0 0 0 0 0 0 0 0 0 0 0 0 0 0 0 0 0 0 0 0 0 0 0 0 0 0 0 0 0 0 0 0 0 0 0 0 0 0 0 0 0 0 0 0 0 0 0 0 0 0 0 0 0 0 0 0 0 0 0 0 0 0 0 0 0 0 0 0 0 0 0 0 0 0 0 0 0 0 0 0 0 0 0 0 0 0 0 0 0 0 0 0 0 0 0 0 0 0 0 0 0 0 0 0 0 0 0 0 0 0 0 0 0 0 0 0 0 0 0 0 0 0 0 0 0 0 0 0 0 0 0 0 0 0 0 0 0 0 0 0 0 0 0 0 0 0 0 0 0 0 0 0 0 0 0 0 0 0 0 0 0 0 0 0 0 0 0 0 0 0 0 0 0 0 0 0 0 0 0 0 0 0 0 0 0 0 0 0 0 0 0 0 0 0 0 0 0 0 0 0 0 0 0 0 0 0 0 0 0 0 0 0 0 0 0 0 0 0 0 0 0 0 0 0 0 0 0 0 0 0 0 0 0 0 0 0 0 0 0 0 0 0 0 0 0 0 0 0 0 0 0 0 0 0 0 0 0 0 0 0 0 0 0 0 0 0 0 0 0 0 0 0 0 0 0 0 0 0 0 0 0 0 0 0 0 0 0 0 0 0 0 0 0 0 0 0 0 0 0 0 0 0 0 0 0 0 0 0 0 0 0 0 0 0 0 0 0 0 0 0 0 0 0 0 0 0 0 0 0 0 0 0 0 0 0 0 0 0 0 0 0 0 0 0 0 0 0 0 0 0 0 0 0 0 0 0 0 0 0 0 0 0 0 0 0 0 0 0 0 0 0 0 0 0 0 0 0 0 0 0 0 0 0 0 0 0 0 0 0 0 0 0 0 0 0 0 0 0 0 0 0 0 0 0 0 0 0 0 0 0 0 0 0 0 0 0 0 0 0 0 0 0 0 0 0 0 0 0 0 0 0 0 0 0 0 0 0 0 0 0 0 0 0 0 0 0 0 0 0 0 0 0 0 0 0 0 0 0 0 0 0 0 0 0 0 0 0 0 0 0 0 0 0 0 0 0 0 0 0 0 0 0 0 0 0 0 0 0 0 0 0 0 0 0 0 0 0 0 0 0 0 0 0 0 0 0 0 0 0 0 0 0 0 0 0 0 0 0 0 0 0 0 0 0 0 0 0 0 0 0 0 0 0 0 0 0 0 0 0 0 0 0 0 0 0 0 0 0 0 0 0 0 0 0 0 0 0 0 0 0 0 0 0 0 0 0 0 0 0 0 0 0 0 0 0 0 0 0 0 0 0 0 0 0 0 0 0 0 0 0 0 0 0 0 0 0 0 0 0 0 0 0 0 0 0 0 0 0 0 0 0 0 0 0 0 0 0 0 0 0 0 0 0 0 0 0 0 0 0 0 0 0 0 0 0 0 0 0 0 0 0 0 0 0 0 0 0 0 0 0 0 0 0 0 0 0 0 0 0 0 0 0 0 0 0 0 0 0 0 0 0 0 0 0 0 0 0 0 0 0 0 0 0 0 0 0 0 0 0 0 0 0 0 0 0 0 0 0 0 0 0 0 0 0 0 0 0 0 0 0 0 0 0 0 0 0 0 0 0 0 0 0 0 0 0 0 0 0 0 0 0 0 0 0 0 0 0 0 0 0 0 0 0 0 0 0 0 0 0 0 0 0 0 0 0 0 0 0 0 0 0 0 0 0 0 0 0 0 0 0 0 0 0 0 0 0 0 0 0 0 0 0 0 0 0 0 0 0 0 0 0 0 0 0 0 0 0 0 0 0 0 0 0 0 0 0 0 0 0 0 0 0 0 0 0 0 0 0 0 0 0 0 0 0 0 0 0 0 0 0 0 0 0 0 0 0 0 0 0 0 0 0 0 0 0 0 0 0 0 0 0 0 0 0 0 0 0 0 0 0 0 0 0 0 0 0 0 0 0 0 0 0 0 0 0 0 0 0 0 0 0 0 0 0 0 0 0 0 0 0 0 0 0 0 0 0 0 0 0 0 0 0 0 0 0 0 0 0 0 0 0 0 0 0 0 0 0 0 0 0 0 0 0 0 0 0 0 0 0 0 0 0 0 0 0 0 0 0 0 0 0 0 0 0 0 0 0 0 0 0 0 0 0 0 0 0 0 0 0 0 0 0 0 0 0 0 0 0 0 0 0 0 0 0 0 0 0 0 0 0 0 0 0 0 0 0 0 0 0 0 0 0 0 0 0 0 0 0 0 0 0 0 0 0 0 0 0 0 0 0 0 0 0 0 0 0 0 0 0 0 0 0 0 0 0 0 0 0 0 0 0 0 0 0 0 0 0 0 0 0 0 0 0 0 0 0 0 0 0 0 0 0 0 0 0 0 0 0 0 0 0 0 0 0 0 0 0 0 0 0 0 0 0 0 0 0 0 0 0 0 0 0 0 0 0 0 0 0 0 0 0 0 0 0 0 0 0 0 0 0 0 0 0 0 0 0 0 0 0 0 0 0 0 0 0 0 0 0 0 0 0 0 0 0 0 0 0 0 0 0 0 0 0 0 0 0 0 0 0 0 0 0 0 0 0 0 0 0 0 0 0 0 0 0 0 0 0 0 0 0 0 0 0 0 0 0 0 0 0 0 0 0 0 0 0 0 0 0 0 0 0 0 0 0 0 0 0 0 0 0 0 0 0 0 0 0 0 0 0 0 0 0 0 0 0 0 0 0 0 0 0 0 0 0 0 0 0 0 0 0 0 0 0 0 0 0 0 0 0 0 0 0 0 0 0 0 0 0 0 0 0 0 0 0 0 0 0 0 0 0 0 0 0 0 0 0 0 0 0 0 0 0 0 0 0 0 0 0 0 0 0 0 0 0 0 0 0 0 0 0 0 0 0 0 0 0 0 0 0 0 0 0 0 0 0 0 0 0 0 0 0 0 0 0 0 0 0 0 0 0 0 0 0 0 0 0 0 0 0 0 0 0 0 0 0 0 0 0 0 0 0 0 0 0 0 0 0 0 0 0 0 0 0 0 0 0 0 0 0 0 0 0 0 0 0 0 0 0 0 0 0 0 0 0 0 0 0 0 0 0 0 0 0 0 0 0 0 0 0 0 0 0 0 0 0 0 0 0 0 0 0 0 0 0 0 0 0 0 0 0 0 0 0 0 0 0 0 0 0 0 0 0 0 0 0 0 0 0 0 0 0 0 0 0 0 0 0 0 0 0 0 0 0 0 0 0 0 0 0 0 0 0 0 0 0 0 0 0 0 0 0 0 0 0 0 0 0 0 0 0 0 0 0 0 0 0 0 0 0 0 0 0 0 0 0 0 0 0 0 0 0 0 0 0 0 0 0 0 0 0 0 0 0 0 0 0 0 0 0 0 0 0 0 0 0 0 0 0 0 0 0 0 0 0 0 0 0 0 0 0 0 0 0 0 0 0 0 0 0 0 0 0 0 0 0 0 0 0 0 0 0 0 0 0 0 0 0 0 0 0 0 0 0 0 0 0 0 0 0 0 0 0 0 0 0 0 0 0 0 0 0 0 0 0 0 0 0 0 0 0 0 0 0 0 0 0 0 0 0 0 0 0 0 0 0 0 0 0 0 0 0 0 0 0 0 0 0 0 0 0 0 0 0 0 0 0 0 0 0 0 0 0 0 0 0 0 0 0 0 0 0 0 0 0 0 0 0 0 0 0 0 0 0 0 0 0 0 0 0 0 0 0 0 0 0 0 0 0 0 0 0 0 0 0 0 0 0 0 0 0 0 0 0 0 0 0 0 0 0 0 0 0 0 0 0 0 0 0 0 0 0 0 0 0 0 0 0 0 0 0 0 0 0 0 0 0 0 0 0 0 0 0 0 0 0 0 0 0 0 0 0 0 0 0 0 0 0 0 0 0 0 0 0 0 0 0 0 0 0 0 0 0 0 0 0 0 0 0 0 0 0 0 0 0 0 0 0 0 0 0 0 0 0 0 0 0 0 0 0 0 0 0 0 0 0 0 0 0 0 0 0 0 0 0 0 0 0 0 0 0 0 0 0 0 0 0 0 0 0 0 0 0 0 0 0 0 0 0 0 0 0 0 0 0 0 0 0 0 0 0 0 0 0 0 0 0 0 0 0 0 0 0 0 0 0 0 0 0 0 0 0 0 0 0 0 0 0 0 0 0 0 0 0 0 0 0 0 0 0 0 0 0 0 0 0 0 0 0 0 0 0 0 0 0 0 0 0 0 0 0 0 0 0 0 0 0 0 0 0 0 0 0 0 0 0 0 0 0 0 0 0 0 0 0 0 0 0 0 0 0 0 0 0 0 0 0 0 0 0 0 0 0 0 0 0 0 0 0 0 0 0 0 0 0 0 0 0 0 0 0 0 0 0 0 0 0 0 0 0 0 0 0 0 0 0 0 0 0 0 0 0 0 0 0 0 0 0 0 0 0 0 0 0 0 0 0 0 0 0 0 0 0 0 0 0 0 0 0 0 0 0 0 0 0 0 0 0 0 0 0 0 0 0 0 0 0 0 0 0 0 0 0 0 0 0 0 0 0 0 0 0 0 0 0 0 0 0 0 0 0 0 0 0 0 0 0 0 0 0 0 0 0 0 0 0 0 0 0 0 0 0 0 0 0 0 0 0 0 0 0 0 0 0 0 0 0 0 0 0 0 0 0 0 0 0 0 0 0 0 0 0 0 0 0 0 0 0 0 0 0 0 0 0 0 0 0 0 0 0 0 0 0 0 0 0 0 0 0 0 0 0 0 0 0 0 0 0 0 0 0 0 0 0 0 0 0 0 0 0 0 0 0 0 0 0 0 0 0 0 0 0 0 0 0 0 0 0 0 0 0 0 0 0 0 0 0 0 0 0 0 0 0 0 0 0 0 0 0 0 0 0 0 0 0 0 0 0 0 0 0 0 0 0 0 0 0 0 0 0 0 0 0 0 0 0 0 0 0 0 0 0 0 0 0 0 0 0 0 0 0 0 0 0 0 0 0 0 0 0 0 0 0 0 0 0 0 0 0 0 0 0 0 0 0 0 0 0 0 0 0 0 0 0 0 0 0 0 0 0 0 0 0 0 0 0 0 0 0 0 0 0 0 0 0 0 0 0 0 0 0 0 0 0 0 0 0 0 0 0 0 0 0 0 0 0 0 0 0 0 0 0 0 0 0 0 0 0 0 0 0 0 0 0 0 0 0 0 0 0 0 0 0 0 0 0 0 0 0 0 0 0 0 0 0 0 0 0 0 0 0 0 0 0 0 0 0 0 0 0 0 0 0 0 0 0 0 0 0 0 0 0 0 0 0 0 0 0 0 0 0 0 0 0 0 0 0 0 0 0 0 0 0 0 0 0 0 0 0 0 0 0 0 0 0 0 0 0 0 0 0 0 0 0 0 0 0 0 0 0 0 0 0 0 0 0 0 0 0 0 0 0 0 0 0 0 0 0 0 0 0 0 0 0 0 0 0 0 0 0 0 0 0 0 0 0 0 0 0 0 0 0 0 0 0 0 0 0 0 0 0 0 0 0 0 0 0 0 0 0 0 0 0 0 0 0 0 0 0 0 0 0 0 0 0 0 0 0 0 0 0 0 0 0 0 0 0 0 0 0 0 0 0 0 0 0 0 0 0 0 0 0 0 0 0 0 0 0 0 0 0 0 0 0 0 0 0 0 0 0 0 0 0 0 0 0 0 0 0 0 0 0 0 0 0 0 0 0 0 0 0 0 0 0 0 0 0 0 0 0 0 0 0 0 0 0 0 0 0 0 0 0 0 0 0 0 0 0 0 0 0 0 0 0 0 0 0 0 0 0 0 0 0 0 0 0 0 0 0 0 0 0 0 0 0 0 0 0 0 0 0 0 0 0 0 0 0 0 0 0 0 0 0 0 0 0 0 0 0 0 0 0 0 0 0 0 0 0 0 0 0 0 0 0 0 0 0 0 0 0 0 0 0 0 0 0 0 0 0 0 0 0 0 0 0 0 0 0 0 0 0 0 0 0 0 0 0 0 0 0 0 0 0 0 0 0 0 0 0 0 0 0 0 0 0 0 0 0 0 0 0 0 0 0 0 0 0 0 0 0 0 0 0 0 0 0 0 0 0 0 0 0 0 0 0 0 0 0 0 0 0 0 0 0 0 0 0 0 0 0 0 0 0 0 0 0 0 0 0 0 0 0 0 0 0 0 0 0 0 0 0 0 0 0 0 0 0 0 0 0 0 0 0 0 0 0 0 0 0 0 0 0 0 0 0 0 0 0 0 0 0 0 0 0 0 0 0 0 0 0 0 0 0 0 0 0 0 0 0 0 0 0 0 0 0 0 0 0 0 0 0 0 0 0 0 0 0 0 0 0 0 0 0 0 0 0 0 0 0 0 0 0 0 0 0 0 0 0 0 0 0 0 0 0 0 0 0 0 0 0 0 0 0 0 0 0 0 0 0 0 0 0 0 0 0 0 0 0 0 0 0 0 0 0 0 0 0 0 0 0 0 0 0 0 0 0 0 0 0 0 0 0 0 0 0 0 0 0 0 0 0 0 0 0 0 0 0 0 0 0 0 0 0 0 0 0 0 0 0 0 0 0 0 0 0 0 0 0 0 0 0 0 0 0 0 0 0 0 0 0 0 0 0 0 0 0 0 0 0 0 0 0 0 0 0 0 0 0 0 0 0 0 0 0 0 0 0 0 0 0 0 0 0 0 0 0 0 0 0 0 0 0 0 0 0 0 0 0 0 0 0 0 0 0 0 0 0 0 0 0 0 0 0 0 0 0 0 0 0 0 0 0 0 0 0 0 0 0 0 0 0 0 0 0 0 0 0 0 0 0 0 0 0 0 0 0 0 0 0 0 0 0 0 0 0 0 0 0 0 0 0 0 0 0 0 0 0 0 0 0 0 0 0 0 0 0 0 0 0 0 0 0 0 0 0 0 0 0 0 0 0 0 0 0 0 0 0 0 0 0 0 0 0 0 0 0 0 0 0 0 0 0 0 0 0 0 0 0 0 0 0 0 0 0 0 0 0 0 0 0 0 0 0 0 0 0 0 0 0 0 0 0 0 0 0 0 0 0 0 0 0 0 0 0 0 0 0 0 0 0 0 0 0 0 0 0 0 0 0 0 0 0 0 0 0 0 0 0 0 0 0 0 0 0 0 0 0 0 0 0 0 0 0 0 0 0 0 0 0 0 0 0 0 0 0 0 0 0 0 0 0 0 0 0 0 0 0 0 0 0 0 0 0 0 0 0 0 0 0 0 0 0 0 0 0 0 0 0 0 0 0 0 0 0 0 0 0 0 0 0 0 0 0 0 0 0 0 0 0 0 0 0 0 0 0 0 0 0 0 0 0 0 0 0 0 0 0 0 0 0 0 0 0 0 0 0 0 0 0 0 0 0 0 0 0 0 0 0 0 0 0 0 0 0 0 0 0 0 0 0 0 0 0 0 0 0 0 0 0 0 0 0 0 0 0 0 0 0 0 0 0 0 0 0 0 0 0 0 0 0 0 0 0 0 0 0 0 0 0 0 0 0 0 0 0 0 0 0 0 0 0 0 0 0 0 0 0 0 0 0 0 0 0 0 0 0 0 0 0 0 0 0 0 0 0 0 0 0 0 0 0 0 0 0 0 0 0 0 0 0 0 0 0 0 0 0 0 0 0 0 0 0 0 0 0 0 0 0 0 0 0 0 0 0 0 0 0 0 0 0 0 0 0 0 0 0 0 0 0 0 0 0 0 0 0 0 0 0 0 0 0 0 0 0 0 0 0 0 0 0 0 0 0 0 0 0 0 0 0 0 0 0 0 0 0 0 0 0 0 0 0 0 0 0 0 0 0 0 0 0 0 0 0 0 0 0 0 0 0 0 0 0 0 0 0 0 0 0 0 0 0 0 0 0 0 0 0 0 0 0 0 0 0 0 0 0 0 0 0 0 0 0 0 0 0 0 0 0 0 0 0 0 0 0 0 0 0 0 0 0 0 0 0 0 0 0 0 0 0 0 0 0 0 0 0 0 0 0 0 0 0 0 0 0 0 0 0 0 0 0 0 0 0 0 0 0 0 0 0 0 0 0 0 0 0 0 0 0 0 0 0 0 0 0 0 0 0 0 0 0 0 0 0 0 0 0 0 0 0 0 0 0 0 0 0 0 0 0 0 0 0 0 0 0 0 0 0 0 0 0 0 0 0 0 0 0 0 0 0 0 0 0 0 0 0 0 0 0 0 0 0 0 0 0 0 0 0 0 0 0 0 0 0 0 0 0 0 0 0 0 0 0 0 0 0 0 0 0 0 0 0 0 0 0 0 0 0 0 0 0 0 0 0 0 0 0 0 0 0 0 0 0 0 0 0 0 0 0 0 0 0 0 0 0 0 0 0 0 0 0 0 0 0 0 0 0 0 0 0 0 0 0 0 0 0 0 0 0 0 0 0 0 0 0 0 0 0 0 0 0 0 0 0 0 0 0 0 0 0 0 0 0 0 0 0 0 0 0 0 0 0 0 0 0 0 0 0 0 0 0 0 0 0 0 0 0 0 0 0 0 0 0 0 0 0 0 0 0 0 0 0 0 0 0 0 0 0 0 0 0 0 0 0 0 0 0 0 0 0 0 0 0 0 0 0 0 0 0 0 0 0 0 0 0 0 0 0 0 0 0 0 0 0 0 0 0 0 0 0 0 0 0 0 0 0 0 0 0 0 0 0 0 0 0 0 0 0 0 0 0 0 0 0 0 0 0 0 0 0 0 0 0 0 0 0 0 0 0 0 0 0 0 0 0 0 0 0 0 0 0 0 0 0 0 0 0 0 0 0 0 0 0 0 0 0 0 0 0 0 0 0 0 0 0 0 0 0 0 0 0 0 0 0 0 0 0 0 0 0 0 0 0 0 0 0 0 0 0 0 0 0 0 0 0 0 0 0 0 0 0 0 0 0 0 0 0 0 0 0 0 0 0 0 0 0 0 0 0 0 0 0 0 0 0 0 0 0 0 0 0 0 0 0 0 0 0 0 0 0 0 0 0 0 0 0 0 0 0 0 0 0 0 0 0 0 0 0 0 0 0 0 0 0 0 0 0 0 0 0 0 0 0 0 0 0 0 0 0 0 0 0 0 0 0 0 0 0 0 0 0 0 0 0 0 0 0 0 0 0 0 0 0 0 0 0 0 0 0 0 0 0 0 0 0 0 0 0 0 0 0 0 0 0 0 0 0 0 0 0 0 0 0 0 0 0 0 0 0 0 0 0 0 0 0 0 0 0 0 0 0 0 0 0 0 0 0 0 0 0 0 0 0 0 0 0 0 0 0 0 0 0 0 0 0 0 0 0 0 0 0 0 0 0 0 0 0 0 0 0 0 0 0 0 0 0 0 0 0 0 0 0 0 0 0 0 0 0 0 0 0 0 0 0 0 0 0 0 0 0 0 0 0 0 0 0 0 0 0 0 0 0 0 0 0 0 0 0 0 0 0 0 0 0 0 0 0 0 0 0 0 0 0 0 0 0 0 0 0 0 0 0 0 0 0 0 0 0 0 0 0 0 0 0 0 0 0 0 0 0 0 0 0 0 0 0 0 0 0 0 0 0 0 0 0 0 0 0 0 0 0 0 0 0 0 0 0 0 0 0 0 0 0 0 0 0 0 0 0 0 0 0 0 0 0 0 0 0 0 0 0 0 0 0 0 0 0 0 0 0 0 0 0 0 0 0 0 0 0 0 0 0 0 0 0 0 0 0 0 0 0 0 0 0 0 0 0 0 0 0 0 0 0 0 0 0 0 0 0 0 0 0 0 0 0 0 0 0 0 0 0 0 0 0 0 0 0 0 0 0 0 0 0 0 0 0 0 0 0 0 0 0 0 0 0 0 0 0 0 0 0 0 0 0 0 0 0 0 0 0 0 0 0 0 0 0 0 0 0 0 0 0 0 0 0 0 0 0 0 0 0 0 0 0 0 0 0 0 0 0 0 0 0 0 0 0 0 0 0 0 0 0 0 0 0 0 0 0 0 0 0 0 0 0 0 0 0 0 0 0 0 0 0 0 0 0 0 0 0 0 0 0 0 0 0 0 0 0 0 0 0 0 0 0 0 0 0 0 0 0 0 0 0 0 0 0 0 0 0 0 0 0 0 0 0 0 0 0 0 0 0 0 0 0 0 0 0 0 0 0 0 0 0 0 0 0 0 0 0 0 0 0 0 0 0 0 0 0 0 0 0 0 0 0 0 0 0 0 0 0 0 0 0 0 0 0 0 0 0 0 0 0 0 0 0 0 0 0 0 0 0 0 0 0 0 0 0 0 0 0 0 0 0 0 0 0 0 0 0 0 0 0 0 0 0 0 0 0 0 0 0 0 0 0 0 0 0 0 0 0 0 0 0 0 0 0 0 0 0 0 0 0 0 0 0 0 0 0 0 0 0 0 0 0 0 0 0 0 0 0 0 0 0 0 0 0 0 0 0 0 0 0 0 0 0 0 0 0 0 0 0 0 0 0 0 0 0 0 0 0 0 0 0 0 0 0 0 0 0 0 0 0 0 0 0 0 0 0 0 0 0 0 0 0 0 0 0 0 0 0 0 0 0 0 0 0 0 0 0 0 0 0 0 0 0 0 0 0 0 0 0 0 0 0 0 0 0 0 0 0 0 0 0 0 0 0 0 0 0 0 0 0 0 0 0 0 0 0 0 0 0 0 0 0 0 0 0 0 0 0 0 0 0 0 0 0 0 0 0 0 0 0 0 0 0 0 0 0 0 0 0 0 0 0 0 0 0 0 0 0 0 0 0 0 0 0 0 0 0 0 0 0 0 0 0 0 0 0 0 0 0 0 0 0 0 0 0 0 0 0 0 0 0 0 0 0 0 0 0 0 0 0 0 0 0 0 0 0 0 0 0 0 0 0 0 0 0 0 0 0 0 0 0 0 0 0 0 0 0 0 0 0 0 0 0 0 0 0 0 0 0 0 0 0 0 0 0 0 0 0 0 0 0 0 0 0 0 0 0 0 0 0 0 0 0 0 0 0 0 0 0 0 0 0 0 0 0 0 0 0 0 0 0 0 0 0 0 0 0 0 0 0 0 0 0 0 0 0 0 0 0 0 0 0 0 0 0 0 0 0 0 0 0 0 0 0 0 0 0 0 0 0 0 0 0 0 0 0 0 0 0 0 0 0 0 0 0 0 0 0 0 0 0 0 0 0 0 0 0 0 0 0 0 0 0 0 0 0 0 0 0 0 0 0 0 0 0 0 0 0 0 0 0 0 0 0 0 0 0 0 0 0 0 0 0 0 0 0 0 0 0 0 0 0 0 0 0 0 0 0 0 0 0 0 0 0 0 0 0 0 0 0 0 0 0 0 0 0 0 0 0 0 0 0 0 0 0 0 0 0 0 0 0 0 0 0 0 0 0 0 0 0 0 0 0 0 0 0 0 0 0 0 0 0 0 0 0 0 0 0 0 0 0 0 0 0 0 0 0 0 0 0 0 0 0 0 0 0 0 0 0 0 0 0 0 0 0 0 0 0 0 0 0 0 0 0 0 0 0 0 0 0 0 0 0 0 0 0 0 0 0 0 0 0 0 0 0 0 0 0 0 0 0 0 0 0 0 0 0 0 0 0 0 0 0 0 0 0 0 0 0 0 0 0 0 0 0 0 0 0 0 0 0 0 0 0 0 0 0 0 0 0 0 0 0 0 0 0 0 0 0 0 0 0 0 0 0 0 0 0 0 0 0 0 0 0 0 0 0 0 0 0 0 0 0 0 0 0 0 0 0 0 0 0 0 0 0 0 0 0 0 0 0 0 0 0 0 0 0 0 0 0 0 0 0 0 0 0 0 0 0 0 0 0 0 0 0 0 0 0 0 0 0 0 0 0 0 0 0 0 0 0 0 0 0 0 0 0 0 0 0 0 0 0 0 0 0 0 0 0 0 0 0 0 0 0 0 0 0 0 0 0 0 0 0 0 0 0 0 0 0 0 0 0 0 0 0 0 0 0 0 0 0 0 0 0 0 0 0 0 0 0 0 0 0 0 0 0 0 0 0 0 0 0 0 0 0 0 0 0 0 0 0 0 0 0 0 0 0 0 0 0 0 0 0 0 0 0 0 0 0 0 0 0 0 0 0 0 0 0 0 0 0 0 0 0 0 0 0 0 0 0 0 0 0 0 0 0 0 0 0 0 0 0 0 0 0 0 0 0 0 0 0 0 0 0 0 0 0 0 0 0 0 0 0 0 0 0 0 0 0 0 0 0 0 0 0 0 0 0 0 0 0 0 0 0 0 0 0 0 0 0 0 0 0 0 0 0 0 0 0 0 0 0 0 0 0 0 0 0 0 0 0 0 0 0 0 0 0 0 0 0 0 0 0 0 0 0 0 0 0 0 0 0 0 0 0 0 0 0 0 0 0 0 0 0 0 0 0 0 0 0 0 0 0 0 0 0 0 0 0 0 0 0 0 0 0 0 0 0 0 0 0 0 0 0 0 0 0 0 0 0 0 0 0 0 0 0 0 0 0 0 0 0 0 0 0 0 0 0 0 0 0 0 0 0 0 0 0 0 0 0 0 0 0 0 0 0 0 0 0 0 0 0 0 0 0 0 0 0 0 0 0 0 0 0 0 0 0 0 0 0 0 0 0 0 0 0 0 0 0 0 0 0 0 0 0 0 0 0 0 0 0 0 0 0 0 0 0 0 0 0 0 0 0 0 0 0 0 0 0 0 0 0 0 0 0 0 0 0 0 0 0 0 0 0 0 0 0 0 0 0 0 0 0 0 0 0 0 0 0 0 0 0 0 0 0 0 0 0 0 0 0 0 0 0 0 0 0 0 0 0 0 0 0 0 0 0 0 0 0 0 0 0 0 0 0 0 0 0 0 0 0 0 0 0 0 0 0 0 0 0 0 0 0 0 0 0 0 0 0 0 0 0 0 0 0 0 0 0 0 0 0 0 0 0 0 0 0 0 0 0 0 0 0 0 0 0 0 0 0 0 0 0 0 0 0 0 0 0 0 0 0 0 0 0 0 0 0 0 0 0 0 0 0 0 0 0 0 0 0 0 0 0 0 0 0 0 0 0 0 0 0 0 0 0 0 0 0 0 0 0 0 0 0 0 0 0 0 0 0 0 0 0 0 0 0 0 0 0 0 0 0 0 0 0 0 0 0 0 0 0 0 0 0 0 0 0 0 0 0 0 0 0 0 0 0 0 0 0 0 0 0 0 0 0 0 0 0 0 0 0 0 0 0 0 0 0 0 0 0 0 0 0 0 0 0 0 0 0 0 0 0 0 0 0 0 0 0 0 0 0 0 0 0 0 0 0 0 0 0 0 0 0 0 0 0 0 0 0 0 0 0 0 0 0 0 0 0 0 0 0 0 0 0 0 0 0 0 0 0 0 0 0 0 0 0 0 0 0 0 0 0 0 0 0 0 0 0 0 0 0 0 0 0 0 0 0 0 0 0 0 0 0 0 0 0 0 0 0 0 0 0 0 0 0 0 0 0 0 0 0 0 0 0 0 0 0 0 0 0 0 0 0 0 0 0 0 0 0 0 0 0 0 0 0 0 0 0 0 0 0 0 0 0 0 0 0 0 0 0 0 0 0 0 0 0 0 0 0 0 0 0 0 0 0 0 0 0 0 0 0 0 0 0 0 0 0 0 0 0 0 0 0 0 0 0 0 0 0 0 0 0 0 0 0 0 0 0 0 0 0 0 0 0 0 0 0 0 0 0 0 0 0 0 0 0 0 0 0 0 0 0 0 0 0 0 0 0 0 0 0 0 0 0 0 0 0 0 0 0 0 0 0 0 0 0 0 0 0 0 0 0 0 0 0 0 0 0 0 0 0 0 0 0 0 0 0 0 0 0 0 0 0 0 0 0 0 0 0 0 0 0 0 0 0 0 0 0 0 0 0 0 0 0 0 0 0 0 0 0 0 0 0 0 0 0 0 0 0 0 0 0 0 0 0 0 0 0 0 0 0 0 0 0 0 0 0 0 0 0 0 0 0 0 0 0 0 0 0 0 0 0 0 0 0 0 0 0 0 0 0 0 0 0 0 0 0 0 0 0 0 0 0 0 0 0 0 0 0 0 0 0 0 0 0 0 0 0 0 0 0 0 0 0 0 0 0 0 0 0 0 0 0 0 0 0 0 0 0 0 0 0 0 0 0 0 0 0 0 0 0 0 0 0 0 0 0 0 0 0 0 0 0 0 0 0 0 0 0 0 0 0 0 0 0 0 0 0 0 0 0 0 0 0 0 0 0 0 0 0 0 0 0 0 0 0 0 0 0 0 0 0 0 0 0 0 0 0 0 0 0 0 0 0 0 0 0 0 0 0 0 0 0 0 0 0 0 0 0 0 0 0 0 0 0 0 0 0 0 0 0 0 0 0 0 0 0 0 0 0 0 0 0 0 0 0 0 0 0 0 0 0 0 0 0 0 0 0 0 0 0 0 0 0 0 0 0 0 0 0 0 0 0 0 0 0 0 0 0 0 0 0 0 0 0 0 0 0 0 0 0 0 0 0 0 0 0 0 0 0 0 0 0 0 0 0 0 0 0 0 0 0 0 0 0 0 0 0 0 0 0 0 0 0 0 0 0 0 0 0 0 0 0 0 0 0 0 0 0 0 0 0 0 0 0 0 0 0 0 0 0 0 0 0 0 0 0 0 0 0 0 0 0 0 0 0 0 0 0 0 0 0 0 0 0 0 0 0 0 0 0 0 0 0 0 0 0 0 0 0 0 0 0 0 0 0 0 0 0 0 0 0 0 0 0 0 0 0 0 0 0 0 0 0 0 0 0 0 0 0 0 0 0 0 0 0 0 0 0 0 0 0 0 0 0 0 0 0 0 0 0 0 0 0 0 0 0 0 0 0 0 0 0 0 0 0 0 0 0 0 0 0 0 0 0 0 0 0 0 0 0 0 0 0 0 0 0 0 0 0 0 0 0 0 0 0 0 0 0 0 0 0 0 0 0 0 0 0 0 0 0 0 0 0 0 0 0 0 0 0 0 0 0 0 0 0 0 0 0 0 0 0 0 0 0 0 0 0 0 0 0 0 0 0 0 0 0 0 0 0 0 0 0 0 0 0 0 0 0 0 0 0 0 0 0 0 0 0 0 0 0 0 0 0 0 0 0 0 0 0 0 0 0 0 0 0 0 0 0 0 0 0 0 0 0 0 0 0 0 0 0 0 0 0 0 0 0 0 0 0 0 0 0 0 0 0 0 0 0 0 0 0 0 0 0 0 0 0 0 0 0 0 0 0 0 0 0 0 0 0 0 0 0 0 0 0 0 0 0 0 0 0 0 0 0 0 0 0 0 0 0 0 0 0 0 0 0 0 0 0 0 0 0 0 0 0 0 0 0 0 0 0 0 0 0 0 0 0 0 0 0 0 0 0 0 0 0 0 0 0 0 0 0 0 0 0 0 0 0 0 0 0 0 0 0 0 0 0 0 0 0 0 0 0 0 0 0 0 0 0 0 0 0 0 0 0 0 0 0 0 0 0 0 0 0 0 0 0 0 0 0 0 0 0 0 0 0 0 0 0 0 0 0 0 0 0 0 0 0 0 0 0 0 0 0 0 0 0 0 0 0 0 0 0 0 0 0 0 0 0 0 0 0 0 0 0 0 0 0 0 0 0 0 0 0 0 0 0 0 0 0 0 0 0 0 0 0 0 0 0 0 0 0 0 0 0 0 0 0 0 0 0 0 0 0 0 0 0 0 0 0 0 0 0 0 0 0 0 0 0 0 0 0 0 0 0 0 0 0 0 0 0 0 0 0 0 0 0 0 0 0 0 0 0 0 0 0 0 0 0 0 0 0 0 0 0 0 0 0 0 0 0 0 0 0 0 0 0 0 0 0 0 0 0 0 0 0 0 0 0 0 0 0 0 0 0 0 0 0 0 0 0 0 0 0 0 0 0 0 0 0 0 0 0 0 0 0 0 0 0 0 0 0 0 0 0 0 0 0 0 0 0 0 0 0 0 0 0 0 0 0 0 0 0 0 0 0 0 0 0 0 0 0 0 0 0 0 0 0 0 0 0 0 0 0 0 0 0 0 0 0 0 0 0 0 0 0 0 0 0 0 0 0 0 0 0 0 0 0 0 0 0 0 0 0 0 0 0 0 0 0 0 0 0 0 0 0 0 0 0 0 0 0 0 0 0 0 0 0 0 0 0 0 0 0 0 0 0 0 0 0 0 0 0 0 0 0 0 0 0 0 0 0 0 0 0 0 0 0 0 0 0 0 0 0 0 0 0 0 0 0 0 0 0 0 0 0 0 0 0 0 0 0 0 0 0 0 0 0 0 0 0 0 0 0 0 0 0 0 0 0 0 0 0 0 0 0 0 0 0 0 0 0 0 0 0 0 0 0 0 0 0 0 0 0 0 0 0 0 0 0 0 0 0 0 0 0 0 0 0 0 0 0 0 0 0 0 0 0 0 0 0 0 0 0 0 0 0 0 0 0 0 0 0 0 0 0 0 0 0 0 0 0 0 0 0 0 0 0 0 0 0 0 0 0 0 0 0 0 0 0 0 0 0 0 0 0 0 0 0 0 0 0 0 0 0 0 0 0 0 0 0 0 0 0 0 0 0 0 0 0 0 0 0 0 0 0 0 0 0 0 0 0 0 0 0 0 0 0 0 0 0 0 0 0 0 0 0 0 0 0 0 0 0 0 0 0 0 0 0 0 0 0 0 0 0 0 0 0 0 0 0 0 0 0 0 0 0 0 0 0 0 0 0 0 0 0 0 0 0 0 0 0 0 0 0 0 0 0 0 0 0 0 0 0 0 0 0 0 0 0 0 0 0 0 0 0 0 0 0 0 0 0 0 0 0 0 0 0 0 0 0 0 0 0 0 0 0 0 0 0 0 0 0 0 0 0 0 0 0 0 0 0 0 0 0 0 0 0 0 0 0 0 0 0 0 0 0 0 0 0 0 0 0 0 0 0 0 0 0 0 0 0 0 0 0 0 0 0 0 0 0 0 0 0 0 0 0 0 0 0 0 0 0 0 0 0 0 0 0 0 0 0 0 0 0 0 0 0 0 0 0 0 0 0 0 0 0 0 0 0 0 0 0 0 0 0 0 0 0 0 0 0 0 0 0 0 0 0 0 0 0 0 0 0 0 0 0 0 0 0 0 0 0 0 0 0 0 0 0 0 0 0 0 0 0 0 0 0 0 0 0 0 0 0 0 0 0 0 0 0 0 0 0 0 0 0 0 0 0 0 0 0 0 0 0 0 0 0 0 0 0 0 0 0 0 0 0 0 0 0 0 0 0 0 0 0 0 0 0 0 0 0 0 0 0 0 0 0 0 0 0 0 0 0 0 0 0 0 0 0 0 0 0 0 0 0 0 0 0 0 0 0 0 0 0 0 0 0 0 0 0 0 0 0 0 0 0 0 0 0 0 0 0 0 0 0 0 0 0 0 0 0 0 0 0 0 0 0 0 0 0 0 0 0 0 0 0 0 0 0 0 0 0 0 0 0 0 0 0 0 0 0 0 0 0 0 0 0 0 0 0 0 0 0 0 0 0 0 0 0 0 0 0 0 0 0 0 0 0 0 0 0 0 0 0 0 0 0 0 0 0 0 0 0 0 0 0 0 0 0 0 0 0 0 0 0 0 0 0 0 0 0 0 0 0 0 0 0 0 0 0 0 0 0 0 0 0 0 0 0 0 0 0 0 0 0 0 0 0 0 0 0 0 0 0 0 0 0 0 0 0 0 0 0 0 0 0 0 0 0 0 0 0 0 0 0 0 0 0 0 0 0 0 0 0 0 0 0 0 0 0 0 0 0 0 0 0 0 0 0 0 0 0 0 0 0 0 0 0 0 0 0 0 0 0 0 0 0 0 0 0 0 0 0 0 0 0 0 0 0 0 0 0 0 0 0 0 0 0 0 0 0 0 0 0 0 0 0 0 0 0 0 0 0 0 0 0 0 0 0 0 0 0 0 0 0 0 0 0 0 0 0 0 0 0 0 0 0 0 0 0 0 0 0 0 0 0 0 0 0 0 0 0 0 0 0 0 0 0 0 0 0 0 0 0 0 0 0 0 0 0 0 0 0 0 0 0 0 0 0 0 0 0 0 0 0 0 0 0 0 0 0 0 0 0 0 0 0 0 0 0 0 0 0 0 0 0 0 0 0 0 0 0 0 0 0 0 0 0 0 0 0 0 0 0 0 0 0 0 0 0 0 0 0 0 0 0 0 0 0 0 0 0 0 0 0 0 0 0 0 0 0 0 0 0 0 0 0 0 0 0 0 0 0 0 0 0 0 0 0 0 0 0 0 0 0 0 0 0 0 0 0 0 0 0 0 0 0 0 0 0 0 0 0 0 0 0 0 0 0 0 0 0 0 0 0 0 0 0 0 0 0 0 0 0 0 0 0 0 0 0 0 0 0 0 0 0 0 0 0 0 0 0 0 0 0 0 0 0 0 0 0 0 0 0 0 0 0 0 0 0 0 0 0 0 0 0 0 0 0 0 0 0 0 0 0 0 0 0 0 0 0 0 0 0 0 0 0 0 0 0 0 0 0 0 0 0 0 0 0 0 0 0 0 0 0 0 0 0 0 0 0 0 0 0 0 0 0 0 0 0 0 0 0 0 0 0 0 0 0 0 0 0 0 0 0 0 0 0 0 0 0 0 0 0 0 0 0 0 0 0 0 0 0 0 0 0 0 0 0 0 0 0 0 0 0 0 0 0 0 0 0 0 0 0 0 0 0 0 0 0 0 0 0 0 0 0 0 0 0 0 0 0 0 0 0 0 0 0 0 0 0 0 0 0 0 0 0 0 0 0 0 0 0 0 0 0 0 0 0 0 0 0 0 0 0 0 0 0 0 0 0 0 0 0 0 0 0 0 0 0 0 0 0 0 0 0 0 0 0 0 0 0 0 0 0 0 0 0 0 0 0 0 0 0 0 0 0 0 0 0 0 0 0 0 0 0 0 0 0 0 0 0 0 0 0 0 0 0 0 0 0 0 0 0 0 0 0 0 0 0 0 0 0 0 0 0 0 0 0 0 0 0 0 0 0 0 0 0 0 0 0 0 0 0 0 0 0 0 0 0 0 0 0 0 0 0 0 0 0 0 0 0 0 0 0 0 0 0 0 0 0 0 0 0 0 0 0 0 0 0 0 0 0 0 0 0 0 0 0 0 0 0 0 0 0 0 0 0 0 0 0 0 0 0 0 0 0 0 0 0 0 0 0 0 0 0 0 0 0 0 0 0 0 0 0 0 0 0 0 0 0 0 0 0 0 0 0 0 0 0 0 0 0 0 0 0 0 0 0 0 0 0 0 0 0 0 0 0 0 0 0 0 0 0 0 0 0 0 0 0 0 0 0 0 0 0 0 0 0 0 0 0 0 0 0 0 0 0 0 0 0 0 0 0 0 0 0 0 0 0 0 0 0 0 0 0 0 0 0 0 0 0 0 0 0 0 0 0 0 0 0 0 0 0 0 0 0 0 0 0 0 0 0 0 0 0 0 0 0 0 0 0 0 0 0 0 0 0 0 0 0 0 0 0 0 0 0 0 0 0 0 0 0 0 0 0 0 0 0 0 0 0 0 0 0 0 0 0 0 0 0 0 0 0 0 0 0 0 0 0 0 0 0 0 0 0 0 0 0 0 0 0 0 0 0 0 0 0 0 0 0 0 0 0 0 0 0 0 0 0 0 0 0 0 0 0 0 0 0 0 0 0 0 0 0 0 0 0 0 0 0 0 0 0 0 0 0 0 0 0 0 0 0 0 0 0 0 0 0 0 0 0 0 0 0 0 0 0 0 0 0 0 0 0 0 0 0 0 0 0 0 0 0 0 0 0 0 0 0 0 0 0 0 0 0 0 0 0 0 0 0 0 0 0 0 0 0 0 0 0 0 0 0 0 0 0 0 0 0 0 0 0 0 0 0 0 0 0 0 0 0 0 0 0 0 0 0 0 0 0 0 0 0 0 0 0 0 0 0 0 0 0 0 0 0 0 0 0 0 0 0 0 0 0 0 0 0 0 0 0 0 0 0 0 0 0 0 0 0 0 0 0 0 0 0 0 0 0 0 0 0 0 0 0 0 0 0 0 0 0 0 0 0 0 0 0 0 0 0 0 0 0 0 0 0 0 0 0 0 0 0 0 0 0 0 0 0 0 0 0 0 0 0 0 0 0 0 0 0 0 0 0 0 0 0 0 0 0 0 0 0 0 0 0 0 0 0 0 0 0 0 0 0 0 0 0 0 0 0 0 0 0 0 0 0 0 0 0 0 0 0 0 0 0 0 0 0 0 0 0 0 0 0 0 0 0 0 0 0 0 0 0 0 0 0 0 0 0 0 0 0 0 0 0 0 0 0 0 0 0 0 0 0 0 0 0 0 0 0 0 0 0 0 0 0 0 0 0 0 0 0 0 0 0 0 0 0 0 0 0 0 0 0 0 0 0 0 0 0 0 0 0 0 0 0 0 0 0 0 0 0 0 0 0 0 0 0 0 0 0 0 0 0 0 0 0 0 0 0 0 0 0 0 0 0 0 0 0 0 0 0 0 0 0 0 0 0 0 0 0 0 0 0 0 0 0 0 0 0 0 0 0 0 0 0 0 0 0 0 0 0 0 0 0 0 0 0 0 0 0 0 0 0 0 0 0 0 0 0 0 0 0 0 0 0 0 0 0 0 0 0 0 0 0 0 0 0 0 0 0 0 0 0 0 0 0 0 0 0 0 0 0 0 0 0 0 0 0 0 0 0 0 0 0 0 0 0 0 0 0 0 0 0 0 0 0 0 0 0 0 0 0 0 0 0 0 0 0 0 0 0 0 0 0 0 0 0 0 0 0 0 0 0 0 0 0 0 0 0 0 0 0 0 0 0 0 0 0 0 0 0 0 0 0 0 0 0 0 0 0 0 0 0 0 0 0 0 0 0 0 0 0 0 0 0 0 0 0 0 0 0 0 0 0 0 0 0 0 0 0 0 0 0 0 0 0 0 0 0 0 0 0 0 0 0 0 0 0 0 0 0 0 0 0 0 0 0 0 0 0 0 0 0 0 0 0 0 0 0 0 0 0 0 0 0 0 0 0 0 0 0 0 0 0 0 0 0 0 0 0 0 0 0 0 0 0 0 0 0 0 0 0 0 0 0 0 0 0 0 0 0 0 0 0 0 0 0 0 0 0 0 0 0 0 0 0 0 0 0 0 0 0 0 0 0 0 0 0 0 0 0 0 0 0 0 0 0 0 0 0 0 0 0 0 0 0 0 0 0 0 0 0 0 0 0 0 0 0 0 0 0 0 0 0 0 0 0 0 0 0 0 0 0 0 0 0 0 0 0 0 0 0 0 0 0 0 0 0 0 0 0 0 0 0 0 0 0 0 0 0 0 0 0 0 0 0 0 0 0 0 0 0 0 0 0 0 0 0 0 0 0 0 0 0 0 0 0 0 0 0 0 0 0 0 0 0 0 0 0 0 0 0 0 0 0 0 0 0 0 0 0 0 0 0 0 0 0 0 0 0 0 0 0 0 0 0 0 0 0 0 0 0 0 0 0 0 0 0 0 0 0 0 0 0 0 0 0 0 0 0 0 0 0 0 0 0 0 0 0 0 0 0 0 0 0 0 0 0 0 0 0 0 0 0 0 0 0 0 0 0 0 0 0 0 0 0 0 0 0 0 0 0 0 0 0 0 0 0 0 0 0 0 0 0 0 0 0 0 0 0 0 0 0 0 0 0 0 0 0 0 0 0 0 0 0 0 0 0 0 0 0 0 0 0 0 0 0 0 0 0 0 0 0 0 0 0 0 0 0 0 0 0 0 0 0 0 0 0 0 0 0 0 0 0 0 0 0 0 0 0 0 0 0 0 0 0 0 0 0 0 0 0 0 0 0 0 0 0 0 0 0 0 0 0 0 0 0 0 0 0 0 0 0 0 0 0 0 0 0 0 0 0 0 0 0 0 0 0 0 0 0 0 0 0 0 0 0 0 0 0 0 0 0 0 0 0 0 0 0 0 0 0 0 0 0 0 0 0 0 0 0 0 0 0 0 0 0 0 0 0 0 0 0 0 0 0 0 0 0 0 0 0 0 0 0 0 0 0 0 0 0 0 0 0 0 0 0 0 0 0 0 0 0 0 0 0 0 0 0 0 0 0 0 0 0 0 0 0 0 0 0 0 0 0 0 0 0 0 0 0 0 0 0 0 0 0 0 0 0 0 0 0 0 0 0 0 0 0 0 0 0 0 0 0 0 0 0 0 0 0 0 0 0 0 0 0 0 0 0 0 0 0 0 0 0 0 0 0 0 0 0 0 0 0 0 0 0 0 0 0 0 0 0 0 0 0 0 0 0 0 0 0 0 0 0 0 0 0 0 0 0 0 0 0 0 0 0 0 0 0 0 0 0 0 0 0 0 0 0 0 0 0 0 0 0 0 0 0 0 0 0 0 0 0 0 0 0 0 0 0 0 0 0 0 0 0 0 0 0 0 0 0 0 0 0 0 0 0 0 0 0 0 0 0 0 0 0 0 0 0 0 0 0 0 0 0 0 0 0 0 0 0 0 0 0 0 0 0 0 0 0 0 0 0 0 0 0 0 0 0 0 0 0 0 0 0 0 0 0 0 0 0 0 0 0 0 0 0 0 0 0 0 0 0 0 0 0 0 0 0 0 0 0 0 0 0 0 0 0 0 0 0 0 0 0 0 0 0 0 0 0 0 0 0 0 0 0 0 0 0 0 0 0 0 0 0 0 0 0 0 0 0 0 0 0 0 0 0 0 0 0 0 0 0 0 0 0 0 0 0 0 0 0 0 0 0 0 0 0 0 0 0 0 0 0 0 0 0 0 0 0 0 0 0 0 0 0 0 0 0 0 0 0 0 0 0 0 0 0 0 0 0 0 0 0 0 0 0 0 0 0 0 0 0 0 0 0 0 0 0 0 0 0 0 0 0 0 0 0 0 0 0 0 0 0 0 0 0 0 0 0 0 0 0 0 0 0 0 0 0 0 0 0 0 0 0 0 0 0 0 0 0 0 0 0 0 0 0 0 0 0 0 0 0 0 0 0 0 0 0 0 0 0 0 0 0 0 0 0 0 0 0 0 0 0 0 0 0 0 0 0 0 0 0 0 0 0 0 0 0 0 0 0 0 0 0 0 0 0 0 0 0 0 0 0 0 0 0 0 0 0 0 0 0 0 0 0 0 0 0 0 0 0 0 0 0 0 0 0 0 0 0 0 0 0 0 0 0 0 0 0 0 0 0 0 0 0 0 0 0 0 0 0 0 0 0 0 0 0 0 0 0 0 0 0 0 0 0 0 0 0 0 0 0 0 0 0 0 0 0 0 0 0 0 0 0 0 0 0 0 0 0 0 0 0 0 0 0 0 0 0 0 0 0 0 0 0 0 0 0 0 0 0 0 0 0 0 0 0 0 0 0 0 0 0 0 0 0 0 0 0 0 0 0 0 0 0 0 0 0 0 0 0 0 0 0 0 0 0 0 0 0 0 0 0 0 0 0 0 0 0 0 0 0 0 0 0 0 0 0 0 0 0 0 0 0 0 0 0 0 0 0 0 0 0 0 0 0 0 0 0 0 0 0 0 0 0 0 0 0 0 0 0 0 0 0 0 0 0 0 0 0 0 0 0 0 0 0 0 0 0 0 0 0 0 0 0 0 0 0 0 0 0 0 0 0 0 0 0 0 0 0 0 0 0 0 0 0 0 0 0 0 0 0 0 0 0 0 0 0 0 0 0 0 0 0 0 0 0 0 0 0 0 0 0 0 0 0 0 0 0 0 0 0 0 0 0 0 0 0 0 0 0 0 0 0 0 0 0 0 0 0 0 0 0 0 0 0 0 0 0 0 0 0 0 0 0 0 0 0 0 0 0 0 0 0 0 0 0 0 0 0 0 0 0 0 0 0 0 0 0 0 0 0 0 0 0 0 0 0 0 0 0 0 0 0 0 0 0 0 0 0 0 0 0 0 0 0 0 0 0 0 0 0 0 0 0 0 0 0 0 0 0 0 0 0 0 0 0 0 0 0 0 0 0 0 0 0 0 0 0 0 0 0 0 0 0 0 0 0 0 0 0 0 0 0 0 0 0 0 0 0 0 0 0 0 0 0 0 0 0 0 0 0 0 0 0 0 0 0 0 0 0 0 0 0 0 0 0 0 0 0 0 0 0 0 0 0 0 0 0 0 0 0 0 0 0 0 0 0 0 0 0 0 0 0 0 0 0 0 0 0 0 0 0 0 0 0 0 0 0 0 0 0 0 0 0 0 0 0 0 0 0 0 0 0 0 0 0 0 0 0 0 0 0 0 0 0 0 0 0 0 0 0 0 0 0 0 0 0 0 0 0 0 0 0 0 0 0 0 0 0 0 0 0 0 0 0 0 0 0 0 0 0 0 0 0 0 0 0 0 0 0 0 0 0 0 0 0 0 0 0 0 0 0 0 0 0 0 0 0 0 0 0 0 0 0 0 0 0 0 0 0 0 0 0 0 0 0 0 0 0 0 0 0 0 0 0 0 0 0 0 0 0 0 0 0 0 0 0 0 0 0 0 0 0 0 0 0 0 0 0 0 0 0 0 0 0 0 0 0 0 0 0 0 0 0 0 0 0 0 0 0 0 0 0 0 0 0 0 0 0 0 0 0 0 0 0 0 0 0 0 0 0 0 0 0 0 0 0 0 0 0 0 0 0 0 0 0 0 0 0 0 0 0 0 0 0 0 0 0 0 0 0 0 0 0 0 0 0 0 0 0 0 0 0 0 0 0 0 0 0 0 0 0 0 0 0 0 0 0 0 0 0 0 0 0 0 0 0 0 0 0 0 0 0 0 0 0 0 0 0 0 0 0 0 0 0 0 0 0 0 0 0 0 0 0 0 0 0 0 0 0 0 0 0 0 0 0 0 0 0 0 0 0 0 0 0 0 0 0 0 0 0 0 0 0 0 0 0 0 0 0 0 0 0 0 0 0 0 0 0 0 0 0 0 0 0 0 0 0 0 0 0 0 0 0 0 0 0 0 0 0 0 0 0 0 0 0 0 0 0 0 0 0 0 0 0 0 0 0 0 0 0 0 0 0 0 0 0 0 0 0 0 0 0 0 0 0 0 0 0 0 0 0 0 0 0 0 0 0 0 0 0 0 0 0 0 0 0 0 0 0 0 0 0 0 0 0 0 0 0 0 0 0 0 0 0 0 0 0 0 0 0 0 0 0 0 0 0 0 0 0 0 0 0 0 0 0 0 0 0 0 0 0 0 0 0 0 0 0 0 0 0 0 0 0 0 0 0 0 0 0 0 0 0 0 0 0 0 0 0 0 0 0 0 0 0 0 0 0 0 0 0 0 0 0 0 0 0 0 0 0 0 0 0 0 0 0 0 0 0 0 0 0 0 0 0 0 0 0 0 0 0 0 0 0 0 0 0 0 0 0 0 0 0 0 0 0 0 0 0 0 0 0 0 0 0 0 0 0 0 0 0 0 0 0 0 0 0 0 0 0 0 0 0 0 0 0 0 0 0 0 0 0 0 0 0 0 0 0 0 0 0 0 0 0 0 0 0 0 0 0 0 0 0 0 0 0 0 0 0 0 0 0 0 0 0 0 0 0 0 0 0 0 0 0 0 0 0 0 0 0 0 0 0 0 0 0 0 0 0 0 0 0 0 0 0 0 0 0 0 0 0 0 0 0 0 0 0 0 0 0 0 0 0 0 0 0 0 0 0 0 0 0 0 0 0 0 0 0 0 0 0 0 0 0 0 0 0 0 0 0 0 0 0 0 0 0 0 0 0 0 0 0 0 0 0 0 0 0 0 0 0 0 0 0 0 0 0 0 0 0 0 0 0 0 0 0 0 0 0 0 0 0 0 0 0 0 0 0 0 0 0 0 0 0 0 0 0 0 0 0 0 0 0 0 0 0 0 0 0 0 0 0 0 0 0 0 0 0 0 0 0 0 0 0 0 0 0 0 0 0 0 0 0 0 0 0 0 0 0 0 0 0 0 0 0 0 0 0 0 0 0 0 0 0 0 0 0 0 0 0 0 0 0 0 0 0 0 0 0 0 0 0 0 0 0 0 0 0 0 0 0 0 0 0 0 0 0 0 0 0 0 0 0 0 0 0 0 0 0 0 0 0 0 0 0 0 0 0 0 0 0 0 0 0 0 0 0 0 0 0 0 0 0 0 0 0 0 0 0 0 0 0 0 0 0 0 0 0 0 0 0 0 0 0 0 0 0 0 0 0 0 0 0 0 0 0 0 0 0 0 0 0 0 0 0 0 0 0 0 0 0 0 0 0 0 0 0 0 0 0 0 0 0 0 0 0 0 0 0 0 0 0 0 0 0 0 0 0 0 0 0 0 0 0 0 0 0 0 0 0 0 0 0 0 0 0 0 0 0 0 0 0 0 0 0 0 0 0 0 0 0 0 0 0 0 0 0 0 0 0 0 0 0 0 0 0 0 0 0 0 0 0 0 0 0 0 0 0 0 0 0 0 0 0 0 0 0 0 0 0 0 0 0 0 0 0 0 0 0 0 0 0 0 0 0 0 0 0 0 0 0 0 0 0 0 0 0 0 0 0 0 0 0 0 0 0 0 0 0 0 0 0 0 0 0 0 0 0 0 0 0 0 0 0 0 0 0 0 0 0 0 0 0 0 0 0 0 0 0 0 0 0 0 0 0 0 0 0 0 0 0 0 0 0 0 0 0 0 0 0 0 0 0 0 0 0 0 0 0 0 0 0 0 0 0 0 0 0 0 0 0 0 0 0 0 0 0 0 0 0 0 0 0 0 0 0 0 0 0 0 0 0 0 0 0 0 0 0 0 0 0 0 0 0 0 0 0 0 0 0 0 0 0 0 0 0 0 0 0 0 0 0 0 0 0 0 0 0 0 0 0 0 0 0 0 0 0 0 0 0 0 0 0 0 0 0 0 0 0 0 0 0 0 0 0 0 0 0 0 0 0 0 0 0 0 0 0 0 0 0 0 0 0 0 0 0 0 0 0 0 0 0 0 0 0 0 0 0 0 0 0 0 0 0 0 0 0 0 0 0 0 0 0 0 0 0 0 0 0 0 0 0 0 0 0 0 0 0 0 0 0 0 0 0 0 0 0 0 0 0 0 0 0 0 0 0 0 0 0 0 0 0 0 0 0 0 0 0 0 0 0 0 0 0 0 0 0 0 0 0 0 0 0 0 0 0 0 0 0 0 0 0 0 0 0 0 0 0 0 0 0 0 0 0 0 0 0 0 0 0 0 0 0 0 0 0 0 0 0 0 0 0 0 0 0 0 0 0 0 0 0 0 0 0 0 0 0 0 0 0 0 0 0 0 0 0 0 0 0 0 0 0 0 0 0 0 0 0 0 0 0 0 0 0 0 0 0 0 0 0 0 0 0 0 0 0 0 0 0 0 0 0 0 0 0 0 0 0 0 0 0 0 0 0 0 0 0 0 0 0 0 0 0 0 0 0 0 0 0 0 0 0 0 0 0 0 0 0 0 0 0 0 0 0 0 0 0 0 0 0 0 0 0 0 0 0 0 0 0 0 0 0 0 0 0 0 0 0 0 0 0 0 0 0 0 0 0 0 0 0 0 0 0 0 0 0 0 0 0 0 0 0 0 0 0 0 0 0 0 0 0 0 0 0 0 0 0 0 0 0 0 0 0 0 0 0 0 0 0 0 0 0 0 0 0 0 0 0 0 0 0 0 0 0 0 0 0 0 0 0 0 0 0 0 0 0 0 0 0 0 0 0 0 0 0 0 0 0 0 0 0 0 0 0 0 0 0 0 0 0 0 0 0 0 0 0 0 0 0 0 0 0 0 0 0 0 0 0 0 0 0 0 0 0 0 0 0 0 0 0 0 0 0 0 0 0 0 0 0 0 0 0 0 0 0 0 0 0 0 0 0 0 0 0 0 0 0 0 0 0 0 0 0 0 0 0 0 0 0 0 0 0 0 0 0 0 0 0 0 0 0 0 0 0 0 0 0 0 0 0 0 0 0 0 0 0 0 0 0 0 0 0 0 0 0 0 0 0 0 0 0 0 0 0 0 0 0 0 0 0 0 0 0 0 0 0 0 0 0 0 0 0 0 0 0 0 0 0 0 0 0 0 0 0 0 0 0 0 0 0 0 0 0 0 0 0 0 0 0 0 0 0 0 0 0 0 0 0 0 0 0 0 0 0 0 0 0 0 0 0 0 0 0 0 0 0 0 0 0 0 0 0 0 0 0 0 0 0 0 0 0 0 0 0 0 0 0 0 0 0 0 0 0 0 0 0 0 0 0 0 0 0 0 0 0 0 0 0 0 0 0 0 0 0 0 0 0 0 0 0 0 0 0 0 0 0 0 0 0 0 0 0 0 0 0 0 0 0 0 0 0 0 0 0 0 0 0 0 0 0 0 0 0 0 0 0 0 0 0 0 0 0 0 0 0 0 0 0 0 0 0 0 0 0 0 0 0 0 0 0 0 0 0 0 0 0 0 0 0 0 0 0 0 0 0 0 0 0 0 0 0 0 0 0 0 0 0 0 0 0 0 0 0 0 0 0 0 0 0 0 0 0 0 0 0 0 0 0 0 0 0 0 0 0 0 0 0 0 0 0 0 0 0 0 0 0 0 0 0 0 0 0 0 0 0 0 0 0 0 0 0 0 0 0 0 0 0 0 0 0 0 0 0 0 0 0 0 0 0 0 0 0 0 0 0 0 0 0 0 0 0 0 0 0 0 0 0 0 0 0 0 0 0 0 0 0 0 0 0 0 0 0 0 0 0 0 0 0 0 0 0 0 0 0 0 0 0 0 0 0 0 0 0 0 0 0 0 0 0 0 0 0 0 0 0 0 0 0 0 0 0 0 0 0 0 0 0 0 0 0 0 0 0 0 0 0 0 0 0 0 0 0 0 0 0 0 0 0 0 0 0 0 0 0 0 0 0 0 0 0 0 0 0 0 0 0 0 0 0 0 0 0 0 0 0 0 0 0 0 0 0 0 0 0 0 0 0 0 0 0 0 0 0 0 0 0 0 0 0 0 0 0 0 0 0 0 0 0 0 0 0 0 0 0 0 0 0 0 0 0 0 0 0 0 0 0 0 0 0 0 0 0 0 0 0 0 0 0 0 0 0 0 0 0 0 0 0 0 0 0 0 0 0 0 0 0 0 0 0 0 0 0 0 0 0 0 0 0 0 0 0 0 0 0 0 0 0 0 0 0 0 0 0 0 0 0 0 0 0 0 0 0 0 0 0 0 0 0 0 0 0 0 0 0 0 0 0 0 0 0 0 0 0 0 0 0 0 0 0 0 0 0 0 0 0 0 0 0 0 0 0 0 0 0 0 0 0 0 0 0 0 0 0 0 0 0 0 0 0 0 0 0 0 0 0 0 0 0 0 0 0 0 0 0 0 0 0 0 0 0 0 0 0 0 0 0 0 0 0 0 0 0 0 0 0 0 0 0 0 0 0 0 0 0 0 0 0 0 0 0 0 0 0 0 0 0 0 0 0 0 0 0 0 0 0 0 0 0 0 0 0 0 0 0 0 0 0 0 0 0 0 0 0 0 0 0 0 0 0 0 0 0 0 0 0 0 0 0 0 0 0 0 0 0 0 0 0 0 0 0 0 0 0 0 0 0 0 0 0 0 0 0 0 0 0 0 0 0 0 0 0 0 0 0 0 0 0 0 0 0 0 0 0 0 0 0 0 0 0 0 0 0 0 0 0 0 0 0 0 0 0 0 0 0 0 0 0 0 0 0 0 0 0 0 0 0 0 0 0 0 0 0 0 0 0 0 0 0 0 0 0 0 0 0 0 0 0 0 0 0 0 0 0 0 0 0 0 0 0 0 0 0 0 0 0 0 0 0 0 0 0 0 0 0 0 0 0 0 0 0 0 0 0 0 0 0 0 0 0 0 0 0 0 0 0 0 0 0 0 0 0 0 0 0 0 0 0 0 0 0 0 0 0 0 0 0 0 0 0 0 0 0 0 0 0 0 0 0 0 0 0 0 0 0 0 0 0 0 0 0 0 0 0 0 0 0 0 0 0 0 0 0 0 0 0 0 0 0 0 0 0 0 0 0 0 0 0 0 0 0 0 0 0 0 0 0 0 0 0 0 0 0 0 0 0 0 0</float_array>
          <technique_common>
            <accessor source="#Cube_048-mesh-colors-Col-array" count="10854" stride="3">
              <param name="R" type="float" />
              <param name="G" type="float" />
              <param name="B" type="float" />
            </accessor>
          </technique_common>
        </source>
        <vertices id="Cube_048-mesh-vertices">
          <input semantic="POSITION" source="#Cube_048-mesh-positions" />
        </vertices>
        <polylist material="ship-material" count="3618">
          <input semantic="VERTEX" source="#Cube_048-mesh-vertices" offset="0" />
          <input semantic="NORMAL" source="#Cube_048-mesh-normals" offset="1" />
          <input semantic="TEXCOORD" source="#Cube_048-mesh-map-0" offset="2" set="0" />
          <input semantic="COLOR" source="#Cube_048-mesh-colors-Col" offset="3" set="0" />
          <vcount>3 3 3 3 3 3 3 3 3 3 3 3 3 3 3 3 3 3 3 3 3 3 3 3 3 3 3 3 3 3 3 3 3 3 3 3 3 3 3 3 3 3 3 3 3 3 3 3 3 3 3 3 3 3 3 3 3 3 3 3 3 3 3 3 3 3 3 3 3 3 3 3 3 3 3 3 3 3 3 3 3 3 3 3 3 3 3 3 3 3 3 3 3 3 3 3 3 3 3 3 3 3 3 3 3 3 3 3 3 3 3 3 3 3 3 3 3 3 3 3 3 3 3 3 3 3 3 3 3 3 3 3 3 3 3 3 3 3 3 3 3 3 3 3 3 3 3 3 3 3 3 3 3 3 3 3 3 3 3 3 3 3 3 3 3 3 3 3 3 3 3 3 3 3 3 3 3 3 3 3 3 3 3 3 3 3 3 3 3 3 3 3 3 3 3 3 3 3 3 3 3 3 3 3 3 3 3 3 3 3 3 3 3 3 3 3 3 3 3 3 3 3 3 3 3 3 3 3 3 3 3 3 3 3 3 3 3 3 3 3 3 3 3 3 3 3 3 3 3 3 3 3 3 3 3 3 3 3 3 3 3 3 3 3 3 3 3 3 3 3 3 3 3 3 3 3 3 3 3 3 3 3 3 3 3 3 3 3 3 3 3 3 3 3 3 3 3 3 3 3 3 3 3 3 3 3 3 3 3 3 3 3 3 3 3 3 3 3 3 3 3 3 3 3 3 3 3 3 3 3 3 3 3 3 3 3 3 3 3 3 3 3 3 3 3 3 3 3 3 3 3 3 3 3 3 3 3 3 3 3 3 3 3 3 3 3 3 3 3 3 3 3 3 3 3 3 3 3 3 3 3 3 3 3 3 3 3 3 3 3 3 3 3 3 3 3 3 3 3 3 3 3 3 3 3 3 3 3 3 3 3 3 3 3 3 3 3 3 3 3 3 3 3 3 3 3 3 3 3 3 3 3 3 3 3 3 3 3 3 3 3 3 3 3 3 3 3 3 3 3 3 3 3 3 3 3 3 3 3 3 3 3 3 3 3 3 3 3 3 3 3 3 3 3 3 3 3 3 3 3 3 3 3 3 3 3 3 3 3 3 3 3 3 3 3 3 3 3 3 3 3 3 3 3 3 3 3 3 3 3 3 3 3 3 3 3 3 3 3 3 3 3 3 3 3 3 3 3 3 3 3 3 3 3 3 3 3 3 3 3 3 3 3 3 3 3 3 3 3 3 3 3 3 3 3 3 3 3 3 3 3 3 3 3 3 3 3 3 3 3 3 3 3 3 3 3 3 3 3 3 3 3 3 3 3 3 3 3 3 3 3 3 3 3 3 3 3 3 3 3 3 3 3 3 3 3 3 3 3 3 3 3 3 3 3 3 3 3 3 3 3 3 3 3 3 3 3 3 3 3 3 3 3 3 3 3 3 3 3 3 3 3 3 3 3 3 3 3 3 3 3 3 3 3 3 3 3 3 3 3 3 3 3 3 3 3 3 3 3 3 3 3 3 3 3 3 3 3 3 3 3 3 3 3 3 3 3 3 3 3 3 3 3 3 3 3 3 3 3 3 3 3 3 3 3 3 3 3 3 3 3 3 3 3 3 3 3 3 3 3 3 3 3 3 3 3 3 3 3 3 3 3 3 3 3 3 3 3 3 3 3 3 3 3 3 3 3 3 3 3 3 3 3 3 3 3 3 3 3 3 3 3 3 3 3 3 3 3 3 3 3 3 3 3 3 3 3 3 3 3 3 3 3 3 3 3 3 3 3 3 3 3 3 3 3 3 3 3 3 3 3 3 3 3 3 3 3 3 3 3 3 3 3 3 3 3 3 3 3 3 3 3 3 3 3 3 3 3 3 3 3 3 3 3 3 3 3 3 3 3 3 3 3 3 3 3 3 3 3 3 3 3 3 3 3 3 3 3 3 3 3 3 3 3 3 3 3 3 3 3 3 3 3 3 3 3 3 3 3 3 3 3 3 3 3 3 3 3 3 3 3 3 3 3 3 3 3 3 3 3 3 3 3 3 3 3 3 3 3 3 3 3 3 3 3 3 3 3 3 3 3 3 3 3 3 3 3 3 3 3 3 3 3 3 3 3 3 3 3 3 3 3 3 3 3 3 3 3 3 3 3 3 3 3 3 3 3 3 3 3 3 3 3 3 3 3 3 3 3 3 3 3 3 3 3 3 3 3 3 3 3 3 3 3 3 3 3 3 3 3 3 3 3 3 3 3 3 3 3 3 3 3 3 3 3 3 3 3 3 3 3 3 3 3 3 3 3 3 3 3 3 3 3 3 3 3 3 3 3 3 3 3 3 3 3 3 3 3 3 3 3 3 3 3 3 3 3 3 3 3 3 3 3 3 3 3 3 3 3 3 3 3 3 3 3 3 3 3 3 3 3 3 3 3 3 3 3 3 3 3 3 3 3 3 3 3 3 3 3 3 3 3 3 3 3 3 3 3 3 3 3 3 3 3 3 3 3 3 3 3 3 3 3 3 3 3 3 3 3 3 3 3 3 3 3 3 3 3 3 3 3 3 3 3 3 3 3 3 3 3 3 3 3 3 3 3 3 3 3 3 3 3 3 3 3 3 3 3 3 3 3 3 3 3 3 3 3 3 3 3 3 3 3 3 3 3 3 3 3 3 3 3 3 3 3 3 3 3 3 3 3 3 3 3 3 3 3 3 3 3 3 3 3 3 3 3 3 3 3 3 3 3 3 3 3 3 3 3 3 3 3 3 3 3 3 3 3 3 3 3 3 3 3 3 3 3 3 3 3 3 3 3 3 3 3 3 3 3 3 3 3 3 3 3 3 3 3 3 3 3 3 3 3 3 3 3 3 3 3 3 3 3 3 3 3 3 3 3 3 3 3 3 3 3 3 3 3 3 3 3 3 3 3 3 3 3 3 3 3 3 3 3 3 3 3 3 3 3 3 3 3 3 3 3 3 3 3 3 3 3 3 3 3 3 3 3 3 3 3 3 3 3 3 3 3 3 3 3 3 3 3 3 3 3 3 3 3 3 3 3 3 3 3 3 3 3 3 3 3 3 3 3 3 3 3 3 3 3 3 3 3 3 3 3 3 3 3 3 3 3 3 3 3 3 3 3 3 3 3 3 3 3 3 3 3 3 3 3 3 3 3 3 3 3 3 3 3 3 3 3 3 3 3 3 3 3 3 3 3 3 3 3 3 3 3 3 3 3 3 3 3 3 3 3 3 3 3 3 3 3 3 3 3 3 3 3 3 3 3 3 3 3 3 3 3 3 3 3 3 3 3 3 3 3 3 3 3 3 3 3 3 3 3 3 3 3 3 3 3 3 3 3 3 3 3 3 3 3 3 3 3 3 3 3 3 3 3 3 3 3 3 3 3 3 3 3 3 3 3 3 3 3 3 3 3 3 3 3 3 3 3 3 3 3 3 3 3 3 3 3 3 3 3 3 3 3 3 3 3 3 3 3 3 3 3 3 3 3 3 3 3 3 3 3 3 3 3 3 3 3 3 3 3 3 3 3 3 3 3 3 3 3 3 3 3 3 3 3 3 3 3 3 3 3 3 3 3 3 3 3 3 3 3 3 3 3 3 3 3 3 3 3 3 3 3 3 3 3 3 3 3 3 3 3 3 3 3 3 3 3 3 3 3 3 3 3 3 3 3 3 3 3 3 3 3 3 3 3 3 3 3 3 3 3 3 3 3 3 3 3 3 3 3 3 3 3 3 3 3 3 3 3 3 3 3 3 3 3 3 3 3 3 3 3 3 3 3 3 3 3 3 3 3 3 3 3 3 3 3 3 3 3 3 3 3 3 3 3 3 3 3 3 3 3 3 3 3 3 3 3 3 3 3 3 3 3 3 3 3 3 3 3 3 3 3 3 3 3 3 3 3 3 3 3 3 3 3 3 3 3 3 3 3 3 3 3 3 3 3 3 3 3 3 3 3 3 3 3 3 3 3 3 3 3 3 3 3 3 3 3 3 3 3 3 3 3 3 3 3 3 3 3 3 3 3 3 3 3 3 3 3 3 3 3 3 3 3 3 3 3 3 3 3 3 3 3 3 3 3 3 3 3 3 3 3 3 3 3 3 3 3 3 3 3 3 3 3 3 3 3 3 3 3 3 3 3 3 3 3 3 3 3 3 3 3 3 3 3 3 3 3 3 3 3 3 3 3 3 3 3 3 3 3 3 3 3 3 3 3 3 3 3 3 3 3 3 3 3 3 3 3 3 3 3 3 3 3 3 3 3 3 3 3 3 3 3 3 3 3 3 3 3 3 3 3 3 3 3 3 3 3 3 3 3 3 3 3 3 3 3 3 3 3 3 3 3 3 3 3 3 3 3 3 3 3 3 3 3 3 3 3 3 3 3 3 3 3 3 3 3 3 3 3 3 3 3 3 3 3 3 3 3 3 3 3 3 3 3 3 3 3 3 3 3 3 3 3 3 3 3 3 3 3 3 3 3 3 3 3 3 3 3 3 3 3 3 3 3 3 3 3 3 3 3 3 3 3 3 3 3 3 3 3 3 3 3 3 3 3 3 3 3 3 3 3 3 3 3 3 3 3 3 3 3 3 3 3 3 3 3 3 3 3 3 3 3 3 3 3 3 3 3 3 3 3 3 3 3 3 3 3 3 3 3 3 3 3 3 3 3 3 3 3 3 3 3 3 3 3 3 3 3 3 3 3 3 3 3 3 3 3 3 3 3 3 3 3 3 3 3 3 3 3 3 3 3 3 3 3 3 3 3 3 3 3 3 3 3 3 3 3 3 3 3 3 3 3 3 3 3 3 3 3 3 3 3 3 3 3 3 3 3 3 3 3 3 3 3 3 3 3 3 3 3 3 3 3 3 3 3 3 3 3 3 3 3 3 3 3 3 3 3 3 3 3 3 3 3 3 3 3 3 3 3 3 3 3 3 3 3 3 3 3 3 3 3 3 3 3 3 3 3 3 3 3 3 3 3 3 3 3 3 3 3 3 3 3 3 3 3 3 3 3 3 3 3 3 3 3 3 3 3 3 3 3 3 3 3 3 3 3 3 3 3 3 3 3 3 3 3 3 3 3 3 3 3 3 3 3 3 3 3 3 3 3 3 3 3 3 3 3 3 3 3 3 3 3 3 3 3 3 3 3 3 3 3 3 3 3 3 3 3 3 3 3 3 3 3 3 3 3 3 3 3 3 3 3 3 3 3 3 3 3 3 3 3 3 3 3 3 3 3 3 3 3 3 3 3 3 3 3 3 3 3 3 3 3 3 3 3 3 3 3 3 3 3 3 3 3 3 3 3 3 3 3 3 3 3 3 3 3 3 3 3 3 3 3 3 3 3 3 3 3 3 3 3 3 3 3 3 3 3 3 3 3 3 3 3 3 3 3 3 3 3 3 3 3 3 3 3 3 3 3 3 3 3 3 3 3 3 3 3 3 3 3 3 3 3 3 3 3 3 3 3 3 3 3 3 3 3 3 3 3 3 3 3 3 3 3 3 3 3 3 3 3 3 3 3 3 3 3 3 3 3 3 3 3 3 3 3 3 3 3 3 3 3 3 3 3 3 3 3 3 3 3 3 3 3 3 3 3 3 3 3 3 3 3 3 3 3 3 3 3 3 3 3 3 3 3 3 3 3 3 3 3 3 3 3 3 3 3 3 3 3 3 3 3 3 3 3 3 3 3 3 3 3 3 3 3 3 3 3 3 3 3 3 3 3 3 3 3 3 3 3 3 3 3 3 3 3 3 3 3 3 3 3 3 3 3 3 3 3 3 3 3 3 3 3 3 3 3 3 3 3 3 3 3 3 3 3 3 3 3 3 3 3 3 3 3 3 3 3 3 3 3 3 3 3 3 3 3 3 3 3 3 3 3 3 3 3 3 3 3 3 3 3 3 3 3 3 3 3 3 3 3 3 3 3 3 3 3 3 3 3 3 3 3 3 3 3 3 3 3 3 3 3 3 3 3 3 3 3 3 3 3 3 3 3 3 3 3 3 3 3 3 3 3 3 3 3 3 3 3 3 3 3 3 3 3 3 3 3 3 3 3 3 3 3 3 3 3 3 3 3 3 3 3 3 3 3 3 3 3 3 3 3 3 3 3 3 3 3 3 3 3 3 3 3 3 3 3 3 3 3 3 3 3 3 3 3 3 3 3 3 3 3 3 3 3 3 3 3 3 3 3 3 3 3 3 3 3 3 3 3 3 3 3 3 3 3 3 3 3 3 3 3 3 3 3 3 3 3 3 3 3 3 3 3 3 3 3 3 3 3 3 3 3 3 3 3 3 3 3 3 3 3 3 3 3 3 3 3 3 3 3 3 3 3 3 3 3 3 3 3 3 3 3 3 3 3 3 3 3 3 3 3 3 3 3 3 3 3 3 3 3 3 3 3 3 3 3 3 3 3 3 3 3 3 3 3 3 3 3 3 3 3 3 3 3 3 3 3 3 3 3 3 3 3 3 3 3 3 3 3 3 3 3 3 3 3 3 3 3 3 3 3 3 3 3 3 3 3 3 3 3 3 3 3 3 3 3 3 3 3 3 3 3 3 3 3 3 3 3 3 3 3 3 3 3 3 3 3 3 3 3 3 3 3 3 3 3 3 3 3 3 3 3 3 3 3 3 3 3 3 3 3 3 3 3 3 3 3 3 3 3 3 3 3 3 3 3 3 3 3 3 3 3 3 3 3 3 3 3 3 3 3 3 3 3 3 3 3 3 3 3 3 3 3 3 3 3 3 3 3 3 3 3 3 3 3 3 3 3 3 3 3 3 3 3 3 3 3 3 3 3 3 3 3 3 3 3 3 3 3 3 3 3 3 3 3 3 3 3 3 3 3 3 3 3 3 3 3 3 3 3 3 3 3 3 3 3 3 3 3 3 3 3 3 3 3 3 3 3 3 3 3 3 3 3 3 3 3 3 3 3 3 3 3 3 3 3 3 3 3 3 3 3 3 3 3 3 3 3 3 3 3 3 3 3 3 3 3 3 3 3 3 3 3 3 3 3 3 3 3 3 3 3 3 3 3 3 3 3 3 3 3 3 3 3 3 3 3 3 3 3 3 3 3 3 3 3 3 3 3 3 3 3 3 3 3 3 3 3 3 3 3 3 3 3 3 3 3 3 3 3 3 3 3 3 3 3 3 3 3 3 3 3 3 3 3 3 3 3 3 3 3 3 3 3 3 3 3 3 3 3 3 3 3 3 3 3 3 3 3 3 3 3 3 3 3 3 3 3 3 3 3 3 3 3 3 3 3 3 3 3 3 3 3 3 3 3 3 3 3 3 3 3 3 3 3 3 3 3 3 3 3 3 3 3 3 3 3 3 3 3 3 3 3 3 3 3 3 3 3 3 3 3 3 3 3 3 3 3 3 3 3 3 3 3 3 3 3 3 3 3 3 3 3 3 3 3 3 3 3 3 3 3 3 3 3 3 3 3 3 3 3 3 3 3 3 3 3 3 3 3 3 3 3 3 3 3 3 3 3 3 3 3 3 3 3 3 3 3 3 3 3 3 3 3 3 3 3 3 3 3 3 3 3 3 3 3 3 3 3 3 3 3 3 3 3 3 3 3 3 3 3 3 3 3 3 3 3 3 3 3 3 3 3 3 3 3 3 3 3 3 3 3 3 3 3 3 3 3 3 3 3 3 3 3 3 3 3 3 3 3 3 3 3 3 3 3 3 3 3 3 3 3 3 3 3 3 3 3 3 3 3 3 3 3 3 3 3 3 3 3 3 3 3 3 3 3 3 3 3 3 3 3 3 3 3 3 3 3 3 3 3 3 3 3 3 3 3 3 3 3 3 3 3 3 3 3 3 3 3 3 3 3 3 3 3 3 3 3 3 3 3 3 3 3 3 3 3 3 3 3 3 3 3 3 3 3 3 3 3 3 3 3 3 3 3 3 3 3 3 3 3 3 3 3 3 3 3 3 3 3 3 3 3 3 3 3 3 3 3 3 3 3 3 3 3 3 3 3 3 3 3 3 3 3 3 3 3 3 3 3 3 3 3 3 3 3 3 3 3 3 3 3 3 3 3 3 3 3 3 3 3 3 3 3 3 3 3 3 3 3 3 3 3 3 3 3 3 3 3 3 3 3 3 3 3 3 3 3 3 3 3 3 3 3 3 3 3 3 3 3 3 3 3</vcount>
          <p>0 0 0 0 17 1 1 1 7 2 2 2 28 3 3 3 16 4 4 4 23 5 5 5 15 6 6 6 29 7 7 7 25 8 8 8 9 9 9 9 5 10 10 10 1 11 11 11 15 6 12 12 6 12 13 13 5 10 14 14 25 8 15 15 19 13 16 16 22 14 17 17 68 15 18 18 21 16 19 19 20 17 20 20 21 16 21 21 19 13 22 22 20 17 23 23 22 14 24 24 15 6 25 25 25 8 26 26 26 18 27 27 4 19 28 28 3 20 29 29 26 18 30 30 48 21 31 31 27 22 32 32 29 7 33 33 1 11 34 34 25 8 35 35 12 23 36 36 25 8 37 37 1 11 38 38 31 24 39 39 14 25 40 40 25 8 41 41 2 26 42 42 32 27 43 43 13 28 44 44 48 21 45 45 34 29 46 46 27 22 47 47 41 30 48 48 19 13 49 49 14 25 50 50 39 31 51 51 36 32 52 52 30 33 53 53 39 31 54 54 20 17 55 55 43 34 56 56 36 32 57 57 42 35 58 58 33 36 59 59 43 34 60 60 19 13 61 61 42 35 62 62 68 15 63 63 37 37 64 64 69 38 65 65 30 33 66 66 37 37 67 67 39 31 68 68 40 39 69 69 13 28 70 70 32 27 71 71 31 24 72 72 38 40 73 73 40 39 74 74 41 30 75 75 32 27 76 76 24 41 77 77 41 30 78 78 31 24 79 79 40 39 80 80 4 19 81 81 45 42 82 82 46 43 83 83 2 26 84 84 44 44 85 85 24 41 86 86 49 45 87 87 33 36 88 88 24 41 89 89 49 45 90 90 52 46 91 91 51 47 92 92 50 48 93 93 34 29 94 94 52 46 95 95 30 33 96 96 54 49 97 97 48 21 98 98 35 50 99 99 52 46 100 100 34 29 101 101 53 51 102 102 51 47 103 103 52 46 104 104 36 32 105 105 51 47 106 106 54 49 107 107 50 48 108 108 45 42 109 109 27 22 110 110 50 48 111 111 55 52 112 112 56 53 113 113 49 45 114 114 44 44 115 115 55 52 116 116 45 42 117 117 57 54 118 118 46 43 119 119 56 53 120 120 58 55 121 121 57 54 122 122 55 52 123 123 47 56 124 124 58 55 125 125 23 5 126 126 66 57 127 127 59 58 128 128 60 59 129 129 61 60 130 130 62 61 131 131 66 57 132 132 61 60 133 133 59 58 134 134 61 60 135 135 63 62 136 136 62 61 137 137 64 63 138 138 67 64 139 139 63 62 140 140 66 57 141 141 68 15 142 142 65 65 143 143 69 38 144 144 65 65 145 145 68 15 146 146 70 66 147 147 71 67 148 148 65 65 149 149 67 64 150 150 73 68 151 151 74 69 152 152 65 65 153 153 73 68 154 154 66 57 155 155 71 67 156 156 74 69 157 157 73 68 158 158 22 14 159 159 21 16 160 160 15 6 161 161 15 6 162 162 23 5 163 163 16 4 164 164 16 4 165 165 17 1 166 166 6 12 167 167 18 70 168 168 15 6 169 169 5 10 170 170 77 71 171 171 7 2 172 172 17 1 173 173 18 70 174 174 75 72 175 175 77 71 176 176 28 3 177 177 76 73 178 178 8 74 179 179 78 75 180 180 10 76 181 181 76 73 182 182 77 71 183 183 10 76 184 184 18 70 185 185 77 71 186 186 8 74 187 187 76 73 188 188 7 2 189 189 78 75 190 190 28 3 191 191 9 9 192 192 78 75 193 193 75 72 194 194 0 0 195 195 28 3 196 196 23 5 197 197 0 0 198 198 59 58 199 199 60 59 200 200 41 30 201 201 33 36 202 202 42 35 203 203 41 30 204 204 24 41 205 205 33 36 206 206 48 21 207 207 53 51 208 208 35 50 209 209 79 77 210 210 96 1 211 211 86 2 212 212 107 3 213 213 95 4 214 214 102 78 215 215 94 6 216 216 108 7 217 217 104 8 218 218 88 9 219 219 84 10 220 220 80 11 221 221 94 6 222 222 85 12 223 223 84 10 224 224 104 8 225 225 98 13 226 226 101 14 227 227 100 16 228 228 98 13 229 229 99 17 230 230 101 14 231 231 94 6 232 232 104 8 233 233 82 79 234 234 106 80 235 235 83 81 236 236 105 82 237 237 127 83 238 238 106 80 239 239 108 7 240 240 80 11 241 241 104 8 242 242 91 23 243 243 104 8 244 244 80 11 245 245 110 24 246 246 93 25 247 247 104 8 248 248 81 26 249 249 111 27 250 250 92 28 251 251 127 83 252 252 113 29 253 253 106 80 254 254 120 30 255 255 98 13 256 256 93 25 257 257 118 31 258 258 115 32 259 259 109 84 260 260 115 32 261 261 121 35 262 262 112 36 263 263 122 34 264 264 98 13 265 265 121 35 266 266 109 84 267 267 116 37 268 268 118 31 269 269 119 39 270 270 92 28 271 271 111 27 272 272 110 24 273 273 117 40 274 274 119 39 275 275 120 30 276 276 111 27 277 277 103 41 278 278 120 30 279 279 110 24 280 280 119 39 281 281 83 81 282 282 124 42 283 283 125 43 284 284 81 26 285 285 123 44 286 286 103 41 287 287 128 45 288 288 112 36 289 289 103 41 290 290 128 45 291 291 131 46 292 292 130 47 293 293 129 48 294 294 113 29 295 295 131 46 296 296 109 84 297 297 133 49 298 298 127 83 299 299 114 50 300 300 131 46 301 301 113 29 302 302 132 51 303 303 130 47 304 304 131 46 305 305 115 32 306 306 130 47 307 307 133 49 308 308 129 48 309 309 124 42 310 310 106 80 311 311 129 48 312 312 134 52 313 313 135 53 314 314 128 45 315 315 123 44 316 316 134 52 317 317 124 42 318 318 136 54 319 319 125 43 320 320 135 53 321 321 137 55 322 322 136 54 323 323 134 52 324 324 126 56 325 325 137 55 326 326 101 14 327 327 100 16 328 328 94 6 329 329 94 6 330 330 102 78 331 331 95 4 332 332 95 4 333 333 96 1 334 334 85 12 335 335 97 70 336 336 94 6 337 337 84 10 338 338 142 85 339 339 86 2 340 340 96 1 341 341 97 70 342 342 140 72 343 343 142 85 344 344 107 3 345 345 141 73 346 346 87 74 347 347 143 75 348 348 89 76 349 349 141 73 350 350 142 85 351 351 89 76 352 352 97 70 353 353 142 85 354 354 87 74 355 355 141 73 356 356 86 2 357 357 143 75 358 358 107 3 359 359 88 9 360 360 143 75 361 361 140 72 362 362 79 77 363 363 107 3 364 364 102 78 365 365 120 30 366 366 112 36 367 367 121 35 368 368 120 30 369 369 103 41 370 370 112 36 371 371 127 83 372 372 132 51 373 373 114 50 374 374 934 86 375 375 147 87 376 376 932 88 377 377 886 89 378 378 145 90 379 379 146 91 380 380 151 92 381 381 148 93 382 382 149 94 383 383 156 95 384 384 152 96 385 385 155 97 386 386 156 95 387 387 157 98 388 388 158 99 389 389 176 100 390 390 175 101 391 391 178 102 392 392 180 103 393 393 175 101 394 394 177 104 395 395 181 105 396 396 178 102 397 397 182 106 398 398 190 107 399 399 185 108 400 400 189 109 401 401 183 110 402 402 182 106 403 403 187 111 404 404 191 112 405 405 179 113 406 406 193 114 407 407 192 115 408 408 175 101 409 409 191 112 410 410 199 116 411 411 190 107 412 412 189 109 413 413 194 117 414 414 178 102 415 415 192 115 416 416 182 106 417 417 195 118 418 418 187 111 419 419 181 105 420 420 205 119 421 421 204 120 422 422 180 103 423 423 202 121 424 424 203 122 425 425 202 121 426 426 176 100 427 427 201 123 428 428 201 123 429 429 181 105 430 430 204 120 431 431 208 124 432 432 186 125 433 433 209 126 434 434 209 126 435 435 223 127 436 436 224 128 437 437 224 128 438 438 225 129 439 439 226 130 440 440 243 131 441 441 227 132 442 442 228 133 443 443 200 134 444 444 229 135 445 445 190 107 446 446 219 136 447 447 231 137 448 448 238 138 449 449 233 139 450 450 840 140 451 451 838 141 452 452 230 142 453 453 239 143 454 454 229 135 455 455 190 107 456 456 223 127 457 457 186 125 458 458 241 144 459 459 830 145 460 460 227 132 461 461 223 127 462 462 239 143 463 463 225 129 464 464 234 146 465 465 227 132 466 466 830 145 467 467 236 147 468 468 235 148 469 469 237 149 470 470 240 150 471 471 238 138 472 472 239 143 473 473 239 143 474 474 241 144 475 475 225 129 476 476 226 130 477 477 241 144 478 478 243 131 479 479 834 151 480 480 845 152 481 481 844 153 482 482 839 154 483 483 828 155 484 484 827 156 485 485 324 157 486 486 369 158 487 487 370 159 488 488 360 160 489 489 370 159 490 490 371 161 491 491 371 161 492 492 220 162 493 493 372 163 494 494 200 134 495 495 240 150 496 496 230 142 497 497 212 164 498 498 219 136 499 499 245 165 500 500 211 166 501 501 245 165 502 502 246 167 503 503 210 168 504 504 246 167 505 505 247 169 506 506 218 170 507 507 247 169 508 508 248 171 509 509 216 172 510 510 250 173 511 511 251 174 512 512 214 175 513 513 251 174 514 514 252 176 515 515 253 177 516 516 214 175 517 517 252 176 518 518 254 178 519 519 213 179 520 520 253 177 521 521 219 136 522 522 200 134 523 523 245 165 524 524 199 116 525 525 245 165 526 526 200 134 527 527 196 180 528 528 248 171 529 529 197 181 530 530 194 117 531 531 250 173 532 532 195 118 533 533 252 176 534 534 194 117 535 535 192 115 536 536 191 112 537 537 252 176 538 538 192 115 539 539 254 178 540 540 191 112 541 541 193 114 542 542 373 182 543 543 321 183 544 544 372 163 545 545 323 184 546 546 373 182 547 547 374 185 548 548 258 186 549 549 255 187 550 550 256 188 551 551 258 186 552 552 281 189 553 553 257 190 554 554 268 191 555 555 259 192 556 556 267 193 557 557 269 194 558 558 257 190 559 559 268 191 560 560 261 195 561 561 263 196 562 562 264 197 563 563 271 198 564 564 266 199 565 565 270 200 566 566 269 194 567 567 1031 201 568 568 1033 202 569 569 263 196 570 570 270 200 571 571 264 197 572 572 272 203 573 573 265 204 574 574 271 198 575 575 271 198 576 576 262 205 577 577 272 203 578 578 277 206 579 579 273 207 580 580 272 203 581 581 275 208 582 582 259 192 583 583 260 209 584 584 267 193 585 585 274 210 586 586 276 211 587 587 1038 212 588 588 272 203 589 589 1036 213 590 590 277 206 591 591 1037 214 592 592 278 215 593 593 278 215 594 594 274 210 595 595 275 208 596 596 202 121 597 597 280 216 598 598 203 122 599 599 258 186 600 600 282 217 601 601 281 189 602 602 280 216 603 603 281 189 604 604 282 217 605 605 317 218 606 606 289 219 607 607 318 220 608 608 287 221 609 609 291 222 610 610 290 223 611 611 318 220 612 612 292 224 613 613 319 225 614 614 290 223 615 615 294 226 616 616 293 227 617 617 319 225 618 618 295 228 619 619 320 229 620 620 296 230 621 621 294 226 622 622 297 231 623 623 299 232 624 624 297 231 625 625 300 233 626 626 299 232 627 627 301 234 628 628 303 235 629 629 305 236 630 630 287 221 631 631 306 237 632 632 289 219 633 633 304 238 634 634 307 239 635 635 287 221 636 636 308 240 637 637 306 237 638 638 310 241 639 639 289 219 640 640 307 239 641 641 290 223 642 642 309 242 643 643 308 240 644 644 311 243 645 645 292 224 646 646 310 241 647 647 293 227 648 648 312 244 649 649 309 242 650 650 298 245 651 651 311 243 652 652 313 246 653 653 312 244 654 654 299 232 655 655 314 247 656 656 299 232 657 657 315 248 658 658 314 247 659 659 316 249 660 660 298 245 661 661 313 246 662 662 456 250 663 663 460 251 664 664 457 252 665 665 288 253 666 666 318 220 667 667 291 222 668 668 291 222 669 669 319 225 670 670 294 226 671 671 297 231 672 672 319 225 673 673 320 229 674 674 304 238 675 675 286 254 676 676 284 255 677 677 339 256 678 678 359 257 679 679 357 258 680 680 339 256 681 681 354 259 682 682 359 257 683 683 339 256 684 684 357 258 685 685 355 260 686 686 360 160 687 687 357 258 688 688 359 257 689 689 339 256 690 690 355 260 691 691 328 261 692 692 339 256 693 693 328 261 694 694 331 262 695 695 339 256 696 696 331 262 697 697 337 263 698 698 339 256 699 699 337 263 700 700 344 264 701 701 346 265 702 702 342 266 703 703 341 267 704 704 346 265 705 705 340 268 706 706 345 269 707 707 348 270 708 708 346 265 709 709 345 269 710 710 356 271 711 711 328 261 712 712 355 260 713 713 339 256 714 714 344 264 715 715 351 272 716 716 350 273 717 717 346 265 718 718 349 274 719 719 353 275 720 720 349 274 721 721 352 276 722 722 339 256 723 723 351 272 724 724 354 259 725 725 323 184 726 726 352 276 727 727 322 277 728 728 327 278 729 729 331 262 730 730 328 261 731 731 330 279 732 732 337 263 733 733 331 262 734 734 337 263 735 735 343 280 736 736 344 264 737 737 338 281 738 738 356 271 739 739 361 282 740 740 333 283 741 741 340 268 742 742 334 284 743 743 324 157 744 744 359 257 745 745 354 259 746 746 351 272 747 747 324 157 748 748 354 259 749 749 343 280 750 750 351 272 751 751 344 264 752 752 338 281 753 753 358 285 754 754 362 286 755 755 343 280 756 756 364 287 757 757 325 288 758 758 357 258 759 759 361 282 760 760 355 260 761 761 356 271 762 762 334 284 763 763 327 278 764 764 336 289 765 765 363 290 766 766 343 280 767 767 334 284 768 768 330 279 769 769 327 278 770 770 342 266 771 771 335 291 772 772 341 267 773 773 338 281 774 774 322 277 775 775 352 276 776 776 352 276 777 777 348 270 778 778 338 281 779 779 348 270 780 780 333 283 781 781 338 281 782 782 361 282 783 783 356 271 784 784 355 260 785 785 360 160 786 786 362 286 787 787 358 285 788 788 362 286 789 789 321 183 790 790 322 277 791 791 335 291 792 792 336 289 793 793 330 279 794 794 329 292 795 795 326 293 796 796 335 291 797 797 326 293 798 798 366 294 799 799 363 290 800 800 363 290 801 801 368 295 802 802 364 287 803 803 325 288 804 804 376 296 805 805 369 158 806 806 364 287 807 807 375 297 808 808 376 296 809 809 370 159 810 810 235 148 811 811 829 298 812 812 244 299 813 813 370 159 814 814 829 298 815 815 371 161 816 816 321 183 817 817 360 160 818 818 221 300 819 819 372 163 820 820 220 162 821 821 222 301 822 822 373 182 823 823 221 300 824 824 235 148 825 825 376 296 826 826 365 302 827 827 365 302 828 828 375 297 829 829 367 303 830 830 441 304 831 831 436 305 832 832 433 306 833 833 390 307 834 834 380 308 835 835 379 309 836 836 422 310 837 837 395 311 838 838 418 312 839 839 496 313 840 840 379 309 841 841 380 308 842 842 435 314 843 843 439 315 844 844 443 316 845 845 432 317 846 846 509 318 847 847 505 319 848 848 384 320 849 849 389 321 850 850 383 322 851 851 391 323 852 852 390 307 853 853 389 321 854 854 393 324 855 855 419 325 856 856 417 326 857 857 499 327 858 858 421 328 859 859 503 329 860 860 394 330 861 861 388 331 862 862 409 332 863 863 396 333 864 864 392 334 865 865 411 335 866 866 497 336 867 867 384 320 868 868 495 337 869 869 498 338 870 870 377 339 871 871 496 313 872 872 398 340 873 873 387 341 874 874 377 339 875 875 409 332 876 876 387 341 877 877 415 342 878 878 397 343 879 879 391 323 880 880 384 320 881 881 411 335 882 882 391 323 883 883 416 344 884 884 378 345 885 885 404 346 886 886 386 347 887 887 797 348 888 888 799 349 889 889 798 350 890 890 386 347 891 891 403 351 892 892 385 352 893 893 518 353 894 894 401 354 895 895 408 355 896 896 403 351 897 897 382 356 898 898 385 352 899 899 402 357 900 900 517 358 901 901 406 359 902 902 512 360 903 903 403 351 904 904 513 361 905 905 410 362 906 906 409 332 907 907 393 324 908 908 412 363 909 909 411 335 910 910 395 311 911 911 499 327 912 912 397 343 913 913 497 336 914 914 500 364 915 915 398 340 916 916 498 338 917 917 414 365 918 918 415 342 919 919 398 340 920 920 399 366 921 921 409 332 922 922 415 342 923 923 413 367 924 924 416 344 925 925 397 343 926 926 395 311 927 927 416 344 928 928 400 368 929 929 502 369 930 930 424 370 931 931 504 371 932 932 503 329 933 933 417 326 934 934 501 372 935 935 417 326 936 936 502 369 937 937 501 372 938 938 399 366 939 939 424 370 940 940 419 325 941 941 400 368 942 942 418 312 943 943 395 311 944 944 421 328 945 945 393 324 946 946 417 326 947 947 500 364 948 948 422 310 949 949 504 371 950 950 413 367 951 951 420 373 952 952 400 368 953 953 407 374 954 954 401 354 955 955 378 345 956 956 630 375 957 957 619 376 958 958 629 377 959 959 637 378 960 960 620 379 961 961 631 380 962 962 634 381 963 963 623 382 964 964 624 383 965 965 635 384 966 966 624 383 967 967 625 385 968 968 637 378 969 969 626 386 970 970 627 387 971 971 629 377 972 972 626 386 973 973 636 388 974 974 632 389 975 975 628 390 976 976 638 391 977 977 638 391 978 978 623 382 979 979 633 392 980 980 508 393 981 981 442 394 982 982 510 395 983 983 440 396 984 984 507 397 985 985 509 318 986 986 444 398 987 987 508 393 988 988 507 397 989 989 438 399 990 990 429 400 991 991 437 401 992 992 430 402 993 993 510 395 994 994 506 403 995 995 440 396 996 996 436 305 997 997 444 398 998 998 433 306 999 999 442 394 1000 1000 441 304 1001 1001 429 400 1002 1002 443 316 1003 1003 437 401 1004 1004 303 235 1005 1005 446 404 1006 1006 315 248 1007 1007 445 405 1008 1008 448 406 1009 1009 446 404 1010 1010 445 405 1011 1011 303 235 1012 1012 301 234 1013 1013 445 405 1014 1014 449 407 1015 1015 447 408 1016 1016 316 249 1017 1017 284 255 1018 1018 302 409 1019 1019 450 410 1020 1020 454 411 1021 1021 455 412 1022 1022 455 412 1023 1023 453 413 1024 1024 452 414 1025 1025 288 253 1026 1026 287 221 1027 1027 265 204 1028 1028 285 415 1029 1029 266 199 1030 1030 265 204 1031 1031 287 221 1032 1032 285 415 1033 1033 265 204 1034 1034 461 416 1035 1035 459 417 1036 1036 460 251 1037 1037 456 250 1038 1038 455 412 1039 1039 461 416 1040 1040 452 414 1041 1041 461 416 1042 1042 455 412 1043 1043 456 250 1044 1044 451 418 1045 1045 450 410 1046 1046 453 413 1047 1047 458 419 1048 1048 452 414 1049 1049 288 253 1050 1050 273 207 1051 1051 317 218 1052 1052 275 208 1053 1053 260 209 1054 1054 462 420 1055 1055 317 218 1056 1056 462 420 1057 1057 286 254 1058 1058 283 421 1059 1059 776 422 1060 1060 775 423 1061 1061 316 249 1062 1062 464 424 1063 1063 304 238 1064 1064 310 241 1065 1065 467 425 1066 1066 311 243 1067 1067 307 239 1068 1068 464 424 1069 1069 465 426 1070 1070 311 243 1071 1071 468 427 1072 1072 313 246 1073 1073 313 246 1074 1074 469 428 1075 1075 316 249 1076 1076 310 241 1077 1077 465 426 1078 1078 466 429 1079 1079 466 429 1080 1080 473 430 1081 1081 467 425 1082 1082 469 428 1083 1083 470 431 1084 1084 464 424 1085 1085 466 429 1086 1086 471 432 1087 1087 472 433 1088 1088 468 427 1089 1089 475 434 1090 1090 469 428 1091 1091 465 426 1092 1092 470 431 1093 1093 471 432 1094 1094 467 425 1095 1095 474 435 1096 1096 468 427 1097 1097 472 433 1098 1098 477 436 1099 1099 478 437 1100 1100 474 435 1101 1101 481 438 1102 1102 475 434 1103 1103 471 432 1104 1104 476 439 1105 1105 477 436 1106 1106 473 430 1107 1107 480 440 1108 1108 474 435 1109 1109 473 430 1110 1110 478 437 1111 1111 479 441 1112 1112 475 434 1113 1113 476 439 1114 1114 470 431 1115 1115 480 440 1116 1116 476 439 1117 1117 481 438 1118 1118 479 441 1119 1119 477 436 1120 1120 480 440 1121 1121 488 442 1122 1122 314 247 1123 1123 315 248 1124 1124 308 240 1125 1125 483 443 1126 1126 306 237 1127 1127 314 247 1128 1128 486 444 1129 1129 312 244 1130 1130 489 445 1131 1131 315 248 1132 1132 446 404 1133 1133 309 242 1134 1134 484 446 1135 1135 308 240 1136 1136 490 406 1137 1137 446 404 1138 1138 448 406 1139 1139 305 236 1140 1140 483 443 1141 1141 482 447 1142 1142 312 244 1143 1143 485 448 1144 1144 309 242 1145 1145 482 447 1146 1146 492 449 1147 1147 491 449 1148 1148 490 406 1149 1149 492 449 1150 1150 489 445 1151 1151 492 449 1152 1152 488 442 1153 1153 489 445 1154 1154 483 443 1155 1155 487 450 1156 1156 488 442 1157 1157 487 450 1158 1158 485 448 1159 1159 486 444 1160 1160 377 339 1161 1161 494 451 1162 1162 496 313 1163 1163 383 322 1164 1164 495 337 1165 1165 384 320 1166 1166 431 452 1167 1167 509 318 1168 1168 439 315 1169 1169 499 327 1170 1170 423 453 1171 1171 413 367 1172 1172 394 330 1173 1173 495 337 1174 1174 381 454 1175 1175 498 338 1176 1176 380 308 1177 1177 396 333 1178 1178 410 362 1179 1179 497 336 1180 1180 394 330 1181 1181 500 364 1182 1182 396 333 1183 1183 412 363 1184 1184 502 369 1185 1185 422 310 1186 1186 418 312 1187 1187 423 453 1188 1188 501 372 1189 1189 420 373 1190 1190 501 372 1191 1191 418 312 1192 1192 420 373 1193 1193 500 364 1194 1194 424 370 1195 1195 414 365 1196 1196 631 380 1197 1197 622 455 1198 1198 632 389 1199 1199 635 384 1200 1200 621 456 1201 1201 630 375 1202 1202 508 393 1203 1203 438 399 1204 1204 437 401 1205 1205 509 318 1206 1206 443 316 1207 1207 439 315 1208 1208 507 397 1209 1209 437 401 1210 1210 443 316 1211 1211 434 457 1212 1212 510 395 1213 1213 442 394 1214 1214 514 458 1215 1215 515 449 1216 1216 513 361 1217 1217 515 449 1218 1218 512 360 1219 1219 513 361 1220 1220 511 459 1221 1221 516 449 1222 1222 514 458 1223 1223 404 346 1224 1224 511 459 1225 1225 514 458 1226 1226 513 361 1227 1227 404 346 1228 1228 514 458 1229 1229 530 460 1230 1230 787 461 1231 1231 532 462 1232 1232 519 463 1233 1233 549 464 1234 1234 548 465 1235 1235 367 303 1236 1236 525 466 1237 1237 365 302 1238 1238 788 467 1239 1239 791 468 1240 1240 786 469 1241 1241 561 470 1242 1242 529 471 1243 1243 528 472 1244 1244 532 462 1245 1245 787 461 1246 1246 791 468 1247 1247 565 473 1248 1248 528 472 1249 1249 531 474 1250 1250 187 111 1251 1251 533 475 1252 1252 183 110 1253 1253 183 110 1254 1254 535 476 1255 1255 205 119 1256 1256 805 477 1257 1257 804 478 1258 1258 803 479 1259 1259 762 480 1260 1260 761 481 1261 1261 760 482 1262 1262 764 483 1263 1263 763 484 1264 1264 765 485 1265 1265 547 486 1266 1266 209 126 1267 1267 224 128 1268 1268 538 487 1269 1269 540 488 1270 1270 537 489 1271 1271 539 490 1272 1272 542 491 1273 1273 540 488 1274 1274 571 492 1275 1275 576 493 1276 1276 570 494 1277 1277 581 495 1278 1278 574 496 1279 1279 575 497 1280 1280 241 144 1281 1281 238 138 1282 1282 242 498 1283 1283 543 499 1284 1284 554 500 1285 1285 553 501 1286 1286 568 502 1287 1287 770 503 1288 1288 769 504 1289 1289 547 486 1290 1290 226 130 1291 1291 243 131 1292 1292 547 486 1293 1293 228 133 1294 1294 237 149 1295 1295 767 505 1296 1296 555 506 1297 1297 552 507 1298 1298 555 506 1299 1299 208 124 1300 1300 209 126 1301 1301 568 502 1302 1302 766 508 1303 1303 545 509 1304 1304 560 510 1305 1305 544 511 1306 1306 543 499 1307 1307 522 512 1308 1308 549 464 1309 1309 521 513 1310 1310 802 514 1311 1311 569 515 1312 1312 806 516 1313 1313 764 483 1314 1314 770 503 1315 1315 545 509 1316 1316 524 517 1317 1317 554 500 1318 1318 525 466 1319 1319 237 149 1320 1320 555 506 1321 1321 547 486 1322 1322 548 465 1323 1323 559 518 1324 1324 519 463 1325 1325 562 519 1326 1326 527 520 1327 1327 526 521 1328 1328 564 522 1329 1329 793 523 1330 1330 565 473 1331 1331 561 470 1332 1332 793 523 1333 1333 527 520 1334 1334 809 524 1335 1335 205 119 1336 1336 535 476 1337 1337 562 519 1338 1338 205 119 1339 1339 566 525 1340 1340 548 465 1341 1341 567 526 1342 1342 560 510 1343 1343 550 527 1344 1344 567 526 1345 1345 549 464 1346 1346 810 528 1347 1347 771 529 1348 1348 550 527 1349 1349 558 530 1350 1350 551 531 1351 1351 810 528 1352 1352 571 492 1353 1353 522 512 1354 1354 521 513 1355 1355 571 492 1356 1356 537 489 1357 1357 572 532 1358 1358 573 533 1359 1359 522 512 1360 1360 570 494 1361 1361 572 532 1362 1362 540 488 1363 1363 574 496 1364 1364 575 497 1365 1365 540 488 1366 1366 542 491 1367 1367 573 533 1368 1368 542 491 1369 1369 801 534 1370 1370 579 535 1371 1371 580 536 1372 1372 581 495 1373 1373 576 493 1374 1374 578 537 1375 1375 580 536 1376 1376 578 537 1377 1377 574 496 1378 1378 580 536 1379 1379 573 533 1380 1380 576 493 1381 1381 579 535 1382 1382 579 535 1383 1383 575 497 1384 1384 573 533 1385 1385 578 537 1386 1386 571 492 1387 1387 572 532 1388 1388 202 121 1389 1389 201 123 1390 1390 585 538 1391 1391 781 539 1392 1392 773 540 1393 1393 780 541 1394 1394 591 542 1395 1395 588 543 1396 1396 587 544 1397 1397 592 545 1398 1398 589 546 1399 1399 588 543 1400 1400 593 547 1401 1401 586 548 1402 1402 589 546 1403 1403 586 548 1404 1404 588 543 1405 1405 589 546 1406 1406 593 547 1407 1407 591 542 1408 1408 590 549 1409 1409 608 550 1410 1410 615 551 1411 1411 609 552 1412 1412 608 550 1413 1413 596 553 1414 1414 614 554 1415 1415 598 555 1416 1416 610 550 1417 1417 611 552 1418 1418 600 555 1419 1419 608 550 1420 1420 609 552 1421 1421 602 555 1422 1422 606 550 1423 1423 607 552 1424 1424 595 556 1425 1425 607 552 1426 1426 613 551 1427 1427 606 550 1428 1428 594 553 1429 1429 612 554 1430 1430 610 550 1431 1431 617 557 1432 1432 611 552 1433 1433 605 556 1434 1434 611 552 1435 1435 617 557 1436 1436 610 550 1437 1437 604 553 1438 1438 616 554 1439 1439 607 552 1440 1440 612 554 1441 1441 613 551 1442 1442 597 556 1443 1443 609 552 1444 1444 615 551 1445 1445 783 558 1446 1446 784 559 1447 1447 782 560 1448 1448 381 454 1449 1449 495 337 1450 1450 298 245 1451 1451 283 421 1452 1452 784 559 1453 1453 463 561 1454 1454 777 562 1455 1455 298 245 1456 1456 302 409 1457 1457 320 229 1458 1458 298 245 1459 1459 300 233 1460 1460 300 233 1461 1461 297 231 1462 1462 320 229 1463 1463 495 337 1464 1464 300 233 1465 1465 298 245 1466 1466 493 563 1467 1467 382 356 1468 1468 300 233 1469 1469 621 456 1470 1470 386 347 1471 1471 619 376 1472 1472 620 379 1473 1473 383 322 1474 1474 622 455 1475 1475 624 383 1476 1476 390 307 1477 1477 379 309 1478 1478 625 385 1479 1479 378 345 1480 1480 621 456 1481 1481 627 387 1482 1482 385 352 1483 1483 382 356 1484 1484 626 386 1485 1485 386 347 1486 1486 385 352 1487 1487 622 455 1488 1488 389 321 1489 1489 628 390 1490 1490 628 390 1491 1491 390 307 1492 1492 623 382 1493 1493 629 377 1494 1494 430 402 1495 1495 630 375 1496 1496 632 389 1497 1497 505 319 1498 1498 631 380 1499 1499 633 392 1500 1500 434 457 1501 1501 433 306 1502 1502 630 375 1503 1503 506 403 1504 1504 635 384 1505 1505 636 388 1506 1506 431 452 1507 1507 435 314 1508 1508 629 377 1509 1509 435 314 1510 1510 429 400 1511 1511 638 391 1512 1512 432 317 1513 1513 632 389 1514 1514 633 392 1515 1515 436 305 1516 1516 638 391 1517 1517 627 387 1518 1518 493 563 1519 1519 620 379 1520 1520 625 385 1521 1521 379 309 1522 1522 494 451 1523 1523 631 380 1524 1524 431 452 1525 1525 637 378 1526 1526 634 381 1527 1527 506 403 1528 1528 434 457 1529 1529 427 564 1530 1530 377 339 1531 1531 387 341 1532 1532 426 565 1533 1533 387 341 1534 1534 388 331 1535 1535 425 566 1536 1536 378 345 1537 1537 377 339 1538 1538 618 567 1539 1539 381 454 1540 1540 777 562 1541 1541 426 565 1542 1542 388 331 1543 1543 381 454 1544 1544 796 568 1545 1545 792 569 1546 1546 788 467 1547 1547 772 570 1548 1548 780 541 1549 1549 773 540 1550 1550 772 570 1551 1551 779 571 1552 1552 785 572 1553 1553 794 573 1554 1554 788 467 1555 1555 795 574 1556 1556 541 575 1557 1557 528 472 1558 1558 529 471 1559 1559 556 576 1560 1560 523 577 1561 1561 804 478 1562 1562 807 578 1563 1563 535 476 1564 1564 206 579 1565 1565 533 475 1566 1566 206 579 1567 1567 535 476 1568 1568 217 580 1569 1569 249 581 1570 1570 250 173 1571 1571 536 582 1572 1572 248 171 1573 1573 249 581 1574 1574 196 180 1575 1575 188 583 1576 1576 534 584 1577 1577 250 173 1578 1578 196 180 1579 1579 195 118 1580 1580 195 118 1581 1581 534 584 1582 1582 187 111 1583 1583 538 487 1584 1584 528 472 1585 1585 539 490 1586 1586 520 585 1587 1587 565 473 1588 1588 531 474 1589 1589 801 534 1590 1590 541 575 1591 1591 529 471 1592 1592 520 585 1593 1593 521 513 1594 1594 519 463 1595 1595 537 489 1596 1596 531 474 1597 1597 538 487 1598 1598 564 522 1599 1599 563 586 1600 1600 790 587 1601 1601 534 584 1602 1602 184 588 1603 1603 533 475 1604 1604 519 463 1605 1605 563 586 1606 1606 520 585 1607 1607 662 589 1608 1608 688 590 1609 1609 691 591 1610 1610 692 592 1611 1611 655 593 1612 1612 689 594 1613 1613 663 595 1614 1614 691 591 1615 1615 693 596 1616 1616 694 597 1617 1617 656 598 1618 1618 692 592 1619 1619 693 596 1620 1620 652 599 1621 1621 663 595 1622 1622 695 600 1623 1623 657 601 1624 1624 694 597 1625 1625 696 602 1626 1626 658 603 1627 1627 695 600 1628 1628 653 604 1629 1629 690 605 1630 1630 697 606 1631 1631 698 607 1632 1632 659 608 1633 1633 696 602 1634 1634 654 609 1635 1635 697 606 1636 1636 699 610 1637 1637 688 590 1638 1638 660 611 1639 1639 698 607 1640 1640 655 593 1641 1641 699 610 1642 1642 689 594 1643 1643 676 612 1644 1644 664 613 1645 1645 685 614 1646 1646 667 615 1647 1647 686 616 1648 1648 677 617 1649 1649 678 618 1650 1650 665 619 1651 1651 676 612 1652 1652 669 620 1653 1653 677 617 1654 1654 679 621 1655 1655 678 618 1656 1656 670 622 1657 1657 668 623 1658 1658 680 624 1659 1659 669 620 1660 1660 679 621 1661 1661 681 625 1662 1662 671 626 1663 1663 680 624 1664 1664 673 627 1665 1665 687 628 1666 1666 682 629 1667 1667 683 630 1668 1668 672 631 1669 1669 681 625 1670 1670 675 632 1671 1671 682 629 1672 1672 684 633 1673 1673 685 614 1674 1674 674 634 1675 1675 683 630 1676 1676 666 635 1677 1677 684 633 1678 1678 686 616 1679 1679 650 636 1680 1680 685 614 1681 1681 649 637 1682 1682 677 617 1683 1683 643 638 1684 1684 644 639 1685 1685 651 640 1686 1686 676 612 1687 1687 650 636 1688 1688 679 621 1689 1689 644 639 1690 1690 645 641 1691 1691 651 640 1692 1692 687 628 1693 1693 678 618 1694 1694 680 624 1695 1695 645 641 1696 1696 646 642 1697 1697 647 643 1698 1698 680 624 1699 1699 646 642 1700 1700 682 629 1701 1701 640 644 1702 1702 641 645 1703 1703 648 646 1704 1704 681 625 1705 1705 647 643 1706 1706 684 633 1707 1707 641 645 1708 1708 642 647 1709 1709 649 637 1710 1710 683 630 1711 1711 648 646 1712 1712 686 616 1713 1713 642 647 1714 1714 643 638 1715 1715 691 591 1716 1716 664 613 1717 1717 665 619 1718 1718 667 615 1719 1719 689 594 1720 1720 666 635 1721 1721 693 596 1722 1722 665 619 1723 1723 668 623 1724 1724 669 620 1725 1725 692 592 1726 1726 667 615 1727 1727 668 623 1728 1728 690 605 1729 1729 693 596 1730 1730 671 626 1731 1731 694 597 1732 1732 669 620 1733 1733 672 631 1734 1734 695 600 1735 1735 671 626 1736 1736 697 606 1737 1737 670 622 1738 1738 673 627 1739 1739 674 634 1740 1740 696 602 1741 1741 672 631 1742 1742 675 632 1743 1743 697 606 1744 1744 673 627 1745 1745 664 613 1746 1746 698 607 1747 1747 674 634 1748 1748 666 635 1749 1749 699 610 1750 1750 675 632 1751 1751 722 648 1752 1752 748 649 1753 1753 751 650 1754 1754 752 651 1755 1755 715 652 1756 1756 749 653 1757 1757 723 654 1758 1758 751 650 1759 1759 753 655 1760 1760 754 656 1761 1761 716 657 1762 1762 752 651 1763 1763 753 655 1764 1764 712 658 1765 1765 723 654 1766 1766 755 659 1767 1767 717 660 1768 1768 754 656 1769 1769 756 661 1770 1770 718 662 1771 1771 755 659 1772 1772 713 663 1773 1773 750 664 1774 1774 757 665 1775 1775 758 666 1776 1776 719 667 1777 1777 756 661 1778 1778 714 668 1779 1779 757 665 1780 1780 759 669 1781 1781 748 649 1782 1782 720 670 1783 1783 758 666 1784 1784 715 652 1785 1785 759 669 1786 1786 749 653 1787 1787 736 671 1788 1788 724 672 1789 1789 745 673 1790 1790 727 674 1791 1791 746 675 1792 1792 737 676 1793 1793 738 677 1794 1794 725 678 1795 1795 736 671 1796 1796 729 679 1797 1797 737 676 1798 1798 739 680 1799 1799 738 677 1800 1800 730 681 1801 1801 728 682 1802 1802 740 683 1803 1803 729 679 1804 1804 739 680 1805 1805 741 684 1806 1806 731 685 1807 1807 740 683 1808 1808 733 686 1809 1809 747 687 1810 1810 742 688 1811 1811 743 689 1812 1812 732 690 1813 1813 741 684 1814 1814 735 691 1815 1815 742 688 1816 1816 744 692 1817 1817 745 673 1818 1818 734 693 1819 1819 743 689 1820 1820 726 694 1821 1821 744 692 1822 1822 746 675 1823 1823 736 671 1824 1824 709 695 1825 1825 710 696 1826 1826 704 697 1827 1827 746 675 1828 1828 703 698 1829 1829 711 699 1830 1830 736 671 1831 1831 710 696 1832 1832 705 700 1833 1833 737 676 1834 1834 704 697 1835 1835 711 699 1836 1836 747 687 1837 1837 738 677 1838 1838 706 701 1839 1839 739 680 1840 1840 705 700 1841 1841 707 702 1842 1842 740 683 1843 1843 706 701 1844 1844 742 688 1845 1845 700 703 1846 1846 701 704 1847 1847 743 689 1848 1848 707 702 1849 1849 708 705 1850 1850 744 692 1851 1851 701 704 1852 1852 702 706 1853 1853 745 673 1854 1854 708 705 1855 1855 709 695 1856 1856 746 675 1857 1857 702 706 1858 1858 703 698 1859 1859 751 650 1860 1860 724 672 1861 1861 725 678 1862 1862 727 674 1863 1863 749 653 1864 1864 726 694 1865 1865 728 682 1866 1866 751 650 1867 1867 725 678 1868 1868 729 679 1869 1869 752 651 1870 1870 727 674 1871 1871 730 681 1872 1872 753 655 1873 1873 728 682 1874 1874 731 685 1875 1875 754 656 1876 1876 729 679 1877 1877 732 690 1878 1878 755 659 1879 1879 731 685 1880 1880 733 686 1881 1881 750 664 1882 1882 730 681 1883 1883 758 666 1884 1884 732 690 1885 1885 734 693 1886 1886 735 691 1887 1887 757 665 1888 1888 733 686 1889 1889 748 649 1890 1890 734 693 1891 1891 724 672 1892 1892 726 694 1893 1893 759 669 1894 1894 735 691 1895 1895 228 133 1896 1896 236 147 1897 1897 237 149 1898 1898 760 482 1899 1899 237 149 1900 1900 235 148 1901 1901 762 480 1902 1902 235 148 1903 1903 365 302 1904 1904 762 480 1905 1905 525 466 1906 1906 763 484 1907 1907 761 481 1908 1908 552 507 1909 1909 237 149 1910 1910 765 485 1911 1911 525 466 1912 1912 554 500 1913 1913 766 508 1914 1914 767 505 1915 1915 545 509 1916 1916 766 508 1917 1917 551 531 1918 1918 546 707 1919 1919 769 504 1920 1920 544 511 1921 1921 567 526 1922 1922 769 504 1923 1923 771 529 1924 1924 568 502 1925 1925 768 708 1926 1926 771 529 1927 1927 551 531 1928 1928 764 483 1929 1929 767 505 1930 1930 552 507 1931 1931 765 485 1932 1932 544 511 1933 1933 770 503 1934 1934 773 540 1935 1935 204 120 1936 1936 772 570 1937 1937 774 709 1938 1938 204 120 1939 1939 205 119 1940 1940 776 422 1941 1941 284 255 1942 1942 775 423 1943 1943 776 422 1944 1944 777 562 1945 1945 302 409 1946 1946 775 423 1947 1947 778 710 1948 1948 283 421 1949 1949 774 709 1950 1950 526 521 1951 1951 779 571 1952 1952 781 539 1953 1953 582 711 1954 1954 583 712 1955 1955 283 421 1956 1956 584 713 1957 1957 782 560 1958 1958 783 558 1959 1959 201 123 1960 1960 773 540 1961 1961 782 560 1962 1962 585 538 1963 1963 783 558 1964 1964 784 559 1965 1965 777 562 1966 1966 463 561 1967 1967 784 559 1968 1968 583 712 1969 1969 618 567 1970 1970 785 572 1971 1971 582 711 1972 1972 780 541 1973 1973 779 571 1974 1974 639 714 1975 1975 785 572 1976 1976 786 469 1977 1977 425 566 1978 1978 427 564 1979 1979 786 469 1980 1980 426 565 1981 1981 788 467 1982 1982 789 715 1983 1983 425 566 1984 1984 787 461 1985 1985 530 460 1986 1986 428 716 1987 1987 789 715 1988 1988 792 569 1989 1989 527 520 1990 1990 791 468 1991 1991 530 460 1992 1992 793 523 1993 1993 790 587 1994 1994 532 462 1995 1995 527 520 1996 1996 793 523 1997 1997 795 574 1998 1998 582 711 1999 1999 794 573 2000 2000 795 574 2001 2001 426 565 2002 2002 583 712 2003 2003 794 573 2004 2004 639 714 2005 2005 796 568 2006 2006 796 568 2007 2007 526 521 2008 2008 792 569 2009 2009 798 350 2010 2010 425 566 2011 2011 797 348 2012 2012 799 349 2013 2013 378 345 2014 2014 798 350 2015 2015 800 717 2016 2016 425 566 2017 2017 428 716 2018 2018 800 717 2019 2019 407 374 2020 2020 799 349 2021 2021 802 514 2022 2022 801 534 2023 2023 523 577 2024 2024 803 479 2025 2025 529 471 2026 2026 562 519 2027 2027 803 479 2028 2028 566 525 2029 2029 805 477 2030 2030 806 516 2031 2031 522 512 2032 2032 802 514 2033 2033 808 718 2034 2034 807 578 2035 2035 558 530 2036 2036 556 576 2037 2037 566 525 2038 2038 809 524 2039 2039 806 516 2040 2040 810 528 2041 2041 550 527 2042 2042 808 718 2043 2043 810 528 2044 2044 569 515 2045 2045 557 719 2046 2046 809 524 2047 2047 807 578 2048 2048 804 478 2049 2049 801 534 2050 2050 529 471 2051 2051 215 720 2052 2052 169 721 2053 2053 213 179 2054 2054 213 179 2055 2055 170 722 2056 2056 214 175 2057 2057 214 175 2058 2058 171 723 2059 2059 216 172 2060 2060 217 580 2061 2061 171 723 2062 2062 172 724 2063 2063 173 725 2064 2064 217 580 2065 2065 172 724 2066 2066 218 170 2067 2067 163 726 2068 2068 210 168 2069 2069 163 726 2070 2070 211 166 2071 2071 210 168 2072 2072 212 164 2073 2073 162 727 2074 2074 161 728 2075 2075 219 136 2076 2076 161 728 2077 2077 165 729 2078 2078 164 730 2079 2079 536 582 2080 2080 173 725 2081 2081 167 731 2082 2082 220 162 2083 2083 166 732 2084 2084 168 733 2085 2085 221 300 2086 2086 167 731 2087 2087 220 162 2088 2088 165 729 2089 2089 166 732 2090 2090 861 734 2091 2091 163 726 2092 2092 164 730 2093 2093 169 721 2094 2094 813 735 2095 2095 815 736 2096 2096 814 737 2097 2097 850 738 2098 2098 849 739 2099 2099 170 722 2100 2100 815 736 2101 2101 171 723 2102 2102 851 740 2103 2103 850 738 2104 2104 816 741 2105 2105 861 734 2106 2106 173 725 2107 2107 869 742 2108 2108 869 742 2109 2109 172 724 2110 2110 868 743 2111 2111 858 744 2112 2112 824 745 2113 2113 857 746 2114 2114 818 747 2115 2115 865 748 2116 2116 864 749 2117 2117 856 750 2118 2118 855 751 2119 2119 822 752 2120 2120 166 732 2121 2121 153 753 2122 2122 154 754 2123 2123 166 732 2124 2124 156 95 2125 2125 167 731 2126 2126 167 731 2127 2127 158 99 2128 2128 168 733 2129 2129 857 746 2130 2130 821 755 2131 2131 854 756 2132 2132 811 757 2133 2133 855 751 2134 2134 847 758 2135 2135 155 97 2136 2136 159 759 2137 2137 157 98 2138 2138 820 760 2139 2139 882 761 2140 2140 823 762 2141 2141 879 763 2142 2142 884 764 2143 2143 883 765 2144 2144 238 138 2145 2145 231 137 2146 2146 242 498 2147 2147 828 155 2148 2148 234 146 2149 2149 827 156 2150 2150 828 155 2151 2151 829 298 2152 2152 235 148 2153 2153 827 156 2154 2154 830 145 2155 2155 232 766 2156 2156 831 767 2157 2157 829 298 2158 2158 233 139 2159 2159 832 768 2160 2160 830 145 2161 2161 242 498 2162 2162 831 767 2163 2163 242 498 2164 2164 244 299 2165 2165 833 769 2166 2166 231 137 2167 2167 834 151 2168 2168 835 770 2169 2169 231 137 2170 2170 220 162 2171 2171 835 770 2172 2172 244 299 2173 2173 836 771 2174 2174 833 769 2175 2175 244 299 2176 2176 242 498 2177 2177 838 141 2178 2178 839 154 2179 2179 837 772 2180 2180 842 773 2181 2181 838 141 2182 2182 837 772 2183 2183 844 153 2184 2184 846 774 2185 2185 843 775 2186 2186 845 152 2187 2187 836 771 2188 2188 846 774 2189 2189 232 766 2190 2190 839 154 2191 2191 827 156 2192 2192 833 769 2193 2193 846 774 2194 2194 836 771 2195 2195 233 139 2196 2196 841 776 2197 2197 831 767 2198 2198 842 773 2199 2199 232 766 2200 2200 832 768 2201 2201 841 776 2202 2202 832 768 2203 2203 831 767 2204 2204 833 769 2205 2205 844 153 2206 2206 843 775 2207 2207 272 203 2208 2208 1032 777 2209 2209 1036 213 2210 2210 858 744 2211 2211 856 750 2212 2212 822 752 2213 2213 812 778 2214 2214 847 758 2215 2215 848 779 2216 2216 849 739 2217 2217 863 780 2218 2218 862 781 2219 2219 172 724 2220 2220 872 782 2221 2221 868 743 2222 2222 872 782 2223 2223 815 736 2224 2224 863 780 2225 2225 812 778 2226 2226 852 783 2227 2227 817 784 2228 2228 852 783 2229 2229 816 741 2230 2230 817 784 2231 2231 871 785 2232 2232 857 746 2233 2233 870 786 2234 2234 853 787 2235 2235 821 755 2236 2236 819 788 2237 2237 867 789 2238 2238 855 751 2239 2239 856 750 2240 2240 865 748 2241 2241 857 746 2242 2242 854 756 2243 2243 847 758 2244 2244 866 790 2245 2245 860 791 2246 2246 867 789 2247 2247 858 744 2248 2248 871 785 2249 2249 847 758 2250 2250 861 734 2251 2251 848 779 2252 2252 848 779 2253 2253 869 742 2254 2254 852 783 2255 2255 852 783 2256 2256 868 743 2257 2257 851 740 2258 2258 864 749 2259 2259 854 756 2260 2260 853 787 2261 2261 862 781 2262 2262 815 736 2263 2263 813 735 2264 2264 868 743 2265 2265 859 792 2266 2266 851 740 2267 2267 859 792 2268 2268 863 780 2269 2269 850 738 2270 2270 870 786 2271 2271 825 793 2272 2272 871 785 2273 2273 161 728 2274 2274 866 790 2275 2275 867 789 2276 2276 820 760 2277 2277 870 786 2278 2278 865 748 2279 2279 860 791 2280 2280 162 727 2281 2281 163 726 2282 2282 161 728 2283 2283 871 785 2284 2284 165 729 2285 2285 165 729 2286 2286 825 793 2287 2287 153 753 2288 2288 891 794 2289 2289 875 795 2290 2290 892 796 2291 2291 929 797 2292 2292 876 798 2293 2293 888 799 2294 2294 877 800 2295 2295 930 801 2296 2296 928 802 2297 2297 892 796 2298 2298 147 87 2299 2299 889 803 2300 2300 880 804 2301 2301 148 93 2302 2302 150 805 2303 2303 876 798 2304 2304 885 806 2305 2305 888 799 2306 2306 160 807 2307 2307 151 92 2308 2308 159 759 2309 2309 153 753 2310 2310 152 96 2311 2311 154 754 2312 2312 152 96 2313 2313 160 807 2314 2314 155 97 2315 2315 153 753 2316 2316 826 808 2317 2317 150 805 2318 2318 150 805 2319 2319 826 808 2320 2320 880 804 2321 2321 881 809 2322 2322 884 764 2323 2323 882 761 2324 2324 884 764 2325 2325 826 808 2326 2326 882 761 2327 2327 881 809 2328 2328 820 760 2329 2329 818 747 2330 2330 82 79 2331 2331 30 33 2332 2332 105 82 2333 2333 817 784 2334 2334 127 83 2335 2335 812 778 2336 2336 105 82 2337 2337 812 778 2338 2338 127 83 2339 2339 3 20 2340 2340 821 755 2341 2341 26 18 2342 2342 26 18 2343 2343 824 745 2344 2344 48 21 2345 2345 30 33 2346 2346 811 757 2347 2347 812 778 2348 2348 48 21 2349 2349 822 752 2350 2350 811 757 2351 2351 814 737 2352 2352 109 84 2353 2353 816 741 2354 2354 109 84 2355 2355 817 784 2356 2356 816 741 2357 2357 139 810 2358 2358 100 16 2359 2359 99 17 2360 2360 118 31 2361 2361 99 17 2362 2362 122 34 2363 2363 139 810 2364 2364 116 37 2365 2365 138 811 2366 2366 102 78 2367 2367 138 811 2368 2368 79 77 2369 2369 148 93 2370 2370 886 89 2371 2371 149 94 2372 2372 927 812 2373 2373 888 799 2374 2374 878 813 2375 2375 878 813 2376 2376 885 806 2377 2377 148 93 2378 2378 935 814 2379 2379 890 815 2380 2380 933 816 2381 2381 925 817 2382 2382 926 818 2383 2383 873 819 2384 2384 892 796 2385 2385 145 90 2386 2386 876 798 2387 2387 882 761 2388 2388 825 793 2389 2389 823 762 2390 2390 910 820 2391 2391 895 821 2392 2392 911 822 2393 2393 915 823 2394 2394 898 824 2395 2395 897 825 2396 2396 909 826 2397 2397 902 827 2398 2398 917 828 2399 2399 913 829 2400 2400 908 830 2401 2401 919 831 2402 2402 921 832 2403 2403 895 821 2404 2404 893 833 2405 2405 915 823 2406 2406 899 834 2407 2407 923 835 2408 2408 923 835 2409 2409 900 836 2410 2410 920 837 2411 2411 922 838 2412 2412 902 827 2413 2413 901 839 2414 2414 904 840 2415 2415 912 841 2416 2416 903 842 2417 2417 909 826 2418 2418 911 822 2419 2419 912 841 2420 2420 905 843 2421 2421 913 829 2422 2422 916 844 2423 2423 916 844 2424 2424 914 845 2425 2425 915 823 2426 2426 896 846 2427 2427 918 847 2428 2428 894 848 2429 2429 910 820 2430 2430 917 828 2431 2431 918 847 2432 2432 900 836 2433 2433 914 845 2434 2434 920 837 2435 2435 914 845 2436 2436 919 831 2437 2437 920 837 2438 2438 901 839 2439 2439 912 841 2440 2440 922 838 2441 2441 922 838 2442 2442 911 822 2443 2443 921 832 2444 2444 907 849 2445 2445 916 844 2446 2446 924 850 2447 2447 924 850 2448 2448 915 823 2449 2449 923 835 2450 2450 907 849 2451 2451 919 831 2452 2452 908 830 2453 2453 924 850 2454 2454 920 837 2455 2455 919 831 2456 2456 893 833 2457 2457 918 847 2458 2458 921 832 2459 2459 921 832 2460 2460 917 828 2461 2461 922 838 2462 2462 873 819 2463 2463 929 797 2464 2464 887 851 2465 2465 930 801 2466 2466 878 813 2467 2467 880 804 2468 2468 879 763 2469 2469 928 802 2470 2470 930 801 2471 2471 887 851 2472 2472 927 812 2473 2473 877 800 2474 2474 925 817 2475 2475 891 794 2476 2476 931 852 2477 2477 931 852 2478 2478 876 798 2479 2479 926 818 2480 2480 891 794 2481 2481 892 796 2482 2482 931 852 2483 2483 880 804 2484 2484 879 763 2485 2485 930 801 2486 2486 890 815 2487 2487 932 88 2488 2488 144 853 2489 2489 144 853 2490 2490 932 88 2491 2491 874 854 2492 2492 146 91 2493 2493 935 814 2494 2494 933 816 2495 2495 889 803 2496 2496 935 814 2497 2497 145 90 2498 2498 943 855 2499 2499 937 856 2500 2500 942 857 2501 2501 938 858 2502 2502 940 859 2503 2503 939 860 2504 2504 946 861 2505 2505 939 860 2506 2506 947 862 2507 2507 942 857 2508 2508 951 863 2509 2509 943 855 2510 2510 948 864 2511 2511 939 860 2512 2512 940 859 2513 2513 943 855 2514 2514 944 865 2515 2515 936 866 2516 2516 945 867 2517 2517 942 857 2518 2518 937 856 2519 2519 949 868 2520 2520 938 858 2521 2521 946 861 2522 2522 932 88 2523 2523 875 795 2524 2524 874 854 2525 2525 952 869 2526 2526 954 870 2527 2527 956 871 2528 2528 956 871 2529 2529 955 872 2530 2530 953 873 2531 2531 1012 874 2532 2532 1015 875 2533 2533 957 876 2534 2534 956 871 2535 2535 958 877 2536 2536 961 878 2537 2537 961 878 2538 2538 952 869 2539 2539 956 871 2540 2540 960 879 2541 2541 954 870 2542 2542 959 880 2543 2543 955 872 2544 2544 958 877 2545 2545 953 873 2546 2546 971 881 2547 2547 963 882 2548 2548 966 883 2549 2549 966 883 2550 2550 967 884 2551 2551 971 881 2552 2552 965 885 2553 2553 969 886 2554 2554 964 887 2555 2555 970 888 2556 2556 963 882 2557 2557 968 889 2558 2558 972 890 2559 2559 975 891 2560 2560 974 892 2561 2561 974 892 2562 2562 977 893 2563 2563 976 894 2564 2564 976 894 2565 2565 979 895 2566 2566 978 896 2567 2567 979 895 2568 2568 980 897 2569 2569 978 896 2570 2570 980 897 2571 2571 983 898 2572 2572 982 899 2573 2573 983 898 2574 2574 984 900 2575 2575 982 899 2576 2576 983 898 2577 2577 994 901 2578 2578 985 902 2579 2579 987 903 2580 2580 972 890 2581 2581 986 904 2582 2582 985 902 2583 2583 986 904 2584 2584 984 900 2585 2585 957 876 2586 2586 1015 875 2587 2587 1014 905 2588 2588 991 906 2589 2589 998 907 2590 2590 999 908 2591 2591 985 902 2592 2592 995 909 2593 2593 987 903 2594 2594 973 910 2595 2595 995 909 2596 2596 988 911 2597 2597 977 893 2598 2598 989 912 2599 2599 990 913 2600 2600 977 893 2601 2601 991 906 2602 2602 979 895 2603 2603 975 891 2604 2604 988 911 2605 2605 989 912 2606 2606 979 895 2607 2607 992 914 2608 2608 981 915 2609 2609 981 915 2610 2610 993 916 2611 2611 983 898 2612 2612 999 908 2613 2613 1008 917 2614 2614 1000 918 2615 2615 993 916 2616 2616 1002 919 2617 2617 994 901 2618 2618 990 913 2619 2619 997 920 2620 2620 998 907 2621 2621 992 914 2622 2622 1001 921 2623 2623 993 916 2624 2624 988 911 2625 2625 1003 922 2626 2626 996 923 2627 2627 989 912 2628 2628 996 923 2629 2629 997 920 2630 2630 992 914 2631 2631 999 908 2632 2632 1000 918 2633 2633 994 901 2634 2634 1003 922 2635 2635 995 909 2636 2636 1002 919 2637 2637 1011 924 2638 2638 1003 922 2639 2639 999 908 2640 2640 1006 925 2641 2641 1007 926 2642 2642 1001 921 2643 2643 1010 927 2644 2644 1002 919 2645 2645 998 907 2646 2646 1005 928 2647 2647 1006 925 2648 2648 1000 918 2649 2649 1009 929 2650 2650 1001 921 2651 2651 996 923 2652 2652 1011 924 2653 2653 1004 930 2654 2654 997 920 2655 2655 1004 930 2656 2656 1005 928 2657 2657 1013 931 2658 2658 961 878 2659 2659 958 877 2660 2660 1015 875 2661 2661 959 880 2662 2662 1014 905 2663 2663 1015 875 2664 2664 958 877 2665 2665 960 879 2666 2666 1012 874 2667 2667 1016 932 2668 2668 961 878 2669 2669 301 234 2670 2670 405 933 2671 2671 449 407 2672 2672 382 356 2673 2673 301 234 2674 2674 300 233 2675 2675 405 933 2676 2676 402 357 2677 2677 406 359 2678 2678 341 267 2679 2679 334 284 2680 2680 340 268 2681 2681 1021 934 2682 2682 1019 935 2683 2683 1018 936 2684 2684 1020 937 2685 2685 1018 936 2686 2686 1017 938 2687 2687 1023 939 2688 2688 1021 934 2689 2689 1020 937 2690 2690 1024 940 2691 2691 1022 941 2692 2692 1021 934 2693 2693 1026 942 2694 2694 1018 936 2695 2695 1027 943 2696 2696 1027 943 2697 2697 1019 935 2698 2698 1028 944 2699 2699 1026 942 2700 2700 1020 937 2701 2701 1017 938 2702 2702 206 579 2703 2703 188 583 2704 2704 197 181 2705 2705 1019 935 2706 2706 1025 945 2707 2707 1028 944 2708 2708 185 108 2709 2709 199 116 2710 2710 189 109 2711 2711 199 116 2712 2712 1028 944 2713 2713 1025 945 2714 2714 197 181 2715 2715 1026 942 2716 2716 206 579 2717 2717 558 530 2718 2718 1026 942 2719 2719 207 946 2720 2720 807 578 2721 2721 206 579 2722 2722 1026 942 2723 2723 207 946 2724 2724 546 707 2725 2725 551 531 2726 2726 1028 944 2727 2727 208 124 2728 2728 546 707 2729 2729 247 169 2730 2730 1025 945 2731 2731 198 947 2732 2732 1025 945 2733 2733 246 167 2734 2734 199 116 2735 2735 247 169 2736 2736 1023 939 2737 2737 248 171 2738 2738 197 181 2739 2739 248 171 2740 2740 1023 939 2741 2741 281 189 2742 2742 259 192 2743 2743 257 190 2744 2744 278 215 2745 2745 462 420 2746 2746 273 207 2747 2747 462 420 2748 2748 1029 948 2749 2749 1030 949 2750 2750 284 255 2751 2751 1029 948 2752 2752 778 710 2753 2753 286 254 2754 2754 1030 949 2755 2755 284 255 2756 2756 279 950 2757 2757 260 209 2758 2758 281 189 2759 2759 279 950 2760 2760 778 710 2761 2761 1029 948 2762 2762 202 121 2763 2763 584 713 2764 2764 279 950 2765 2765 203 122 2766 2766 179 113 2767 2767 180 103 2768 2768 1034 951 2769 2769 262 205 2770 2770 261 195 2771 2771 1033 202 2772 2772 1032 777 2773 2773 1034 951 2774 2774 276 211 2775 2775 1035 952 2776 2776 267 193 2777 2777 1037 214 2778 2778 1036 213 2779 2779 1035 952 2780 2780 1035 952 2781 2781 268 191 2782 2782 267 193 2783 2783 1036 213 2784 2784 1031 201 2785 2785 1035 952 2786 2786 278 215 2787 2787 276 211 2788 2788 274 210 2789 2789 972 890 2790 2790 976 894 2791 2791 978 896 2792 2792 972 890 2793 2793 980 897 2794 2794 986 904 2795 2795 984 900 2796 2796 980 897 2797 2797 982 899 2798 2798 787 461 2799 2799 786 469 2800 2800 791 468 2801 2801 557 719 2802 2802 808 718 2803 2803 523 577 2804 2804 808 718 2805 2805 569 515 2806 2806 523 577 2807 2807 583 712 2808 2808 426 565 2809 2809 381 454 2810 2810 0 0 2811 2811 6 12 2812 2812 17 1 2813 2813 28 3 2814 2814 8 74 2815 2815 16 4 2816 2816 15 6 2817 2817 10 76 2818 2818 29 7 2819 2819 9 9 2820 2820 18 70 2821 2821 5 10 2822 2822 15 6 2823 2823 16 4 2824 2824 6 12 2825 2825 25 8 2826 2826 14 25 2827 2827 19 13 2828 2828 68 15 2829 2829 23 5 2830 2830 21 16 2831 2831 21 16 2832 2832 22 14 2833 2833 19 13 2834 2834 26 18 2835 2835 27 22 2836 2836 4 19 2837 2837 29 7 2838 2838 9 9 2839 2839 1 11 2840 2840 12 23 2841 2841 31 24 2842 2842 25 8 2843 2843 2 26 2844 2844 24 41 2845 2845 32 27 2846 2846 48 21 2847 2847 35 50 2848 2848 34 29 2849 2849 41 30 2850 2850 42 35 2851 2851 19 13 2852 2852 39 31 2853 2853 43 34 2854 2854 36 32 2855 2855 39 31 2856 2856 68 15 2857 2857 20 17 2858 2858 36 32 2859 2859 43 34 2860 2860 42 35 2861 2861 43 34 2862 2862 20 17 2863 2863 19 13 2864 2864 68 15 2865 2865 39 31 2866 2866 37 37 2867 2867 30 33 2868 2868 11 953 2869 2869 37 37 2870 2870 40 39 2871 2871 38 40 2872 2872 13 28 2873 2873 31 24 2874 2874 12 23 2875 2875 38 40 2876 2876 41 30 2877 2877 40 39 2878 2878 32 27 2879 2879 41 30 2880 2880 14 25 2881 2881 31 24 2882 2882 4 19 2883 2883 27 22 2884 2884 45 42 2885 2885 2 26 2886 2886 47 56 2887 2887 44 44 2888 2888 49 45 2889 2889 51 47 2890 2890 33 36 2891 2891 49 45 2892 2892 50 48 2893 2893 52 46 2894 2894 50 48 2895 2895 27 22 2896 2896 34 29 2897 2897 30 33 2898 2898 36 32 2899 2899 54 49 2900 2900 35 50 2901 2901 53 51 2902 2902 52 46 2903 2903 53 51 2904 2904 54 49 2905 2905 51 47 2906 2906 36 32 2907 2907 33 36 2908 2908 51 47 2909 2909 50 48 2910 2910 56 53 2911 2911 45 42 2912 2912 50 48 2913 2913 49 45 2914 2914 55 52 2915 2915 49 45 2916 2916 24 41 2917 2917 44 44 2918 2918 45 42 2919 2919 56 53 2920 2920 57 54 2921 2921 56 53 2922 2922 55 52 2923 2923 58 55 2924 2924 55 52 2925 2925 44 44 2926 2926 47 56 2927 2927 23 5 2928 2928 68 15 2929 2929 66 57 2930 2930 60 59 2931 2931 59 58 2932 2932 61 60 2933 2933 66 57 2934 2934 64 63 2935 2935 61 60 2936 2936 61 60 2937 2937 64 63 2938 2938 63 62 2939 2939 64 63 2940 2940 66 57 2941 2941 67 64 2942 2942 69 38 2943 2943 70 66 2944 2944 65 65 2945 2945 70 66 2946 2946 72 954 2947 2947 71 67 2948 2948 67 64 2949 2949 66 57 2950 2950 73 68 2951 2951 65 65 2952 2952 71 67 2953 2953 73 68 2954 2954 71 67 2955 2955 72 954 2956 2956 74 69 2957 2957 15 6 2958 2958 21 16 2959 2959 23 5 2960 2960 16 4 2961 2961 8 74 2962 2962 17 1 2963 2963 18 70 2964 2964 10 76 2965 2965 15 6 2966 2966 77 71 2967 2967 75 72 2968 2968 7 2 2969 2969 18 70 2970 2970 9 9 2971 2971 75 72 2972 2972 28 3 2973 2973 78 75 2974 2974 76 73 2975 2975 78 75 2976 2976 29 7 2977 2977 10 76 2978 2978 77 71 2979 2979 76 73 2980 2980 10 76 2981 2981 77 71 2982 2982 17 1 2983 2983 8 74 2984 2984 7 2 2985 2985 75 72 2986 2986 78 75 2987 2987 9 9 2988 2988 29 7 2989 2989 78 75 2990 2990 0 0 2991 2991 7 2 2992 2992 28 3 2993 2993 0 0 2994 2994 23 5 2995 2995 59 58 2996 2996 48 21 2997 2997 54 49 2998 2998 53 51 2999 2999 79 77 3000 3000 85 12 3001 3001 96 1 3002 3002 107 3 3003 3003 87 74 3004 3004 95 4 3005 3005 94 6 3006 3006 89 76 3007 3007 108 7 3008 3008 88 9 3009 3009 97 70 3010 3010 84 10 3011 3011 94 6 3012 3012 95 4 3013 3013 85 12 3014 3014 104 8 3015 3015 93 25 3016 3016 98 13 3017 3017 100 16 3018 3018 101 14 3019 3019 98 13 3020 3020 82 79 3021 3021 105 82 3022 3022 106 80 3023 3023 108 7 3024 3024 88 9 3025 3025 80 11 3026 3026 91 23 3027 3027 110 24 3028 3028 104 8 3029 3029 81 26 3030 3030 103 41 3031 3031 111 27 3032 3032 127 83 3033 3033 114 50 3034 3034 113 29 3035 3035 120 30 3036 3036 121 35 3037 3037 98 13 3038 3038 118 31 3039 3039 122 34 3040 3040 115 32 3041 3041 115 32 3042 3042 122 34 3043 3043 121 35 3044 3044 122 34 3045 3045 99 17 3046 3046 98 13 3047 3047 109 84 3048 3048 90 955 3049 3049 116 37 3050 3050 119 39 3051 3051 117 40 3052 3052 92 28 3053 3053 110 24 3054 3054 91 23 3055 3055 117 40 3056 3056 120 30 3057 3057 119 39 3058 3058 111 27 3059 3059 120 30 3060 3060 93 25 3061 3061 110 24 3062 3062 83 81 3063 3063 106 80 3064 3064 124 42 3065 3065 81 26 3066 3066 126 56 3067 3067 123 44 3068 3068 128 45 3069 3069 130 47 3070 3070 112 36 3071 3071 128 45 3072 3072 129 48 3073 3073 131 46 3074 3074 129 48 3075 3075 106 80 3076 3076 113 29 3077 3077 109 84 3078 3078 115 32 3079 3079 133 49 3080 3080 114 50 3081 3081 132 51 3082 3082 131 46 3083 3083 132 51 3084 3084 133 49 3085 3085 130 47 3086 3086 115 32 3087 3087 112 36 3088 3088 130 47 3089 3089 129 48 3090 3090 135 53 3091 3091 124 42 3092 3092 129 48 3093 3093 128 45 3094 3094 134 52 3095 3095 128 45 3096 3096 103 41 3097 3097 123 44 3098 3098 124 42 3099 3099 135 53 3100 3100 136 54 3101 3101 135 53 3102 3102 134 52 3103 3103 137 55 3104 3104 134 52 3105 3105 123 44 3106 3106 126 56 3107 3107 94 6 3108 3108 100 16 3109 3109 102 78 3110 3110 95 4 3111 3111 87 74 3112 3112 96 1 3113 3113 97 70 3114 3114 89 76 3115 3115 94 6 3116 3116 142 85 3117 3117 140 72 3118 3118 86 2 3119 3119 97 70 3120 3120 88 9 3121 3121 140 72 3122 3122 107 3 3123 3123 143 75 3124 3124 141 73 3125 3125 143 75 3126 3126 108 7 3127 3127 89 76 3128 3128 142 85 3129 3129 141 73 3130 3130 89 76 3131 3131 142 85 3132 3132 96 1 3133 3133 87 74 3134 3134 86 2 3135 3135 140 72 3136 3136 143 75 3137 3137 88 9 3138 3138 108 7 3139 3139 143 75 3140 3140 79 77 3141 3141 86 2 3142 3142 107 3 3143 3143 127 83 3144 3144 133 49 3145 3145 132 51 3146 3146 934 86 3147 3147 889 803 3148 3148 147 87 3149 3149 886 89 3150 3150 885 806 3151 3151 145 90 3152 3152 151 92 3153 3153 150 805 3154 3154 148 93 3155 3155 156 95 3156 3156 154 754 3157 3157 152 96 3158 3158 156 95 3159 3159 155 97 3160 3160 157 98 3161 3161 176 100 3162 3162 177 104 3163 3163 175 101 3164 3164 180 103 3165 3165 179 113 3166 3166 175 101 3167 3167 181 105 3168 3168 176 100 3169 3169 178 102 3170 3170 190 107 3171 3171 186 125 3172 3172 185 108 3173 3173 183 110 3174 3174 181 105 3175 3175 182 106 3176 3176 191 112 3177 3177 175 101 3178 3178 179 113 3179 3179 192 115 3180 3180 178 102 3181 3181 175 101 3182 3182 199 116 3183 3183 200 134 3184 3184 190 107 3185 3185 194 117 3186 3186 182 106 3187 3187 178 102 3188 3188 182 106 3189 3189 194 117 3190 3190 195 118 3191 3191 181 105 3192 3192 183 110 3193 3193 205 119 3194 3194 180 103 3195 3195 177 104 3196 3196 202 121 3197 3197 202 121 3198 3198 177 104 3199 3199 176 100 3200 3200 201 123 3201 3201 176 100 3202 3202 181 105 3203 3203 208 124 3204 3204 185 108 3205 3205 186 125 3206 3206 209 126 3207 3207 186 125 3208 3208 223 127 3209 3209 224 128 3210 3210 223 127 3211 3211 225 129 3212 3212 243 131 3213 3213 241 144 3214 3214 227 132 3215 3215 200 134 3216 3216 230 142 3217 3217 229 135 3218 3218 219 136 3219 3219 220 162 3220 3220 231 137 3221 3221 233 139 3222 3222 828 155 3223 3223 840 140 3224 3224 230 142 3225 3225 240 150 3226 3226 239 143 3227 3227 190 107 3228 3228 229 135 3229 3229 223 127 3230 3230 241 144 3231 3231 242 498 3232 3232 830 145 3233 3233 223 127 3234 3234 229 135 3235 3235 239 143 3236 3236 234 146 3237 3237 236 147 3238 3238 227 132 3239 3239 236 147 3240 3240 234 146 3241 3241 235 148 3242 3242 240 150 3243 3243 219 136 3244 3244 238 138 3245 3245 239 143 3246 3246 238 138 3247 3247 241 144 3248 3248 226 130 3249 3249 225 129 3250 3250 241 144 3251 3251 834 151 3252 3252 835 770 3253 3253 845 152 3254 3254 839 154 3255 3255 840 140 3256 3256 828 155 3257 3257 324 157 3258 3258 325 288 3259 3259 369 158 3260 3260 360 160 3261 3261 324 157 3262 3262 370 159 3263 3263 371 161 3264 3264 244 299 3265 3265 220 162 3266 3266 200 134 3267 3267 219 136 3268 3268 240 150 3269 3269 211 166 3270 3270 212 164 3271 3271 245 165 3272 3272 210 168 3273 3273 211 166 3274 3274 246 167 3275 3275 218 170 3276 3276 210 168 3277 3277 247 169 3278 3278 216 172 3279 3279 217 580 3280 3280 250 173 3281 3281 214 175 3282 3282 216 172 3283 3283 251 174 3284 3284 253 177 3285 3285 213 179 3286 3286 214 175 3287 3287 254 178 3288 3288 215 720 3289 3289 213 179 3290 3290 199 116 3291 3291 246 167 3292 3292 245 165 3293 3293 196 180 3294 3294 249 581 3295 3295 248 171 3296 3296 194 117 3297 3297 251 174 3298 3298 250 173 3299 3299 252 176 3300 3300 251 174 3301 3301 194 117 3302 3302 191 112 3303 3303 253 177 3304 3304 252 176 3305 3305 254 178 3306 3306 253 177 3307 3307 191 112 3308 3308 373 182 3309 3309 322 277 3310 3310 321 183 3311 3311 323 184 3312 3312 322 277 3313 3313 373 182 3314 3314 258 186 3315 3315 257 190 3316 3316 255 187 3317 3317 268 191 3318 3318 257 190 3319 3319 259 192 3320 3320 269 194 3321 3321 255 187 3322 3322 257 190 3323 3323 261 195 3324 3324 262 205 3325 3325 263 196 3326 3326 271 198 3327 3327 265 204 3328 3328 266 199 3329 3329 269 194 3330 3330 268 191 3331 3331 1031 201 3332 3332 263 196 3333 3333 271 198 3334 3334 270 200 3335 3335 272 203 3336 3336 273 207 3337 3337 265 204 3338 3338 271 198 3339 3339 263 196 3340 3340 262 205 3341 3341 277 206 3342 3342 278 215 3343 3343 273 207 3344 3344 275 208 3345 3345 274 210 3346 3346 259 192 3347 3347 267 193 3348 3348 259 192 3349 3349 274 210 3350 3350 1038 212 3351 3351 277 206 3352 3352 272 203 3353 3353 277 206 3354 3354 1038 212 3355 3355 1037 214 3356 3356 202 121 3357 3357 279 950 3358 3358 280 216 3359 3359 258 186 3360 3360 256 188 3361 3361 282 217 3362 3362 280 216 3363 3363 279 950 3364 3364 281 189 3365 3365 317 218 3366 3366 286 254 3367 3367 289 219 3368 3368 287 221 3369 3369 288 253 3370 3370 291 222 3371 3371 318 220 3372 3372 289 219 3373 3373 292 224 3374 3374 290 223 3375 3375 291 222 3376 3376 294 226 3377 3377 319 225 3378 3378 292 224 3379 3379 295 228 3380 3380 296 230 3381 3381 293 227 3382 3382 294 226 3383 3383 299 232 3384 3384 296 230 3385 3385 297 231 3386 3386 299 232 3387 3387 300 233 3388 3388 301 234 3389 3389 305 236 3390 3390 285 415 3391 3391 287 221 3392 3392 289 219 3393 3393 286 254 3394 3394 304 238 3395 3395 287 221 3396 3396 290 223 3397 3397 308 240 3398 3398 310 241 3399 3399 292 224 3400 3400 289 219 3401 3401 290 223 3402 3402 293 227 3403 3403 309 242 3404 3404 311 243 3405 3405 295 228 3406 3406 292 224 3407 3407 293 227 3408 3408 296 230 3409 3409 312 244 3410 3410 298 245 3411 3411 295 228 3412 3412 311 243 3413 3413 312 244 3414 3414 296 230 3415 3415 299 232 3416 3416 299 232 3417 3417 303 235 3418 3418 315 248 3419 3419 316 249 3420 3420 302 409 3421 3421 298 245 3422 3422 456 250 3423 3423 461 416 3424 3424 460 251 3425 3425 288 253 3426 3426 317 218 3427 3427 318 220 3428 3428 291 222 3429 3429 318 220 3430 3430 319 225 3431 3431 297 231 3432 3432 294 226 3433 3433 319 225 3434 3434 360 160 3435 3435 358 285 3436 3436 357 258 3437 3437 346 265 3438 3438 347 956 3439 3439 342 266 3440 3440 346 265 3441 3441 341 267 3442 3442 340 268 3443 3443 348 270 3444 3444 349 274 3445 3445 346 265 3446 3446 356 271 3447 3447 327 278 3448 3448 328 261 3449 3449 350 273 3450 3450 347 956 3451 3451 346 265 3452 3452 353 275 3453 3453 350 273 3454 3454 349 274 3455 3455 323 184 3456 3456 353 275 3457 3457 352 276 3458 3458 327 278 3459 3459 330 279 3460 3460 331 262 3461 3461 330 279 3462 3462 336 289 3463 3463 337 263 3464 3464 337 263 3465 3465 336 289 3466 3466 343 280 3467 3467 338 281 3468 3468 333 283 3469 3469 356 271 3470 3470 333 283 3471 3471 345 269 3472 3472 340 268 3473 3473 324 157 3474 3474 360 160 3475 3475 359 257 3476 3476 351 272 3477 3477 325 288 3478 3478 324 157 3479 3479 343 280 3480 3480 325 288 3481 3481 351 272 3482 3482 338 281 3483 3483 361 282 3484 3484 358 285 3485 3485 343 280 3486 3486 363 290 3487 3487 364 287 3488 3488 357 258 3489 3489 358 285 3490 3490 361 282 3491 3491 356 271 3492 3492 333 283 3493 3493 334 284 3494 3494 336 289 3495 3495 326 293 3496 3496 363 290 3497 3497 334 284 3498 3498 335 291 3499 3499 330 279 3500 3500 342 266 3501 3501 329 292 3502 3502 335 291 3503 3503 338 281 3504 3504 362 286 3505 3505 322 277 3506 3506 352 276 3507 3507 349 274 3508 3508 348 270 3509 3509 348 270 3510 3510 345 269 3511 3511 333 283 3512 3512 362 286 3513 3513 360 160 3514 3514 321 183 3515 3515 335 291 3516 3516 326 293 3517 3517 336 289 3518 3518 329 292 3519 3519 332 957 3520 3520 326 293 3521 3521 326 293 3522 3522 332 957 3523 3523 366 294 3524 3524 363 290 3525 3525 366 294 3526 3526 368 295 3527 3527 325 288 3528 3528 364 287 3529 3529 376 296 3530 3530 364 287 3531 3531 368 295 3532 3532 375 297 3533 3533 370 159 3534 3534 369 158 3535 3535 235 148 3536 3536 244 299 3537 3537 371 161 3538 3538 370 159 3539 3539 371 161 3540 3540 372 163 3541 3541 321 183 3542 3542 221 300 3543 3543 373 182 3544 3544 372 163 3545 3545 222 301 3546 3546 374 185 3547 3547 373 182 3548 3548 235 148 3549 3549 369 158 3550 3550 376 296 3551 3551 365 302 3552 3552 376 296 3553 3553 375 297 3554 3554 441 304 3555 3555 444 398 3556 3556 436 305 3557 3557 390 307 3558 3558 392 334 3559 3559 380 308 3560 3560 422 310 3561 3561 412 363 3562 3562 395 311 3563 3563 496 313 3564 3564 494 451 3565 3565 379 309 3566 3566 435 314 3567 3567 431 452 3568 3568 439 315 3569 3569 432 317 3570 3570 440 396 3571 3571 509 318 3572 3572 384 320 3573 3573 391 323 3574 3574 389 321 3575 3575 391 323 3576 3576 392 334 3577 3577 390 307 3578 3578 393 324 3579 3579 399 366 3580 3580 419 325 3581 3581 499 327 3582 3582 410 362 3583 3583 421 328 3584 3584 394 330 3585 3585 381 454 3586 3586 388 331 3587 3587 396 333 3588 3588 380 308 3589 3589 392 334 3590 3590 497 336 3591 3591 397 343 3592 3592 384 320 3593 3593 498 338 3594 3594 398 340 3595 3595 377 339 3596 3596 398 340 3597 3597 415 342 3598 3598 387 341 3599 3599 409 332 3600 3600 388 331 3601 3601 387 341 3602 3602 397 343 3603 3603 416 344 3604 3604 391 323 3605 3605 411 335 3606 3606 392 334 3607 3607 391 323 3608 3608 378 345 3609 3609 401 354 3610 3610 404 346 3611 3611 797 348 3612 3612 800 717 3613 3613 799 349 3614 3614 386 347 3615 3615 404 346 3616 3616 403 351 3617 3617 518 353 3618 3618 511 459 3619 3619 401 354 3620 3620 403 351 3621 3621 402 357 3622 3622 382 356 3623 3623 402 357 3624 3624 512 360 3625 3625 517 358 3626 3626 512 360 3627 3627 402 357 3628 3628 403 351 3629 3629 410 362 3630 3630 394 330 3631 3631 409 332 3632 3632 412 363 3633 3633 396 333 3634 3634 411 335 3635 3635 499 327 3636 3636 413 367 3637 3637 397 343 3638 3638 500 364 3639 3639 414 365 3640 3640 398 340 3641 3641 414 365 3642 3642 399 366 3643 3643 415 342 3644 3644 399 366 3645 3645 393 324 3646 3646 409 332 3647 3647 413 367 3648 3648 400 368 3649 3649 416 344 3650 3650 395 311 3651 3651 411 335 3652 3652 416 344 3653 3653 502 369 3654 3654 419 325 3655 3655 424 370 3656 3656 503 329 3657 3657 421 328 3658 3658 417 326 3659 3659 417 326 3660 3660 419 325 3661 3661 502 369 3662 3662 399 366 3663 3663 414 365 3664 3664 424 370 3665 3665 400 368 3666 3666 420 373 3667 3667 418 312 3668 3668 421 328 3669 3669 410 362 3670 3670 393 324 3671 3671 500 364 3672 3672 412 363 3673 3673 422 310 3674 3674 413 367 3675 3675 423 453 3676 3676 420 373 3677 3677 407 374 3678 3678 408 355 3679 3679 401 354 3680 3680 630 375 3681 3681 621 456 3682 3682 619 376 3683 3683 637 378 3684 3684 627 387 3685 3685 620 379 3686 3686 634 381 3687 3687 633 392 3688 3688 623 382 3689 3689 635 384 3690 3690 634 381 3691 3691 624 383 3692 3692 637 378 3693 3693 636 388 3694 3694 626 386 3695 3695 629 377 3696 3696 619 376 3697 3697 626 386 3698 3698 632 389 3699 3699 622 455 3700 3700 628 390 3701 3701 638 391 3702 3702 628 390 3703 3703 623 382 3704 3704 508 393 3705 3705 441 304 3706 3706 442 394 3707 3707 440 396 3708 3708 444 398 3709 3709 507 397 3710 3710 444 398 3711 3711 441 304 3712 3712 508 393 3713 3713 438 399 3714 3714 430 402 3715 3715 429 400 3716 3716 430 402 3717 3717 438 399 3718 3718 510 395 3719 3719 440 396 3720 3720 432 317 3721 3721 436 305 3722 3722 433 306 3723 3723 434 457 3724 3724 442 394 3725 3725 429 400 3726 3726 435 314 3727 3727 443 316 3728 3728 303 235 3729 3729 445 405 3730 3730 446 404 3731 3731 445 405 3732 3732 447 408 3733 3733 448 406 3734 3734 445 405 3735 3735 301 234 3736 3736 449 407 3737 3737 316 249 3738 3738 304 238 3739 3739 284 255 3740 3740 450 410 3741 3741 451 418 3742 3742 454 411 3743 3743 455 412 3744 3744 454 411 3745 3745 453 413 3746 3746 461 416 3747 3747 458 419 3748 3748 459 417 3749 3749 456 250 3750 3750 450 410 3751 3751 455 412 3752 3752 452 414 3753 3753 458 419 3754 3754 461 416 3755 3755 456 250 3756 3756 457 252 3757 3757 451 418 3758 3758 453 413 3759 3759 459 417 3760 3760 458 419 3761 3761 288 253 3762 3762 265 204 3763 3763 273 207 3764 3764 317 218 3765 3765 273 207 3766 3766 462 420 3767 3767 283 421 3768 3768 463 561 3769 3769 776 422 3770 3770 316 249 3771 3771 469 428 3772 3772 464 424 3773 3773 310 241 3774 3774 466 429 3775 3775 467 425 3776 3776 307 239 3777 3777 304 238 3778 3778 464 424 3779 3779 311 243 3780 3780 467 425 3781 3781 468 427 3782 3782 313 246 3783 3783 468 427 3784 3784 469 428 3785 3785 310 241 3786 3786 307 239 3787 3787 465 426 3788 3788 466 429 3789 3789 472 433 3790 3790 473 430 3791 3791 469 428 3792 3792 475 434 3793 3793 470 431 3794 3794 466 429 3795 3795 465 426 3796 3796 471 432 3797 3797 468 427 3798 3798 474 435 3799 3799 475 434 3800 3800 465 426 3801 3801 464 424 3802 3802 470 431 3803 3803 467 425 3804 3804 473 430 3805 3805 474 435 3806 3806 472 433 3807 3807 471 432 3808 3808 477 436 3809 3809 474 435 3810 3810 480 440 3811 3811 481 438 3812 3812 471 432 3813 3813 470 431 3814 3814 476 439 3815 3815 473 430 3816 3816 479 441 3817 3817 480 440 3818 3818 473 430 3819 3819 472 433 3820 3820 478 437 3821 3821 475 434 3822 3822 481 438 3823 3823 476 439 3824 3824 480 440 3825 3825 477 436 3826 3826 476 439 3827 3827 479 441 3828 3828 478 437 3829 3829 477 436 3830 3830 488 442 3831 3831 487 450 3832 3832 314 247 3833 3833 308 240 3834 3834 484 446 3835 3835 483 443 3836 3836 314 247 3837 3837 487 450 3838 3838 486 444 3839 3839 489 445 3840 3840 488 442 3841 3841 315 248 3842 3842 309 242 3843 3843 485 448 3844 3844 484 446 3845 3845 490 406 3846 3846 489 445 3847 3847 446 404 3848 3848 305 236 3849 3849 306 237 3850 3850 483 443 3851 3851 312 244 3852 3852 486 444 3853 3853 485 448 3854 3854 482 447 3855 3855 483 443 3856 3856 492 449 3857 3857 490 406 3858 3858 491 449 3859 3859 492 449 3860 3860 492 449 3861 3861 483 443 3862 3862 488 442 3863 3863 483 443 3864 3864 484 446 3865 3865 487 450 3866 3866 487 450 3867 3867 484 446 3868 3868 485 448 3869 3869 377 339 3870 3870 378 345 3871 3871 494 451 3872 3872 383 322 3873 3873 493 563 3874 3874 495 337 3875 3875 431 452 3876 3876 505 319 3877 3877 509 318 3878 3878 499 327 3879 3879 503 329 3880 3880 423 453 3881 3881 394 330 3882 3882 497 336 3883 3883 495 337 3884 3884 498 338 3885 3885 496 313 3886 3886 380 308 3887 3887 410 362 3888 3888 499 327 3889 3889 497 336 3890 3890 500 364 3891 3891 498 338 3892 3892 396 333 3893 3893 502 369 3894 3894 504 371 3895 3895 422 310 3896 3896 423 453 3897 3897 503 329 3898 3898 501 372 3899 3899 501 372 3900 3900 502 369 3901 3901 418 312 3902 3902 500 364 3903 3903 504 371 3904 3904 424 370 3905 3905 631 380 3906 3906 620 379 3907 3907 622 455 3908 3908 635 384 3909 3909 625 385 3910 3910 621 456 3911 3911 508 393 3912 3912 510 395 3913 3913 438 399 3914 3914 509 318 3915 3915 507 397 3916 3916 443 316 3917 3917 507 397 3918 3918 508 393 3919 3919 437 401 3920 3920 434 457 3921 3921 506 403 3922 3922 510 395 3923 3923 514 458 3924 3924 516 449 3925 3925 515 449 3926 3926 515 449 3927 3927 517 358 3928 3928 512 360 3929 3929 511 459 3930 3930 518 353 3931 3931 516 449 3932 3932 404 346 3933 3933 401 354 3934 3934 511 459 3935 3935 513 361 3936 3936 403 351 3937 3937 404 346 3938 3938 530 460 3939 3939 789 715 3940 3940 787 461 3941 3941 519 463 3942 3942 521 513 3943 3943 549 464 3944 3944 367 303 3945 3945 524 517 3946 3946 525 466 3947 3947 788 467 3948 3948 792 569 3949 3949 791 468 3950 3950 561 470 3951 3951 562 519 3952 3952 529 471 3953 3953 565 473 3954 3954 561 470 3955 3955 528 472 3956 3956 187 111 3957 3957 534 584 3958 3958 533 475 3959 3959 183 110 3960 3960 533 475 3961 3961 535 476 3962 3962 805 477 3963 3963 556 576 3964 3964 804 478 3965 3965 762 480 3966 3966 763 484 3967 3967 761 481 3968 3968 764 483 3969 3969 761 481 3970 3970 763 484 3971 3971 547 486 3972 3972 555 506 3973 3973 209 126 3974 3974 538 487 3975 3975 539 490 3976 3976 540 488 3977 3977 539 490 3978 3978 541 575 3979 3979 542 491 3980 3980 571 492 3981 3981 577 958 3982 3982 576 493 3983 3983 581 495 3984 3984 580 536 3985 3985 574 496 3986 3986 543 499 3987 3987 544 511 3988 3988 554 500 3989 3989 568 502 3990 3990 545 509 3991 3991 770 503 3992 3992 547 486 3993 3993 224 128 3994 3994 226 130 3995 3995 547 486 3996 3996 243 131 3997 3997 228 133 3998 3998 767 505 3999 3999 546 707 4000 4000 555 506 4001 4001 555 506 4002 4002 546 707 4003 4003 208 124 4004 4004 568 502 4005 4005 768 708 4006 4006 766 508 4007 4007 560 510 4008 4008 567 526 4009 4009 544 511 4010 4010 522 512 4011 4011 550 527 4012 4012 549 464 4013 4013 802 514 4014 4014 523 577 4015 4015 569 515 4016 4016 764 483 4017 4017 765 485 4018 4018 770 503 4019 4019 524 517 4020 4020 553 501 4021 4021 554 500 4022 4022 237 149 4023 4023 552 507 4024 4024 555 506 4025 4025 548 465 4026 4026 560 510 4027 4027 559 518 4028 4028 562 519 4029 4029 561 470 4030 4030 527 520 4031 4031 564 522 4032 4032 790 587 4033 4033 793 523 4034 4034 561 470 4035 4035 565 473 4036 4036 793 523 4037 4037 809 524 4038 4038 566 525 4039 4039 205 119 4040 4040 562 519 4041 4041 526 521 4042 4042 205 119 4043 4043 548 465 4044 4044 549 464 4045 4045 567 526 4046 4046 550 527 4047 4047 771 529 4048 4048 567 526 4049 4049 810 528 4050 4050 551 531 4051 4051 771 529 4052 4052 558 530 4053 4053 207 946 4054 4054 551 531 4055 4055 571 492 4056 4056 570 494 4057 4057 522 512 4058 4058 571 492 4059 4059 521 513 4060 4060 537 489 4061 4061 573 533 4062 4062 801 534 4063 4063 522 512 4064 4064 572 532 4065 4065 537 489 4066 4066 540 488 4067 4067 575 497 4068 4068 574 496 4069 4069 540 488 4070 4070 573 533 4071 4071 575 497 4072 4072 542 491 4073 4073 579 535 4074 4074 576 493 4075 4075 580 536 4076 4076 576 493 4077 4077 577 958 4078 4078 578 537 4079 4079 578 537 4080 4080 572 532 4081 4081 574 496 4082 4082 573 533 4083 4083 570 494 4084 4084 576 493 4085 4085 579 535 4086 4086 581 495 4087 4087 575 497 4088 4088 578 537 4089 4089 577 958 4090 4090 571 492 4091 4091 781 539 4092 4092 783 558 4093 4093 773 540 4094 4094 591 542 4095 4095 592 545 4096 4096 588 543 4097 4097 592 545 4098 4098 593 547 4099 4099 589 546 4100 4100 593 547 4101 4101 590 549 4102 4102 586 548 4103 4103 586 548 4104 4104 587 544 4105 4105 588 543 4106 4106 593 547 4107 4107 592 545 4108 4108 591 542 4109 4109 608 550 4110 4110 614 554 4111 4111 615 551 4112 4112 608 550 4113 4113 601 959 4114 4114 596 553 4115 4115 598 555 4116 4116 599 959 4117 4117 610 550 4118 4118 600 555 4119 4119 601 959 4120 4120 608 550 4121 4121 602 555 4122 4122 603 959 4123 4123 606 550 4124 4124 595 556 4125 4125 602 555 4126 4126 607 552 4127 4127 606 550 4128 4128 603 959 4129 4129 594 553 4130 4130 610 550 4131 4131 616 554 4132 4132 617 557 4133 4133 605 556 4134 4134 598 555 4135 4135 611 552 4136 4136 610 550 4137 4137 599 959 4138 4138 604 553 4139 4139 607 552 4140 4140 606 550 4141 4141 612 554 4142 4142 597 556 4143 4143 600 555 4144 4144 609 552 4145 4145 783 558 4146 4146 781 539 4147 4147 784 559 4148 4148 283 421 4149 4149 782 560 4150 4150 784 559 4151 4151 777 562 4152 4152 381 454 4153 4153 298 245 4154 4154 320 229 4155 4155 295 228 4156 4156 298 245 4157 4157 495 337 4158 4158 493 563 4159 4159 300 233 4160 4160 621 456 4161 4161 378 345 4162 4162 386 347 4163 4163 620 379 4164 4164 493 563 4165 4165 383 322 4166 4166 624 383 4167 4167 623 382 4168 4168 390 307 4169 4169 625 385 4170 4170 494 451 4171 4171 378 345 4172 4172 627 387 4173 4173 626 386 4174 4174 385 352 4175 4175 626 386 4176 4176 619 376 4177 4177 386 347 4178 4178 622 455 4179 4179 383 322 4180 4180 389 321 4181 4181 628 390 4182 4182 389 321 4183 4183 390 307 4184 4184 629 377 4185 4185 429 400 4186 4186 430 402 4187 4187 632 389 4188 4188 432 317 4189 4189 505 319 4190 4190 633 392 4191 4191 634 381 4192 4192 434 457 4193 4193 630 375 4194 4194 430 402 4195 4195 506 403 4196 4196 636 388 4197 4197 637 378 4198 4198 431 452 4199 4199 629 377 4200 4200 636 388 4201 4201 435 314 4202 4202 638 391 4203 4203 436 305 4204 4204 432 317 4205 4205 633 392 4206 4206 433 306 4207 4207 436 305 4208 4208 627 387 4209 4209 382 356 4210 4210 493 563 4211 4211 625 385 4212 4212 624 383 4213 4213 379 309 4214 4214 631 380 4215 4215 505 319 4216 4216 431 452 4217 4217 634 381 4218 4218 635 384 4219 4219 506 403 4220 4220 427 564 4221 4221 425 566 4222 4222 377 339 4223 4223 426 565 4224 4224 427 564 4225 4225 387 341 4226 4226 618 567 4227 4227 583 712 4228 4228 381 454 4229 4229 772 570 4230 4230 785 572 4231 4231 780 541 4232 4232 772 570 4233 4233 774 709 4234 4234 779 571 4235 4235 794 573 4236 4236 796 568 4237 4237 788 467 4238 4238 541 575 4239 4239 539 490 4240 4240 528 472 4241 4241 556 576 4242 4242 557 719 4243 4243 523 577 4244 4244 807 578 4245 4245 809 524 4246 4246 535 476 4247 4247 533 475 4248 4248 184 588 4249 4249 206 579 4250 4250 217 580 4251 4251 536 582 4252 4252 249 581 4253 4253 536 582 4254 4254 218 170 4255 4255 248 171 4256 4256 196 180 4257 4257 197 181 4258 4258 188 583 4259 4259 250 173 4260 4260 249 581 4261 4261 196 180 4262 4262 195 118 4263 4263 196 180 4264 4264 534 584 4265 4265 538 487 4266 4266 531 474 4267 4267 528 472 4268 4268 520 585 4269 4269 564 522 4270 4270 565 473 4271 4271 801 534 4272 4272 542 491 4273 4273 541 575 4274 4274 520 585 4275 4275 531 474 4276 4276 521 513 4277 4277 537 489 4278 4278 521 513 4279 4279 531 474 4280 4280 564 522 4281 4281 520 585 4282 4282 563 586 4283 4283 534 584 4284 4284 188 583 4285 4285 184 588 4286 4286 519 463 4287 4287 559 518 4288 4288 563 586 4289 4289 662 589 4290 4290 661 960 4291 4291 688 590 4292 4292 692 592 4293 4293 656 598 4294 4294 655 593 4295 4295 663 595 4296 4296 662 589 4297 4297 691 591 4298 4298 694 597 4299 4299 657 601 4300 4300 656 598 4301 4301 693 596 4302 4302 690 605 4303 4303 652 599 4304 4304 695 600 4305 4305 658 603 4306 4306 657 601 4307 4307 696 602 4308 4308 659 608 4309 4309 658 603 4310 4310 653 604 4311 4311 652 599 4312 4312 690 605 4313 4313 698 607 4314 4314 660 611 4315 4315 659 608 4316 4316 654 609 4317 4317 653 604 4318 4318 697 606 4319 4319 688 590 4320 4320 661 960 4321 4321 660 611 4322 4322 655 593 4323 4323 654 609 4324 4324 699 610 4325 4325 676 612 4326 4326 665 619 4327 4327 664 613 4328 4328 667 615 4329 4329 666 635 4330 4330 686 616 4331 4331 678 618 4332 4332 668 623 4333 4333 665 619 4334 4334 669 620 4335 4335 667 615 4336 4336 677 617 4337 4337 678 618 4338 4338 687 628 4339 4339 670 622 4340 4340 680 624 4341 4341 671 626 4342 4342 669 620 4343 4343 681 625 4344 4344 672 631 4345 4345 671 626 4346 4346 673 627 4347 4347 670 622 4348 4348 687 628 4349 4349 683 630 4350 4350 674 634 4351 4351 672 631 4352 4352 675 632 4353 4353 673 627 4354 4354 682 629 4355 4355 685 614 4356 4356 664 613 4357 4357 674 634 4358 4358 666 635 4359 4359 675 632 4360 4360 684 633 4361 4361 650 636 4362 4362 676 612 4363 4363 685 614 4364 4364 677 617 4365 4365 686 616 4366 4366 643 638 4367 4367 651 640 4368 4368 678 618 4369 4369 676 612 4370 4370 679 621 4371 4371 677 617 4372 4372 644 639 4373 4373 651 640 4374 4374 640 644 4375 4375 687 628 4376 4376 680 624 4377 4377 679 621 4378 4378 645 641 4379 4379 647 643 4380 4380 681 625 4381 4381 680 624 4382 4382 682 629 4383 4383 687 628 4384 4384 640 644 4385 4385 648 646 4386 4386 683 630 4387 4387 681 625 4388 4388 684 633 4389 4389 682 629 4390 4390 641 645 4391 4391 649 637 4392 4392 685 614 4393 4393 683 630 4394 4394 686 616 4395 4395 684 633 4396 4396 642 647 4397 4397 691 591 4398 4398 688 590 4399 4399 664 613 4400 4400 667 615 4401 4401 692 592 4402 4402 689 594 4403 4403 693 596 4404 4404 691 591 4405 4405 665 619 4406 4406 669 620 4407 4407 694 597 4408 4408 692 592 4409 4409 668 623 4410 4410 670 622 4411 4411 690 605 4412 4412 671 626 4413 4413 695 600 4414 4414 694 597 4415 4415 672 631 4416 4416 696 602 4417 4417 695 600 4418 4418 697 606 4419 4419 690 605 4420 4420 670 622 4421 4421 674 634 4422 4422 698 607 4423 4423 696 602 4424 4424 675 632 4425 4425 699 610 4426 4426 697 606 4427 4427 664 613 4428 4428 688 590 4429 4429 698 607 4430 4430 666 635 4431 4431 689 594 4432 4432 699 610 4433 4433 722 648 4434 4434 721 961 4435 4435 748 649 4436 4436 752 651 4437 4437 716 657 4438 4438 715 652 4439 4439 723 654 4440 4440 722 648 4441 4441 751 650 4442 4442 754 656 4443 4443 717 660 4444 4444 716 657 4445 4445 753 655 4446 4446 750 664 4447 4447 712 658 4448 4448 755 659 4449 4449 718 662 4450 4450 717 660 4451 4451 756 661 4452 4452 719 667 4453 4453 718 662 4454 4454 713 663 4455 4455 712 658 4456 4456 750 664 4457 4457 758 666 4458 4458 720 670 4459 4459 719 667 4460 4460 714 668 4461 4461 713 663 4462 4462 757 665 4463 4463 748 649 4464 4464 721 961 4465 4465 720 670 4466 4466 715 652 4467 4467 714 668 4468 4468 759 669 4469 4469 736 671 4470 4470 725 678 4471 4471 724 672 4472 4472 727 674 4473 4473 726 694 4474 4474 746 675 4475 4475 738 677 4476 4476 728 682 4477 4477 725 678 4478 4478 729 679 4479 4479 727 674 4480 4480 737 676 4481 4481 738 677 4482 4482 747 687 4483 4483 730 681 4484 4484 740 683 4485 4485 731 685 4486 4486 729 679 4487 4487 741 684 4488 4488 732 690 4489 4489 731 685 4490 4490 733 686 4491 4491 730 681 4492 4492 747 687 4493 4493 743 689 4494 4494 734 693 4495 4495 732 690 4496 4496 735 691 4497 4497 733 686 4498 4498 742 688 4499 4499 745 673 4500 4500 724 672 4501 4501 734 693 4502 4502 726 694 4503 4503 735 691 4504 4504 744 692 4505 4505 736 671 4506 4506 745 673 4507 4507 709 695 4508 4508 704 697 4509 4509 737 676 4510 4510 746 675 4511 4511 711 699 4512 4512 738 677 4513 4513 736 671 4514 4514 705 700 4515 4515 739 680 4516 4516 737 676 4517 4517 711 699 4518 4518 700 703 4519 4519 747 687 4520 4520 706 701 4521 4521 740 683 4522 4522 739 680 4523 4523 707 702 4524 4524 741 684 4525 4525 740 683 4526 4526 742 688 4527 4527 747 687 4528 4528 700 703 4529 4529 743 689 4530 4530 741 684 4531 4531 707 702 4532 4532 744 692 4533 4533 742 688 4534 4534 701 704 4535 4535 745 673 4536 4536 743 689 4537 4537 708 705 4538 4538 746 675 4539 4539 744 692 4540 4540 702 706 4541 4541 751 650 4542 4542 748 649 4543 4543 724 672 4544 4544 727 674 4545 4545 752 651 4546 4546 749 653 4547 4547 728 682 4548 4548 753 655 4549 4549 751 650 4550 4550 729 679 4551 4551 754 656 4552 4552 752 651 4553 4553 730 681 4554 4554 750 664 4555 4555 753 655 4556 4556 731 685 4557 4557 755 659 4558 4558 754 656 4559 4559 732 690 4560 4560 756 661 4561 4561 755 659 4562 4562 733 686 4563 4563 757 665 4564 4564 750 664 4565 4565 758 666 4566 4566 756 661 4567 4567 732 690 4568 4568 735 691 4569 4569 759 669 4570 4570 757 665 4571 4571 748 649 4572 4572 758 666 4573 4573 734 693 4574 4574 726 694 4575 4575 749 653 4576 4576 759 669 4577 4577 228 133 4578 4578 227 132 4579 4579 236 147 4580 4580 760 482 4581 4581 761 481 4582 4582 237 149 4583 4583 762 480 4584 4584 760 482 4585 4585 235 148 4586 4586 762 480 4587 4587 365 302 4588 4588 525 466 4589 4589 761 481 4590 4590 764 483 4591 4591 552 507 4592 4592 765 485 4593 4593 763 484 4594 4594 525 466 4595 4595 766 508 4596 4596 546 707 4597 4597 767 505 4598 4598 766 508 4599 4599 768 708 4600 4600 551 531 4601 4601 769 504 4602 4602 770 503 4603 4603 544 511 4604 4604 769 504 4605 4605 567 526 4606 4606 771 529 4607 4607 768 708 4608 4608 568 502 4609 4609 771 529 4610 4610 764 483 4611 4611 545 509 4612 4612 767 505 4613 4613 765 485 4614 4614 554 500 4615 4615 544 511 4616 4616 773 540 4617 4617 201 123 4618 4618 204 120 4619 4619 774 709 4620 4620 772 570 4621 4621 204 120 4622 4622 776 422 4623 4623 302 409 4624 4624 284 255 4625 4625 776 422 4626 4626 463 561 4627 4627 777 562 4628 4628 775 423 4629 4629 284 255 4630 4630 778 710 4631 4631 774 709 4632 4632 205 119 4633 4633 526 521 4634 4634 781 539 4635 4635 780 541 4636 4636 582 711 4637 4637 283 421 4638 4638 778 710 4639 4639 584 713 4640 4640 783 558 4641 4641 585 538 4642 4642 201 123 4643 4643 782 560 4644 4644 584 713 4645 4645 585 538 4646 4646 784 559 4647 4647 618 567 4648 4648 777 562 4649 4649 784 559 4650 4650 781 539 4651 4651 583 712 4652 4652 785 572 4653 4653 639 714 4654 4654 582 711 4655 4655 779 571 4656 4656 526 521 4657 4657 639 714 4658 4658 786 469 4659 4659 787 461 4660 4660 425 566 4661 4661 786 469 4662 4662 427 564 4663 4663 426 565 4664 4664 789 715 4665 4665 428 716 4666 4666 425 566 4667 4667 530 460 4668 4668 790 587 4669 4669 428 716 4670 4670 792 569 4671 4671 526 521 4672 4672 527 520 4673 4673 530 460 4674 4674 532 462 4675 4675 793 523 4676 4676 532 462 4677 4677 791 468 4678 4678 527 520 4679 4679 795 574 4680 4680 583 712 4681 4681 582 711 4682 4682 795 574 4683 4683 788 467 4684 4684 426 565 4685 4685 794 573 4686 4686 582 711 4687 4687 639 714 4688 4688 796 568 4689 4689 639 714 4690 4690 526 521 4691 4691 798 350 4692 4692 378 345 4693 4693 425 566 4694 4694 799 349 4695 4695 407 374 4696 4696 378 345 4697 4697 800 717 4698 4698 797 348 4699 4699 425 566 4700 4700 800 717 4701 4701 428 716 4702 4702 407 374 4703 4703 802 514 4704 4704 522 512 4705 4705 801 534 4706 4706 803 479 4707 4707 804 478 4708 4708 529 471 4709 4709 803 479 4710 4710 562 519 4711 4711 566 525 4712 4712 806 516 4713 4713 550 527 4714 4714 522 512 4715 4715 808 718 4716 4716 557 719 4717 4717 807 578 4718 4718 556 576 4719 4719 805 477 4720 4720 566 525 4721 4721 806 516 4722 4722 569 515 4723 4723 810 528 4724 4724 808 718 4725 4725 558 530 4726 4726 810 528 4727 4727 557 719 4728 4728 556 576 4729 4729 809 524 4730 4730 804 478 4731 4731 523 577 4732 4732 801 534 4733 4733 215 720 4734 4734 174 962 4735 4735 169 721 4736 4736 213 179 4737 4737 169 721 4738 4738 170 722 4739 4739 214 175 4740 4740 170 722 4741 4741 171 723 4742 4742 217 580 4743 4743 216 172 4744 4744 171 723 4745 4745 173 725 4746 4746 536 582 4747 4747 217 580 4748 4748 218 170 4749 4749 164 730 4750 4750 163 726 4751 4751 163 726 4752 4752 162 727 4753 4753 211 166 4754 4754 212 164 4755 4755 211 166 4756 4756 162 727 4757 4757 219 136 4758 4758 212 164 4759 4759 161 728 4760 4760 164 730 4761 4761 218 170 4762 4762 536 582 4763 4763 167 731 4764 4764 221 300 4765 4765 220 162 4766 4766 168 733 4767 4767 222 301 4768 4768 221 300 4769 4769 220 162 4770 4770 219 136 4771 4771 165 729 4772 4772 861 734 4773 4773 860 791 4774 4774 163 726 4775 4775 169 721 4776 4776 174 962 4777 4777 813 735 4778 4778 814 737 4779 4779 816 741 4780 4780 850 738 4781 4781 170 722 4782 4782 169 721 4783 4783 815 736 4784 4784 851 740 4785 4785 859 792 4786 4786 850 738 4787 4787 861 734 4788 4788 164 730 4789 4789 173 725 4790 4790 869 742 4791 4791 173 725 4792 4792 172 724 4793 4793 858 744 4794 4794 822 752 4795 4795 824 745 4796 4796 818 747 4797 4797 820 760 4798 4798 865 748 4799 4799 166 732 4800 4800 165 729 4801 4801 153 753 4802 4802 166 732 4803 4803 154 754 4804 4804 156 95 4805 4805 167 731 4806 4806 156 95 4807 4807 158 99 4808 4808 857 746 4809 4809 824 745 4810 4810 821 755 4811 4811 811 757 4812 4812 822 752 4813 4813 855 751 4814 4814 155 97 4815 4815 160 807 4816 4816 159 759 4817 4817 879 763 4818 4818 880 804 4819 4819 884 764 4820 4820 828 155 4821 4821 235 148 4822 4822 234 146 4823 4823 828 155 4824 4824 233 139 4825 4825 829 298 4826 4826 827 156 4827 4827 234 146 4828 4828 830 145 4829 4829 831 767 4830 4830 244 299 4831 4831 829 298 4832 4832 832 768 4833 4833 232 766 4834 4834 830 145 4835 4835 831 767 4836 4836 832 768 4837 4837 242 498 4838 4838 833 769 4839 4839 242 498 4840 4840 231 137 4841 4841 835 770 4842 4842 834 151 4843 4843 231 137 4844 4844 835 770 4845 4845 220 162 4846 4846 244 299 4847 4847 833 769 4848 4848 836 771 4849 4849 244 299 4850 4850 838 141 4851 4851 840 140 4852 4852 839 154 4853 4853 842 773 4854 4854 841 776 4855 4855 838 141 4856 4856 844 153 4857 4857 845 152 4858 4858 846 774 4859 4859 845 152 4860 4860 835 770 4861 4861 836 771 4862 4862 232 766 4863 4863 837 772 4864 4864 839 154 4865 4865 833 769 4866 4866 843 775 4867 4867 846 774 4868 4868 233 139 4869 4869 838 141 4870 4870 841 776 4871 4871 842 773 4872 4872 837 772 4873 4873 232 766 4874 4874 841 776 4875 4875 842 773 4876 4876 832 768 4877 4877 833 769 4878 4878 834 151 4879 4879 844 153 4880 4880 272 203 4881 4881 262 205 4882 4882 1032 777 4883 4883 812 778 4884 4884 811 757 4885 4885 847 758 4886 4886 849 739 4887 4887 850 738 4888 4888 863 780 4889 4889 172 724 4890 4890 171 723 4891 4891 872 782 4892 4892 872 782 4893 4893 171 723 4894 4894 815 736 4895 4895 812 778 4896 4896 848 779 4897 4897 852 783 4898 4898 852 783 4899 4899 851 740 4900 4900 816 741 4901 4901 871 785 4902 4902 858 744 4903 4903 857 746 4904 4904 853 787 4905 4905 854 756 4906 4906 821 755 4907 4907 867 789 4908 4908 866 790 4909 4909 855 751 4910 4910 865 748 4911 4911 870 786 4912 4912 857 746 4913 4913 847 758 4914 4914 855 751 4915 4915 866 790 4916 4916 867 789 4917 4917 856 750 4918 4918 858 744 4919 4919 847 758 4920 4920 860 791 4921 4921 861 734 4922 4922 848 779 4923 4923 861 734 4924 4924 869 742 4925 4925 852 783 4926 4926 869 742 4927 4927 868 743 4928 4928 864 749 4929 4929 865 748 4930 4930 854 756 4931 4931 862 781 4932 4932 863 780 4933 4933 815 736 4934 4934 868 743 4935 4935 872 782 4936 4936 859 792 4937 4937 859 792 4938 4938 872 782 4939 4939 863 780 4940 4940 870 786 4941 4941 823 762 4942 4942 825 793 4943 4943 161 728 4944 4944 162 727 4945 4945 866 790 4946 4946 820 760 4947 4947 823 762 4948 4948 870 786 4949 4949 860 791 4950 4950 866 790 4951 4951 162 727 4952 4952 161 728 4953 4953 867 789 4954 4954 871 785 4955 4955 165 729 4956 4956 871 785 4957 4957 825 793 4958 4958 891 794 4959 4959 874 854 4960 4960 875 795 4961 4961 929 797 4962 4962 926 818 4963 4963 876 798 4964 4964 877 800 4965 4965 927 812 4966 4966 930 801 4967 4967 892 796 4968 4968 875 795 4969 4969 147 87 4970 4970 880 804 4971 4971 878 813 4972 4972 148 93 4973 4973 876 798 4974 4974 145 90 4975 4975 885 806 4976 4976 160 807 4977 4977 150 805 4978 4978 151 92 4979 4979 153 753 4980 4980 150 805 4981 4981 152 96 4982 4982 152 96 4983 4983 150 805 4984 4984 160 807 4985 4985 153 753 4986 4986 825 793 4987 4987 826 808 4988 4988 881 809 4989 4989 883 765 4990 4990 884 764 4991 4991 884 764 4992 4992 880 804 4993 4993 826 808 4994 4994 881 809 4995 4995 882 761 4996 4996 820 760 4997 4997 82 79 4998 4998 11 953 4999 4999 30 33 5000 5000 817 784 5001 5001 109 84 5002 5002 127 83 5003 5003 105 82 5004 5004 30 33 5005 5005 812 778 5006 5006 3 20 5007 5007 819 788 5008 5008 821 755 5009 5009 26 18 5010 5010 821 755 5011 5011 824 745 5012 5012 30 33 5013 5013 48 21 5014 5014 811 757 5015 5015 48 21 5016 5016 824 745 5017 5017 822 752 5018 5018 814 737 5019 5019 90 955 5020 5020 109 84 5021 5021 139 810 5022 5022 102 78 5023 5023 100 16 5024 5024 118 31 5025 5025 139 810 5026 5026 99 17 5027 5027 139 810 5028 5028 118 31 5029 5029 116 37 5030 5030 102 78 5031 5031 139 810 5032 5032 138 811 5033 5033 148 93 5034 5034 885 806 5035 5035 886 89 5036 5036 927 812 5037 5037 929 797 5038 5038 888 799 5039 5039 878 813 5040 5040 888 799 5041 5041 885 806 5042 5042 935 814 5043 5043 934 86 5044 5044 890 815 5045 5045 925 817 5046 5046 931 852 5047 5047 926 818 5048 5048 892 796 5049 5049 889 803 5050 5050 145 90 5051 5051 882 761 5052 5052 826 808 5053 5053 825 793 5054 5054 910 820 5055 5055 896 846 5056 5056 895 821 5057 5057 915 823 5058 5058 914 845 5059 5059 898 824 5060 5060 909 826 5061 5061 904 840 5062 5062 902 827 5063 5063 913 829 5064 5064 906 963 5065 5065 908 830 5066 5066 921 832 5067 5067 911 822 5068 5068 895 821 5069 5069 915 823 5070 5070 897 825 5071 5071 899 834 5072 5072 923 835 5073 5073 899 834 5074 5074 900 836 5075 5075 922 838 5076 5076 917 828 5077 5077 902 827 5078 5078 904 840 5079 5079 909 826 5080 5080 912 841 5081 5081 909 826 5082 5082 910 820 5083 5083 911 822 5084 5084 905 843 5085 5085 906 963 5086 5086 913 829 5087 5087 916 844 5088 5088 913 829 5089 5089 914 845 5090 5090 896 846 5091 5091 910 820 5092 5092 918 847 5093 5093 910 820 5094 5094 909 826 5095 5095 917 828 5096 5096 900 836 5097 5097 898 824 5098 5098 914 845 5099 5099 914 845 5100 5100 913 829 5101 5101 919 831 5102 5102 901 839 5103 5103 903 842 5104 5104 912 841 5105 5105 922 838 5106 5106 912 841 5107 5107 911 822 5108 5108 907 849 5109 5109 905 843 5110 5110 916 844 5111 5111 924 850 5112 5112 916 844 5113 5113 915 823 5114 5114 907 849 5115 5115 924 850 5116 5116 919 831 5117 5117 924 850 5118 5118 923 835 5119 5119 920 837 5120 5120 893 833 5121 5121 894 848 5122 5122 918 847 5123 5123 921 832 5124 5124 918 847 5125 5125 917 828 5126 5126 873 819 5127 5127 926 818 5128 5128 929 797 5129 5129 930 801 5130 5130 927 812 5131 5131 878 813 5132 5132 887 851 5133 5133 929 797 5134 5134 927 812 5135 5135 931 852 5136 5136 892 796 5137 5137 876 798 5138 5138 890 815 5139 5139 934 86 5140 5140 932 88 5141 5141 146 91 5142 5142 145 90 5143 5143 935 814 5144 5144 889 803 5145 5145 934 86 5146 5146 935 814 5147 5147 943 855 5148 5148 936 866 5149 5149 937 856 5150 5150 938 858 5151 5151 941 964 5152 5152 940 859 5153 5153 946 861 5154 5154 938 858 5155 5155 939 860 5156 5156 942 857 5157 5157 950 965 5158 5158 951 863 5159 5159 948 864 5160 5160 947 862 5161 5161 939 860 5162 5162 943 855 5163 5163 951 863 5164 5164 944 865 5165 5165 945 867 5166 5166 950 965 5167 5167 942 857 5168 5168 949 868 5169 5169 941 964 5170 5170 938 858 5171 5171 932 88 5172 5172 147 87 5173 5173 875 795 5174 5174 956 871 5175 5175 954 870 5176 5176 955 872 5177 5177 1012 874 5178 5178 1013 931 5179 5179 1015 875 5180 5180 956 871 5181 5181 953 873 5182 5182 958 877 5183 5183 961 878 5184 5184 1016 932 5185 5185 952 869 5186 5186 960 879 5187 5187 955 872 5188 5188 954 870 5189 5189 955 872 5190 5190 960 879 5191 5191 958 877 5192 5192 971 881 5193 5193 968 889 5194 5194 963 882 5195 5195 966 883 5196 5196 962 966 5197 5197 967 884 5198 5198 965 885 5199 5199 970 888 5200 5200 969 886 5201 5201 970 888 5202 5202 965 885 5203 5203 963 882 5204 5204 972 890 5205 5205 973 910 5206 5206 975 891 5207 5207 974 892 5208 5208 975 891 5209 5209 977 893 5210 5210 976 894 5211 5211 977 893 5212 5212 979 895 5213 5213 979 895 5214 5214 981 915 5215 5215 980 897 5216 5216 980 897 5217 5217 981 915 5218 5218 983 898 5219 5219 983 898 5220 5220 985 902 5221 5221 984 900 5222 5222 983 898 5223 5223 993 916 5224 5224 994 901 5225 5225 987 903 5226 5226 973 910 5227 5227 972 890 5228 5228 985 902 5229 5229 987 903 5230 5230 986 904 5231 5231 991 906 5232 5232 990 913 5233 5233 998 907 5234 5234 985 902 5235 5235 994 901 5236 5236 995 909 5237 5237 973 910 5238 5238 987 903 5239 5239 995 909 5240 5240 977 893 5241 5241 975 891 5242 5242 989 912 5243 5243 977 893 5244 5244 990 913 5245 5245 991 906 5246 5246 975 891 5247 5247 973 910 5248 5248 988 911 5249 5249 979 895 5250 5250 991 906 5251 5251 992 914 5252 5252 981 915 5253 5253 992 914 5254 5254 993 916 5255 5255 999 908 5256 5256 1007 926 5257 5257 1008 917 5258 5258 993 916 5259 5259 1001 921 5260 5260 1002 919 5261 5261 990 913 5262 5262 989 912 5263 5263 997 920 5264 5264 992 914 5265 5265 1000 918 5266 5266 1001 921 5267 5267 988 911 5268 5268 995 909 5269 5269 1003 922 5270 5270 989 912 5271 5271 988 911 5272 5272 996 923 5273 5273 992 914 5274 5274 991 906 5275 5275 999 908 5276 5276 994 901 5277 5277 1002 919 5278 5278 1003 922 5279 5279 1002 919 5280 5280 1010 927 5281 5281 1011 924 5282 5282 999 908 5283 5283 998 907 5284 5284 1006 925 5285 5285 1001 921 5286 5286 1009 929 5287 5287 1010 927 5288 5288 998 907 5289 5289 997 920 5290 5290 1005 928 5291 5291 1000 918 5292 5292 1008 917 5293 5293 1009 929 5294 5294 996 923 5295 5295 1003 922 5296 5296 1011 924 5297 5297 997 920 5298 5298 996 923 5299 5299 1004 930 5300 5300 1013 931 5301 5301 1012 874 5302 5302 961 878 5303 5303 1015 875 5304 5304 960 879 5305 5305 959 880 5306 5306 1015 875 5307 5307 1013 931 5308 5308 958 877 5309 5309 1012 874 5310 5310 957 876 5311 5311 1016 932 5312 5312 301 234 5313 5313 382 356 5314 5314 405 933 5315 5315 405 933 5316 5316 382 356 5317 5317 402 357 5318 5318 341 267 5319 5319 335 291 5320 5320 334 284 5321 5321 1021 934 5322 5322 1022 941 5323 5323 1019 935 5324 5324 1020 937 5325 5325 1021 934 5326 5326 1018 936 5327 5327 1023 939 5328 5328 1024 940 5329 5329 1021 934 5330 5330 1024 940 5331 5331 1025 945 5332 5332 1022 941 5333 5333 1026 942 5334 5334 1017 938 5335 5335 1018 936 5336 5336 1027 943 5337 5337 1018 936 5338 5338 1019 935 5339 5339 1026 942 5340 5340 1023 939 5341 5341 1020 937 5342 5342 206 579 5343 5343 184 588 5344 5344 188 583 5345 5345 1019 935 5346 5346 1022 941 5347 5347 1025 945 5348 5348 185 108 5349 5349 208 124 5350 5350 199 116 5351 5351 199 116 5352 5352 208 124 5353 5353 1028 944 5354 5354 197 181 5355 5355 1023 939 5356 5356 1026 942 5357 5357 558 530 5358 5358 807 578 5359 5359 1026 942 5360 5360 207 946 5361 5361 1028 944 5362 5362 546 707 5363 5363 247 169 5364 5364 246 167 5365 5365 1025 945 5366 5366 247 169 5367 5367 198 947 5368 5368 1023 939 5369 5369 281 189 5370 5370 260 209 5371 5371 259 192 5372 5372 278 215 5373 5373 275 208 5374 5374 462 420 5375 5375 462 420 5376 5376 260 209 5377 5377 1029 948 5378 5378 284 255 5379 5379 1030 949 5380 5380 1029 948 5381 5381 286 254 5382 5382 462 420 5383 5383 1030 949 5384 5384 279 950 5385 5385 1029 948 5386 5386 260 209 5387 5387 279 950 5388 5388 584 713 5389 5389 778 710 5390 5390 202 121 5391 5391 585 538 5392 5392 584 713 5393 5393 203 122 5394 5394 193 114 5395 5395 179 113 5396 5396 1034 951 5397 5397 1032 777 5398 5398 262 205 5399 5399 1033 202 5400 5400 1031 201 5401 5401 1032 777 5402 5402 276 211 5403 5403 1037 214 5404 5404 1035 952 5405 5405 1037 214 5406 5406 1038 212 5407 5407 1036 213 5408 5408 1035 952 5409 5409 1031 201 5410 5410 268 191 5411 5411 1036 213 5412 5412 1032 777 5413 5413 1031 201 5414 5414 278 215 5415 5415 1037 214 5416 5416 276 211 5417 5417 972 890 5418 5418 974 892 5419 5419 976 894 5420 5420 972 890 5421 5421 978 896 5422 5422 980 897 5423 5423 984 900 5424 5424 986 904 5425 5425 980 897 5426 5426 1046 969 5429 5429 1056 968 5428 5428 1039 967 5427 5427 1062 972 5432 5432 1055 971 5431 5431 1067 970 5430 5430 1064 975 5435 5435 1068 974 5434 5434 1054 973 5433 5433 1040 978 5438 5438 1044 977 5437 5437 1048 976 5436 5436 1044 977 5441 5441 1045 979 5440 5440 1054 973 5439 5439 1061 981 5444 5444 1058 980 5443 5443 1064 975 5442 5442 1059 984 5447 5447 1060 983 5446 5446 1107 982 5445 5445 1059 984 5450 5450 1058 980 5449 5449 1060 983 5448 5448 1064 975 5453 5453 1054 973 5452 5452 1061 981 5451 5451 1042 987 5456 5456 1043 986 5455 5455 1065 985 5454 5454 1066 989 5459 5459 1087 988 5458 5458 1065 985 5457 5457 1064 975 5462 5462 1040 978 5461 5461 1068 974 5460 5460 1040 978 5465 5465 1064 975 5464 5464 1051 990 5463 5463 1064 975 5468 5468 1053 992 5467 5467 1070 991 5466 5466 1052 995 5471 5471 1071 994 5470 5470 1041 993 5469 5469 1066 989 5474 5474 1073 996 5473 5473 1087 988 5472 5472 1053 992 5477 5477 1058 980 5476 5476 1080 997 5475 5475 1069 1000 5480 5480 1075 999 5479 5479 1078 998 5478 5478 1082 1001 5483 5483 1059 984 5482 5482 1078 998 5481 5481 1072 1003 5486 5486 1081 1002 5485 5485 1075 999 5484 5484 1081 1002 5489 5489 1058 980 5488 5488 1082 1001 5487 5487 1108 1005 5492 5492 1076 1004 5491 5491 1107 982 5490 5490 1078 998 5495 5495 1076 1004 5494 5494 1069 1000 5493 5493 1071 994 5498 5498 1052 995 5497 5497 1079 1006 5496 5496 1079 1006 5501 5501 1077 1007 5500 5500 1070 991 5499 5499 1063 1008 5504 5504 1071 994 5503 5503 1080 997 5502 5502 1079 1006 5507 5507 1070 991 5506 5506 1080 997 5505 5505 1085 1010 5510 5510 1084 1009 5509 5509 1043 986 5508 5508 1063 1008 5513 5513 1083 1011 5512 5512 1041 993 5511 5511 1063 1008 5516 5516 1072 1003 5515 5515 1088 1012 5514 5514 1090 1014 5519 5519 1091 1013 5518 5518 1088 1012 5517 5517 1091 1013 5522 5522 1073 996 5521 5521 1089 1015 5520 5520 1087 988 5525 5525 1093 1016 5524 5524 1069 1000 5523 5523 1073 996 5528 5528 1091 1013 5527 5527 1074 1017 5526 5526 1091 1013 5531 5531 1090 1014 5530 5530 1092 1018 5529 5529 1093 1016 5534 5534 1090 1014 5533 5533 1075 999 5532 5532 1066 989 5537 5537 1084 1009 5536 5536 1089 1015 5535 5535 1095 1020 5540 5540 1094 1019 5539 5539 1089 1015 5538 5538 1094 1019 5543 5543 1083 1011 5542 5542 1088 1012 5541 5541 1085 1010 5546 5546 1096 1021 5545 5545 1084 1009 5544 5544 1096 1021 5549 5549 1097 1022 5548 5548 1095 1020 5547 5547 1097 1022 5552 5552 1086 1023 5551 5551 1094 1019 5550 5550 1098 1025 5555 5555 1105 1024 5554 5554 1062 972 5553 5553 1101 1028 5558 5558 1100 1027 5557 5557 1099 1026 5556 5556 1098 1025 5561 5561 1100 1027 5560 5560 1105 1024 5559 5559 1101 1028 5564 5564 1102 1029 5563 5563 1100 1027 5562 5562 1102 1029 5567 5567 1106 1031 5566 5566 1103 1030 5565 5565 1104 1032 5570 5570 1107 982 5569 5569 1105 1024 5568 5568 1107 982 5573 5573 1104 1032 5572 5572 1108 1005 5571 5571 1104 1032 5576 5576 1110 1034 5575 5575 1109 1033 5574 5574 1113 1036 5579 5579 1112 1035 5578 5578 1106 1031 5577 5577 1105 1024 5582 5582 1112 1035 5581 5581 1104 1032 5580 5580 1112 1035 5585 5585 1113 1036 5584 5584 1110 1034 5583 5583 1054 973 5588 5588 1060 983 5587 5587 1061 981 5586 5586 1055 971 5591 5591 1062 972 5590 5590 1054 973 5589 5589 1045 979 5594 5594 1056 968 5593 5593 1055 971 5592 5592 1044 977 5597 5597 1054 973 5596 5596 1057 1037 5595 5595 1056 968 5600 5600 1046 969 5599 5599 1116 1038 5598 5598 1116 1038 5603 5603 1114 1039 5602 5602 1057 1037 5601 5601 1047 1041 5606 5606 1115 1040 5605 5605 1067 970 5604 5604 1115 1040 5609 5609 1049 1043 5608 5608 1117 1042 5607 5607 1057 1037 5612 5612 1049 1043 5611 5611 1116 1038 5610 5610 1115 1040 5615 5615 1047 1041 5614 5614 1116 1038 5613 5613 1067 970 5618 5618 1117 1042 5617 5617 1046 969 5616 5616 1114 1039 5621 5621 1117 1042 5620 5620 1048 976 5619 5619 1062 972 5624 5624 1067 970 5623 5623 1039 967 5622 5622 1099 1026 5627 5627 1098 1025 5626 5626 1039 967 5625 5625 1081 1002 5630 5630 1072 1003 5629 5629 1080 997 5628 5628 1072 1003 5633 5633 1063 1008 5632 5632 1080 997 5631 5631 1074 1017 5636 5636 1092 1018 5635 5635 1087 988 5634 5634 1125 969 5639 5639 1135 968 5638 5638 1118 1044 5637 5637 1141 1045 5642 5642 1134 971 5641 5641 1146 970 5640 5640 1143 975 5645 5645 1147 974 5644 5644 1133 973 5643 5643 1119 978 5648 5648 1123 977 5647 5647 1127 976 5646 5646 1123 977 5651 5651 1124 979 5650 5650 1133 973 5649 5649 1140 981 5654 5654 1137 980 5653 5653 1143 975 5652 5652 1138 984 5657 5657 1137 980 5656 5656 1139 983 5655 5655 1143 975 5660 5660 1133 973 5659 5659 1140 981 5658 5658 1122 1048 5663 5663 1145 1047 5662 5662 1121 1046 5661 5661 1145 1047 5666 5666 1166 1050 5665 5665 1144 1049 5664 5664 1143 975 5669 5669 1119 978 5668 5668 1147 974 5667 5667 1119 978 5672 5672 1143 975 5671 5671 1130 990 5670 5670 1143 975 5675 5675 1132 992 5674 5674 1149 991 5673 5673 1131 995 5678 5678 1150 994 5677 5677 1120 993 5676 5676 1145 1047 5681 5681 1152 996 5680 5680 1166 1050 5679 5679 1132 992 5684 5684 1137 980 5683 5683 1159 997 5682 5682 1148 1051 5687 5687 1154 999 5686 5686 1157 998 5685 5685 1151 1003 5690 5690 1160 1002 5689 5689 1154 999 5688 5688 1160 1002 5693 5693 1137 980 5692 5692 1161 1001 5691 5691 1157 998 5696 5696 1155 1004 5695 5695 1148 1051 5694 5694 1150 994 5699 5699 1131 995 5698 5698 1158 1006 5697 5697 1158 1006 5702 5702 1156 1007 5701 5701 1149 991 5700 5700 1142 1008 5705 5705 1150 994 5704 5704 1159 997 5703 5703 1158 1006 5708 5708 1149 991 5707 5707 1159 997 5706 5706 1164 1010 5711 5711 1163 1009 5710 5710 1122 1048 5709 5709 1142 1008 5714 5714 1162 1011 5713 5713 1120 993 5712 5712 1142 1008 5717 5717 1151 1003 5716 5716 1167 1012 5715 5715 1169 1014 5720 5720 1170 1013 5719 5719 1167 1012 5718 5718 1170 1013 5723 5723 1152 996 5722 5722 1168 1015 5721 5721 1166 1050 5726 5726 1172 1016 5725 5725 1148 1051 5724 5724 1152 996 5729 5729 1170 1013 5728 5728 1153 1017 5727 5727 1170 1013 5732 5732 1169 1014 5731 5731 1171 1018 5730 5730 1172 1016 5735 5735 1169 1014 5734 5734 1154 999 5733 5733 1145 1047 5738 5738 1163 1009 5737 5737 1168 1015 5736 5736 1174 1020 5741 5741 1173 1019 5740 5740 1168 1015 5739 5739 1173 1019 5744 5744 1162 1011 5743 5743 1167 1012 5742 5742 1164 1010 5747 5747 1175 1021 5746 5746 1163 1009 5745 5745 1175 1021 5750 5750 1176 1022 5749 5749 1174 1020 5748 5748 1176 1022 5753 5753 1165 1023 5752 5752 1173 1019 5751 5751 1133 973 5756 5756 1139 983 5755 5755 1140 981 5754 5754 1134 971 5759 5759 1141 1045 5758 5758 1133 973 5757 5757 1124 979 5762 5762 1135 968 5761 5761 1134 971 5760 5760 1123 977 5765 5765 1133 973 5764 5764 1136 1037 5763 5763 1135 968 5768 5768 1125 969 5767 5767 1181 1052 5766 5766 1181 1052 5771 5771 1179 1039 5770 5770 1136 1037 5769 5769 1126 1041 5774 5774 1180 1040 5773 5773 1146 970 5772 5772 1180 1040 5777 5777 1128 1043 5776 5776 1182 1042 5775 5775 1136 1037 5780 5780 1128 1043 5779 5779 1181 1052 5778 5778 1180 1040 5783 5783 1126 1041 5782 5782 1181 1052 5781 5781 1146 970 5786 5786 1182 1042 5785 5785 1125 969 5784 5784 1179 1039 5789 5789 1182 1042 5788 5788 1127 976 5787 5787 1141 1045 5792 5792 1146 970 5791 5791 1118 1044 5790 5790 1160 1002 5795 5795 1151 1003 5794 5794 1159 997 5793 5793 1151 1003 5798 5798 1142 1008 5797 5797 1159 997 5796 5796 1153 1017 5801 5801 1171 1018 5800 5800 1166 1050 5799 5799 1971 1055 5804 5804 1186 1054 5803 5803 1973 1053 5802 5802 1185 1058 5807 5807 1184 1057 5806 5806 1925 1056 5805 5805 1188 1061 5810 5810 1187 1060 5809 5809 1190 1059 5808 5808 1194 1064 5813 5813 1191 1063 5812 5812 1195 1062 5811 5811 1197 1066 5816 5816 1196 1065 5815 5815 1195 1062 5814 5814 1217 1069 5819 5819 1214 1068 5818 5818 1215 1067 5817 5817 1216 1071 5822 5822 1214 1068 5821 5821 1219 1070 5820 5820 1221 1073 5825 5825 1217 1069 5824 5824 1220 1072 5823 5823 1228 1076 5828 5828 1224 1075 5827 5827 1229 1074 5826 5826 1226 1078 5831 5831 1221 1073 5830 5830 1222 1077 5829 5829 1232 1081 5834 5834 1218 1080 5833 5833 1230 1079 5832 5832 1230 1079 5837 5837 1214 1068 5836 5836 1231 1082 5835 5835 1228 1076 5840 5840 1229 1074 5839 5839 1238 1083 5838 5838 1231 1082 5843 5843 1217 1069 5842 5842 1233 1084 5841 5841 1226 1078 5846 5846 1234 1085 5845 5845 1221 1073 5844 5844 1243 1087 5849 5849 1244 1086 5848 5848 1220 1072 5847 5847 1242 1089 5852 5852 1241 1088 5851 5851 1219 1070 5850 5850 1240 1090 5855 5855 1215 1067 5854 5854 1241 1088 5853 5853 1243 1087 5858 5858 1220 1072 5857 5857 1240 1090 5856 5856 1248 1093 5861 5861 1225 1092 5860 5860 1247 1091 5859 5859 1263 1095 5864 5864 1262 1094 5863 5863 1248 1093 5862 5862 1265 1097 5867 5867 1264 1096 5866 5866 1263 1095 5865 5865 1267 1100 5870 5870 1266 1099 5869 5869 1282 1098 5868 5868 1229 1074 5873 5873 1268 1102 5872 5872 1239 1101 5871 5871 1277 1105 5876 5876 1270 1104 5875 5875 1258 1103 5874 5874 1877 1108 5879 5879 1879 1107 5878 5878 1272 1106 5877 5877 1268 1102 5882 5882 1278 1110 5881 5881 1269 1109 5880 5880 1225 1092 5885 5885 1262 1094 5884 5884 1229 1074 5883 5883 1266 1099 5888 5888 1869 1112 5887 5887 1280 1111 5886 5886 1264 1096 5891 5891 1278 1110 5890 5890 1262 1094 5889 5889 1869 1112 5894 5894 1266 1099 5893 5893 1273 1113 5892 5892 1276 1116 5897 5897 1274 1115 5896 5896 1275 1114 5895 5895 1278 1110 5900 5900 1277 1105 5899 5899 1279 1117 5898 5898 1264 1096 5903 5903 1280 1111 5902 5902 1278 1110 5901 5901 1282 1098 5906 5906 1280 1111 5905 5905 1265 1097 5904 5904 1883 1120 5909 5909 1884 1119 5908 5908 1873 1118 5907 5907 1866 1123 5912 5912 1867 1122 5911 5911 1878 1121 5910 5910 1409 1126 5915 5915 1408 1125 5914 5914 1363 1124 5913 5913 1410 1128 5918 5918 1409 1126 5917 5917 1399 1127 5916 5916 1411 1130 5921 5921 1259 1129 5920 5920 1410 1128 5919 5919 1269 1109 5924 5924 1279 1117 5923 5923 1239 1101 5922 5922 1284 1132 5927 5927 1258 1103 5926 5926 1251 1131 5925 5925 1285 1134 5930 5930 1284 1132 5929 5929 1250 1133 5928 5928 1286 1136 5933 5933 1285 1134 5932 5932 1249 1135 5931 5931 1287 1138 5936 5936 1286 1136 5935 5935 1257 1137 5934 5934 1290 1141 5939 5939 1289 1140 5938 5938 1255 1139 5937 5937 1291 1143 5942 5942 1290 1141 5941 5941 1253 1142 5940 5940 1291 1143 5945 5945 1253 1142 5944 5944 1292 1144 5943 5943 1292 1144 5948 5948 1252 1146 5947 5947 1293 1145 5946 5946 1284 1132 5951 5951 1239 1101 5950 5950 1258 1103 5949 5949 1239 1101 5954 5954 1284 1132 5953 5953 1238 1083 5952 5952 1236 1148 5957 5957 1287 1138 5956 5956 1235 1147 5955 5955 1234 1085 5960 5960 1289 1140 5959 5959 1233 1084 5958 5958 1231 1082 5963 5963 1233 1084 5962 5962 1291 1143 5961 5961 1231 1082 5966 5966 1291 1143 5965 5965 1230 1079 5964 5964 1232 1081 5969 5969 1230 1079 5968 5968 1293 1145 5967 5967 1411 1130 5972 5972 1360 1150 5971 5971 1412 1149 5970 5970 1413 1152 5975 5975 1412 1149 5974 5974 1362 1151 5973 5973 1295 1155 5978 5978 1294 1154 5977 5977 1297 1153 5976 5976 1296 1157 5981 5981 1320 1156 5980 5980 1297 1153 5979 5979 1306 1160 5984 5984 1298 1159 5983 5983 1307 1158 5982 5982 1307 1158 5987 5987 1296 1157 5986 5986 1308 1161 5985 5985 1303 1164 5990 5990 1302 1163 5989 5989 1300 1162 5988 5988 1309 1167 5993 5993 1305 1166 5992 5992 1310 1165 5991 5991 2072 1169 5996 5996 2070 1168 5995 5995 1308 1161 5994 5994 1303 1164 5999 5999 1309 1167 5998 5998 1302 1163 5997 5997 1310 1165 6002 6002 1304 1171 6001 6001 1311 1170 6000 6000 1311 1170 6005 6005 1301 1172 6004 6004 1310 1165 6003 6003 1311 1170 6008 6008 1312 1174 6007 6007 1316 1173 6006 6006 1299 1176 6011 6011 1298 1159 6010 6010 1314 1175 6009 6009 1315 1178 6014 6014 1313 1177 6013 6013 1306 1160 6012 6012 2075 1180 6017 6017 1311 1170 6016 6016 2077 1179 6015 6015 1317 1182 6020 6020 2076 1181 6019 6019 1316 1173 6018 6018 1314 1175 6023 6023 1313 1177 6022 6022 1317 1182 6021 6021 1242 1089 6026 6026 1319 1183 6025 6025 1241 1088 6024 6024 1320 1156 6029 6029 1321 1184 6028 6028 1297 1153 6027 6027 1321 1184 6032 6032 1320 1156 6031 6031 1319 1183 6030 6030 1357 1187 6035 6035 1328 1186 6034 6034 1356 1185 6033 6033 1329 1190 6038 6038 1330 1189 6037 6037 1326 1188 6036 6036 1358 1192 6041 6041 1331 1191 6040 6040 1357 1187 6039 6039 1332 1194 6044 6044 1333 1193 6043 6043 1329 1190 6042 6042 1359 1196 6047 6047 1334 1195 6046 6046 1358 1192 6045 6045 1336 1198 6050 6050 1333 1193 6049 6049 1335 1197 6048 6048 1339 1200 6053 6053 1336 1198 6052 6052 1338 1199 6051 6051 1342 1202 6056 6056 1340 1201 6055 6055 1338 1199 6054 6054 1345 1204 6059 6059 1326 1188 6058 6058 1344 1203 6057 6057 1346 1206 6062 6062 1343 1205 6061 6061 1328 1186 6060 6060 1345 1204 6065 6065 1347 1207 6064 6064 1326 1188 6063 6063 1346 1206 6068 6068 1328 1186 6067 6067 1349 1208 6066 6066 1347 1207 6071 6071 1348 1209 6070 6070 1329 1190 6069 6069 1349 1208 6074 6074 1331 1191 6073 6073 1350 1210 6072 6072 1348 1209 6077 6077 1351 1211 6076 6076 1332 1194 6075 6075 1352 1213 6080 6080 1350 1210 6079 6079 1337 1212 6078 6078 1353 1214 6083 6083 1338 1199 6082 6082 1351 1211 6081 6081 1353 1214 6086 6086 1354 1215 6085 6085 1338 1199 6084 6084 1352 1213 6089 6089 1337 1212 6088 6088 1355 1216 6087 6087 1496 1219 6092 6092 1499 1218 6091 6091 1495 1217 6090 6090 1330 1189 6095 6095 1357 1187 6094 6094 1327 1220 6093 6093 1333 1193 6098 6098 1358 1192 6097 6097 1330 1189 6096 6096 1359 1196 6101 6101 1358 1192 6100 6100 1336 1198 6099 6099 1323 1222 6104 6104 1325 1221 6103 6103 1343 1205 6102 6102 1396 1225 6107 6107 1398 1224 6106 6106 1378 1223 6105 6105 1398 1224 6110 6110 1393 1226 6109 6109 1378 1223 6108 6108 1394 1227 6113 6113 1396 1225 6112 6112 1378 1223 6111 6111 1398 1224 6116 6116 1396 1225 6115 6115 1399 1127 6114 6114 1367 1228 6119 6119 1394 1227 6118 6118 1378 1223 6117 6117 1370 1229 6122 6122 1367 1228 6121 6121 1378 1223 6120 6120 1376 1230 6125 6125 1370 1229 6124 6124 1378 1223 6123 6123 1383 1231 6128 6128 1376 1230 6127 6127 1378 1223 6126 6126 1380 1234 6131 6131 1381 1233 6130 6130 1385 1232 6129 6129 1384 1236 6134 6134 1379 1235 6133 6133 1385 1232 6132 6132 1384 1236 6137 6137 1385 1232 6136 6136 1387 1237 6135 6135 1394 1227 6140 6140 1367 1228 6139 6139 1395 1238 6138 6138 1390 1239 6143 6143 1383 1231 6142 6142 1378 1223 6141 6141 1388 1241 6146 6146 1385 1232 6145 6145 1389 1240 6144 6144 1391 1243 6149 6149 1388 1241 6148 6148 1392 1242 6147 6147 1393 1226 6152 6152 1390 1239 6151 6151 1378 1223 6150 6150 1361 1244 6155 6155 1391 1243 6154 6154 1362 1151 6153 6153 1367 1228 6158 6158 1370 1229 6157 6157 1366 1245 6156 6156 1370 1229 6161 6161 1376 1230 6160 6160 1369 1246 6159 6159 1383 1231 6164 6164 1382 1247 6163 6163 1376 1230 6162 6162 1400 1249 6167 6167 1395 1238 6166 6166 1377 1248 6165 6165 1373 1251 6170 6170 1379 1235 6169 6169 1372 1250 6168 6168 1393 1226 6173 6173 1398 1224 6172 6172 1363 1124 6171 6171 1393 1226 6176 6176 1363 1124 6175 6175 1390 1239 6174 6174 1383 1231 6179 6179 1390 1239 6178 6178 1382 1247 6177 6177 1401 1253 6182 6182 1397 1252 6181 6181 1377 1248 6180 6180 1364 1255 6185 6185 1403 1254 6184 6184 1382 1247 6183 6183 1394 1227 6188 6188 1400 1249 6187 6187 1396 1225 6186 6186 1366 1245 6191 6191 1373 1251 6190 6190 1395 1238 6189 6189 1382 1247 6194 6194 1402 1257 6193 6193 1375 1256 6192 6192 1366 1245 6197 6197 1369 1246 6196 6196 1373 1251 6195 6195 1380 1234 6200 6200 1374 1258 6199 6199 1381 1233 6198 6198 1391 1243 6203 6203 1361 1244 6202 6202 1377 1248 6201 6201 1377 1248 6206 6206 1387 1237 6205 6205 1391 1243 6204 6204 1377 1248 6209 6209 1372 1250 6208 6208 1387 1237 6207 6207 1394 1227 6212 6212 1395 1238 6211 6211 1400 1249 6210 6210 1397 1252 6215 6215 1401 1253 6214 6214 1399 1127 6213 6213 1361 1244 6218 6218 1360 1150 6217 6217 1401 1253 6216 6216 1369 1246 6221 6221 1375 1256 6220 6220 1374 1258 6219 6219 1374 1258 6224 6224 1365 1260 6223 6223 1368 1259 6222 6222 1402 1257 6227 6227 1405 1261 6226 6226 1365 1260 6225 6225 1403 1254 6230 6230 1407 1262 6229 6229 1402 1257 6228 6228 1408 1125 6233 6233 1415 1263 6232 6232 1364 1255 6231 6231 1415 1263 6236 6236 1414 1264 6235 6235 1403 1254 6234 6234 1868 1265 6239 6239 1274 1115 6238 6238 1409 1126 6237 6237 1868 1265 6242 6242 1409 1126 6241 6241 1283 1266 6240 6240 1399 1127 6245 6245 1360 1150 6244 6244 1410 1128 6243 6243 1259 1129 6248 6248 1411 1130 6247 6247 1260 1267 6246 6246 1260 1267 6251 6251 1412 1149 6250 6250 1261 1268 6249 6249 1404 1269 6254 6254 1415 1263 6253 6253 1274 1115 6252 6252 1406 1270 6257 6257 1414 1264 6256 6256 1404 1269 6255 6255 1472 1273 6260 6260 1475 1272 6259 6259 1480 1271 6258 6258 1418 1276 6263 6263 1419 1275 6262 6262 1429 1274 6261 6261 1457 1279 6266 6266 1434 1278 6265 6265 1461 1277 6264 6264 1419 1275 6269 6269 1418 1276 6268 6268 1535 1280 6267 6267 1482 1283 6272 6272 1478 1282 6271 6271 1474 1281 6270 6270 1544 1286 6275 6275 1548 1285 6274 6274 1471 1284 6273 6273 1422 1289 6278 6278 1428 1288 6277 6277 1423 1287 6276 6276 1428 1288 6281 6281 1429 1274 6280 6280 1430 1290 6279 6279 1456 1293 6284 6284 1458 1292 6283 6283 1432 1291 6282 6282 1542 1296 6287 6287 1460 1295 6286 6286 1538 1294 6285 6285 1448 1299 6290 6290 1427 1298 6289 6289 1433 1297 6288 6288 1450 1302 6293 6293 1431 1301 6292 6292 1435 1300 6291 6291 1534 1304 6296 6296 1423 1287 6295 6295 1536 1303 6294 6294 1535 1280 6299 6299 1416 1306 6298 6298 1537 1305 6297 6297 1416 1306 6302 6302 1426 1308 6301 6301 1437 1307 6300 6300 1454 1309 6305 6305 1426 1308 6304 6304 1448 1299 6303 6303 1423 1287 6308 6308 1430 1290 6307 6307 1436 1310 6306 6306 1455 1311 6311 6311 1430 1290 6310 6310 1450 1302 6309 6309 1425 1314 6314 6314 1443 1313 6313 6313 1417 1312 6312 6312 1837 1317 6317 6317 1838 1316 6316 6316 1836 1315 6315 6315 1424 1319 6320 6320 1442 1318 6319 6319 1425 1314 6318 6318 1447 1322 6323 6323 1440 1321 6322 6322 1557 1320 6321 6321 1424 1319 6326 6326 1421 1323 6325 6325 1442 1318 6324 6324 1445 1326 6329 6329 1556 1325 6328 6328 1441 1324 6327 6327 1552 1328 6332 6332 1442 1318 6331 6331 1551 1327 6330 6330 1432 1291 6335 6335 1448 1299 6334 6334 1449 1329 6333 6333 1434 1278 6338 6338 1450 1302 6337 6337 1451 1330 6336 6336 1536 1303 6341 6341 1436 1310 6340 6340 1538 1294 6339 6339 1537 1305 6344 6344 1437 1307 6343 6343 1539 1331 6342 6342 1437 1307 6347 6347 1454 1309 6346 6346 1453 1332 6345 6345 1454 1309 6350 6350 1448 1299 6349 6349 1438 1333 6348 6348 1436 1310 6353 6353 1455 1311 6352 6352 1452 1334 6351 6351 1439 1335 6356 6356 1455 1311 6355 6355 1434 1278 6354 6354 1543 1338 6359 6359 1463 1337 6358 6358 1541 1336 6357 6357 1540 1339 6362 6362 1456 1293 6361 6361 1542 1296 6360 6360 1540 1339 6365 6365 1541 1336 6364 6364 1456 1293 6363 6363 1458 1292 6368 6368 1463 1337 6367 6367 1438 1333 6366 6366 1434 1278 6371 6371 1457 1279 6370 6370 1439 1335 6369 6369 1456 1293 6374 6374 1432 1291 6373 6373 1460 1295 6372 6372 1543 1338 6377 6377 1461 1277 6376 6376 1539 1331 6375 6375 1439 1335 6380 6380 1459 1340 6379 6379 1452 1334 6378 6378 1417 1312 6383 6383 1440 1321 6382 6382 1446 1341 6381 6381 1668 1344 6386 6386 1658 1343 6385 6385 1669 1342 6384 6384 1670 1347 6389 6389 1659 1346 6388 6388 1676 1345 6387 6387 1663 1350 6392 6392 1662 1349 6391 6391 1673 1348 6390 6390 1664 1352 6395 6395 1663 1350 6394 6394 1674 1351 6393 6393 1666 1354 6398 6398 1665 1353 6397 6397 1676 1345 6396 6396 1675 1355 6401 6401 1665 1353 6400 6400 1668 1344 6399 6399 1677 1358 6404 6404 1667 1357 6403 6403 1671 1356 6402 6402 1672 1359 6407 6407 1662 1349 6406 6406 1677 1358 6405 6405 1549 1362 6410 6410 1481 1361 6409 6409 1547 1360 6408 6408 1548 1285 6413 6413 1546 1364 6412 6412 1479 1363 6411 6411 1546 1364 6416 6416 1547 1360 6415 6415 1483 1365 6414 6414 1476 1368 6419 6419 1468 1367 6418 6418 1477 1366 6417 6417 1545 1370 6422 6422 1549 1362 6421 6421 1469 1369 6420 6420 1483 1365 6425 6425 1475 1272 6424 6424 1479 1363 6423 6423 1480 1271 6428 6428 1481 1361 6427 6427 1472 1273 6426 6426 1476 1368 6431 6431 1482 1283 6430 6430 1468 1367 6429 6429 1354 1215 6434 6434 1485 1371 6433 6433 1342 1202 6432 6432 1485 1371 6437 6437 1487 1373 6436 6436 1484 1372 6435 6435 1340 1201 6440 6440 1342 1202 6439 6439 1484 1372 6438 6438 1486 1375 6443 6443 1488 1374 6442 6442 1484 1372 6441 6441 1341 1376 6446 6446 1323 1222 6445 6445 1355 1216 6444 6444 1494 1379 6449 6449 1493 1378 6448 6448 1489 1377 6447 6447 1491 1381 6452 6452 1492 1380 6451 6451 1494 1379 6450 6450 1304 1171 6455 6455 1326 1188 6454 6454 1327 1220 6453 6453 1304 1171 6458 6458 1305 1166 6457 6457 1324 1382 6456 6456 1304 1171 6461 6461 1324 1382 6460 6460 1326 1188 6459 6459 1499 1218 6464 6464 1498 1384 6463 6463 1500 1383 6462 6462 1500 1383 6467 6467 1494 1379 6466 6466 1495 1217 6465 6465 1494 1379 6470 6470 1500 1383 6469 6469 1491 1381 6468 6468 1489 1377 6473 6473 1490 1385 6472 6472 1495 1217 6471 6471 1491 1381 6476 6476 1497 1386 6475 6475 1492 1380 6474 6474 1356 1185 6479 6479 1312 1174 6478 6478 1327 1220 6477 6477 1501 1387 6482 6482 1299 1176 6481 6481 1314 1175 6480 6480 1325 1221 6485 6485 1501 1387 6484 6484 1356 1185 6483 6483 1814 1390 6488 6488 1815 1389 6487 6487 1322 1388 6486 6486 1343 1205 6491 6491 1503 1391 6490 6490 1355 1216 6489 6489 1350 1210 6494 6494 1506 1392 6493 6493 1349 1208 6492 6492 1504 1393 6497 6497 1503 1391 6496 6496 1346 1206 6495 6495 1352 1213 6500 6500 1507 1394 6499 6499 1350 1210 6498 6498 1355 1216 6503 6503 1508 1395 6502 6502 1352 1213 6501 6501 1505 1396 6506 6506 1504 1393 6505 6505 1349 1208 6504 6504 1506 1392 6509 6509 1512 1397 6508 6508 1505 1396 6507 6507 1503 1391 6512 6512 1509 1398 6511 6511 1508 1395 6510 6510 1511 1400 6515 6515 1510 1399 6514 6514 1505 1396 6513 6513 1508 1395 6518 6518 1514 1401 6517 6517 1507 1394 6516 6516 1510 1399 6521 6521 1509 1398 6520 6520 1504 1393 6519 6519 1507 1394 6524 6524 1513 1402 6523 6523 1506 1392 6522 6522 1517 1404 6527 6527 1516 1403 6526 6526 1511 1400 6525 6525 1514 1401 6530 6530 1520 1405 6529 6529 1513 1402 6528 6528 1516 1403 6533 6533 1515 1406 6532 6532 1510 1399 6531 6531 1513 1402 6536 6536 1519 1407 6535 6535 1512 1397 6534 6534 1518 1408 6539 6539 1517 1404 6538 6538 1512 1397 6537 6537 1509 1398 6542 6542 1515 1406 6541 6541 1514 1401 6540 6540 1520 1405 6545 6545 1515 1406 6544 6544 1519 1407 6543 6543 1519 1407 6548 6548 1516 1403 6547 6547 1518 1408 6546 6546 1354 1215 6551 6551 1353 1214 6550 6550 1527 1409 6549 6549 1345 1204 6554 6554 1522 1410 6553 6553 1347 1207 6552 6552 1351 1211 6557 6557 1525 1411 6556 6556 1353 1214 6555 6555 1485 1371 6560 6560 1354 1215 6559 6559 1528 1412 6558 6558 1347 1207 6563 6563 1523 1413 6562 6562 1348 1209 6561 6561 1487 1373 6566 6566 1485 1371 6565 6565 1529 1373 6564 6564 1521 1414 6569 6569 1522 1410 6568 6568 1344 1203 6567 6567 1348 1209 6572 6572 1524 1415 6571 6571 1351 1211 6570 6570 1530 1416 6575 6575 1531 1416 6574 6574 1521 1414 6573 6573 1528 1412 6578 6578 1531 1416 6577 6577 1529 1373 6576 6576 1528 1412 6581 6581 1527 1409 6580 6580 1531 1416 6579 6579 1527 1409 6584 6584 1526 1417 6583 6583 1522 1410 6582 6582 1525 1411 6587 6587 1524 1415 6586 6586 1526 1417 6585 6585 1535 1280 6590 6590 1533 1418 6589 6589 1416 1306 6588 6588 1423 1287 6593 6593 1534 1304 6592 6592 1422 1289 6591 6591 1478 1282 6596 6596 1548 1285 6595 6595 1470 1419 6594 6594 1452 1334 6599 6599 1462 1420 6598 6598 1538 1294 6597 6597 1420 1421 6602 6602 1534 1304 6601 6601 1433 1297 6600 6600 1435 1300 6605 6605 1419 1275 6604 6604 1537 1305 6603 6603 1433 1297 6608 6608 1536 1303 6607 6607 1449 1329 6606 6606 1451 1330 6611 6611 1435 1300 6610 6610 1539 1331 6609 6609 1457 1279 6614 6614 1461 1277 6613 6613 1541 1336 6612 6612 1459 1340 6617 6617 1540 1339 6616 6616 1462 1420 6615 6615 1459 1340 6620 6620 1457 1279 6619 6619 1540 1339 6618 6618 1453 1332 6623 6623 1463 1337 6622 6622 1539 1331 6621 6621 1671 1356 6626 6626 1661 1422 6625 6625 1670 1347 6624 6624 1669 1342 6629 6629 1660 1423 6628 6628 1674 1351 6627 6627 1476 1368 6632 6632 1477 1366 6631 6631 1547 1360 6630 6630 1478 1282 6635 6635 1482 1283 6634 6634 1548 1285 6633 6633 1482 1283 6638 6638 1476 1368 6637 6637 1546 1364 6636 6636 1481 1361 6641 6641 1549 1362 6640 6640 1473 1424 6639 6639 1552 1328 6644 6644 1554 1416 6643 6643 1553 1425 6642 6642 1552 1328 6647 6647 1551 1327 6646 6646 1554 1416 6645 6645 1553 1425 6650 6650 1555 1416 6649 6649 1550 1426 6648 6648 1553 1425 6653 6653 1550 1426 6652 6652 1443 1313 6651 6651 1553 1425 6656 6656 1443 1313 6655 6655 1552 1328 6654 6654 1571 1429 6659 6659 1826 1428 6658 6658 1569 1427 6657 6657 1587 1432 6662 6662 1588 1431 6661 6661 1558 1430 6660 6660 1404 1269 6665 6665 1564 1433 6664 6664 1406 1270 6663 6663 1825 1436 6668 6668 1830 1435 6667 6667 1827 1434 6666 6666 1567 1439 6671 6671 1568 1438 6670 6670 1600 1437 6669 6669 1830 1435 6674 6674 1826 1428 6673 6673 1571 1429 6672 6672 1570 1441 6677 6677 1567 1439 6676 6676 1604 1440 6675 6675 1222 1077 6680 6680 1572 1442 6679 6679 1226 1078 6678 6678 1244 1086 6683 6683 1574 1443 6682 6682 1222 1077 6681 6681 1842 1446 6686 6686 1843 1445 6685 6685 1844 1444 6684 6684 1799 1449 6689 6689 1800 1448 6688 6688 1801 1447 6687 6687 1804 1452 6692 6692 1802 1451 6691 6691 1803 1450 6690 6690 1263 1095 6695 6695 1248 1093 6694 6694 1586 1453 6693 6693 1576 1456 6698 6698 1579 1455 6697 6697 1577 1454 6696 6696 1579 1455 6701 6701 1581 1458 6700 6700 1578 1457 6699 6699 1609 1461 6704 6704 1615 1460 6703 6703 1610 1459 6702 6702 1614 1464 6707 6707 1613 1463 6706 6706 1620 1462 6705 6705 1281 1465 6710 6710 1277 1105 6709 6709 1280 1111 6708 6708 1592 1468 6713 6713 1593 1467 6712 6712 1582 1466 6711 6711 1808 1471 6716 6716 1809 1470 6715 6715 1607 1469 6714 6714 1282 1098 6719 6719 1265 1097 6718 6718 1586 1453 6717 6717 1276 1116 6722 6722 1267 1100 6721 6721 1586 1453 6720 6720 1591 1474 6725 6725 1594 1473 6724 6724 1806 1472 6723 6723 1248 1093 6728 6728 1247 1091 6727 6727 1594 1473 6726 6726 1584 1476 6731 6731 1805 1475 6730 6730 1607 1469 6729 6729 1582 1466 6734 6734 1583 1478 6733 6733 1599 1477 6732 6732 1560 1480 6737 6737 1588 1431 6736 6736 1561 1479 6735 6735 1845 1483 6740 6740 1608 1482 6739 6739 1841 1481 6738 6738 1584 1476 6743 6743 1809 1470 6742 6742 1803 1450 6741 6741 1564 1433 6746 6746 1593 1467 6745 6745 1563 1484 6744 6744 1586 1453 6749 6749 1594 1473 6748 6748 1276 1116 6747 6747 1558 1430 6752 6752 1598 1485 6751 6751 1587 1432 6750 6750 1565 1488 6755 6755 1566 1487 6754 6754 1601 1486 6753 6753 1604 1440 6758 6758 1832 1490 6757 6757 1603 1489 6756 6756 1566 1487 6761 6761 1832 1490 6760 6760 1600 1437 6759 6759 1574 1443 6764 6764 1244 1086 6763 6763 1848 1491 6762 6762 1605 1492 6767 6767 1244 1086 6766 6766 1601 1486 6765 6765 1599 1477 6770 6770 1606 1493 6769 6769 1587 1432 6768 6768 1588 1431 6773 6773 1606 1493 6772 6772 1589 1494 6771 6771 1589 1494 6776 6776 1810 1496 6775 6775 1849 1495 6774 6774 1849 1495 6779 6779 1590 1498 6778 6778 1597 1497 6777 6777 1560 1480 6782 6782 1561 1479 6781 6781 1610 1459 6780 6780 1611 1499 6785 6785 1576 1456 6784 6784 1610 1459 6783 6783 1609 1461 6788 6788 1561 1479 6787 6787 1612 1500 6786 6786 1613 1463 6791 6791 1579 1455 6790 6790 1611 1499 6789 6789 1581 1458 6794 6794 1579 1455 6793 6793 1614 1464 6792 6792 1840 1501 6797 6797 1581 1458 6796 6796 1612 1500 6795 6795 1620 1462 6800 6800 1619 1503 6799 6799 1618 1502 6798 6798 1619 1503 6803 6803 1617 1504 6802 6802 1615 1460 6801 6801 1619 1503 6806 6806 1613 1463 6805 6805 1617 1504 6804 6804 1618 1502 6809 6809 1615 1460 6808 6808 1612 1500 6807 6807 1612 1500 6812 6812 1614 1464 6811 6811 1618 1502 6810 6810 1611 1499 6815 6815 1610 1459 6814 6814 1617 1504 6813 6813 1624 1505 6818 6818 1240 1090 6817 6817 1241 1088 6816 6816 1819 1508 6821 6821 1812 1507 6820 6820 1820 1506 6819 6819 1626 1511 6824 6824 1627 1510 6823 6823 1630 1509 6822 6822 1627 1510 6827 6827 1628 1513 6826 6826 1631 1512 6825 6825 1628 1513 6830 6830 1625 1515 6829 6829 1632 1514 6828 6828 1628 1513 6833 6833 1627 1510 6832 6832 1625 1515 6831 6831 1629 1516 6836 6836 1630 1509 6835 6835 1632 1514 6834 6834 1648 1519 6839 6839 1654 1518 6838 6838 1647 1517 6837 6837 1653 1521 6842 6842 1635 1520 6841 6841 1647 1517 6840 6840 1650 1519 6845 6845 1649 1517 6844 6844 1637 1522 6843 6843 1648 1519 6848 6848 1647 1517 6847 6847 1639 1522 6846 6846 1646 1519 6851 6851 1645 1517 6850 6850 1641 1522 6849 6849 1652 1518 6854 6854 1646 1519 6853 6853 1634 1523 6852 6852 1651 1521 6857 6857 1633 1520 6856 6856 1645 1517 6855 6855 1650 1519 6860 6860 1656 1524 6859 6859 1649 1517 6858 6858 1656 1524 6863 6863 1650 1519 6862 6862 1644 1523 6861 6861 1655 1521 6866 6866 1643 1520 6865 6865 1649 1517 6864 6864 1652 1518 6869 6869 1651 1521 6868 6868 1646 1519 6867 6867 1654 1518 6872 6872 1648 1519 6871 6871 1636 1523 6870 6870 1821 1527 6875 6875 1823 1526 6874 6874 1822 1525 6873 6873 1337 1212 6878 6878 1534 1304 6877 6877 1420 1421 6876 6876 1502 1528 6881 6881 1823 1526 6880 6880 1322 1388 6879 6879 1341 1376 6884 6884 1337 1212 6883 6883 1816 1529 6882 6882 1339 1200 6887 6887 1337 1212 6886 6886 1359 1196 6885 6885 1359 1196 6890 6890 1336 1198 6889 6889 1339 1200 6888 6888 1337 1212 6893 6893 1339 1200 6892 6892 1534 1304 6891 6891 1339 1200 6896 6896 1421 1323 6895 6895 1532 1530 6894 6894 1658 1343 6899 6899 1425 1314 6898 6898 1660 1423 6897 6897 1661 1422 6902 6902 1422 1289 6901 6901 1659 1346 6900 6900 1418 1276 6905 6905 1429 1274 6904 6904 1663 1350 6903 6903 1660 1423 6908 6908 1417 1312 6907 6907 1664 1352 6906 6906 1421 1323 6911 6911 1424 1319 6910 6910 1666 1354 6909 6909 1424 1319 6914 6914 1425 1314 6913 6913 1665 1353 6912 6912 1667 1357 6917 6917 1428 1288 6916 6916 1661 1422 6915 6915 1662 1349 6920 6920 1429 1274 6919 6919 1667 1357 6918 6918 1669 1342 6923 6923 1469 1369 6922 6922 1668 1344 6921 6921 1670 1347 6926 6926 1544 1286 6925 6925 1671 1356 6924 6924 1472 1273 6929 6929 1473 1424 6928 6928 1672 1359 6927 6927 1674 1351 6932 6932 1545 1370 6931 6931 1669 1342 6930 6930 1474 1281 6935 6935 1470 1419 6934 6934 1675 1355 6933 6933 1468 1367 6938 6938 1474 1281 6937 6937 1668 1344 6936 6936 1671 1356 6941 6941 1471 1284 6940 6940 1677 1358 6939 6939 1677 1358 6944 6944 1475 1272 6943 6943 1672 1359 6942 6942 1659 1346 6947 6947 1532 1530 6946 6946 1666 1354 6945 6945 1533 1418 6950 6950 1418 1276 6949 6949 1664 1352 6948 6948 1676 1345 6953 6953 1470 1419 6952 6952 1670 1347 6951 6951 1473 1424 6956 6956 1545 1370 6955 6955 1673 1348 6954 6954 1426 1308 6959 6959 1416 1306 6958 6958 1466 1531 6957 6957 1427 1298 6962 6962 1426 1308 6961 6961 1465 1532 6960 6960 1416 1306 6965 6965 1417 1312 6964 6964 1464 1533 6963 6963 1816 1529 6968 6968 1420 1421 6967 6967 1657 1534 6966 6966 1420 1421 6971 6971 1427 1298 6970 6970 1465 1532 6969 6969 1827 1434 6974 6974 1831 1536 6973 6973 1835 1535 6972 6972 1812 1507 6977 6977 1819 1508 6976 6976 1811 1537 6975 6975 1824 1539 6980 6980 1818 1538 6979 6979 1811 1537 6978 6978 1834 1541 6983 6983 1827 1434 6982 6982 1833 1540 6981 6981 1568 1438 6986 6986 1567 1439 6985 6985 1580 1542 6984 6984 1843 1445 6989 6989 1562 1544 6988 6988 1595 1543 6987 6987 1245 1546 6992 6992 1574 1443 6991 6991 1846 1545 6990 6990 1574 1443 6995 6995 1245 1546 6994 6994 1572 1442 6993 6993 1289 1140 6998 6998 1288 1548 6997 6997 1256 1547 6996 6996 1288 1548 7001 7001 1287 1138 7000 7000 1575 1549 6999 6999 1573 1551 7004 7004 1227 1550 7003 7003 1235 1147 7002 7002 1234 1085 7007 7007 1235 1147 7006 7006 1289 1140 7005 7005 1226 1078 7010 7010 1573 1551 7009 7009 1234 1085 7008 7008 1578 1457 7013 7013 1567 1439 7012 7012 1577 1454 7011 7011 1570 1441 7016 7016 1604 1440 7015 7015 1559 1552 7014 7014 1568 1438 7019 7019 1580 1542 7018 7018 1840 1501 7017 7017 1558 1430 7022 7022 1560 1480 7021 7021 1559 1552 7020 7020 1577 1454 7025 7025 1570 1441 7024 7024 1576 1456 7023 7023 1829 1554 7028 7028 1602 1553 7027 7027 1603 1489 7026 7026 1572 1442 7031 7031 1223 1555 7030 7030 1573 1551 7029 7029 1559 1552 7034 7034 1602 1553 7033 7033 1558 1430 7032 7032 1730 1558 7037 7037 1727 1557 7036 7036 1701 1556 7035 7035 1728 1561 7040 7040 1694 1560 7039 7039 1731 1559 7038 7038 1732 1563 7043 7043 1730 1558 7042 7042 1702 1562 7041 7041 1731 1559 7046 7046 1695 1565 7045 7045 1733 1564 7044 7044 1702 1562 7049 7049 1691 1566 7048 7048 1732 1563 7047 7047 1733 1564 7052 7052 1696 1568 7051 7051 1734 1567 7050 7050 1734 1567 7055 7055 1697 1570 7054 7054 1735 1569 7053 7053 1736 1573 7058 7058 1729 1572 7057 7057 1692 1571 7056 7056 1735 1569 7061 7061 1698 1575 7060 7060 1737 1574 7059 7059 1738 1577 7064 7064 1736 1573 7063 7063 1693 1576 7062 7062 1737 1574 7067 7067 1699 1578 7066 7066 1727 1557 7065 7065 1728 1561 7070 7070 1738 1577 7069 7069 1694 1560 7068 7068 1724 1581 7073 7073 1703 1580 7072 7072 1715 1579 7071 7071 1716 1584 7076 7076 1725 1583 7075 7075 1706 1582 7074 7074 1715 1579 7079 7079 1704 1586 7078 7078 1717 1585 7077 7077 1718 1588 7082 7082 1716 1584 7081 7081 1708 1587 7080 7080 1707 1590 7085 7085 1709 1589 7084 7084 1717 1585 7083 7083 1718 1588 7088 7088 1708 1587 7087 7087 1719 1591 7086 7086 1719 1591 7091 7091 1710 1593 7090 7090 1720 1592 7089 7089 1721 1596 7094 7094 1726 1595 7093 7093 1712 1594 7092 7092 1720 1592 7097 7097 1711 1598 7096 7096 1722 1597 7095 7095 1723 1600 7100 7100 1721 1596 7099 7099 1714 1599 7098 7098 1722 1597 7103 7103 1713 1601 7102 7102 1724 1581 7101 7101 1725 1583 7106 7106 1723 1600 7105 7105 1705 1602 7104 7104 1688 1604 7109 7109 1724 1581 7108 7108 1689 1603 7107 7107 1683 1606 7112 7112 1682 1605 7111 7111 1716 1584 7110 7110 1689 1603 7115 7115 1715 1579 7114 7114 1690 1607 7113 7113 1684 1608 7118 7118 1683 1606 7117 7117 1718 1588 7116 7116 1717 1585 7121 7121 1726 1595 7120 7120 1690 1607 7119 7119 1685 1609 7124 7124 1684 1608 7123 7123 1719 1591 7122 7122 1685 1609 7127 7127 1719 1591 7126 7126 1686 1610 7125 7125 1680 1612 7130 7130 1679 1611 7129 7129 1721 1596 7128 7128 1686 1610 7133 7133 1720 1592 7132 7132 1687 1613 7131 7131 1681 1614 7136 7136 1680 1612 7135 7135 1723 1600 7134 7134 1687 1613 7139 7139 1722 1597 7138 7138 1688 1604 7137 7137 1682 1605 7142 7142 1681 1614 7141 7141 1725 1583 7140 7140 1704 1586 7145 7145 1703 1580 7144 7144 1730 1558 7143 7143 1705 1602 7148 7148 1728 1561 7147 7147 1706 1582 7146 7146 1707 1590 7151 7151 1704 1586 7150 7150 1732 1563 7149 7149 1706 1582 7154 7154 1731 1559 7153 7153 1708 1587 7152 7152 1732 1563 7157 7157 1729 1572 7156 7156 1707 1590 7155 7155 1708 1587 7160 7160 1733 1564 7159 7159 1710 1593 7158 7158 1710 1593 7163 7163 1734 1567 7162 7162 1711 1598 7161 7161 1712 1594 7166 7166 1709 1589 7165 7165 1736 1573 7164 7164 1711 1598 7169 7169 1735 1569 7168 7168 1713 1601 7167 7167 1712 1594 7172 7172 1736 1573 7171 7171 1714 1599 7170 7170 1713 1601 7175 7175 1737 1574 7174 7174 1703 1580 7173 7173 1714 1599 7178 7178 1738 1577 7177 7177 1705 1602 7176 7176 1790 1617 7181 7181 1787 1616 7180 7180 1761 1615 7179 7179 1788 1620 7184 7184 1754 1619 7183 7183 1791 1618 7182 7182 1792 1622 7187 7187 1790 1617 7186 7186 1762 1621 7185 7185 1791 1618 7190 7190 1755 1624 7189 7189 1793 1623 7188 7188 1762 1621 7193 7193 1751 1625 7192 7192 1792 1622 7191 7191 1793 1623 7196 7196 1756 1627 7195 7195 1794 1626 7194 7194 1794 1626 7199 7199 1757 1629 7198 7198 1795 1628 7197 7197 1796 1632 7202 7202 1789 1631 7201 7201 1752 1630 7200 7200 1795 1628 7205 7205 1758 1634 7204 7204 1797 1633 7203 7203 1798 1636 7208 7208 1796 1632 7207 7207 1753 1635 7206 7206 1797 1633 7211 7211 1759 1637 7210 7210 1787 1616 7209 7209 1788 1620 7214 7214 1798 1636 7213 7213 1754 1619 7212 7212 1784 1640 7217 7217 1763 1639 7216 7216 1775 1638 7215 7215 1776 1643 7220 7220 1785 1642 7219 7219 1766 1641 7218 7218 1775 1638 7223 7223 1764 1645 7222 7222 1777 1644 7221 7221 1778 1647 7226 7226 1776 1643 7225 7225 1768 1646 7224 7224 1767 1649 7229 7229 1769 1648 7228 7228 1777 1644 7227 7227 1778 1647 7232 7232 1768 1646 7231 7231 1779 1650 7230 7230 1779 1650 7235 7235 1770 1652 7234 7234 1780 1651 7233 7233 1781 1655 7238 7238 1786 1654 7237 7237 1772 1653 7236 7236 1780 1651 7241 7241 1771 1657 7240 7240 1782 1656 7239 7239 1783 1659 7244 7244 1781 1655 7243 7243 1774 1658 7242 7242 1782 1656 7247 7247 1773 1660 7246 7246 1784 1640 7245 7245 1785 1642 7250 7250 1783 1659 7249 7249 1765 1661 7248 7248 1749 1663 7253 7253 1748 1662 7252 7252 1775 1638 7251 7251 1742 1665 7256 7256 1785 1642 7255 7255 1743 1664 7254 7254 1749 1663 7259 7259 1775 1638 7258 7258 1750 1666 7257 7257 1743 1664 7262 7262 1776 1643 7261 7261 1744 1667 7260 7260 1777 1644 7265 7265 1786 1654 7264 7264 1750 1666 7263 7263 1744 1667 7268 7268 1778 1647 7267 7267 1745 1668 7266 7266 1745 1668 7271 7271 1779 1650 7270 7270 1746 1669 7269 7269 1740 1671 7274 7274 1739 1670 7273 7273 1781 1655 7272 7272 1747 1672 7277 7277 1746 1669 7276 7276 1782 1656 7275 7275 1741 1673 7280 7280 1740 1671 7279 7279 1783 1659 7278 7278 1748 1662 7283 7283 1747 1672 7282 7282 1784 1640 7281 7281 1742 1665 7286 7286 1741 1673 7285 7285 1785 1642 7284 7284 1764 1645 7289 7289 1763 1639 7288 7288 1790 1617 7287 7287 1765 1661 7292 7292 1788 1620 7291 7291 1766 1641 7290 7290 1764 1645 7295 7295 1790 1617 7294 7294 1767 1649 7293 7293 1766 1641 7298 7298 1791 1618 7297 7297 1768 1646 7296 7296 1767 1649 7301 7301 1792 1622 7300 7300 1769 1648 7299 7299 1768 1646 7304 7304 1793 1623 7303 7303 1770 1652 7302 7302 1770 1652 7307 7307 1794 1626 7306 7306 1771 1657 7305 7305 1769 1648 7310 7310 1789 1631 7309 7309 1772 1653 7308 7308 1773 1660 7313 7313 1771 1657 7312 7312 1797 1633 7311 7311 1772 1653 7316 7316 1796 1632 7315 7315 1774 1658 7314 7314 1763 1639 7319 7319 1773 1660 7318 7318 1787 1616 7317 7317 1774 1658 7322 7322 1798 1636 7321 7321 1765 1661 7320 7320 1276 1116 7325 7325 1275 1114 7324 7324 1267 1100 7323 7323 1274 1115 7328 7328 1276 1116 7327 7327 1799 1449 7326 7326 1404 1269 7331 7331 1274 1115 7330 7330 1801 1447 7329 7329 1802 1451 7334 7334 1564 1433 7333 7333 1801 1447 7332 7332 1276 1116 7337 7337 1591 1474 7336 7336 1800 1448 7335 7335 1593 1467 7340 7340 1564 1433 7339 7339 1804 1452 7338 7338 1584 1476 7343 7343 1806 1472 7342 7342 1805 1475 7341 7341 1585 1674 7346 7346 1590 1498 7345 7345 1805 1475 7344 7344 1606 1493 7349 7349 1583 1478 7348 7348 1808 1471 7347 7347 1607 1469 7352 7352 1810 1496 7351 7351 1808 1471 7350 7350 1590 1498 7355 7355 1810 1496 7354 7354 1807 1675 7353 7353 1591 1474 7358 7358 1806 1472 7357 7357 1803 1450 7356 7356 1809 1470 7361 7361 1583 1478 7360 7360 1804 1452 7359 7359 1811 1537 7364 7364 1243 1087 7363 7363 1812 1507 7362 7362 1244 1086 7367 7367 1243 1087 7366 7366 1813 1676 7365 7365 1814 1390 7370 7370 1323 1222 7369 7369 1815 1389 7368 7368 1341 1376 7373 7373 1816 1529 7372 7372 1815 1389 7371 7371 1322 1388 7376 7376 1817 1677 7375 7375 1814 1390 7374 7374 1818 1538 7379 7379 1565 1488 7378 7378 1813 1676 7377 7377 1622 1679 7382 7382 1621 1678 7381 7381 1820 1506 7380 7380 1821 1527 7385 7385 1623 1680 7384 7384 1322 1388 7383 7383 1812 1507 7388 7388 1240 1090 7387 7387 1822 1525 7386 7386 1822 1525 7391 7391 1624 1505 7390 7390 1821 1527 7389 7389 1502 1528 7394 7394 1816 1529 7393 7393 1823 1526 7392 7392 1657 1534 7397 7397 1622 1679 7396 7396 1823 1526 7395 7395 1819 1508 7400 7400 1621 1678 7399 7399 1824 1539 7398 7398 1824 1539 7403 7403 1678 1681 7402 7402 1818 1538 7401 7401 1466 1531 7406 7406 1464 1533 7405 7405 1825 1436 7404 7404 1827 1434 7409 7409 1465 1532 7408 7408 1825 1436 7407 7407 1826 1428 7412 7412 1464 1533 7411 7411 1828 1682 7410 7410 1828 1682 7415 7415 1467 1683 7414 7414 1569 1427 7413 7413 1830 1435 7418 7418 1566 1487 7417 7417 1831 1536 7416 7416 1829 1554 7421 7421 1832 1490 7420 7420 1569 1427 7419 7419 1832 1490 7424 7424 1566 1487 7423 7423 1571 1429 7422 7422 1833 1540 7427 7427 1621 1678 7426 7426 1834 1541 7425 7425 1622 1679 7430 7430 1465 1532 7429 7429 1834 1541 7428 7428 1835 1535 7433 7433 1678 1681 7432 7432 1833 1540 7431 7431 1831 1536 7436 7436 1565 1488 7435 7435 1835 1535 7434 7434 1836 1315 7439 7439 1464 1533 7438 7438 1837 1317 7437 7437 1837 1317 7442 7442 1417 1312 7441 7441 1838 1316 7440 7440 1467 1683 7445 7445 1464 1533 7444 7444 1839 1684 7443 7443 1838 1316 7448 7448 1446 1341 7447 7447 1839 1684 7446 7446 1562 1544 7451 7451 1840 1501 7450 7450 1841 1481 7449 7449 1601 1486 7454 7454 1568 1438 7453 7453 1842 1446 7452 7452 1844 1444 7457 7457 1605 1492 7456 7456 1842 1446 7455 7455 1841 1481 7460 7460 1561 1479 7459 7459 1845 1483 7458 7458 1597 1497 7463 7463 1846 1545 7462 7462 1847 1685 7461 7461 1848 1491 7466 7466 1605 1492 7465 7465 1595 1543 7464 7464 1589 1494 7469 7469 1849 1495 7468 7468 1845 1483 7467 7467 1608 1482 7472 7472 1849 1495 7471 7471 1847 1685 7470 7470 1846 1545 7475 7475 1848 1491 7474 7474 1596 1686 7473 7473 1568 1438 7478 7478 1840 1501 7477 7477 1843 1445 7476 7476 1252 1146 7481 7481 1208 1688 7480 7480 1254 1687 7479 7479 1253 1142 7484 7484 1209 1689 7483 7483 1252 1146 7482 7482 1255 1139 7487 7487 1210 1690 7486 7486 1253 1142 7485 7485 1211 1691 7490 7490 1210 1690 7489 7489 1256 1547 7488 7488 1211 1691 7493 7493 1256 1547 7492 7492 1212 1692 7491 7491 1249 1135 7496 7496 1202 1693 7495 7495 1257 1137 7494 7494 1249 1135 7499 7499 1250 1133 7498 7498 1202 1693 7497 7497 1200 1695 7502 7502 1201 1694 7501 7501 1251 1131 7500 7500 1204 1696 7505 7505 1200 1695 7504 7504 1258 1103 7503 7503 1212 1692 7508 7508 1575 1549 7507 7507 1203 1697 7506 7506 1205 1699 7511 7511 1259 1129 7510 7510 1206 1698 7509 7509 1206 1698 7514 7514 1260 1267 7513 7513 1207 1700 7512 7512 1205 1699 7517 7517 1204 1696 7516 7516 1259 1129 7515 7515 1203 1697 7520 7520 1202 1693 7519 7519 1900 1701 7518 7518 1854 1703 7523 7523 1852 1702 7522 7522 1208 1688 7521 7521 1888 1706 7526 7526 1889 1705 7525 7525 1853 1704 7524 7524 1210 1690 7529 7529 1854 1703 7528 7528 1209 1689 7527 7527 1855 1708 7532 7532 1889 1705 7531 7531 1890 1707 7530 7530 1908 1709 7535 7535 1212 1692 7534 7534 1900 1701 7533 7533 1907 1710 7538 7538 1211 1691 7537 7537 1908 1709 7536 7536 1896 1713 7541 7541 1863 1712 7540 7540 1897 1711 7539 7539 1903 1716 7544 7544 1904 1715 7543 7543 1857 1714 7542 7542 1861 1719 7547 7547 1894 1718 7546 7546 1895 1717 7545 7545 1193 1721 7550 7550 1192 1720 7549 7549 1205 1699 7548 7548 1206 1698 7553 7553 1195 1062 7552 7552 1205 1699 7551 7551 1207 1700 7556 7556 1197 1066 7555 7555 1206 1698 7554 7554 1893 1723 7559 7559 1860 1722 7558 7558 1896 1713 7557 7557 1886 1725 7562 7562 1894 1718 7561 7561 1850 1724 7560 7560 1196 1065 7565 7565 1198 1726 7564 7564 1194 1064 7563 7563 1862 1729 7568 7568 1921 1728 7567 7567 1859 1727 7566 7566 1922 1732 7571 7571 1923 1731 7570 7570 1918 1730 7569 7569 1281 1465 7574 7574 1270 1104 7573 7573 1277 1105 7572 7572 1866 1123 7577 7577 1273 1113 7576 7576 1867 1122 7575 7575 1274 1115 7580 7580 1868 1265 7579 7579 1867 1122 7578 7578 1271 1733 7583 7583 1869 1112 7582 7582 1866 1123 7581 7581 1272 1106 7586 7586 1868 1265 7585 7585 1870 1734 7584 7584 1281 1465 7589 7589 1869 1112 7588 7588 1871 1735 7587 7587 1283 1266 7592 7592 1281 1465 7591 7591 1870 1734 7590 7590 1873 1118 7595 7595 1270 1104 7594 7594 1872 1736 7593 7593 1259 1129 7598 7598 1270 1104 7597 7597 1874 1737 7596 7596 1875 1738 7601 7601 1283 1266 7600 7600 1874 1737 7599 7599 1281 1465 7604 7604 1283 1266 7603 7603 1872 1736 7602 7602 1876 1739 7607 7607 1878 1121 7606 7606 1877 1108 7605 7605 1876 1739 7610 7610 1877 1108 7609 7609 1881 1740 7608 7608 1882 1742 7613 7613 1885 1741 7612 7612 1883 1120 7611 7611 1885 1741 7616 7616 1875 1738 7615 7615 1884 1119 7614 7614 1866 1123 7619 7619 1878 1121 7618 7618 1271 1733 7617 7617 1875 1738 7622 7622 1885 1741 7621 7621 1872 1736 7620 7620 1870 1734 7625 7625 1880 1743 7624 7624 1272 1106 7623 7623 1871 1735 7628 7628 1271 1733 7627 7627 1881 1740 7626 7626 1870 1734 7631 7631 1871 1735 7630 7630 1880 1743 7629 7629 1882 1742 7634 7634 1883 1120 7633 7633 1872 1736 7632 7632 2075 1180 7637 7637 2071 1744 7636 7636 1311 1170 7635 7635 1861 1719 7640 7640 1895 1717 7639 7639 1897 1711 7638 7638 1887 1746 7643 7643 1886 1725 7642 7642 1851 1745 7641 7641 1901 1748 7646 7646 1902 1747 7645 7645 1888 1706 7644 7644 1907 1710 7649 7649 1911 1749 7648 7648 1211 1691 7647 7647 1902 1747 7652 7652 1854 1703 7651 7651 1911 1749 7650 7650 1856 1751 7655 7655 1891 1750 7654 7654 1851 1745 7653 7653 1856 1751 7658 7658 1855 1708 7657 7657 1891 1750 7656 7656 1909 1753 7661 7661 1896 1713 7660 7660 1910 1752 7659 7659 1858 1755 7664 7664 1860 1722 7663 7663 1892 1754 7662 7662 1895 1717 7667 7667 1894 1718 7666 7666 1906 1756 7665 7665 1893 1723 7670 7670 1896 1713 7669 7669 1904 1715 7668 7668 1899 1758 7673 7673 1905 1757 7672 7672 1886 1725 7671 7671 1910 1752 7676 7676 1897 1711 7675 7675 1906 1756 7674 7674 1887 1746 7679 7679 1900 1701 7678 7678 1886 1725 7677 7677 1891 1750 7682 7682 1908 1709 7681 7681 1887 1746 7680 7680 1890 1707 7685 7685 1907 1710 7684 7684 1891 1750 7683 7683 1892 1754 7688 7688 1893 1723 7687 7687 1903 1716 7686 7686 1852 1702 7691 7691 1854 1703 7690 7690 1901 1748 7689 7689 1890 1707 7694 7694 1898 1759 7693 7693 1907 1710 7692 7692 1889 1705 7697 7697 1902 1747 7696 7696 1898 1759 7695 7695 1910 1752 7700 7700 1864 1760 7699 7699 1909 1753 7698 7698 1906 1756 7703 7703 1905 1757 7702 7702 1200 1695 7701 7701 1904 1715 7706 7706 1909 1753 7705 7705 1859 1727 7704 7704 1202 1693 7709 7709 1201 1694 7708 7708 1899 1758 7707 7707 1204 1696 7712 7712 1910 1752 7711 7711 1200 1695 7710 7710 1192 1720 7715 7715 1864 1760 7714 7714 1204 1696 7713 7713 1931 1763 7718 7718 1914 1762 7717 7717 1930 1761 7716 7716 1927 1766 7721 7721 1915 1765 7720 7720 1968 1764 7719 7719 1967 1769 7724 7724 1969 1768 7723 7723 1916 1767 7722 7722 1928 1770 7727 7727 1186 1054 7726 7726 1931 1763 7725 7725 1189 1772 7730 7730 1187 1060 7729 7729 1919 1771 7728 7728 1927 1766 7733 7733 1924 1773 7732 7732 1915 1765 7731 7731 1198 1726 7736 7736 1190 1059 7735 7735 1199 1774 7734 7734 1193 1721 7739 7739 1191 1063 7738 7738 1192 1720 7737 7737 1194 1064 7742 7742 1199 1774 7741 7741 1191 1063 7740 7740 1189 1772 7745 7745 1865 1775 7744 7744 1192 1720 7743 7743 1919 1771 7748 7748 1865 1775 7747 7747 1189 1772 7746 7746 1921 1728 7751 7751 1923 1731 7750 7750 1920 1776 7749 7749 1921 1728 7754 7754 1865 1775 7753 7753 1923 1731 7752 7752 1857 1714 7757 7757 1859 1727 7756 7756 1920 1776 7755 7755 1144 1049 7760 7760 1069 1000 7759 7759 1121 1046 7758 7758 1851 1745 7763 7763 1166 1050 7762 7762 1856 1751 7761 7761 1166 1050 7766 7766 1851 1745 7765 7765 1144 1049 7764 7764 1065 985 7769 7769 1860 1722 7768 7768 1042 987 7767 7767 1087 988 7772 7772 1863 1712 7771 7771 1065 985 7770 7770 1851 1745 7775 7775 1850 1724 7774 7774 1069 1000 7773 7773 1850 1724 7778 7778 1861 1719 7777 7777 1087 988 7776 7776 1855 1708 7781 7781 1148 1051 7780 7780 1853 1704 7779 7779 1855 1708 7784 7784 1856 1751 7783 7783 1148 1051 7782 7782 1138 984 7787 7787 1139 983 7786 7786 1178 1777 7785 7785 1161 1001 7790 7790 1138 984 7789 7789 1157 998 7788 7788 1177 1778 7793 7793 1155 1004 7792 7792 1178 1777 7791 7791 1118 1044 7796 7796 1177 1778 7795 7795 1141 1045 7794 7794 1188 1061 7799 7799 1925 1056 7798 7798 1187 1060 7797 7797 1917 1780 7802 7802 1927 1766 7801 7801 1966 1779 7800 7800 1187 1060 7805 7805 1924 1773 7804 7804 1917 1780 7803 7803 1972 1783 7808 7808 1929 1782 7807 7807 1974 1781 7806 7806 1912 1786 7811 7811 1965 1785 7810 7810 1964 1784 7809 7809 1915 1765 7814 7814 1184 1057 7813 7813 1931 1763 7812 7812 1862 1729 7817 7817 1864 1760 7816 7816 1921 1728 7815 7815 1950 1789 7820 7820 1934 1788 7819 7819 1949 1787 7818 7818 1936 1792 7823 7823 1937 1791 7822 7822 1954 1790 7821 7821 1956 1795 7826 7826 1941 1794 7825 7825 1948 1793 7824 7824 1958 1798 7829 7829 1947 1797 7828 7828 1952 1796 7827 7827 1932 1800 7832 7832 1934 1788 7831 7831 1960 1799 7830 7830 1962 1802 7835 7835 1938 1801 7834 7834 1954 1790 7833 7833 1959 1804 7838 7838 1939 1803 7837 7837 1962 1802 7836 7836 1940 1806 7841 7841 1941 1794 7840 7840 1961 1805 7839 7839 1942 1809 7844 7844 1951 1808 7843 7843 1943 1807 7842 7842 1951 1808 7847 7847 1950 1789 7846 7846 1948 1793 7845 7845 1955 1811 7850 7850 1952 1796 7849 7849 1944 1810 7848 7848 1954 1790 7853 7853 1953 1812 7852 7852 1955 1811 7851 7851 1933 1815 7856 7856 1957 1814 7855 7855 1935 1813 7854 7854 1957 1814 7859 7859 1956 1795 7858 7858 1949 1787 7857 7857 1959 1804 7862 7862 1953 1812 7861 7861 1939 1803 7860 7860 1959 1804 7865 7865 1958 1798 7864 7864 1953 1812 7863 7863 1961 1805 7868 7868 1951 1808 7867 7867 1940 1806 7866 7866 1960 1799 7871 7871 1950 1789 7870 7870 1961 1805 7869 7869 1963 1817 7874 7874 1955 1811 7873 7873 1946 1816 7872 7872 1962 1802 7877 7877 1954 1790 7876 7876 1963 1817 7875 7875 1947 1797 7880 7880 1958 1798 7879 7879 1946 1816 7878 7878 1958 1798 7883 7883 1959 1804 7882 7882 1963 1817 7881 7881 1960 1799 7886 7886 1957 1814 7885 7885 1932 1800 7884 7884 1961 1805 7889 7889 1956 1795 7888 7888 1960 1799 7887 7887 1926 1818 7892 7892 1968 1764 7891 7891 1912 1786 7890 7890 1919 1771 7895 7895 1917 1780 7894 7894 1969 1768 7893 7893 1969 1768 7898 7898 1967 1769 7897 7897 1918 1730 7896 7896 1916 1767 7901 7901 1966 1779 7900 7900 1926 1818 7899 7899 1970 1819 7904 7904 1930 1761 7903 7903 1964 1784 7902 7902 1965 1785 7907 7907 1915 1765 7906 7906 1970 1819 7905 7905 1970 1819 7910 7910 1931 1763 7909 7909 1930 1761 7908 7908 1969 1768 7913 7913 1918 1730 7912 7912 1919 1771 7911 7911 1183 1820 7916 7916 1971 1055 7915 7915 1929 1782 7914 7914 1913 1821 7919 7919 1971 1055 7918 7918 1183 1820 7917 7917 1972 1783 7922 7922 1974 1781 7921 7921 1185 1058 7920 7920 1184 1057 7925 7925 1974 1781 7924 7924 1928 1770 7923 7923 1981 1824 7928 7928 1976 1823 7927 7927 1982 1822 7926 7926 1978 1827 7931 7931 1979 1826 7930 7930 1977 1825 7929 7929 1986 1829 7934 7934 1978 1827 7933 7933 1985 1828 7932 7932 1982 1822 7937 7937 1990 1830 7936 7936 1981 1824 7935 7935 1979 1826 7940 7940 1978 1827 7939 7939 1987 1831 7938 7938 1975 1833 7943 7943 1983 1832 7942 7942 1982 1822 7941 7941 1976 1823 7946 7946 1981 1824 7945 7945 1984 1834 7944 7944 1985 1828 7949 7949 1977 1825 7948 7948 1988 1835 7947 7947 1913 1821 7952 7952 1914 1762 7951 7951 1971 1055 7950 7950 1995 1838 7955 7955 1993 1837 7954 7954 1991 1836 7953 7953 1992 1840 7958 7958 1994 1839 7957 7957 1995 1838 7956 7956 1996 1843 7961 7961 2054 1842 7960 7960 2051 1841 7959 7959 2000 1845 7964 7964 1997 1844 7963 7963 1995 1838 7962 7962 1995 1838 7967 7967 1991 1836 7966 7966 2000 1845 7965 7965 1998 1847 7970 7970 1993 1837 7969 7969 1999 1846 7968 7968 1992 1840 7973 7973 1997 1844 7972 7972 1994 1839 7971 7971 2005 1850 7976 7976 2002 1849 7975 7975 2010 1848 7974 7974 2010 1848 7979 7979 2006 1851 7978 7978 2005 1850 7977 7977 2003 1854 7982 7982 2008 1853 7981 7981 2004 1852 7980 7980 2007 1856 7985 7985 2002 1849 7984 7984 2009 1855 7983 7983 2013 1859 7988 7988 2014 1858 7987 7987 2011 1857 7986 7986 2015 1861 7991 7991 2016 1860 7990 7990 2013 1859 7989 7989 2017 1863 7994 7994 2018 1862 7993 7993 2015 1861 7992 7992 2017 1863 7997 7997 2019 1864 7996 7996 2018 1862 7995 7995 2021 1866 8000 8000 2022 1865 7999 7999 2019 1864 7998 7998 2021 1866 8003 8003 2023 1867 8002 8002 2022 1865 8001 8001 2024 1869 8006 8006 2033 1868 8005 8005 2022 1865 8004 8004 2025 1871 8009 8009 2011 1857 8008 8008 2026 1870 8007 8007 2023 1867 8012 8012 2025 1871 8011 8011 2024 1869 8010 8010 2053 1872 8015 8015 2054 1842 8014 8014 1996 1843 8013 8013 2038 1875 8018 8018 2037 1874 8017 8017 2030 1873 8016 8016 2026 1870 8021 8021 2034 1876 8020 8020 2024 1869 8019 8019 2027 1878 8024 8024 2034 1876 8023 8023 2012 1877 8022 8022 2029 1880 8027 8027 2028 1879 8026 8026 2016 1860 8025 8025 2018 1862 8030 8030 2030 1873 8029 8029 2016 1860 8028 8028 2028 1879 8033 8033 2027 1878 8032 8032 2014 1858 8031 8031 2020 1882 8036 8036 2031 1881 8035 8035 2018 1862 8034 8034 2022 1865 8039 8039 2032 1883 8038 8038 2020 1882 8037 8037 2039 1885 8042 8042 2047 1884 8041 8041 2038 1875 8040 8040 2033 1868 8045 8045 2041 1886 8044 8044 2032 1883 8043 8043 2037 1874 8048 8048 2036 1887 8047 8047 2029 1880 8046 8046 2032 1883 8051 8051 2040 1888 8050 8050 2031 1881 8049 8049 2035 1890 8054 8054 2042 1889 8053 8053 2027 1878 8052 8052 2036 1887 8057 8057 2035 1890 8056 8056 2028 1879 8055 8055 2039 1885 8060 8060 2038 1875 8059 8059 2031 1881 8058 8058 2034 1876 8063 8063 2042 1889 8062 8062 2033 1868 8061 8061 2042 1889 8066 8066 2050 1891 8065 8065 2041 1886 8064 8064 2046 1893 8069 8069 2045 1892 8068 8068 2038 1875 8067 8067 2041 1886 8072 8072 2049 1894 8071 8071 2040 1888 8070 8070 2045 1892 8075 8075 2044 1895 8074 8074 2037 1874 8073 8073 2040 1888 8078 8078 2048 1896 8077 8077 2039 1885 8076 8076 2043 1897 8081 8081 2050 1891 8080 8080 2035 1890 8079 8079 2044 1895 8084 8084 2043 1897 8083 8083 2036 1887 8082 8082 1997 1844 8087 8087 2000 1845 8086 8086 2052 1898 8085 8085 2053 1872 8090 8090 1998 1847 8089 8089 2054 1842 8088 8088 1999 1846 8093 8093 1997 1844 8092 8092 2054 1842 8091 8091 2000 1845 8096 8096 2055 1899 8095 8095 2051 1841 8094 8094 1488 1374 8099 8099 1444 1900 8098 8098 1340 1201 8097 8097 1339 1200 8102 8102 1340 1201 8101 8101 1421 1323 8100 8100 1445 1326 8105 8105 1441 1324 8104 8104 1444 1900 8103 8103 1379 1235 8108 8108 1373 1251 8107 8107 1380 1234 8106 8106 2057 1903 8111 8111 2058 1902 8110 8110 2060 1901 8109 8109 2056 1905 8114 8114 2057 1903 8113 8113 2059 1904 8112 8112 2059 1904 8117 8117 2060 1901 8116 8116 2062 1906 8115 8115 2060 1901 8120 8120 2061 1908 8119 8119 2063 1907 8118 8118 2066 1910 8123 8123 2057 1903 8122 8122 2065 1909 8121 8121 2067 1911 8126 8126 2058 1902 8125 8125 2066 1910 8124 8124 2056 1905 8129 8129 2059 1904 8128 8128 2065 1909 8127 8127 1236 1148 8132 8132 1227 1550 8131 8131 1245 1546 8130 8130 2067 1911 8135 8135 2064 1912 8134 8134 2058 1902 8133 8133 1228 1076 8138 8138 1238 1083 8137 8137 1224 1075 8136 8136 2064 1912 8141 8141 2067 1911 8140 8140 1238 1083 8139 8139 1245 1546 8144 8144 2065 1909 8143 8143 1236 1148 8142 8142 1246 1913 8147 8147 2065 1909 8146 8146 1597 1497 8145 8145 2065 1909 8150 8150 1245 1546 8149 8149 1846 1545 8148 8148 1590 1498 8153 8153 1585 1674 8152 8152 1246 1913 8151 8151 1585 1674 8156 8156 1247 1091 8155 8155 2067 1911 8154 8154 1237 1914 8159 8159 2064 1912 8158 8158 1286 1136 8157 8157 1238 1083 8162 8162 1285 1134 8161 8161 2064 1912 8160 8160 1287 1138 8165 8165 2062 1906 8164 8164 1286 1136 8163 8163 2062 1906 8168 8168 1287 1138 8167 8167 1236 1148 8166 8166 1296 1157 8171 8171 1298 1159 8170 8170 1320 1156 8169 8169 1312 1174 8174 8174 1501 1387 8173 8173 1317 1182 8172 8172 2069 1916 8177 8177 2068 1915 8176 8176 1501 1387 8175 8175 1817 1677 8180 8180 2068 1915 8179 8179 1323 1222 8178 8178 1323 1222 8183 8183 2069 1916 8182 8182 1325 1221 8181 8181 1320 1156 8186 8186 1299 1176 8185 8185 1318 1917 8184 8184 2068 1915 8189 8189 1817 1677 8188 8188 1318 1917 8187 8187 1318 1917 8192 8192 1623 1680 8191 8191 1241 1088 8190 8190 1219 1070 8195 8195 1218 1080 8194 8194 1242 1089 8193 8193 1300 1162 8198 8198 1301 1172 8197 8197 2073 1918 8196 8196 2073 1918 8201 8201 2071 1744 8200 8200 2072 1169 8199 8199 1306 1160 8204 8204 2074 1919 8203 8203 1315 1178 8202 8202 2074 1919 8207 8207 2075 1180 8206 8206 2076 1181 8205 8205 1306 1160 8210 8210 1307 1158 8209 8209 2074 1919 8208 8208 2074 1919 8213 8213 2070 1168 8212 8212 2075 1180 8211 8211 1313 1177 8216 8216 1315 1178 8215 8215 1317 1182 8214 8214 2017 1863 8219 8219 2015 1861 8218 8218 2011 1857 8217 8217 2025 1871 8222 8222 2019 1864 8221 8221 2011 1857 8220 8220 2021 1866 8225 8225 2019 1864 8224 8224 2023 1867 8223 8223 1830 1435 8228 8228 1825 1436 8227 8227 1826 1428 8226 8226 1562 1544 8231 8231 1847 1685 8230 8230 1596 1686 8229 8229 1562 1544 8234 8234 1608 1482 8233 8233 1847 1685 8232 8232 1420 1421 8237 8237 1465 1532 8236 8236 1622 1679 8235 8235 1056 968 8240 8240 1045 979 8239 8239 1039 967 8238 8238 1055 971 8243 8243 1047 1041 8242 8242 1067 970 8241 8241 1068 974 8246 8246 1049 1043 8245 8245 1054 973 8244 8244 1044 977 8249 8249 1057 1037 8248 8248 1048 976 8247 8247 1045 979 8252 8252 1055 971 8251 8251 1054 973 8250 8250 1058 980 8255 8255 1053 992 8254 8254 1064 975 8253 8253 1060 983 8258 8258 1062 972 8257 8257 1107 982 8256 8256 1058 980 8261 8261 1061 981 8260 8260 1060 983 8259 8259 1043 986 8264 8264 1066 989 8263 8263 1065 985 8262 8262 1040 978 8267 8267 1048 976 8266 8266 1068 974 8265 8265 1064 975 8270 8270 1070 991 8269 8269 1051 990 8268 8268 1071 994 8273 8273 1063 1008 8272 8272 1041 993 8271 8271 1073 996 8276 8276 1074 1017 8275 8275 1087 988 8274 8274 1058 980 8279 8279 1081 1002 8278 8278 1080 997 8277 8277 1075 999 8282 8282 1082 1001 8281 8281 1078 998 8280 8280 1059 984 8285 8285 1107 982 8284 8284 1078 998 8283 8283 1081 1002 8288 8288 1082 1001 8287 8287 1075 999 8286 8286 1058 980 8291 8291 1059 984 8290 8290 1082 1001 8289 8289 1076 1004 8294 8294 1078 998 8293 8293 1107 982 8292 8292 1076 1004 8297 8297 1050 1920 8296 8296 1069 1000 8295 8295 1052 995 8300 8300 1077 1007 8299 8299 1079 1006 8298 8298 1077 1007 8303 8303 1051 990 8302 8302 1070 991 8301 8301 1071 994 8306 8306 1079 1006 8305 8305 1080 997 8304 8304 1070 991 8309 8309 1053 992 8308 8308 1080 997 8307 8307 1084 1009 8312 8312 1066 989 8311 8311 1043 986 8310 8310 1083 1011 8315 8315 1086 1023 8314 8314 1041 993 8313 8313 1072 1003 8318 8318 1090 1014 8317 8317 1088 1012 8316 8316 1091 1013 8321 8321 1089 1015 8320 8320 1088 1012 8319 8319 1073 996 8324 8324 1066 989 8323 8323 1089 1015 8322 8322 1093 1016 8327 8327 1075 999 8326 8326 1069 1000 8325 8325 1091 1013 8330 8330 1092 1018 8329 8329 1074 1017 8328 8328 1090 1014 8333 8333 1093 1016 8332 8332 1092 1018 8331 8331 1090 1014 8336 8336 1072 1003 8335 8335 1075 999 8334 8334 1084 1009 8339 8339 1095 1020 8338 8338 1089 1015 8337 8337 1094 1019 8342 8342 1088 1012 8341 8341 1089 1015 8340 8340 1083 1011 8345 8345 1063 1008 8344 8344 1088 1012 8343 8343 1096 1021 8348 8348 1095 1020 8347 8347 1084 1009 8346 8346 1097 1022 8351 8351 1094 1019 8350 8350 1095 1020 8349 8349 1086 1023 8354 8354 1083 1011 8353 8353 1094 1019 8352 8352 1105 1024 8357 8357 1107 982 8356 8356 1062 972 8355 8355 1100 1027 8360 8360 1098 1025 8359 8359 1099 1026 8358 8358 1100 1027 8363 8363 1103 1030 8362 8362 1105 1024 8361 8361 1102 1029 8366 8366 1103 1030 8365 8365 1100 1027 8364 8364 1106 1031 8369 8369 1105 1024 8368 8368 1103 1030 8367 8367 1104 1032 8372 8372 1109 1033 8371 8371 1108 1005 8370 8370 1110 1034 8375 8375 1111 1921 8374 8374 1109 1033 8373 8373 1112 1035 8378 8378 1105 1024 8377 8377 1106 1031 8376 8376 1112 1035 8381 8381 1110 1034 8380 8380 1104 1032 8379 8379 1113 1036 8384 8384 1111 1921 8383 8383 1110 1034 8382 8382 1062 972 8387 8387 1060 983 8386 8386 1054 973 8385 8385 1056 968 8390 8390 1047 1041 8389 8389 1055 971 8388 8388 1054 973 8393 8393 1049 1043 8392 8392 1057 1037 8391 8391 1046 969 8396 8396 1114 1039 8395 8395 1116 1038 8394 8394 1114 1039 8399 8399 1048 976 8398 8398 1057 1037 8397 8397 1115 1040 8402 8402 1117 1042 8401 8401 1067 970 8400 8400 1049 1043 8405 8405 1068 974 8404 8404 1117 1042 8403 8403 1049 1043 8408 8408 1115 1040 8407 8407 1116 1038 8406 8406 1047 1041 8411 8411 1056 968 8410 8410 1116 1038 8409 8409 1117 1042 8414 8414 1114 1039 8413 8413 1046 969 8412 8412 1117 1042 8417 8417 1068 974 8416 8416 1048 976 8415 8415 1067 970 8420 8420 1046 969 8419 8419 1039 967 8418 8418 1098 1025 8423 8423 1062 972 8422 8422 1039 967 8421 8421 1092 1018 8426 8426 1093 1016 8425 8425 1087 988 8424 8424 1135 968 8429 8429 1124 979 8428 8428 1118 1044 8427 8427 1134 971 8432 8432 1126 1041 8431 8431 1146 970 8430 8430 1147 974 8435 8435 1128 1043 8434 8434 1133 973 8433 8433 1123 977 8438 8438 1136 1037 8437 8437 1127 976 8436 8436 1124 979 8441 8441 1134 971 8440 8440 1133 973 8439 8439 1137 980 8444 8444 1132 992 8443 8443 1143 975 8442 8442 1137 980 8447 8447 1140 981 8446 8446 1139 983 8445 8445 1145 1047 8450 8450 1144 1049 8449 8449 1121 1046 8448 8448 1119 978 8453 8453 1127 976 8452 8452 1147 974 8451 8451 1143 975 8456 8456 1149 991 8455 8455 1130 990 8454 8454 1150 994 8459 8459 1142 1008 8458 8458 1120 993 8457 8457 1152 996 8462 8462 1153 1017 8461 8461 1166 1050 8460 8460 1137 980 8465 8465 1160 1002 8464 8464 1159 997 8463 8463 1154 999 8468 8468 1161 1001 8467 8467 1157 998 8466 8466 1160 1002 8471 8471 1161 1001 8470 8470 1154 999 8469 8469 1137 980 8474 8474 1138 984 8473 8473 1161 1001 8472 8472 1155 1004 8477 8477 1129 1922 8476 8476 1148 1051 8475 8475 1131 995 8480 8480 1156 1007 8479 8479 1158 1006 8478 8478 1156 1007 8483 8483 1130 990 8482 8482 1149 991 8481 8481 1150 994 8486 8486 1158 1006 8485 8485 1159 997 8484 8484 1149 991 8489 8489 1132 992 8488 8488 1159 997 8487 8487 1163 1009 8492 8492 1145 1047 8491 8491 1122 1048 8490 8490 1162 1011 8495 8495 1165 1023 8494 8494 1120 993 8493 8493 1151 1003 8498 8498 1169 1014 8497 8497 1167 1012 8496 8496 1170 1013 8501 8501 1168 1015 8500 8500 1167 1012 8499 8499 1152 996 8504 8504 1145 1047 8503 8503 1168 1015 8502 8502 1172 1016 8507 8507 1154 999 8506 8506 1148 1051 8505 8505 1170 1013 8510 8510 1171 1018 8509 8509 1153 1017 8508 8508 1169 1014 8513 8513 1172 1016 8512 8512 1171 1018 8511 8511 1169 1014 8516 8516 1151 1003 8515 8515 1154 999 8514 8514 1163 1009 8519 8519 1174 1020 8518 8518 1168 1015 8517 8517 1173 1019 8522 8522 1167 1012 8521 8521 1168 1015 8520 8520 1162 1011 8525 8525 1142 1008 8524 8524 1167 1012 8523 8523 1175 1021 8528 8528 1174 1020 8527 8527 1163 1009 8526 8526 1176 1022 8531 8531 1173 1019 8530 8530 1174 1020 8529 8529 1165 1023 8534 8534 1162 1011 8533 8533 1173 1019 8532 8532 1141 1045 8537 8537 1139 983 8536 8536 1133 973 8535 8535 1135 968 8540 8540 1126 1041 8539 8539 1134 971 8538 8538 1133 973 8543 8543 1128 1043 8542 8542 1136 1037 8541 8541 1125 969 8546 8546 1179 1039 8545 8545 1181 1052 8544 8544 1179 1039 8549 8549 1127 976 8548 8548 1136 1037 8547 8547 1180 1040 8552 8552 1182 1042 8551 8551 1146 970 8550 8550 1128 1043 8555 8555 1147 974 8554 8554 1182 1042 8553 8553 1128 1043 8558 8558 1180 1040 8557 8557 1181 1052 8556 8556 1126 1041 8561 8561 1135 968 8560 8560 1181 1052 8559 8559 1182 1042 8564 8564 1179 1039 8563 8563 1125 969 8562 8562 1182 1042 8567 8567 1147 974 8566 8566 1127 976 8565 8565 1146 970 8570 8570 1125 969 8569 8569 1118 1044 8568 8568 1171 1018 8573 8573 1172 1016 8572 8572 1166 1050 8571 8571 1186 1054 8576 8576 1928 1770 8575 8575 1973 1053 8574 8574 1184 1057 8579 8579 1924 1773 8578 8578 1925 1056 8577 8577 1187 1060 8582 8582 1189 1772 8581 8581 1190 1059 8580 8580 1191 1063 8585 8585 1193 1721 8584 8584 1195 1062 8583 8583 1196 1065 8588 8588 1194 1064 8587 8587 1195 1062 8586 8586 1214 1068 8591 8591 1216 1071 8590 8590 1215 1067 8589 8589 1214 1068 8594 8594 1218 1080 8593 8593 1219 1070 8592 8592 1217 1069 8597 8597 1215 1067 8596 8596 1220 1072 8595 8595 1224 1075 8600 8600 1225 1092 8599 8599 1229 1074 8598 8598 1221 1073 8603 8603 1220 1072 8602 8602 1222 1077 8601 8601 1218 1080 8606 8606 1214 1068 8605 8605 1230 1079 8604 8604 1214 1068 8609 8609 1217 1069 8608 8608 1231 1082 8607 8607 1229 1074 8612 8612 1239 1101 8611 8611 1238 1083 8610 8610 1217 1069 8615 8615 1221 1073 8614 8614 1233 1084 8613 8613 1234 1085 8618 8618 1233 1084 8617 8617 1221 1073 8616 8616 1244 1086 8621 8621 1222 1077 8620 8620 1220 1072 8619 8619 1241 1088 8624 8624 1216 1071 8623 8623 1219 1070 8622 8622 1215 1067 8627 8627 1216 1071 8626 8626 1241 1088 8625 8625 1220 1072 8630 8630 1215 1067 8629 8629 1240 1090 8628 8628 1225 1092 8633 8633 1224 1075 8632 8632 1247 1091 8631 8631 1262 1094 8636 8636 1225 1092 8635 8635 1248 1093 8634 8634 1264 1096 8639 8639 1262 1094 8638 8638 1263 1095 8637 8637 1266 1099 8642 8642 1280 1111 8641 8641 1282 1098 8640 8640 1268 1102 8645 8645 1269 1109 8644 8644 1239 1101 8643 8643 1270 1104 8648 8648 1259 1129 8647 8647 1258 1103 8646 8646 1879 1107 8651 8651 1867 1122 8650 8650 1272 1106 8649 8649 1278 1110 8654 8654 1279 1117 8653 8653 1269 1109 8652 8652 1262 1094 8657 8657 1268 1102 8656 8656 1229 1074 8655 8655 1869 1112 8660 8660 1281 1465 8659 8659 1280 1111 8658 8658 1278 1110 8663 8663 1268 1102 8662 8662 1262 1094 8661 8661 1266 1099 8666 8666 1275 1114 8665 8665 1273 1113 8664 8664 1274 1115 8669 8669 1273 1113 8668 8668 1275 1114 8667 8667 1277 1105 8672 8672 1258 1103 8671 8671 1279 1117 8670 8670 1280 1111 8675 8675 1277 1105 8674 8674 1278 1110 8673 8673 1280 1111 8678 8678 1264 1096 8677 8677 1265 1097 8676 8676 1884 1119 8681 8681 1874 1737 8680 8680 1873 1118 8679 8679 1867 1122 8684 8684 1879 1107 8683 8683 1878 1121 8682 8682 1408 1125 8687 8687 1364 1255 8686 8686 1363 1124 8685 8685 1409 1126 8690 8690 1363 1124 8689 8689 1399 1127 8688 8688 1259 1129 8693 8693 1283 1266 8692 8692 1410 1128 8691 8691 1279 1117 8696 8696 1258 1103 8695 8695 1239 1101 8694 8694 1284 1132 8699 8699 1251 1131 8698 8698 1250 1133 8697 8697 1285 1134 8702 8702 1250 1133 8701 8701 1249 1135 8700 8700 1286 1136 8705 8705 1249 1135 8704 8704 1257 1137 8703 8703 1289 1140 8708 8708 1256 1547 8707 8707 1255 1139 8706 8706 1290 1141 8711 8711 1255 1139 8710 8710 1253 1142 8709 8709 1253 1142 8714 8714 1252 1146 8713 8713 1292 1144 8712 8712 1252 1146 8717 8717 1254 1687 8716 8716 1293 1145 8715 8715 1284 1132 8720 8720 1285 1134 8719 8719 1238 1083 8718 8718 1287 1138 8723 8723 1288 1548 8722 8722 1235 1147 8721 8721 1289 1140 8726 8726 1290 1141 8725 8725 1233 1084 8724 8724 1233 1084 8729 8729 1290 1141 8728 8728 1291 1143 8727 8727 1291 1143 8732 8732 1292 1144 8731 8731 1230 1079 8730 8730 1230 1079 8735 8735 1292 1144 8734 8734 1293 1145 8733 8733 1360 1150 8738 8738 1361 1244 8737 8737 1412 1149 8736 8736 1412 1149 8741 8741 1361 1244 8740 8740 1362 1151 8739 8739 1294 1154 8744 8744 1296 1157 8743 8743 1297 1153 8742 8742 1298 1159 8747 8747 1296 1157 8746 8746 1307 1158 8745 8745 1296 1157 8750 8750 1294 1154 8749 8749 1308 1161 8748 8748 1302 1163 8753 8753 1301 1172 8752 8752 1300 1162 8751 8751 1305 1166 8756 8756 1304 1171 8755 8755 1310 1165 8754 8754 2070 1168 8759 8759 1307 1158 8758 8758 1308 1161 8757 8757 1309 1167 8762 8762 1310 1165 8761 8761 1302 1163 8760 8760 1304 1171 8765 8765 1312 1174 8764 8764 1311 1170 8763 8763 1301 1172 8768 8768 1302 1163 8767 8767 1310 1165 8766 8766 1312 1174 8771 8771 1317 1182 8770 8770 1316 1173 8769 8769 1298 1159 8774 8774 1313 1177 8773 8773 1314 1175 8772 8772 1313 1177 8777 8777 1298 1159 8776 8776 1306 1160 8775 8775 1311 1170 8780 8780 1316 1173 8779 8779 2077 1179 8778 8778 2076 1181 8783 8783 2077 1179 8782 8782 1316 1173 8781 8781 1319 1183 8786 8786 1318 1917 8785 8785 1241 1088 8784 8784 1321 1184 8789 8789 1295 1155 8788 8788 1297 1153 8787 8787 1320 1156 8792 8792 1318 1917 8791 8791 1319 1183 8790 8790 1328 1186 8795 8795 1325 1221 8794 8794 1356 1185 8793 8793 1330 1189 8798 8798 1327 1220 8797 8797 1326 1188 8796 8796 1331 1191 8801 8801 1328 1186 8800 8800 1357 1187 8799 8799 1333 1193 8804 8804 1330 1189 8803 8803 1329 1190 8802 8802 1334 1195 8807 8807 1331 1191 8806 8806 1358 1192 8805 8805 1333 1193 8810 8810 1332 1194 8809 8809 1335 1197 8808 8808 1336 1198 8813 8813 1335 1197 8812 8812 1338 1199 8811 8811 1340 1201 8816 8816 1339 1200 8815 8815 1338 1199 8814 8814 1326 1188 8819 8819 1324 1382 8818 8818 1344 1203 8817 8817 1343 1205 8822 8822 1325 1221 8821 8821 1328 1186 8820 8820 1347 1207 8825 8825 1329 1190 8824 8824 1326 1188 8823 8823 1328 1186 8828 8828 1331 1191 8827 8827 1349 1208 8826 8826 1348 1209 8831 8831 1332 1194 8830 8830 1329 1190 8829 8829 1331 1191 8834 8834 1334 1195 8833 8833 1350 1210 8832 8832 1351 1211 8837 8837 1335 1197 8836 8836 1332 1194 8835 8835 1350 1210 8840 8840 1334 1195 8839 8839 1337 1212 8838 8838 1338 1199 8843 8843 1335 1197 8842 8842 1351 1211 8841 8841 1354 1215 8846 8846 1342 1202 8845 8845 1338 1199 8844 8844 1337 1212 8849 8849 1341 1376 8848 8848 1355 1216 8847 8847 1499 1218 8852 8852 1500 1383 8851 8851 1495 1217 8850 8850 1357 1187 8855 8855 1356 1185 8854 8854 1327 1220 8853 8853 1358 1192 8858 8858 1357 1187 8857 8857 1330 1189 8856 8856 1358 1192 8861 8861 1333 1193 8860 8860 1336 1198 8859 8859 1396 1225 8864 8864 1397 1252 8863 8863 1399 1127 8862 8862 1381 1233 8867 8867 1386 1923 8866 8866 1385 1232 8865 8865 1379 1235 8870 8870 1380 1234 8869 8869 1385 1232 8868 8868 1385 1232 8873 8873 1388 1241 8872 8872 1387 1237 8871 8871 1367 1228 8876 8876 1366 1245 8875 8875 1395 1238 8874 8874 1385 1232 8879 8879 1386 1923 8878 8878 1389 1240 8877 8877 1388 1241 8882 8882 1389 1240 8881 8881 1392 1242 8880 8880 1391 1243 8885 8885 1392 1242 8884 8884 1362 1151 8883 8883 1370 1229 8888 8888 1369 1246 8887 8887 1366 1245 8886 8886 1376 1230 8891 8891 1375 1256 8890 8890 1369 1246 8889 8889 1382 1247 8894 8894 1375 1256 8893 8893 1376 1230 8892 8892 1395 1238 8897 8897 1372 1250 8896 8896 1377 1248 8895 8895 1379 1235 8900 8900 1384 1236 8899 8899 1372 1250 8898 8898 1398 1224 8903 8903 1399 1127 8902 8902 1363 1124 8901 8901 1363 1124 8906 8906 1364 1255 8905 8905 1390 1239 8904 8904 1390 1239 8909 8909 1364 1255 8908 8908 1382 1247 8907 8907 1397 1252 8912 8912 1400 1249 8911 8911 1377 1248 8910 8910 1403 1254 8915 8915 1402 1257 8914 8914 1382 1247 8913 8913 1400 1249 8918 8918 1397 1252 8917 8917 1396 1225 8916 8916 1373 1251 8921 8921 1372 1250 8920 8920 1395 1238 8919 8919 1402 1257 8924 8924 1365 1260 8923 8923 1375 1256 8922 8922 1369 1246 8927 8927 1374 1258 8926 8926 1373 1251 8925 8925 1374 1258 8930 8930 1368 1259 8929 8929 1381 1233 8928 8928 1361 1244 8933 8933 1401 1253 8932 8932 1377 1248 8931 8931 1387 1237 8936 8936 1388 1241 8935 8935 1391 1243 8934 8934 1372 1250 8939 8939 1384 1236 8938 8938 1387 1237 8937 8937 1360 1150 8942 8942 1399 1127 8941 8941 1401 1253 8940 8940 1375 1256 8945 8945 1365 1260 8944 8944 1374 1258 8943 8943 1365 1260 8948 8948 1371 1924 8947 8947 1368 1259 8946 8946 1405 1261 8951 8951 1371 1924 8950 8950 1365 1260 8949 8949 1407 1262 8954 8954 1405 1261 8953 8953 1402 1257 8952 8952 1415 1263 8957 8957 1403 1254 8956 8956 1364 1255 8955 8955 1414 1264 8960 8960 1407 1262 8959 8959 1403 1254 8958 8958 1274 1115 8963 8963 1408 1125 8962 8962 1409 1126 8961 8961 1409 1126 8966 8966 1410 1128 8965 8965 1283 1266 8964 8964 1360 1150 8969 8969 1411 1130 8968 8968 1410 1128 8967 8967 1411 1130 8972 8972 1412 1149 8971 8971 1260 1267 8970 8970 1412 1149 8975 8975 1413 1152 8974 8974 1261 1268 8973 8973 1415 1263 8978 8978 1408 1125 8977 8977 1274 1115 8976 8976 1414 1264 8981 8981 1415 1263 8980 8980 1404 1269 8979 8979 1475 1272 8984 8984 1483 1365 8983 8983 1480 1271 8982 8982 1419 1275 8987 8987 1431 1301 8986 8986 1429 1274 8985 8985 1434 1278 8990 8990 1451 1330 8989 8989 1461 1277 8988 8988 1418 1276 8993 8993 1533 1418 8992 8992 1535 1280 8991 8991 1478 1282 8996 8996 1470 1419 8995 8995 1474 1281 8994 8994 1548 1285 8999 8999 1479 1363 8998 8998 1471 1284 8997 8997 1428 1288 9002 9002 1430 1290 9001 9001 1423 1287 9000 9000 1429 1274 9005 9005 1431 1301 9004 9004 1430 1290 9003 9003 1458 1292 9008 9008 1438 1333 9007 9007 1432 1291 9006 9006 1460 1295 9011 9011 1449 1329 9010 9010 1538 1294 9009 9009 1427 1298 9014 9014 1420 1421 9013 9013 1433 1297 9012 9012 1431 1301 9017 9017 1419 1275 9016 9016 1435 1300 9015 9015 1423 1287 9020 9020 1436 1310 9019 9019 1536 1303 9018 9018 1416 1306 9023 9023 1437 1307 9022 9022 1537 1305 9021 9021 1426 1308 9026 9026 1454 1309 9025 9025 1437 1307 9024 9024 1426 1308 9029 9029 1427 1298 9028 9028 1448 1299 9027 9027 1430 1290 9032 9032 1455 1311 9031 9031 1436 1310 9030 9030 1430 1290 9035 9035 1431 1301 9034 9034 1450 1302 9033 9033 1443 1313 9038 9038 1440 1321 9037 9037 1417 1312 9036 9036 1838 1316 9041 9041 1839 1684 9040 9040 1836 1315 9039 9039 1442 1318 9044 9044 1443 1313 9043 9043 1425 1314 9042 9042 1440 1321 9047 9047 1550 1426 9046 9046 1557 1320 9045 9045 1421 1323 9050 9050 1441 1324 9049 9049 1442 1318 9048 9048 1556 1325 9053 9053 1551 1327 9052 9052 1441 1324 9051 9051 1442 1318 9056 9056 1441 1324 9055 9055 1551 1327 9054 9054 1448 1299 9059 9059 1433 1297 9058 9058 1449 1329 9057 9057 1450 1302 9062 9062 1435 1300 9061 9061 1451 1330 9060 9060 1436 1310 9065 9065 1452 1334 9064 9064 1538 1294 9063 9063 1437 1307 9068 9068 1453 1332 9067 9067 1539 1331 9066 9066 1454 1309 9071 9071 1438 1333 9070 9070 1453 1332 9069 9069 1448 1299 9074 9074 1432 1291 9073 9073 1438 1333 9072 9072 1455 1311 9077 9077 1439 1335 9076 9076 1452 1334 9075 9075 1455 1311 9080 9080 1450 1302 9079 9079 1434 1278 9078 9078 1463 1337 9083 9083 1458 1292 9082 9082 1541 1336 9081 9081 1456 1293 9086 9086 1460 1295 9085 9085 1542 1296 9084 9084 1541 1336 9089 9089 1458 1292 9088 9088 1456 1293 9087 9087 1463 1337 9092 9092 1453 1332 9091 9091 1438 1333 9090 9090 1457 1279 9095 9095 1459 1340 9094 9094 1439 1335 9093 9093 1432 1291 9098 9098 1449 1329 9097 9097 1460 1295 9096 9096 1461 1277 9101 9101 1451 1330 9100 9100 1539 1331 9099 9099 1459 1340 9104 9104 1462 1420 9103 9103 1452 1334 9102 9102 1440 1321 9107 9107 1447 1322 9106 9106 1446 1341 9105 9105 1658 1343 9110 9110 1660 1423 9109 9109 1669 1342 9108 9108 1659 1346 9113 9113 1666 1354 9112 9112 1676 1345 9111 9111 1662 1349 9116 9116 1672 1359 9115 9115 1673 1348 9114 9114 1663 1350 9119 9119 1673 1348 9118 9118 1674 1351 9117 9117 1665 1353 9122 9122 1675 1355 9121 9121 1676 1345 9120 9120 1665 1353 9125 9125 1658 1343 9124 9124 1668 1344 9123 9123 1667 1357 9128 9128 1661 1422 9127 9127 1671 1356 9126 9126 1662 1349 9131 9131 1667 1357 9130 9130 1677 1358 9129 9129 1481 1361 9134 9134 1480 1271 9133 9133 1547 1360 9132 9132 1546 1364 9137 9137 1483 1365 9136 9136 1479 1363 9135 9135 1547 1360 9140 9140 1480 1271 9139 9139 1483 1365 9138 9138 1468 1367 9143 9143 1469 1369 9142 9142 1477 1366 9141 9141 1549 1362 9146 9146 1477 1366 9145 9145 1469 1369 9144 9144 1475 1272 9149 9149 1471 1284 9148 9148 1479 1363 9147 9147 1481 1361 9152 9152 1473 1424 9151 9151 1472 1273 9150 9150 1482 1283 9155 9155 1474 1281 9154 9154 1468 1367 9153 9153 1485 1371 9158 9158 1484 1372 9157 9157 1342 1202 9156 9156 1487 1373 9161 9161 1486 1375 9160 9160 1484 1372 9159 9159 1488 1374 9164 9164 1340 1201 9163 9163 1484 1372 9162 9162 1323 1222 9167 9167 1343 1205 9166 9166 1355 1216 9165 9165 1493 1378 9170 9170 1490 1385 9169 9169 1489 1377 9168 9168 1492 1380 9173 9173 1493 1378 9172 9172 1494 1379 9171 9171 1498 1384 9176 9176 1497 1386 9175 9175 1500 1383 9174 9174 1494 1379 9179 9179 1489 1377 9178 9178 1495 1217 9177 9177 1500 1383 9182 9182 1497 1386 9181 9181 1491 1381 9180 9180 1490 1385 9185 9185 1496 1219 9184 9184 1495 1217 9183 9183 1497 1386 9188 9188 1498 1384 9187 9187 1492 1380 9186 9186 1312 1174 9191 9191 1304 1171 9190 9190 1327 1220 9189 9189 1501 1387 9194 9194 1312 1174 9193 9193 1356 1185 9192 9192 1815 1389 9197 9197 1502 1528 9196 9196 1322 1388 9195 9195 1503 1391 9200 9200 1508 1395 9199 9199 1355 1216 9198 9198 1506 1392 9203 9203 1505 1396 9202 9202 1349 1208 9201 9201 1503 1391 9206 9206 1343 1205 9205 9205 1346 1206 9204 9204 1507 1394 9209 9209 1506 1392 9208 9208 1350 1210 9207 9207 1508 1395 9212 9212 1507 1394 9211 9211 1352 1213 9210 9210 1504 1393 9215 9215 1346 1206 9214 9214 1349 1208 9213 9213 1512 1397 9218 9218 1511 1400 9217 9217 1505 1396 9216 9216 1509 1398 9221 9221 1514 1401 9220 9220 1508 1395 9219 9219 1510 1399 9224 9224 1504 1393 9223 9223 1505 1396 9222 9222 1514 1401 9227 9227 1513 1402 9226 9226 1507 1394 9225 9225 1509 1398 9230 9230 1503 1391 9229 9229 1504 1393 9228 9228 1513 1402 9233 9233 1512 1397 9232 9232 1506 1392 9231 9231 1516 1403 9236 9236 1510 1399 9235 9235 1511 1400 9234 9234 1520 1405 9239 9239 1519 1407 9238 9238 1513 1402 9237 9237 1515 1406 9242 9242 1509 1398 9241 9241 1510 1399 9240 9240 1519 1407 9245 9245 1518 1408 9244 9244 1512 1397 9243 9243 1517 1404 9248 9248 1511 1400 9247 9247 1512 1397 9246 9246 1515 1406 9251 9251 1520 1405 9250 9250 1514 1401 9249 9249 1515 1406 9254 9254 1516 1403 9253 9253 1519 1407 9252 9252 1516 1403 9257 9257 1517 1404 9256 9256 1518 1408 9255 9255 1353 1214 9260 9260 1526 1417 9259 9259 1527 1409 9258 9258 1522 1410 9263 9263 1523 1413 9262 9262 1347 1207 9261 9261 1525 1411 9266 9266 1526 1417 9265 9265 1353 1214 9264 9264 1354 1215 9269 9269 1527 1409 9268 9268 1528 1412 9267 9267 1523 1413 9272 9272 1524 1415 9271 9271 1348 1209 9270 9270 1485 1371 9275 9275 1528 1412 9274 9274 1529 1373 9273 9273 1522 1410 9278 9278 1345 1204 9277 9277 1344 1203 9276 9276 1524 1415 9281 9281 1525 1411 9280 9280 1351 1211 9279 9279 1531 1416 9284 9284 1522 1410 9283 9283 1521 1414 9282 9282 1531 1416 9287 9287 1530 1416 9286 9286 1529 1373 9285 9285 1527 1409 9290 9290 1522 1410 9289 9289 1531 1416 9288 9288 1526 1417 9293 9293 1523 1413 9292 9292 1522 1410 9291 9291 1524 1415 9296 9296 1523 1413 9295 9295 1526 1417 9294 9294 1533 1418 9299 9299 1417 1312 9298 9298 1416 1306 9297 9297 1534 1304 9302 9302 1532 1530 9301 9301 1422 1289 9300 9300 1548 1285 9305 9305 1544 1286 9304 9304 1470 1419 9303 9303 1462 1420 9308 9308 1542 1296 9307 9307 1538 1294 9306 9306 1534 1304 9311 9311 1536 1303 9310 9310 1433 1297 9309 9309 1419 1275 9314 9314 1535 1280 9313 9313 1537 1305 9312 9312 1536 1303 9317 9317 1538 1294 9316 9316 1449 1329 9315 9315 1435 1300 9320 9320 1537 1305 9319 9319 1539 1331 9318 9318 1461 1277 9323 9323 1543 1338 9322 9322 1541 1336 9321 9321 1540 1339 9326 9326 1542 1296 9325 9325 1462 1420 9324 9324 1457 1279 9329 9329 1541 1336 9328 9328 1540 1339 9327 9327 1463 1337 9332 9332 1543 1338 9331 9331 1539 1331 9330 9330 1661 1422 9335 9335 1659 1346 9334 9334 1670 1347 9333 9333 1660 1423 9338 9338 1664 1352 9337 9337 1674 1351 9336 9336 1477 1366 9341 9341 1549 1362 9340 9340 1547 1360 9339 9339 1482 1283 9344 9344 1546 1364 9343 9343 1548 1285 9342 9342 1476 1368 9347 9347 1547 1360 9346 9346 1546 1364 9345 9345 1549 1362 9350 9350 1545 1370 9349 9349 1473 1424 9348 9348 1554 1416 9353 9353 1555 1416 9352 9352 1553 1425 9351 9351 1551 1327 9356 9356 1556 1325 9355 9355 1554 1416 9354 9354 1555 1416 9359 9359 1557 1320 9358 9358 1550 1426 9357 9357 1550 1426 9362 9362 1440 1321 9361 9361 1443 1313 9360 9360 1443 1313 9365 9365 1442 1318 9364 9364 1552 1328 9363 9363 1826 1428 9368 9368 1828 1682 9367 9367 1569 1427 9366 9366 1588 1431 9371 9371 1560 1480 9370 9370 1558 1430 9369 9369 1564 1433 9374 9374 1563 1484 9373 9373 1406 1270 9372 9372 1830 1435 9377 9377 1831 1536 9376 9376 1827 1434 9375 9375 1568 1438 9380 9380 1601 1486 9379 9379 1600 1437 9378 9378 1567 1439 9383 9383 1600 1437 9382 9382 1604 1440 9381 9381 1572 1442 9386 9386 1573 1551 9385 9385 1226 1078 9384 9384 1574 1443 9389 9389 1572 1442 9388 9388 1222 1077 9387 9387 1843 1445 9392 9392 1595 1543 9391 9391 1844 1444 9390 9390 1800 1448 9395 9395 1802 1451 9394 9394 1801 1447 9393 9393 1802 1451 9398 9398 1800 1448 9397 9397 1803 1450 9396 9396 1248 1093 9401 9401 1594 1473 9400 9400 1586 1453 9399 9399 1579 1455 9404 9404 1578 1457 9403 9403 1577 1454 9402 9402 1581 1458 9407 9407 1580 1542 9406 9406 1578 1457 9405 9405 1615 1460 9410 9410 1616 1925 9409 9409 1610 1459 9408 9408 1613 1463 9413 9413 1619 1503 9412 9412 1620 1462 9411 9411 1593 1467 9416 9416 1583 1478 9415 9415 1582 1466 9414 9414 1809 1470 9419 9419 1584 1476 9418 9418 1607 1469 9417 9417 1265 1097 9422 9422 1263 1095 9421 9421 1586 1453 9420 9420 1267 1100 9425 9425 1282 1098 9424 9424 1586 1453 9423 9423 1594 1473 9428 9428 1585 1674 9427 9427 1806 1472 9426 9426 1247 1091 9431 9431 1585 1674 9430 9430 1594 1473 9429 9429 1805 1475 9434 9434 1807 1675 9433 9433 1607 1469 9432 9432 1583 1478 9437 9437 1606 1493 9436 9436 1599 1477 9435 9435 1588 1431 9440 9440 1589 1494 9439 9439 1561 1479 9438 9438 1608 1482 9443 9443 1562 1544 9442 9442 1841 1481 9441 9441 1809 1470 9446 9446 1804 1452 9445 9445 1803 1450 9444 9444 1593 1467 9449 9449 1592 1468 9448 9448 1563 1484 9447 9447 1594 1473 9452 9452 1591 1474 9451 9451 1276 1116 9450 9450 1598 1485 9455 9455 1599 1477 9454 9454 1587 1432 9453 9453 1566 1487 9458 9458 1600 1437 9457 9457 1601 1486 9456 9456 1832 1490 9461 9461 1829 1554 9460 9460 1603 1489 9459 9459 1832 1490 9464 9464 1604 1440 9463 9463 1600 1437 9462 9462 1244 1086 9467 9467 1605 1492 9466 9466 1848 1491 9465 9465 1244 1086 9470 9470 1565 1488 9469 9469 1601 1486 9468 9468 1606 1493 9473 9473 1588 1431 9472 9472 1587 1432 9471 9471 1606 1493 9476 9476 1810 1496 9475 9475 1589 1494 9474 9474 1810 1496 9479 9479 1590 1498 9478 9478 1849 1495 9477 9477 1590 1498 9482 9482 1246 1913 9481 9481 1597 1497 9480 9480 1561 1479 9485 9485 1609 1461 9484 9484 1610 1459 9483 9483 1576 1456 9488 9488 1560 1480 9487 9487 1610 1459 9486 9486 1561 1479 9491 9491 1840 1501 9490 9490 1612 1500 9489 9489 1579 1455 9494 9494 1576 1456 9493 9493 1611 1499 9492 9492 1579 1455 9497 9497 1613 1463 9496 9496 1614 1464 9495 9495 1581 1458 9500 9500 1614 1464 9499 9499 1612 1500 9498 9498 1619 1503 9503 9503 1615 1460 9502 9502 1618 1502 9501 9501 1617 1504 9506 9506 1616 1925 9505 9505 1615 1460 9504 9504 1613 1463 9509 9509 1611 1499 9508 9508 1617 1504 9507 9507 1615 1460 9512 9512 1609 1461 9511 9511 1612 1500 9510 9510 1614 1464 9515 9515 1620 1462 9514 9514 1618 1502 9513 9513 1610 1459 9518 9518 1616 1925 9517 9517 1617 1504 9516 9516 1812 1507 9521 9521 1822 1525 9520 9520 1820 1506 9519 9519 1627 1510 9524 9524 1631 1512 9523 9523 1630 1509 9522 9522 1628 1513 9527 9527 1632 1514 9526 9526 1631 1512 9525 9525 1625 1515 9530 9530 1629 1516 9529 9529 1632 1514 9528 9528 1627 1510 9533 9533 1626 1511 9532 9532 1625 1515 9531 9531 1630 1509 9536 9536 1631 1512 9535 9535 1632 1514 9534 9534 1654 1518 9539 9539 1653 1521 9538 9538 1647 1517 9537 9537 1635 1520 9542 9542 1640 1926 9541 9541 1647 1517 9540 9540 1649 1517 9545 9545 1638 1926 9544 9544 1637 1522 9543 9543 1647 1517 9548 9548 1640 1926 9547 9547 1639 1522 9546 9546 1645 1517 9551 9551 1642 1926 9550 9550 1641 1522 9549 9549 1646 1519 9554 9554 1641 1522 9553 9553 1634 1523 9552 9552 1633 1520 9557 9557 1642 1926 9556 9556 1645 1517 9555 9555 1656 1524 9560 9560 1655 1521 9559 9559 1649 1517 9558 9558 1650 1519 9563 9563 1637 1522 9562 9562 1644 1523 9561 9561 1643 1520 9566 9566 1638 1926 9565 9565 1649 1517 9564 9564 1651 1521 9569 9569 1645 1517 9568 9568 1646 1519 9567 9567 1648 1519 9572 9572 1639 1522 9571 9571 1636 1523 9570 9570 1823 1526 9575 9575 1820 1506 9574 9574 1822 1525 9573 9573 1823 1526 9578 9578 1821 1527 9577 9577 1322 1388 9576 9576 1337 1212 9581 9581 1420 1421 9580 9580 1816 1529 9579 9579 1337 1212 9584 9584 1334 1195 9583 9583 1359 1196 9582 9582 1339 1200 9587 9587 1532 1530 9586 9586 1534 1304 9585 9585 1425 1314 9590 9590 1417 1312 9589 9589 1660 1423 9588 9588 1422 1289 9593 9593 1532 1530 9592 9592 1659 1346 9591 9591 1429 1274 9596 9596 1662 1349 9595 9595 1663 1350 9594 9594 1417 1312 9599 9599 1533 1418 9598 9598 1664 1352 9597 9597 1424 1319 9602 9602 1665 1353 9601 9601 1666 1354 9600 9600 1425 1314 9605 9605 1658 1343 9604 9604 1665 1353 9603 9603 1428 1288 9608 9608 1422 1289 9607 9607 1661 1422 9606 9606 1429 1274 9611 9611 1428 1288 9610 9610 1667 1357 9609 9609 1469 1369 9614 9614 1468 1367 9613 9613 1668 1344 9612 9612 1544 1286 9617 9617 1471 1284 9616 9616 1671 1356 9615 9615 1473 1424 9620 9620 1673 1348 9619 9619 1672 1359 9618 9618 1545 1370 9623 9623 1469 1369 9622 9622 1669 1342 9621 9621 1470 1419 9626 9626 1676 1345 9625 9625 1675 1355 9624 9624 1474 1281 9629 9629 1675 1355 9628 9628 1668 1344 9627 9627 1471 1284 9632 9632 1475 1272 9631 9631 1677 1358 9630 9630 1475 1272 9635 9635 1472 1273 9634 9634 1672 1359 9633 9633 1532 1530 9638 9638 1421 1323 9637 9637 1666 1354 9636 9636 1418 1276 9641 9641 1663 1350 9640 9640 1664 1352 9639 9639 1470 1419 9644 9644 1544 1286 9643 9643 1670 1347 9642 9642 1545 1370 9647 9647 1674 1351 9646 9646 1673 1348 9645 9645 1416 1306 9650 9650 1464 1533 9649 9649 1466 1531 9648 9648 1426 1308 9653 9653 1466 1531 9652 9652 1465 1532 9651 9651 1420 1421 9656 9656 1622 1679 9655 9655 1657 1534 9654 9654 1819 1508 9659 9659 1824 1539 9658 9658 1811 1537 9657 9657 1818 1538 9662 9662 1813 1676 9661 9661 1811 1537 9660 9660 1827 1434 9665 9665 1835 1535 9664 9664 1833 1540 9663 9663 1567 1439 9668 9668 1578 1457 9667 9667 1580 1542 9666 9666 1562 1544 9671 9671 1596 1686 9670 9670 1595 1543 9669 9669 1574 1443 9674 9674 1848 1491 9673 9673 1846 1545 9672 9672 1245 1546 9677 9677 1223 1555 9676 9676 1572 1442 9675 9675 1288 1548 9680 9680 1575 1549 9679 9679 1256 1547 9678 9678 1287 1138 9683 9683 1257 1137 9682 9682 1575 1549 9681 9681 1227 1550 9686 9686 1236 1148 9685 9685 1235 1147 9684 9684 1235 1147 9689 9689 1288 1548 9688 9688 1289 1140 9687 9687 1573 1551 9692 9692 1235 1147 9691 9691 1234 1085 9690 9690 1567 1439 9695 9695 1570 1441 9694 9694 1577 1454 9693 9693 1604 1440 9698 9698 1603 1489 9697 9697 1559 1552 9696 9696 1580 1542 9701 9701 1581 1458 9700 9700 1840 1501 9699 9699 1560 1480 9704 9704 1570 1441 9703 9703 1559 1552 9702 9702 1570 1441 9707 9707 1560 1480 9706 9706 1576 1456 9705 9705 1602 1553 9710 9710 1559 1552 9709 9709 1603 1489 9708 9708 1223 1555 9713 9713 1227 1550 9712 9712 1573 1551 9711 9711 1602 1553 9716 9716 1598 1485 9715 9715 1558 1430 9714 9714 1727 1557 9719 9719 1700 1927 9718 9718 1701 1556 9717 9717 1694 1560 9722 9722 1695 1565 9721 9721 1731 1559 9720 9720 1730 1558 9725 9725 1701 1556 9724 9724 1702 1562 9723 9723 1695 1565 9728 9728 1696 1568 9727 9727 1733 1564 9726 9726 1691 1566 9731 9731 1729 1572 9730 9730 1732 1563 9729 9729 1696 1568 9734 9734 1697 1570 9733 9733 1734 1567 9732 9732 1697 1570 9737 9737 1698 1575 9736 9736 1735 1569 9735 9735 1729 1572 9740 9740 1691 1566 9739 9739 1692 1571 9738 9738 1698 1575 9743 9743 1699 1578 9742 9742 1737 1574 9741 9741 1736 1573 9746 9746 1692 1571 9745 9745 1693 1576 9744 9744 1699 1578 9749 9749 1700 1927 9748 9748 1727 1557 9747 9747 1738 1577 9752 9752 1693 1576 9751 9751 1694 1560 9750 9750 1703 1580 9755 9755 1704 1586 9754 9754 1715 1579 9753 9753 1725 1583 9758 9758 1705 1602 9757 9757 1706 1582 9756 9756 1704 1586 9761 9761 1707 1590 9760 9760 1717 1585 9759 9759 1716 1584 9764 9764 1706 1582 9763 9763 1708 1587 9762 9762 1709 1589 9767 9767 1726 1595 9766 9766 1717 1585 9765 9765 1708 1587 9770 9770 1710 1593 9769 9769 1719 1591 9768 9768 1710 1593 9773 9773 1711 1598 9772 9772 1720 1592 9771 9771 1726 1595 9776 9776 1709 1589 9775 9775 1712 1594 9774 9774 1711 1598 9779 9779 1713 1601 9778 9778 1722 1597 9777 9777 1721 1596 9782 9782 1712 1594 9781 9781 1714 1599 9780 9780 1713 1601 9785 9785 1703 1580 9784 9784 1724 1581 9783 9783 1723 1600 9788 9788 1714 1599 9787 9787 1705 1602 9786 9786 1724 1581 9791 9791 1715 1579 9790 9790 1689 1603 9789 9789 1682 1605 9794 9794 1725 1583 9793 9793 1716 1584 9792 9792 1715 1579 9797 9797 1717 1585 9796 9796 1690 1607 9795 9795 1683 1606 9800 9800 1716 1584 9799 9799 1718 1588 9798 9798 1726 1595 9803 9803 1679 1611 9802 9802 1690 1607 9801 9801 1684 1608 9806 9806 1718 1588 9805 9805 1719 1591 9804 9804 1719 1591 9809 9809 1720 1592 9808 9808 1686 1610 9807 9807 1679 1611 9812 9812 1726 1595 9811 9811 1721 1596 9810 9810 1720 1592 9815 9815 1722 1597 9814 9814 1687 1613 9813 9813 1680 1612 9818 9818 1721 1596 9817 9817 1723 1600 9816 9816 1722 1597 9821 9821 1724 1581 9820 9820 1688 1604 9819 9819 1681 1614 9824 9824 1723 1600 9823 9823 1725 1583 9822 9822 1703 1580 9827 9827 1727 1557 9826 9826 1730 1558 9825 9825 1728 1561 9830 9830 1731 1559 9829 9829 1706 1582 9828 9828 1704 1586 9833 9833 1730 1558 9832 9832 1732 1563 9831 9831 1731 1559 9836 9836 1733 1564 9835 9835 1708 1587 9834 9834 1729 1572 9839 9839 1709 1589 9838 9838 1707 1590 9837 9837 1733 1564 9842 9842 1734 1567 9841 9841 1710 1593 9840 9840 1734 1567 9845 9845 1735 1569 9844 9844 1711 1598 9843 9843 1709 1589 9848 9848 1729 1572 9847 9847 1736 1573 9846 9846 1735 1569 9851 9851 1737 1574 9850 9850 1713 1601 9849 9849 1736 1573 9854 9854 1738 1577 9853 9853 1714 1599 9852 9852 1737 1574 9857 9857 1727 1557 9856 9856 1703 1580 9855 9855 1738 1577 9860 9860 1728 1561 9859 9859 1705 1602 9858 9858 1787 1616 9863 9863 1760 1928 9862 9862 1761 1615 9861 9861 1754 1619 9866 9866 1755 1624 9865 9865 1791 1618 9864 9864 1790 1617 9869 9869 1761 1615 9868 9868 1762 1621 9867 9867 1755 1624 9872 9872 1756 1627 9871 9871 1793 1623 9870 9870 1751 1625 9875 9875 1789 1631 9874 9874 1792 1622 9873 9873 1756 1627 9878 9878 1757 1629 9877 9877 1794 1626 9876 9876 1757 1629 9881 9881 1758 1634 9880 9880 1795 1628 9879 9879 1789 1631 9884 9884 1751 1625 9883 9883 1752 1630 9882 9882 1758 1634 9887 9887 1759 1637 9886 9886 1797 1633 9885 9885 1796 1632 9890 9890 1752 1630 9889 9889 1753 1635 9888 9888 1759 1637 9893 9893 1760 1928 9892 9892 1787 1616 9891 9891 1798 1636 9896 9896 1753 1635 9895 9895 1754 1619 9894 9894 1763 1639 9899 9899 1764 1645 9898 9898 1775 1638 9897 9897 1785 1642 9902 9902 1765 1661 9901 9901 1766 1641 9900 9900 1764 1645 9905 9905 1767 1649 9904 9904 1777 1644 9903 9903 1776 1643 9908 9908 1766 1641 9907 9907 1768 1646 9906 9906 1769 1648 9911 9911 1786 1654 9910 9910 1777 1644 9909 9909 1768 1646 9914 9914 1770 1652 9913 9913 1779 1650 9912 9912 1770 1652 9917 9917 1771 1657 9916 9916 1780 1651 9915 9915 1786 1654 9920 9920 1769 1648 9919 9919 1772 1653 9918 9918 1771 1657 9923 9923 1773 1660 9922 9922 1782 1656 9921 9921 1781 1655 9926 9926 1772 1653 9925 9925 1774 1658 9924 9924 1773 1660 9929 9929 1763 1639 9928 9928 1784 1640 9927 9927 1783 1659 9932 9932 1774 1658 9931 9931 1765 1661 9930 9930 1748 1662 9935 9935 1784 1640 9934 9934 1775 1638 9933 9933 1785 1642 9938 9938 1776 1643 9937 9937 1743 1664 9936 9936 1775 1638 9941 9941 1777 1644 9940 9940 1750 1666 9939 9939 1776 1643 9944 9944 1778 1647 9943 9943 1744 1667 9942 9942 1786 1654 9947 9947 1739 1670 9946 9946 1750 1666 9945 9945 1778 1647 9950 9950 1779 1650 9949 9949 1745 1668 9948 9948 1779 1650 9953 9953 1780 1651 9952 9952 1746 1669 9951 9951 1739 1670 9956 9956 1786 1654 9955 9955 1781 1655 9954 9954 1746 1669 9959 9959 1780 1651 9958 9958 1782 1656 9957 9957 1740 1671 9962 9962 1781 1655 9961 9961 1783 1659 9960 9960 1747 1672 9965 9965 1782 1656 9964 9964 1784 1640 9963 9963 1741 1673 9968 9968 1783 1659 9967 9967 1785 1642 9966 9966 1763 1639 9971 9971 1787 1616 9970 9970 1790 1617 9969 9969 1788 1620 9974 9974 1791 1618 9973 9973 1766 1641 9972 9972 1790 1617 9977 9977 1792 1622 9976 9976 1767 1649 9975 9975 1791 1618 9980 9980 1793 1623 9979 9979 1768 1646 9978 9978 1792 1622 9983 9983 1789 1631 9982 9982 1769 1648 9981 9981 1793 1623 9986 9986 1794 1626 9985 9985 1770 1652 9984 9984 1794 1626 9989 9989 1795 1628 9988 9988 1771 1657 9987 9987 1789 1631 9992 9992 1796 1632 9991 9991 1772 1653 9990 9990 1771 1657 9995 9995 1795 1628 9994 9994 1797 1633 9993 9993 1796 1632 9998 9998 1798 1636 9997 9997 1774 1658 9996 9996 1773 1660 10001 10001 1797 1633 10000 10000 1787 1616 9999 9999 1798 1636 10004 10004 1788 1620 10003 10003 1765 1661 10002 10002 1275 1114 10007 10007 1266 1099 10006 10006 1267 1100 10005 10005 1276 1116 10010 10010 1800 1448 10009 10009 1799 1449 10008 10008 1274 1115 10013 10013 1799 1449 10012 10012 1801 1447 10011 10011 1564 1433 10016 10016 1404 1269 10015 10015 1801 1447 10014 10014 1591 1474 10019 10019 1803 1450 10018 10018 1800 1448 10017 10017 1564 1433 10022 10022 1802 1451 10021 10021 1804 1452 10020 10020 1806 1472 10025 10025 1585 1674 10024 10024 1805 1475 10023 10023 1590 1498 10028 10028 1807 1675 10027 10027 1805 1475 10026 10026 1583 1478 10031 10031 1809 1470 10030 10030 1808 1471 10029 10029 1810 1496 10034 10034 1606 1493 10033 10033 1808 1471 10032 10032 1810 1496 10037 10037 1607 1469 10036 10036 1807 1675 10035 10035 1806 1472 10040 10040 1584 1476 10039 10039 1803 1450 10038 10038 1583 1478 10043 10043 1593 1467 10042 10042 1804 1452 10041 10041 1243 1087 10046 10046 1240 1090 10045 10045 1812 1507 10044 10044 1243 1087 10049 10049 1811 1537 10048 10048 1813 1676 10047 10047 1323 1222 10052 10052 1341 1376 10051 10051 1815 1389 10050 10050 1816 1529 10055 10055 1502 1528 10054 10054 1815 1389 10053 10053 1817 1677 10058 10058 1323 1222 10057 10057 1814 1390 10056 10056 1565 1488 10061 10061 1244 1086 10060 10060 1813 1676 10059 10059 1621 1678 10064 10064 1819 1508 10063 10063 1820 1506 10062 10062 1623 1680 10067 10067 1817 1677 10066 10066 1322 1388 10065 10065 1240 1090 10070 10070 1624 1505 10069 10069 1822 1525 10068 10068 1624 1505 10073 10073 1623 1680 10072 10072 1821 1527 10071 10071 1816 1529 10076 10076 1657 1534 10075 10075 1823 1526 10074 10074 1622 1679 10079 10079 1820 1506 10078 10078 1823 1526 10077 10077 1621 1678 10082 10082 1678 1681 10081 10081 1824 1539 10080 10080 1678 1681 10085 10085 1565 1488 10084 10084 1818 1538 10083 10083 1464 1533 10088 10088 1826 1428 10087 10087 1825 1436 10086 10086 1465 1532 10091 10091 1466 1531 10090 10090 1825 1436 10089 10089 1464 1533 10094 10094 1467 1683 10093 10093 1828 1682 10092 10092 1467 1683 10097 10097 1829 1554 10096 10096 1569 1427 10095 10095 1566 1487 10100 10100 1565 1488 10099 10099 1831 1536 10098 10098 1832 1490 10103 10103 1571 1429 10102 10102 1569 1427 10101 10101 1566 1487 10106 10106 1830 1435 10105 10105 1571 1429 10104 10104 1621 1678 10109 10109 1622 1679 10108 10108 1834 1541 10107 10107 1465 1532 10112 10112 1827 1434 10111 10111 1834 1541 10110 10110 1678 1681 10115 10115 1621 1678 10114 10114 1833 1540 10113 10113 1565 1488 10118 10118 1678 1681 10117 10117 1835 1535 10116 10116 1464 1533 10121 10121 1417 1312 10120 10120 1837 1317 10119 10119 1417 1312 10124 10124 1446 1341 10123 10123 1838 1316 10122 10122 1464 1533 10127 10127 1836 1315 10126 10126 1839 1684 10125 10125 1446 1341 10130 10130 1467 1683 10129 10129 1839 1684 10128 10128 1840 1501 10133 10133 1561 1479 10132 10132 1841 1481 10131 10131 1568 1438 10136 10136 1843 1445 10135 10135 1842 1446 10134 10134 1605 1492 10139 10139 1601 1486 10138 10138 1842 1446 10137 10137 1561 1479 10142 10142 1589 1494 10141 10141 1845 1483 10140 10140 1846 1545 10145 10145 1596 1686 10144 10144 1847 1685 10143 10143 1605 1492 10148 10148 1844 1444 10147 10147 1595 1543 10146 10146 1849 1495 10151 10151 1608 1482 10150 10150 1845 1483 10149 10149 1849 1495 10154 10154 1597 1497 10153 10153 1847 1685 10152 10152 1848 1491 10157 10157 1595 1543 10156 10156 1596 1686 10155 10155 1840 1501 10160 10160 1562 1544 10159 10159 1843 1445 10158 10158 1208 1688 10163 10163 1213 1929 10162 10162 1254 1687 10161 10161 1209 1689 10166 10166 1208 1688 10165 10165 1252 1146 10164 10164 1210 1690 10169 10169 1209 1689 10168 10168 1253 1142 10167 10167 1210 1690 10172 10172 1255 1139 10171 10171 1256 1547 10170 10170 1256 1547 10175 10175 1575 1549 10174 10174 1212 1692 10173 10173 1202 1693 10178 10178 1203 1697 10177 10177 1257 1137 10176 10176 1250 1133 10181 10181 1201 1694 10180 10180 1202 1693 10179 10179 1201 1694 10184 10184 1250 1133 10183 10183 1251 1131 10182 10182 1200 1695 10187 10187 1251 1131 10186 10186 1258 1103 10185 10185 1575 1549 10190 10190 1257 1137 10189 10189 1203 1697 10188 10188 1259 1129 10193 10193 1260 1267 10192 10192 1206 1698 10191 10191 1260 1267 10196 10196 1261 1268 10195 10195 1207 1700 10194 10194 1204 1696 10199 10199 1258 1103 10198 10198 1259 1129 10197 10197 1202 1693 10202 10202 1899 1758 10201 10201 1900 1701 10200 10200 1852 1702 10205 10205 1213 1929 10204 10204 1208 1688 10203 10203 1889 1705 10208 10208 1855 1708 10207 10207 1853 1704 10206 10206 1854 1703 10211 10211 1208 1688 10210 10210 1209 1689 10209 10209 1889 1705 10214 10214 1898 1759 10213 10213 1890 1707 10212 10212 1212 1692 10217 10217 1203 1697 10216 10216 1900 1701 10215 10215 1211 1691 10220 10220 1212 1692 10219 10219 1908 1709 10218 10218 1863 1712 10223 10223 1861 1719 10222 10222 1897 1711 10221 10221 1904 1715 10226 10226 1859 1727 10225 10225 1857 1714 10224 10224 1192 1720 10229 10229 1204 1696 10228 10228 1205 1699 10227 10227 1195 1062 10232 10232 1193 1721 10231 10231 1205 1699 10230 10230 1197 1066 10235 10235 1195 1062 10234 10234 1206 1698 10233 10233 1860 1722 10238 10238 1863 1712 10237 10237 1896 1713 10236 10236 1894 1718 10241 10241 1861 1719 10240 10240 1850 1724 10239 10239 1198 1726 10244 10244 1199 1774 10243 10243 1194 1064 10242 10242 1923 1731 10247 10247 1919 1771 10246 10246 1918 1730 10245 10245 1273 1113 10250 10250 1274 1115 10249 10249 1867 1122 10248 10248 1868 1265 10253 10253 1272 1106 10252 10252 1867 1122 10251 10251 1869 1112 10256 10256 1273 1113 10255 10255 1866 1123 10254 10254 1868 1265 10259 10259 1283 1266 10258 10258 1870 1734 10257 10257 1869 1112 10262 10262 1271 1733 10261 10261 1871 1735 10260 10260 1281 1465 10265 10265 1871 1735 10264 10264 1870 1734 10263 10263 1270 1104 10268 10268 1281 1465 10267 10267 1872 1736 10266 10266 1270 1104 10271 10271 1873 1118 10270 10270 1874 1737 10269 10269 1283 1266 10274 10274 1259 1129 10273 10273 1874 1737 10272 10272 1283 1266 10277 10277 1875 1738 10276 10276 1872 1736 10275 10275 1878 1121 10280 10280 1879 1107 10279 10279 1877 1108 10278 10278 1877 1108 10283 10283 1880 1743 10282 10282 1881 1740 10281 10281 1885 1741 10286 10286 1884 1119 10285 10285 1883 1120 10284 10284 1875 1738 10289 10289 1874 1737 10288 10288 1884 1119 10287 10287 1878 1121 10292 10292 1876 1739 10291 10291 1271 1733 10290 10290 1885 1741 10295 10295 1882 1742 10294 10294 1872 1736 10293 10293 1880 1743 10298 10298 1877 1108 10297 10297 1272 1106 10296 10296 1271 1733 10301 10301 1876 1739 10300 10300 1881 1740 10299 10299 1871 1735 10304 10304 1881 1740 10303 10303 1880 1743 10302 10302 1883 1120 10307 10307 1873 1118 10306 10306 1872 1736 10305 10305 2071 1744 10310 10310 1301 1172 10309 10309 1311 1170 10308 10308 1886 1725 10313 10313 1850 1724 10312 10312 1851 1745 10311 10311 1902 1747 10316 10316 1889 1705 10315 10315 1888 1706 10314 10314 1911 1749 10319 10319 1210 1690 10318 10318 1211 1691 10317 10317 1854 1703 10322 10322 1210 1690 10321 10321 1911 1749 10320 10320 1891 1750 10325 10325 1887 1746 10324 10324 1851 1745 10323 10323 1855 1708 10328 10328 1890 1707 10327 10327 1891 1750 10326 10326 1896 1713 10331 10331 1897 1711 10330 10330 1910 1752 10329 10329 1860 1722 10334 10334 1893 1723 10333 10333 1892 1754 10332 10332 1894 1718 10337 10337 1905 1757 10336 10336 1906 1756 10335 10335 1896 1713 10340 10340 1909 1753 10339 10339 1904 1715 10338 10338 1905 1757 10343 10343 1894 1718 10342 10342 1886 1725 10341 10341 1897 1711 10346 10346 1895 1717 10345 10345 1906 1756 10344 10344 1900 1701 10349 10349 1899 1758 10348 10348 1886 1725 10347 10347 1908 1709 10352 10352 1900 1701 10351 10351 1887 1746 10350 10350 1907 1710 10355 10355 1908 1709 10354 10354 1891 1750 10353 10353 1893 1723 10358 10358 1904 1715 10357 10357 1903 1716 10356 10356 1854 1703 10361 10361 1902 1747 10360 10360 1901 1748 10359 10359 1898 1759 10364 10364 1911 1749 10363 10363 1907 1710 10362 10362 1902 1747 10367 10367 1911 1749 10366 10366 1898 1759 10365 10365 1864 1760 10370 10370 1862 1729 10369 10369 1909 1753 10368 10368 1905 1757 10373 10373 1201 1694 10372 10372 1200 1695 10371 10371 1909 1753 10376 10376 1862 1729 10375 10375 1859 1727 10374 10374 1201 1694 10379 10379 1905 1757 10378 10378 1899 1758 10377 10377 1910 1752 10382 10382 1906 1756 10381 10381 1200 1695 10380 10380 1864 1760 10385 10385 1910 1752 10384 10384 1204 1696 10383 10383 1914 1762 10388 10388 1913 1821 10387 10387 1930 1761 10386 10386 1915 1765 10391 10391 1965 1785 10390 10390 1968 1764 10389 10389 1969 1768 10394 10394 1966 1779 10393 10393 1916 1767 10392 10392 1186 1054 10397 10397 1914 1762 10396 10396 1931 1763 10395 10395 1187 1060 10400 10400 1917 1780 10399 10399 1919 1771 10398 10398 1924 1773 10403 10403 1184 1057 10402 10402 1915 1765 10401 10401 1190 1059 10406 10406 1189 1772 10405 10405 1199 1774 10404 10404 1191 1063 10409 10409 1189 1772 10408 10408 1192 1720 10407 10407 1199 1774 10412 10412 1189 1772 10411 10411 1191 1063 10410 10410 1865 1775 10415 10415 1864 1760 10414 10414 1192 1720 10413 10413 1923 1731 10418 10418 1922 1732 10417 10417 1920 1776 10416 10416 1865 1775 10421 10421 1919 1771 10420 10420 1923 1731 10419 10419 1859 1727 10424 10424 1921 1728 10423 10423 1920 1776 10422 10422 1069 1000 10427 10427 1050 1920 10426 10426 1121 1046 10425 10425 1166 1050 10430 10430 1148 1051 10429 10429 1856 1751 10428 10428 1851 1745 10433 10433 1069 1000 10432 10432 1144 1049 10431 10431 1860 1722 10436 10436 1858 1755 10435 10435 1042 987 10434 10434 1863 1712 10439 10439 1860 1722 10438 10438 1065 985 10437 10437 1850 1724 10442 10442 1087 988 10441 10441 1069 1000 10440 10440 1861 1719 10445 10445 1863 1712 10444 10444 1087 988 10443 10443 1148 1051 10448 10448 1129 1922 10447 10447 1853 1704 10446 10446 1139 983 10451 10451 1141 1045 10450 10450 1178 1777 10449 10449 1138 984 10454 10454 1178 1777 10453 10453 1157 998 10452 10452 1155 1004 10457 10457 1157 998 10456 10456 1178 1777 10455 10455 1177 1778 10460 10460 1178 1777 10459 10459 1141 1045 10458 10458 1925 1056 10463 10463 1924 1773 10462 10462 1187 1060 10461 10461 1927 1766 10466 10466 1968 1764 10465 10465 1966 1779 10464 10464 1924 1773 10469 10469 1927 1766 10468 10468 1917 1780 10467 10467 1929 1782 10472 10472 1973 1053 10471 10471 1974 1781 10470 10470 1965 1785 10475 10475 1970 1819 10474 10474 1964 1784 10473 10473 1184 1057 10478 10478 1928 1770 10477 10477 1931 1763 10476 10476 1864 1760 10481 10481 1865 1775 10480 10480 1921 1728 10479 10479 1934 1788 10484 10484 1935 1813 10483 10483 1949 1787 10482 10482 1937 1791 10487 10487 1953 1812 10486 10486 1954 1790 10485 10485 1941 1794 10490 10490 1943 1807 10489 10489 1948 1793 10488 10488 1947 1797 10493 10493 1945 1930 10492 10492 1952 1796 10491 10491 1934 1788 10496 10496 1950 1789 10495 10495 1960 1799 10494 10494 1938 1801 10499 10499 1936 1792 10498 10498 1954 1790 10497 10497 1939 1803 10502 10502 1938 1801 10501 10501 1962 1802 10500 10500 1941 1794 10505 10505 1956 1795 10504 10504 1961 1805 10503 10503 1951 1808 10508 10508 1948 1793 10507 10507 1943 1807 10506 10506 1950 1789 10511 10511 1949 1787 10510 10510 1948 1793 10509 10509 1952 1796 10514 10514 1945 1930 10513 10513 1944 1810 10512 10512 1953 1812 10517 10517 1952 1796 10516 10516 1955 1811 10515 10515 1957 1814 10520 10520 1949 1787 10519 10519 1935 1813 10518 10518 1956 1795 10523 10523 1948 1793 10522 10522 1949 1787 10521 10521 1953 1812 10526 10526 1937 1791 10525 10525 1939 1803 10524 10524 1958 1798 10529 10529 1952 1796 10528 10528 1953 1812 10527 10527 1951 1808 10532 10532 1942 1809 10531 10531 1940 1806 10530 10530 1950 1789 10535 10535 1951 1808 10534 10534 1961 1805 10533 10533 1955 1811 10538 10538 1944 1810 10537 10537 1946 1816 10536 10536 1954 1790 10541 10541 1955 1811 10540 10540 1963 1817 10539 10539 1958 1798 10544 10544 1963 1817 10543 10543 1946 1816 10542 10542 1959 1804 10547 10547 1962 1802 10546 10546 1963 1817 10545 10545 1957 1814 10550 10550 1933 1815 10549 10549 1932 1800 10548 10548 1956 1795 10553 10553 1957 1814 10552 10552 1960 1799 10551 10551 1968 1764 10556 10556 1965 1785 10555 10555 1912 1786 10554 10554 1917 1780 10559 10559 1966 1779 10558 10558 1969 1768 10557 10557 1966 1779 10562 10562 1968 1764 10561 10561 1926 1818 10560 10560 1915 1765 10565 10565 1931 1763 10564 10564 1970 1819 10563 10563 1971 1055 10568 10568 1973 1053 10567 10567 1929 1782 10566 10566 1974 1781 10571 10571 1184 1057 10570 10570 1185 1058 10569 10569 1974 1781 10574 10574 1973 1053 10573 10573 1928 1770 10572 10572 1976 1823 10577 10577 1975 1833 10576 10576 1982 1822 10575 10575 1979 1826 10580 10580 1980 1931 10579 10579 1977 1825 10578 10578 1978 1827 10583 10583 1977 1825 10582 10582 1985 1828 10581 10581 1990 1830 10586 10586 1989 1932 10585 10585 1981 1824 10584 10584 1978 1827 10589 10589 1986 1829 10588 10588 1987 1831 10587 10587 1983 1832 10592 10592 1990 1830 10591 10591 1982 1822 10590 10590 1981 1824 10595 10595 1989 1932 10594 10594 1984 1834 10593 10593 1977 1825 10598 10598 1980 1931 10597 10597 1988 1835 10596 10596 1914 1762 10601 10601 1186 1054 10600 10600 1971 1055 10599 10599 1994 1839 10604 10604 1993 1837 10603 10603 1995 1838 10602 10602 2054 1842 10607 10607 2052 1898 10606 10606 2051 1841 10605 10605 1997 1844 10610 10610 1992 1840 10609 10609 1995 1838 10608 10608 1991 1836 10613 10613 2055 1899 10612 10612 2000 1845 10611 10611 1993 1837 10616 10616 1994 1839 10615 10615 1999 1846 10614 10614 1997 1844 10619 10619 1999 1846 10618 10618 1994 1839 10617 10617 2002 1849 10622 10622 2007 1856 10621 10621 2010 1848 10620 10620 2006 1851 10625 10625 2001 1933 10624 10624 2005 1850 10623 10623 2008 1853 10628 10628 2009 1855 10627 10627 2004 1852 10626 10626 2002 1849 10631 10631 2004 1852 10630 10630 2009 1855 10629 10629 2014 1858 10634 10634 2012 1877 10633 10633 2011 1857 10632 10632 2016 1860 10637 10637 2014 1858 10636 10636 2013 1859 10635 10635 2018 1862 10640 10640 2016 1860 10639 10639 2015 1861 10638 10638 2019 1864 10643 10643 2020 1882 10642 10642 2018 1862 10641 10641 2022 1865 10646 10646 2020 1882 10645 10645 2019 1864 10644 10644 2023 1867 10649 10649 2024 1869 10648 10648 2022 1865 10647 10647 2033 1868 10652 10652 2032 1883 10651 10651 2022 1865 10650 10650 2011 1857 10655 10655 2012 1877 10654 10654 2026 1870 10653 10653 2025 1871 10658 10658 2026 1870 10657 10657 2024 1869 10656 10656 2037 1874 10661 10661 2029 1880 10660 10660 2030 1873 10659 10659 2034 1876 10664 10664 2033 1868 10663 10663 2024 1869 10662 10662 2034 1876 10667 10667 2026 1870 10666 10666 2012 1877 10665 10665 2028 1879 10670 10670 2014 1858 10669 10669 2016 1860 10668 10668 2030 1873 10673 10673 2029 1880 10672 10672 2016 1860 10671 10671 2027 1878 10676 10676 2012 1877 10675 10675 2014 1858 10674 10674 2031 1881 10679 10679 2030 1873 10678 10678 2018 1862 10677 10677 2032 1883 10682 10682 2031 1881 10681 10681 2020 1882 10680 10680 2047 1884 10685 10685 2046 1893 10684 10684 2038 1875 10683 10683 2041 1886 10688 10688 2040 1888 10687 10687 2032 1883 10686 10686 2036 1887 10691 10691 2028 1879 10690 10690 2029 1880 10689 10689 2040 1888 10694 10694 2039 1885 10693 10693 2031 1881 10692 10692 2042 1889 10697 10697 2034 1876 10696 10696 2027 1878 10695 10695 2035 1890 10700 10700 2027 1878 10699 10699 2028 1879 10698 10698 2038 1875 10703 10703 2030 1873 10702 10702 2031 1881 10701 10701 2042 1889 10706 10706 2041 1886 10705 10705 2033 1868 10704 10704 2050 1891 10709 10709 2049 1894 10708 10708 2041 1886 10707 10707 2045 1892 10712 10712 2037 1874 10711 10711 2038 1875 10710 10710 2049 1894 10715 10715 2048 1896 10714 10714 2040 1888 10713 10713 2044 1895 10718 10718 2036 1887 10717 10717 2037 1874 10716 10716 2048 1896 10721 10721 2047 1884 10720 10720 2039 1885 10719 10719 2050 1891 10724 10724 2042 1889 10723 10723 2035 1890 10722 10722 2043 1897 10727 10727 2035 1890 10726 10726 2036 1887 10725 10725 2000 1845 10730 10730 2051 1841 10729 10729 2052 1898 10728 10728 1998 1847 10733 10733 1999 1846 10732 10732 2054 1842 10731 10731 1997 1844 10736 10736 2052 1898 10735 10735 2054 1842 10734 10734 2055 1899 10739 10739 1996 1843 10738 10738 2051 1841 10737 10737 1444 1900 10742 10742 1421 1323 10741 10741 1340 1201 10740 10740 1441 1324 10745 10745 1421 1323 10744 10744 1444 1900 10743 10743 1373 1251 10748 10748 1374 1258 10747 10747 1380 1234 10746 10746 2058 1902 10751 10751 2061 1908 10750 10750 2060 1901 10749 10749 2057 1903 10754 10754 2060 1901 10753 10753 2059 1904 10752 10752 2060 1901 10757 10757 2063 1907 10756 10756 2062 1906 10755 10755 2061 1908 10760 10760 2064 1912 10759 10759 2063 1907 10758 10758 2057 1903 10763 10763 2056 1905 10762 10762 2065 1909 10761 10761 2058 1902 10766 10766 2057 1903 10765 10765 2066 1910 10764 10764 2059 1904 10769 10769 2062 1906 10768 10768 2065 1909 10767 10767 1227 1550 10772 10772 1223 1555 10771 10771 1245 1546 10770 10770 2064 1912 10775 10775 2061 1908 10774 10774 2058 1902 10773 10773 1238 1083 10778 10778 1247 1091 10777 10777 1224 1075 10776 10776 2067 1911 10781 10781 1247 1091 10780 10780 1238 1083 10779 10779 2065 1909 10784 10784 2062 1906 10783 10783 1236 1148 10782 10782 2065 1909 10787 10787 1846 1545 10786 10786 1597 1497 10785 10785 1585 1674 10790 10790 2067 1911 10789 10789 1246 1913 10788 10788 2064 1912 10793 10793 1285 1134 10792 10792 1286 1136 10791 10791 2062 1906 10796 10796 1237 1914 10795 10795 1286 1136 10794 10794 1298 1159 10799 10799 1299 1176 10798 10798 1320 1156 10797 10797 1501 1387 10802 10802 1314 1175 10801 10801 1317 1182 10800 10800 2068 1915 10805 10805 1299 1176 10804 10804 1501 1387 10803 10803 2068 1915 10808 10808 2069 1916 10807 10807 1323 1222 10806 10806 2069 1916 10811 10811 1501 1387 10810 10810 1325 1221 10809 10809 1299 1176 10814 10814 2068 1915 10813 10813 1318 1917 10812 10812 1817 1677 10817 10817 1623 1680 10816 10816 1318 1917 10815 10815 1623 1680 10820 10820 1624 1505 10819 10819 1241 1088 10818 10818 1218 1080 10823 10823 1232 1081 10822 10822 1242 1089 10821 10821 1301 1172 10826 10826 2071 1744 10825 10825 2073 1918 10824 10824 2071 1744 10829 10829 2070 1168 10828 10828 2072 1169 10827 10827 2074 1919 10832 10832 2076 1181 10831 10831 1315 1178 10830 10830 2075 1180 10835 10835 2077 1179 10834 10834 2076 1181 10833 10833 1307 1158 10838 10838 2070 1168 10837 10837 2074 1919 10836 10836 2070 1168 10841 10841 2071 1744 10840 10840 2075 1180 10839 10839 1315 1178 10844 10844 2076 1181 10843 10843 1317 1182 10842 10842 2015 1861 10847 10847 2013 1859 10846 10846 2011 1857 10845 10845 2019 1864 10850 10850 2017 1863 10849 10849 2011 1857 10848 10848 2019 1864 10853 10853 2025 1871 10852 10852 2023 1867 10851 10851</p>
        </polylist>
      </mesh>
      <extra><technique profile="MAYA"><double_sided>1</double_sided></technique></extra>
    </geometry>
  </library_geometries>
  <library_animations>
    <animation id="Armature_root_pose_matrix">
      <source id="Armature_root_pose_matrix-input">
        <float_array id="Armature_root_pose_matrix-input-array" count="2">0 0.8333333</float_array>
        <technique_common>
          <accessor source="#Armature_root_pose_matrix-input-array" count="2" stride="1">
            <param name="TIME" type="float" />
          </accessor>
        </technique_common>
      </source>
      <source id="Armature_root_pose_matrix-output">
        <float_array id="Armature_root_pose_matrix-output-array" count="32">1 0 0 0 0 0 -1 0 0 1 0 0 0 0 0 1 1 0 0 0 0 0 -1 0 0 1 0 0 0 0 0 1</float_array>
        <technique_common>
          <accessor source="#Armature_root_pose_matrix-output-array" count="2" stride="16">
            <param name="TRANSFORM" type="float4x4" />
          </accessor>
        </technique_common>
      </source>
      <source id="Armature_root_pose_matrix-interpolation">
        <Name_array id="Armature_root_pose_matrix-interpolation-array" count="2">LINEAR LINEAR</Name_array>
        <technique_common>
          <accessor source="#Armature_root_pose_matrix-interpolation-array" count="2" stride="1">
            <param name="INTERPOLATION" type="name" />
          </accessor>
        </technique_common>
      </source>
      <sampler id="Armature_root_pose_matrix-sampler">
        <input semantic="INPUT" source="#Armature_root_pose_matrix-input" />
        <input semantic="OUTPUT" source="#Armature_root_pose_matrix-output" />
        <input semantic="INTERPOLATION" source="#Armature_root_pose_matrix-interpolation" />
      </sampler>
      <channel source="#Armature_root_pose_matrix-sampler" target="root/transform" />
    </animation>
    <animation id="Armature_Ship_pose_matrix">
      <source id="Armature_Ship_pose_matrix-input">
        <float_array id="Armature_Ship_pose_matrix-input-array" count="2">0 0.8333333</float_array>
        <technique_common>
          <accessor source="#Armature_Ship_pose_matrix-input-array" count="2" stride="1">
            <param name="TIME" type="float" />
          </accessor>
        </technique_common>
      </source>
      <source id="Armature_Ship_pose_matrix-output">
        <float_array id="Armature_Ship_pose_matrix-output-array" count="32">1 0 -8.67049e-6 0 -8.67049e-6 0 -0.9999999 0.2800834 0 0.9999999 1.19209e-7 -1.646838 0 0 0 1 1 0 -8.67049e-6 0 -8.67049e-6 0 -0.9999999 0.2800834 0 0.9999999 1.19209e-7 -1.646838 0 0 0 1</float_array>
        <technique_common>
          <accessor source="#Armature_Ship_pose_matrix-output-array" count="2" stride="16">
            <param name="TRANSFORM" type="float4x4" />
          </accessor>
        </technique_common>
      </source>
      <source id="Armature_Ship_pose_matrix-interpolation">
        <Name_array id="Armature_Ship_pose_matrix-interpolation-array" count="2">LINEAR LINEAR</Name_array>
        <technique_common>
          <accessor source="#Armature_Ship_pose_matrix-interpolation-array" count="2" stride="1">
            <param name="INTERPOLATION" type="name" />
          </accessor>
        </technique_common>
      </source>
      <sampler id="Armature_Ship_pose_matrix-sampler">
        <input semantic="INPUT" source="#Armature_Ship_pose_matrix-input" />
        <input semantic="OUTPUT" source="#Armature_Ship_pose_matrix-output" />
        <input semantic="INTERPOLATION" source="#Armature_Ship_pose_matrix-interpolation" />
      </sampler>
      <channel source="#Armature_Ship_pose_matrix-sampler" target="Ship/transform" />
    </animation>
    <animation id="Armature_Glass_pose_matrix">
      <source id="Armature_Glass_pose_matrix-input">
        <float_array id="Armature_Glass_pose_matrix-input-array" count="2">0 0.8333333</float_array>
        <technique_common>
          <accessor source="#Armature_Glass_pose_matrix-input-array" count="2" stride="1">
            <param name="TIME" type="float" />
          </accessor>
        </technique_common>
      </source>
      <source id="Armature_Glass_pose_matrix-output">
        <float_array id="Armature_Glass_pose_matrix-output-array" count="32">1 2.95742e-6 -8.12403e-6 -1.07833e-5 -1.41026e-7 -0.9339684 -0.3573557 1.748289 -8.64444e-6 0.3573557 -0.933969 -1.24552 0 0 0 1 1 -8.23898e-6 -3.1245e-6 -1.07833e-5 -2.6057e-8 -0.3573557 0.9339686 1.748289 -8.81151e-6 -0.9339691 -0.3573557 -1.24552 0 0 0 1</float_array>
        <technique_common>
          <accessor source="#Armature_Glass_pose_matrix-output-array" count="2" stride="16">
            <param name="TRANSFORM" type="float4x4" />
          </accessor>
        </technique_common>
      </source>
      <source id="Armature_Glass_pose_matrix-interpolation">
        <Name_array id="Armature_Glass_pose_matrix-interpolation-array" count="2">LINEAR LINEAR</Name_array>
        <technique_common>
          <accessor source="#Armature_Glass_pose_matrix-interpolation-array" count="2" stride="1">
            <param name="INTERPOLATION" type="name" />
          </accessor>
        </technique_common>
      </source>
      <sampler id="Armature_Glass_pose_matrix-sampler">
        <input semantic="INPUT" source="#Armature_Glass_pose_matrix-input" />
        <input semantic="OUTPUT" source="#Armature_Glass_pose_matrix-output" />
        <input semantic="INTERPOLATION" source="#Armature_Glass_pose_matrix-interpolation" />
      </sampler>
      <channel source="#Armature_Glass_pose_matrix-sampler" target="Glass/transform" />
    </animation>
  </library_animations>
  <library_controllers />
  <library_visual_scenes>
    <visual_scene id="E-45_GLSL" name="E-45_GLSL">
      <node id="Armature" name="Armature" type="NODE">
        <translate sid="location">0 0 0</translate>
        <rotate sid="rotationZ">0 0 1 0</rotate>
        <rotate sid="rotationY">0 1 0 0</rotate>
        <rotate sid="rotationX">1 0 0 0</rotate>
        <scale sid="scale">1 1 1</scale>
        <node id="root" name="root" sid="root" type="JOINT">
          <matrix sid="transform">1 0 0 0 0 0 -1 0 0 1 0 0 0 0 0 1</matrix>
          <node id="Ship" name="Ship" sid="Ship" type="JOINT">
            <matrix sid="transform">1 0 -8.67049e-6 0 -8.67049e-6 0 -0.9999999 0.2800834 0 0.9999999 1.19209e-7 -1.646838 0 0 0 1</matrix>
            <node id="Cube_021" name="Cube_021" type="NODE">
              <matrix sid="transform">1 -1.13651e-13 -8.67049e-06 2.42846e-06 1.0336e-12 -1 1.19209e-07 1.64684 -8.67049e-06 -3.14096e-22 -1 0.280083 0 0 0 1</matrix><instance_geometry url="#Cube_048-mesh" name="Cube_021">
                <bind_material>
                  <technique_common>
                    <instance_material symbol="ship-material" target="#ship-material" />
                  </technique_common>
                </bind_material>
              </instance_geometry>
            </node>
            <node id="Glass" name="Glass" sid="Glass" type="JOINT">
              <matrix sid="transform">1 2.95742e-6 -8.12403e-6 -1.07833e-5 -1.41026e-7 -0.9339684 -0.3573557 1.748289 -8.64444e-6 0.3573557 -0.933969 -1.24552 0 0 0 1</matrix>
              <node id="Cube_004" name="Cube_004" type="NODE">
                <matrix sid="transform">1 1.4103e-07 -2.60572e-08 3.87016e-11 -1.41028e-07 0.933968 -0.357356 -1.8023e-06 -2.60463e-08 0.357356 0.933969 -2.86522e-07 0 0 0 1</matrix><instance_geometry url="#Cube_001-mesh" name="Cube_004">
                  <bind_material>
                    <technique_common>
                      <instance_material symbol="Material_004-material" target="#Material_004-material" />
                    </technique_common>
                  </bind_material>
                </instance_geometry>
              </node>
              <extra>
                <technique profile="blender">
                  <layer>0</layer>
                  <tip_x>-4.59466e-7</tip_x>
                  <tip_y>3.042905</tip_y>
                  <tip_z>-1.164279</tip_z>
                </technique>
              </extra>
            </node>
            <extra>
              <technique profile="blender">
                <layer>0</layer>
                <roll>-3.141601</roll>
                <tip_x>0</tip_x>
                <tip_y>-3.89548</tip_y>
                <tip_z>0</tip_z>
              </technique>
            </extra>
          </node>
          <extra>
            <technique profile="blender">
              <layer>0</layer>
              <tip_x>0</tip_x>
              <tip_y>0</tip_y>
              <tip_z>0.3572943</tip_z>
            </technique>
          </extra>
        </node>
      </node>
    </visual_scene>
  </library_visual_scenes>
  <scene>
    <instance_visual_scene url="#E-45_GLSL" />
  </scene>
</COLLADA>