  0
SECTION
  2
HEADER
  9
$ACADVER
  1
AC1018
  9
$ACADMAINTVER
 70
   104
  9
$DWGCODEPAGE
  3
ANSI_1252
  9
$LASTSAVEDBY
  1
Republic Gamer
  9
$INSBASE
 10
0.0
 20
0.0
 30
0.0
  9
$EXTMIN
 10
-28.18589480315468
 20
-25.65097903013198
 30
0.0
  9
$EXTMAX
 10
96.27154473109809
 20
80.63641684813211
 30
0.0
  9
$LIMMIN
 10
0.0
 20
0.0
  9
$LIMMAX
 10
12.0
 20
9.0
  9
$ORTHOMODE
 70
     1
  9
$REGENMODE
 70
     1
  9
$FILLMODE
 70
     1
  9
$QTEXTMODE
 70
     0
  9
$MIRRTEXT
 70
     1
  9
$LTSCALE
 40
1.0
  9
$ATTMODE
 70
     1
  9
$TEXTSIZE
 40
0.2
  9
$TRACEWID
 40
0.05
  9
$TEXTSTYLE
  7
Standard
  9
$CLAYER
  8
0
  9
$CELTYPE
  6
ByLayer
  9
$CECOLOR
 62
   256
  9
$CELTSCALE
 40
1.0
  9
$DISPSILH
 70
     0
  9
$DIMSCALE
 40
1.0
  9
$DIMASZ
 40
0.18
  9
$DIMEXO
 40
0.0625
  9
$DIMDLI
 40
0.38
  9
$DIMRND
 40
0.0
  9
$DIMDLE
 40
0.0
  9
$DIMEXE
 40
0.18
  9
$DIMTP
 40
0.0
  9
$DIMTM
 40
0.0
  9
$DIMTXT
 40
0.18
  9
$DIMCEN
 40
0.09
  9
$DIMTSZ
 40
0.0
  9
$DIMTOL
 70
     0
  9
$DIMLIM
 70
     0
  9
$DIMTIH
 70
     1
  9
$DIMTOH
 70
     1
  9
$DIMSE1
 70
     0
  9
$DIMSE2
 70
     0
  9
$DIMTAD
 70
     0
  9
$DIMZIN
 70
     0
  9
$DIMBLK
  1

  9
$DIMASO
 70
     1
  9
$DIMSHO
 70
     1
  9
$DIMPOST
  1

  9
$DIMAPOST
  1

  9
$DIMALT
 70
     0
  9
$DIMALTD
 70
     2
  9
$DIMALTF
 40
25.4
  9
$DIMLFAC
 40
1.0
  9
$DIMTOFL
 70
     0
  9
$DIMTVP
 40
0.0
  9
$DIMTIX
 70
     0
  9
$DIMSOXD
 70
     0
  9
$DIMSAH
 70
     0
  9
$DIMBLK1
  1

  9
$DIMBLK2
  1

  9
$DIMSTYLE
  2
Standard
  9
$DIMCLRD
 70
     0
  9
$DIMCLRE
 70
     0
  9
$DIMCLRT
 70
     0
  9
$DIMTFAC
 40
1.0
  9
$DIMGAP
 40
0.09
  9
$DIMJUST
 70
     0
  9
$DIMSD1
 70
     0
  9
$DIMSD2
 70
     0
  9
$DIMTOLJ
 70
     1
  9
$DIMTZIN
 70
     0
  9
$DIMALTZ
 70
     0
  9
$DIMALTTZ
 70
     0
  9
$DIMUPT
 70
     0
  9
$DIMDEC
 70
     4
  9
$DIMTDEC
 70
     4
  9
$DIMALTU
 70
     2
  9
$DIMALTTD
 70
     2
  9
$DIMTXSTY
  7
Standard
  9
$DIMAUNIT
 70
     0
  9
$DIMADEC
 70
     0
  9
$DIMALTRND
 40
0.0
  9
$DIMAZIN
 70
     0
  9
$DIMDSEP
 70
    46
  9
$DIMATFIT
 70
     3
  9
$DIMFRAC
 70
     0
  9
$DIMLDRBLK
  1

  9
$DIMLUNIT
 70
     2
  9
$DIMLWD
 70
    -2
  9
$DIMLWE
 70
    -2
  9
$DIMTMOVE
 70
     0
  9
$LUNITS
 70
     2
  9
$LUPREC
 70
     4
  9
$SKETCHINC
 40
0.1
  9
$FILLETRAD
 40
0.0
  9
$AUNITS
 70
     0
  9
$AUPREC
 70
     0
  9
$MENU
  1
.
  9
$ELEVATION
 40
0.0
  9
$PELEVATION
 40
0.0
  9
$THICKNESS
 40
0.0
  9
$LIMCHECK
 70
     0
  9
$CHAMFERA
 40
0.0
  9
$CHAMFERB
 40
0.0
  9
$CHAMFERC
 40
0.0
  9
$CHAMFERD
 40
0.0
  9
$SKPOLY
 70
     0
  9
$TDCREATE
 40
2460475.624733796
  9
$TDUCREATE
 40
2460475.791400463
  9
$TDUPDATE
 40
2460475.460914352
  9
$TDUUPDATE
 40
2460475.627581018
  9
$TDINDWG
 40
0.0023264005
  9
$TDUSRTIMER
 40
0.0023264005
  9
$USRTIMER
 70
     1
  9
$ANGBASE
 50
0.0
  9
$ANGDIR
 70
     0
  9
$PDMODE
 70
     0
  9
$PDSIZE
 40
0.0
  9
$PLINEWID
 40
0.0
  9
$SPLFRAME
 70
     0
  9
$SPLINETYPE
 70
     6
  9
$SPLINESEGS
 70
     8
  9
$HANDSEED
  5
1DE8
  9
$SURFTAB1
 70
     6
  9
$SURFTAB2
 70
     6
  9
$SURFTYPE
 70
     6
  9
$SURFU
 70
     6
  9
$SURFV
 70
     6
  9
$UCSBASE
  2

  9
$UCSNAME
  2

  9
$UCSORG
 10
0.0
 20
0.0
 30
0.0
  9
$UCSXDIR
 10
1.0
 20
0.0
 30
0.0
  9
$UCSYDIR
 10
0.0
 20
1.0
 30
0.0
  9
$UCSORTHOREF
  2

  9
$UCSORTHOVIEW
 70
     0
  9
$UCSORGTOP
 10
0.0
 20
0.0
 30
0.0
  9
$UCSORGBOTTOM
 10
0.0
 20
0.0
 30
0.0
  9
$UCSORGLEFT
 10
0.0
 20
0.0
 30
0.0
  9
$UCSORGRIGHT
 10
0.0
 20
0.0
 30
0.0
  9
$UCSORGFRONT
 10
0.0
 20
0.0
 30
0.0
  9
$UCSORGBACK
 10
0.0
 20
0.0
 30
0.0
  9
$PUCSBASE
  2

  9
$PUCSNAME
  2

  9
$PUCSORG
 10
0.0
 20
0.0
 30
0.0
  9
$PUCSXDIR
 10
1.0
 20
0.0
 30
0.0
  9
$PUCSYDIR
 10
0.0
 20
1.0
 30
0.0
  9
$PUCSORTHOREF
  2

  9
$PUCSORTHOVIEW
 70
     0
  9
$PUCSORGTOP
 10
0.0
 20
0.0
 30
0.0
  9
$PUCSORGBOTTOM
 10
0.0
 20
0.0
 30
0.0
  9
$PUCSORGLEFT
 10
0.0
 20
0.0
 30
0.0
  9
$PUCSORGRIGHT
 10
0.0
 20
0.0
 30
0.0
  9
$PUCSORGFRONT
 10
0.0
 20
0.0
 30
0.0
  9
$PUCSORGBACK
 10
0.0
 20
0.0
 30
0.0
  9
$USERI1
 70
     0
  9
$USERI2
 70
     0
  9
$USERI3
 70
     0
  9
$USERI4
 70
     0
  9
$USERI5
 70
     0
  9
$USERR1
 40
0.0
  9
$USERR2
 40
0.0
  9
$USERR3
 40
0.0
  9
$USERR4
 40
0.0
  9
$USERR5
 40
0.0
  9
$WORLDVIEW
 70
     1
  9
$SHADEDGE
 70
     3
  9
$SHADEDIF
 70
    70
  9
$TILEMODE
 70
     1
  9
$MAXACTVP
 70
    64
  9
$PINSBASE
 10
0.0
 20
0.0
 30
0.0
  9
$PLIMCHECK
 70
     0
  9
$PEXTMIN
 10
1.000000000000000E+20
 20
1.000000000000000E+20
 30
1.000000000000000E+20
  9
$PEXTMAX
 10
-1.000000000000000E+20
 20
-1.000000000000000E+20
 30
-1.000000000000000E+20
  9
$PLIMMIN
 10
0.0
 20
0.0
  9
$PLIMMAX
 10
12.0
 20
9.0
  9
$UNITMODE
 70
     0
  9
$VISRETAIN
 70
     1
  9
$PLINEGEN
 70
     0
  9
$PSLTSCALE
 70
     1
  9
$TREEDEPTH
 70
  3020
  9
$CMLSTYLE
  2
Standard
  9
$CMLJUST
 70
     0
  9
$CMLSCALE
 40
1.0
  9
$PROXYGRAPHICS
 70
     1
  9
$MEASUREMENT
 70
     1
  9
$CELWEIGHT
370
    -1
  9
$ENDCAPS
280
     0
  9
$JOINSTYLE
280
     0
  9
$LWDISPLAY
290
     0
  9
$INSUNITS
 70
     6
  9
$HYPERLINKBASE
  1

  9
$STYLESHEET
  1
monochrome.ctb
  9
$XEDIT
290
     1
  9
$CEPSNTYPE
380
     0
  9
$PSTYLEMODE
290
     1
  9
$FINGERPRINTGUID
  2
{7a49039a-74e1-427e-8919-4926cbdf3287}
  9
$VERSIONGUID
  2
{321D7E51-A29A-804A-AB2E-9B0DA8DF0866}
  9
$EXTNAMES
290
     1
  9
$PSVPSCALE
 40
0.0
  9
$OLESTARTUP
290
     0
  9
$SORTENTS
280
   127
  9
$INDEXCTL
280
     0
  9
$HIDETEXT
280
     1
  9
$XCLIPFRAME
290
     0
  9
$HALOGAP
280
     0
  9
$OBSCOLOR
 70
   257
  9
$OBSLTYPE
280
     0
  9
$INTERSECTIONDISPLAY
280
     0
  9
$INTERSECTIONCOLOR
 70
   257
  9
$DIMASSOC
280
     2
  9
$PROJECTNAME
  1

  0
ENDSEC
  0
SECTION
  2
CLASSES
  0
CLASS
  1
ACDBDICTIONARYWDFLT
  2
AcDbDictionaryWithDefault
  3
ObjectDBX Classes
 90
        0
 91
        1
280
     0
281
     0
  0
CLASS
  1
VISUALSTYLE
  2
AcDbVisualStyle
  3
ObjectDBX Classes
 90
     4095
 91
       24
280
     0
281
     0
  0
CLASS
  1
MATERIAL
  2
AcDbMaterial
  3
ObjectDBX Classes
 90
     1153
 91
        3
280
     0
281
     0
  0
CLASS
  1
SCALE
  2
AcDbScale
  3
ObjectDBX Classes
 90
     1153
 91
       17
280
     0
281
     0
  0
CLASS
  1
TABLESTYLE
  2
AcDbTableStyle
  3
ObjectDBX Classes
 90
     4095
 91
        1
280
     0
281
     0
  0
CLASS
  1
MLEADERSTYLE
  2
AcDbMLeaderStyle
  3
ACDB_MLEADERSTYLE_CLASS
 90
     4095
 91
        1
280
     0
281
     0
  0
CLASS
  1
SUN
  2
AcDbSun
  3
SCENEOE
 90
     1153
 91
        1
280
     0
281
     0
  0
CLASS
  1
DICTIONARYVAR
  2
AcDbDictionaryVar
  3
ObjectDBX Classes
 90
        0
 91
        9
280
     0
281
     0
  0
CLASS
  1
CELLSTYLEMAP
  2
AcDbCellStyleMap
  3
ObjectDBX Classes
 90
     1152
 91
        2
280
     0
281
     0
  0
CLASS
  1
ACDBSECTIONVIEWSTYLE
  2
AcDbSectionViewStyle
  3
ObjectDBX Classes
 90
     1025
 91
        1
280
     0
281
     0
  0
CLASS
  1
ACDBDETAILVIEWSTYLE
  2
AcDbDetailViewStyle
  3
ObjectDBX Classes
 90
     1025
 91
        1
280
     0
281
     0
  0
CLASS
  1
SORTENTSTABLE
  2
AcDbSortentsTable
  3
ObjectDBX Classes
 90
        0
 91
        1
280
     0
281
     0
  0
ENDSEC
  0
SECTION
  2
TABLES
  0
TABLE
  2
VPORT
  5
8
102
{ACAD_XDICTIONARY
360
190F
102
}
330
0
100
AcDbSymbolTable
 70
     1
  0
VPORT
  5
29
330
8
100
AcDbSymbolTableRecord
100
AcDbViewportTableRecord
  2
*Active
 70
     0
 10
0.0
 20
0.0
 11
1.0
 21
1.0
 12
77.90440105598563
 22
45.15990418047131
 13
0.0
 23
0.0
 14
0.5
 24
0.5
 15
0.5
 25
0.5
 16
0.0
 26
0.0
 36
1.0
 17
0.0
 27
0.0
 37
-1000.0
 40
92.52994324651885
 41
2.273709483793517
 42
50.0
 43
74.85409927916016
 44
88.91619927916016
 50
0.0
 51
0.0
 71
     0
 72
   100
 73
     1
 74
     3
 75
     0
 76
     0
 77
     0
 78
     0
281
     0
 65
     1
110
0.0
120
0.0
130
0.0
111
1.0
121
0.0
131
0.0
112
0.0
122
1.0
132
0.0
 79
     0
146
0.0
1001
ACAD_NAV_VCDISPLAY
1070
     3
  0
ENDTAB
  0
TABLE
  2
LTYPE
  5
5
330
0
100
AcDbSymbolTable
 70
     2
  0
LTYPE
  5
14
330
5
100
AcDbSymbolTableRecord
100
AcDbLinetypeTableRecord
  2
ByBlock
 70
     0
  3

 72
    65
 73
     0
 40
0.0
  0
LTYPE
  5
15
330
5
100
AcDbSymbolTableRecord
100
AcDbLinetypeTableRecord
  2
ByLayer
 70
     0
  3

 72
    65
 73
     0
 40
0.0
  0
LTYPE
  5
16
330
5
100
AcDbSymbolTableRecord
100
AcDbLinetypeTableRecord
  2
Continuous
 70
     0
  3
Solid line
 72
    65
 73
     0
 40
0.0
  0
ENDTAB
  0
TABLE
  2
LAYER
  5
2
330
0
100
AcDbSymbolTable
 70
     3
  0
LAYER
  5
10
102
{ACAD_XDICTIONARY
360
1D9B
102
}
330
2
100
AcDbSymbolTableRecord
100
AcDbLayerTableRecord
  2
0
 70
     0
 62
     7
  6
Continuous
370
    -3
390
1939
  0
ENDTAB
  0
TABLE
  2
STYLE
  5
3
330
0
100
AcDbSymbolTable
 70
     2
  0
STYLE
  5
11
330
3
100
AcDbSymbolTableRecord
100
AcDbTextStyleTableRecord
  2
Standard
 70
     0
 40
0.0
 41
1.0
 50
0.0
 71
     0
 42
0.2
  3
txt
  4

  0
ENDTAB
  0
TABLE
  2
VIEW
  5
6
330
0
100
AcDbSymbolTable
 70
     0
  0
ENDTAB
  0
TABLE
  2
UCS
  5
7
330
0
100
AcDbSymbolTable
 70
     0
  0
ENDTAB
  0
TABLE
  2
APPID
  5
9
330
0
100
AcDbSymbolTable
 70
     5
  0
APPID
  5
12
330
9
100
AcDbSymbolTableRecord
100
AcDbRegAppTableRecord
  2
ACAD
 70
     0
  0
APPID
  5
192D
330
9
100
AcDbSymbolTableRecord
100
AcDbRegAppTableRecord
  2
ACAD_MLEADERVER
 70
     0
  0
APPID
  5
1D40
330
9
100
AcDbSymbolTableRecord
100
AcDbRegAppTableRecord
  2
ACAD_EXEMPT_FROM_CAD_STANDARDS
 70
     0
  0
APPID
  5
1D9F
330
9
100
AcDbSymbolTableRecord
100
AcDbRegAppTableRecord
  2
Acad_TC
 70
     0
  0
APPID
  5
1DAB
330
9
100
AcDbSymbolTableRecord
100
AcDbRegAppTableRecord
  2
ACAD_NAV_VCDISPLAY
 70
     0
  0
ENDTAB
  0
TABLE
  2
DIMSTYLE
  5
A
330
0
100
AcDbSymbolTable
 70
     3
100
AcDbDimStyleTable
 71
     1
340
27
  0
DIMSTYLE
105
27
330
A
100
AcDbSymbolTableRecord
100
AcDbDimStyleTableRecord
  2
Standard
 70
     0
340
11
  0
ENDTAB
  0
TABLE
  2
BLOCK_RECORD
  5
1
330
0
100
AcDbSymbolTable
 70
     3
  0
BLOCK_RECORD
  5
1F
102
{ACAD_XDICTIONARY
360
18F9
102
}
330
1
100
AcDbSymbolTableRecord
100
AcDbBlockTableRecord
  2
*Model_Space
340
22
  0
BLOCK_RECORD
  5
1B
102
{ACAD_XDICTIONARY
360
18FB
102
}
330
1
100
AcDbSymbolTableRecord
100
AcDbBlockTableRecord
  2
*Paper_Space
340
1E
  0
BLOCK_RECORD
  5
23
102
{ACAD_XDICTIONARY
360
18FD
102
}
330
1
100
AcDbSymbolTableRecord
100
AcDbBlockTableRecord
  2
*Paper_Space0
340
26
  0
ENDTAB
  0
ENDSEC
  0
SECTION
  2
BLOCKS
  0
BLOCK
  5
20
330
1F
100
AcDbEntity
  8
0
100
AcDbBlockBegin
  2
*Model_Space
 70
     0
 10
0.0
 20
0.0
 30
0.0
  3
*Model_Space
  1

  0
ENDBLK
  5
21
330
1F
100
AcDbEntity
  8
0
100
AcDbBlockEnd
  0
BLOCK
  5
1C
330
1B
100
AcDbEntity
 67
     1
  8
0
100
AcDbBlockBegin
  2
*Paper_Space
 70
     0
 10
0.0
 20
0.0
 30
0.0
  3
*Paper_Space
  1

  0
ENDBLK
  5
1D
330
1B
100
AcDbEntity
 67
     1
  8
0
100
AcDbBlockEnd
  0
BLOCK
  5
24
330
23
100
AcDbEntity
 67
     1
  8
0
100
AcDbBlockBegin
  2
*Paper_Space0
 70
     0
 10
0.0
 20
0.0
 30
0.0
  3
*Paper_Space0
  1

  0
ENDBLK
  5
25
330
23
100
AcDbEntity
 67
     1
  8
0
100
AcDbBlockEnd
  0
ENDSEC
  0
SECTION
  2
ENTITIES
  0
LINE
  5
63
330
1F
100
AcDbEntity
  8
0
100
AcDbLine
 10
64.39007602319597
 20
40.37256812623188
 30
0.0
 11
64.39182664347024
 21
40.37365576206595
 31
0.0
  0
LINE
  5
6F
330
1F
100
AcDbEntity
  8
0
100
AcDbLine
 10
70.13579878379518
 20
59.11760906014288
 30
0.0
 11
70.13577093743307
 21
59.1175706413968
 31
0.0
  0
LINE
  5
71
330
1F
100
AcDbEntity
  8
0
100
AcDbLine
 10
94.82205057091347
 20
40.83838911768153
 30
0.0
 11
95.2678642745932
 21
41.05346071109535
 31
0.0
  0
LINE
  5
73
330
1F
100
AcDbEntity
  8
0
100
AcDbLine
 10
54.9621567409137
 20
52.91776684813211
 30
0.0
 11
54.96221417511319
 21
52.91770007504066
 31
0.0
  0
LINE
  5
77
330
1F
100
AcDbEntity
  8
0
100
AcDbLine
 10
66.48152862809957
 20
37.7696831386904
 30
0.0
 11
66.48193963306241
 21
37.76937084805522
 31
0.0
  0
LINE
  5
7A
330
1F
100
AcDbEntity
  8
0
100
AcDbLine
 10
66.81253765932814
 20
38.9859990185991
 30
0.0
 11
66.81254473109809
 21
38.98596698082554
 31
0.0
  0
LINE
  5
7C
330
1F
100
AcDbEntity
  8
0
100
AcDbLine
 10
65.51363204867732
 20
50.58091433327444
 30
0.0
 11
65.515144561633
 21
50.57976684813212
 31
0.0
  0
LINE
  5
81
330
1F
100
AcDbEntity
  8
0
100
AcDbLine
 10
80.36405539982327
 20
29.13596952127578
 30
0.0
 11
80.35351242897309
 21
29.1663668481321
 31
0.0
  0
LINE
  5
87
330
1F
100
AcDbEntity
  8
0
100
AcDbLine
 10
63.18864473109807
 20
25.8550668481321
 30
0.0
 11
63.44914473109808
 21
25.8550668481321
 31
0.0
  0
LINE
  5
92
330
1F
100
AcDbEntity
  8
0
100
AcDbLine
 10
60.95954473109808
 20
26.74796684813209
 30
0.0
 11
60.90794473109808
 21
26.74726684813208
 31
0.0
  0
LINE
  5
A3
330
1F
100
AcDbEntity
  8
0
100
AcDbLine
 10
63.26194473109808
 20
26.69676684813209
 30
0.0
 11
63.35633874485293
 21
27.79680099364276
 31
0.0
  0
LINE
  5
B7
330
1F
100
AcDbEntity
  8
0
100
AcDbLine
 10
58.35052558869729
 20
25.85446684813209
 30
0.0
 11
58.35054473109807
 21
25.85426684813209
 31
0.0
  0
LINE
  5
BF
330
1F
100
AcDbEntity
  8
0
100
AcDbLine
 10
58.62104473109807
 20
25.85466684813209
 30
0.0
 11
58.62100865738074
 21
25.85508713485057
 31
0.0
  0
LINE
  5
C2
330
1F
100
AcDbEntity
  8
0
100
AcDbLine
 10
60.90164473109807
 20
27.72296684813209
 30
0.0
 11
60.90114473109807
 21
27.72297348530024
 31
0.0
  0
LINE
  5
C3
330
1F
100
AcDbEntity
  8
0
100
AcDbLine
 10
60.90114473109807
 20
27.04137348530024
 30
0.0
 11
60.90164473109807
 21
27.0413668481321
 31
0.0
  0
LINE
  5
C8
330
1F
100
AcDbEntity
  8
0
100
AcDbLine
 10
59.01534847654703
 20
26.49828354180729
 30
0.0
 11
59.01512526609496
 21
26.50146799499123
 31
0.0
  0
LINE
  5
D3
330
1F
100
AcDbEntity
  8
0
100
AcDbLine
 10
60.21521738321895
 20
26.2755668481321
 30
0.0
 11
60.21384184271908
 21
26.2755668481321
 31
0.0
  0
LINE
  5
F6
330
1F
100
AcDbEntity
  8
0
100
AcDbLine
 10
60.15069064914295
 20
28.4791668481321
 30
0.0
 11
60.17094473109807
 21
27.6911668481321
 31
0.0
  0
LINE
  5
F8
330
1F
100
AcDbEntity
  8
0
100
AcDbLine
 10
61.63098476772022
 20
27.72003183897655
 30
0.0
 11
61.63724473109808
 21
27.7184668481321
 31
0.0
  0
LINE
  5
FE
330
1F
100
AcDbEntity
  8
0
100
AcDbLine
 10
63.34948014933363
 20
27.79737921409946
 30
0.0
 11
63.35534473109808
 21
27.79676684813209
 31
0.0
  0
LINE
  5
100
330
1F
100
AcDbEntity
  8
0
100
AcDbLine
 10
62.91634473109808
 20
27.96816684813208
 30
0.0
 11
62.9521883928606
 21
28.4791668481321
 31
0.0
  0
LINE
  5
104
330
1F
100
AcDbEntity
  8
0
100
AcDbLine
 10
62.93993831998008
 20
27.96871553624562
 30
0.0
 11
62.8630722473964
 21
27.25343748804601
 31
0.0
  0
LINE
  5
106
330
1F
100
AcDbEntity
  8
0
100
AcDbLine
 10
62.31164473109807
 20
27.6071668481321
 30
0.0
 11
62.35491995601826
 21
28.4791668481321
 31
0.0
  0
LINE
  5
10C
330
1F
100
AcDbEntity
  8
0
100
AcDbLine
 10
62.83352462868553
 20
26.82117094477032
 30
0.0
 11
62.83369910464132
 21
26.82365881030752
 31
0.0
  0
LINE
  5
10D
330
1F
100
AcDbEntity
  8
0
100
AcDbLine
 10
63.40831619924212
 20
28.4791668481321
 30
0.0
 11
63.40617858570828
 21
28.45427399375419
 31
0.0
  0
LINE
  5
10E
330
1F
100
AcDbEntity
  8
0
100
AcDbLine
 10
63.25523501144425
 20
26.6965117257118
 30
0.0
 11
63.25499751791102
 21
26.69374607521187
 31
0.0
  0
LINE
  5
10F
330
1F
100
AcDbEntity
  8
0
100
AcDbLine
 10
63.26277671097722
 20
26.69325203820382
 30
0.0
 11
63.26375780405373
 21
26.69657676790287
 31
0.0
  0
LINE
  5
11C
330
1F
100
AcDbEntity
  8
0
100
AcDbLine
 10
61.61172232374738
 20
26.76779959658976
 30
0.0
 11
61.61166266224576
 21
26.76547150505279
 31
0.0
  0
LINE
  5
120
330
1F
100
AcDbEntity
  8
0
100
AcDbLine
 10
61.64084473109808
 20
46.46906684813211
 30
0.0
 11
62.45434473109807
 21
46.46906684813211
 31
0.0
  0
LINE
  5
122
330
1F
100
AcDbEntity
  8
0
100
AcDbLine
 10
61.23354473109807
 20
46.46906684813211
 30
0.0
 11
61.64084473109808
 21
46.46906684813211
 31
0.0
  0
LINE
  5
126
330
1F
100
AcDbEntity
  8
0
100
AcDbLine
 10
62.45434473109807
 20
45.5423668481321
 30
0.0
 11
61.64084473109808
 21
45.5423668481321
 31
0.0
  0
LINE
  5
129
330
1F
100
AcDbEntity
  8
0
100
AcDbLine
 10
62.45434473109807
 20
46.46906684813211
 30
0.0
 11
62.45434473109807
 21
45.5423668481321
 31
0.0
  0
LINE
  5
131
330
1F
100
AcDbEntity
  8
0
100
AcDbLine
 10
62.27081673330939
 20
26.79503926336115
 30
0.0
 11
62.27068374047711
 21
26.79235561247085
 31
0.0
  0
LINE
  5
136
330
1F
100
AcDbEntity
  8
0
100
AcDbLine
 10
65.57894473109808
 20
46.23826684813211
 30
0.0
 11
62.62864473109807
 21
46.23826684813211
 31
0.0
  0
LINE
  5
138
330
1F
100
AcDbEntity
  8
0
100
AcDbLine
 10
62.62864473109807
 20
46.3686668481321
 30
0.0
 11
65.57894473109808
 21
46.3686668481321
 31
0.0
  0
LINE
  5
13D
330
1F
100
AcDbEntity
  8
0
100
AcDbLine
 10
62.62864473109807
 20
45.74966684813211
 30
0.0
 11
62.62864473109807
 21
45.81726684813211
 31
0.0
  0
LINE
  5
180
330
1F
100
AcDbEntity
  8
0
100
AcDbLine
 10
49.67990977112926
 20
51.64383285811783
 30
0.0
 11
47.00104473109807
 21
51.78616684813211
 31
0.0
  0
LINE
  5
182
330
1F
100
AcDbEntity
  8
0
100
AcDbLine
 10
47.39504473109806
 20
52.39336684813211
 30
0.0
 11
47.6949640729873
 21
52.59959881076852
 31
0.0
  0
LINE
  5
183
330
1F
100
AcDbEntity
  8
0
100
AcDbLine
 10
48.24387896604772
 20
49.95605868157341
 30
0.0
 11
47.88704473109808
 21
50.02256684813211
 31
0.0
  0
LINE
  5
184
330
1F
100
AcDbEntity
  8
0
100
AcDbLine
 10
49.24807444931854
 20
50.31293603250528
 30
0.0
 11
47.28104473109808
 21
50.41736684813211
 31
0.0
  0
LINE
  5
19A
330
1F
100
AcDbEntity
  8
0
100
AcDbLine
 10
48.80694473109808
 20
52.85366684813212
 30
0.0
 11
48.41754473109808
 21
52.92896684813211
 31
0.0
  0
LINE
  5
1A0
330
1F
100
AcDbEntity
  8
0
100
AcDbLine
 10
49.72304473109808
 20
52.06866684813211
 30
0.0
 11
49.50524473109808
 21
52.40826684813211
 31
0.0
  0
LINE
  5
1A3
330
1F
100
AcDbEntity
  8
0
100
AcDbLine
 10
49.17794473109807
 20
52.67606684813212
 30
0.0
 11
48.82184473109807
 21
52.85356684813211
 31
0.0
  0
LINE
  5
1A6
330
1F
100
AcDbEntity
  8
0
100
AcDbLine
 10
48.2464357361241
 20
49.77788821706219
 30
0.0
 11
48.24489600489211
 21
49.77817505961976
 31
0.0
  0
LINE
  5
1B1
330
1F
100
AcDbEntity
  8
0
100
AcDbLine
 10
46.54824473109807
 20
45.96166684813211
 30
0.0
 11
46.51929714714813
 21
46.33259519971124
 31
0.0
  0
LINE
  5
1B4
330
1F
100
AcDbEntity
  8
0
100
AcDbLine
 10
46.58724473109806
 20
46.69976684813211
 30
0.0
 11
46.74733380417858
 21
47.03551475451794
 31
0.0
  0
LINE
  5
1F4
330
1F
100
AcDbEntity
  8
0
100
AcDbLine
 10
47.80584473109807
 20
42.20386684813212
 30
0.0
 11
48.1065859224697
 21
42.41065137911839
 31
0.0
  0
LINE
  5
1F8
330
1F
100
AcDbEntity
  8
0
100
AcDbLine
 10
47.86134473109806
 20
44.68176684813211
 30
0.0
 11
47.85667232729626
 21
44.68263728852368
 31
0.0
  0
LINE
  5
1F9
330
1F
100
AcDbEntity
  8
0
100
AcDbLine
 10
48.01382409419636
 20
47.8325532046958
 30
0.0
 11
48.0175544833602
 21
47.83284533812385
 31
0.0
  0
LINE
  5
208
330
1F
100
AcDbEntity
  8
0
100
AcDbLine
 10
52.40274473109807
 20
41.14986684813212
 30
0.0
 11
52.38794473109807
 21
41.14986684813212
 31
0.0
  0
LINE
  5
209
330
1F
100
AcDbEntity
  8
0
100
AcDbLine
 10
47.80414473109806
 20
42.20386684813212
 30
0.0
 11
47.8039410712726
 21
42.20362818695501
 31
0.0
  0
LINE
  5
239
330
1F
100
AcDbEntity
  8
0
100
AcDbLine
 10
52.04804473109807
 20
41.39796684813211
 30
0.0
 11
52.40174810634759
 21
41.33211097787318
 31
0.0
  0
LINE
  5
23C
330
1F
100
AcDbEntity
  8
0
100
AcDbLine
 10
51.44324473109807
 20
41.79196684813212
 30
0.0
 11
51.44378647932438
 21
41.7915026884402
 31
0.0
  0
LINE
  5
23E
330
1F
100
AcDbEntity
  8
0
100
AcDbLine
 10
53.82902262557664
 20
43.01599651362027
 30
0.0
 11
51.15724473109807
 21
43.15806684813212
 31
0.0
  0
LINE
  5
240
330
1F
100
AcDbEntity
  8
0
100
AcDbLine
 10
51.55044473109807
 20
43.7640668481321
 30
0.0
 11
51.84964187983537
 21
43.96981475408045
 31
0.0
  0
LINE
  5
24F
330
1F
100
AcDbEntity
  8
0
100
AcDbLine
 10
48.81859531030658
 20
42.73600758620157
 30
0.0
 11
48.82331943711297
 21
42.73637638848946
 31
0.0
  0
LINE
  5
283
330
1F
100
AcDbEntity
  8
0
100
AcDbLine
 10
47.37103445451123
 20
40.8703124229071
 30
0.0
 11
47.37094473109806
 21
40.87056684813211
 31
0.0
  0
LINE
  5
285
330
1F
100
AcDbEntity
  8
0
100
AcDbLine
 10
47.69944473109807
 20
40.22366684813211
 30
0.0
 11
47.69975460010273
 21
40.2234012939671
 31
0.0
  0
LINE
  5
28C
330
1F
100
AcDbEntity
  8
0
100
AcDbLine
 10
53.18544473109807
 20
41.31926684813211
 30
0.0
 11
53.53934473109807
 21
41.5523668481321
 31
0.0
  0
LINE
  5
292
330
1F
100
AcDbEntity
  8
0
100
AcDbLine
 10
54.01204473109807
 20
43.05296684813211
 30
0.0
 11
53.88984473109807
 21
43.44136684813212
 31
0.0
  0
LINE
  5
296
330
1F
100
AcDbEntity
  8
0
100
AcDbLine
 10
53.32984473109807
 20
44.0488668481321
 30
0.0
 11
52.97374473109807
 21
44.22636684813211
 31
0.0
  0
LINE
  5
29A
330
1F
100
AcDbEntity
  8
0
100
AcDbLine
 10
80.34399667870628
 20
29.3722668481321
 30
0.0
 11
80.34399473109809
 21
29.4007668481321
 31
0.0
  0
LINE
  5
29F
330
1F
100
AcDbEntity
  8
0
100
AcDbLine
 10
80.65823473109809
 20
27.0545668481321
 30
0.0
 11
80.65821784524931
 21
27.08062734141116
 31
0.0
  0
LINE
  5
2A3
330
1F
100
AcDbEntity
  8
0
100
AcDbLine
 10
80.38169523888413
 20
26.13466644398706
 30
0.0
 11
80.38184073109809
 21
26.13466684813209
 31
0.0
  0
LINE
  5
2A6
330
1F
100
AcDbEntity
  8
0
100
AcDbLine
 10
76.39795022146566
 20
27.15391208653235
 30
0.0
 11
76.41195397927614
 21
27.15625317034075
 31
0.0
  0
LINE
  5
2A7
330
1F
100
AcDbEntity
  8
0
100
AcDbLine
 10
77.39372968806751
 20
28.63455193379325
 30
0.0
 11
77.40619495994986
 21
28.63475561123538
 31
0.0
  0
LINE
  5
2A8
330
1F
100
AcDbEntity
  8
0
100
AcDbLine
 10
77.66944893144728
 20
28.63905707341364
 30
0.0
 11
77.68241856332176
 21
28.63926899189167
 31
0.0
  0
LINE
  5
2B2
330
1F
100
AcDbEntity
  8
0
100
AcDbLine
 10
80.08921273109809
 20
28.278646893773
 30
0.0
 11
80.08921273109809
 21
28.2767668481321
 31
0.0
  0
LINE
  5
2B3
330
1F
100
AcDbEntity
  8
0
100
AcDbLine
 10
80.08921273109809
 20
28.2767668481321
 30
0.0
 11
80.08921273109809
 21
28.05053446130891
 31
0.0
  0
LINE
  5
2B4
330
1F
100
AcDbEntity
  8
0
100
AcDbLine
 10
80.34417273109808
 20
28.86006684813209
 30
0.0
 11
80.11747002613946
 21
29.20075206677861
 31
0.0
  0
LINE
  5
2B5
330
1F
100
AcDbEntity
  8
0
100
AcDbLine
 10
52.06534473109807
 20
37.36566684813211
 30
0.0
 11
52.71129296203416
 21
36.98089761810126
 31
0.0
  0
LINE
  5
2BD
330
1F
100
AcDbEntity
  8
0
100
AcDbLine
 10
77.68917473109809
 20
29.77127350765524
 30
0.0
 11
77.67517473109808
 21
29.77446684813209
 31
0.0
  0
LINE
  5
2C1
330
1F
100
AcDbEntity
  8
0
100
AcDbLine
 10
43.58394473109806
 20
55.28189684813211
 30
0.0
 11
41.08844473109806
 21
56.30338684813211
 31
0.0
  0
LINE
  5
2C9
330
1F
100
AcDbEntity
  8
0
100
AcDbLine
 10
43.00934473109807
 20
36.88736684813211
 30
0.0
 11
43.44274473109806
 21
36.10086684813211
 31
0.0
  0
LINE
  5
2CF
330
1F
100
AcDbEntity
  8
0
100
AcDbLine
 10
39.12834473109807
 20
41.18466684813211
 30
0.0
 11
38.90284473109807
 21
42.08466684813211
 31
0.0
  0
LINE
  5
2D1
330
1F
100
AcDbEntity
  8
0
100
AcDbLine
 10
40.28804473109806
 20
37.32226684813212
 30
0.0
 11
42.25504473109807
 21
38.30466684813212
 31
0.0
  0
LINE
  5
2D7
330
1F
100
AcDbEntity
  8
0
100
AcDbLine
 10
41.05984473109806
 20
42.53576684813211
 30
0.0
 11
41.24984473109806
 21
41.62846684813212
 31
0.0
  0
LINE
  5
2DC
330
1F
100
AcDbEntity
  8
0
100
AcDbLine
 10
53.4306922389762
 20
34.69571471698809
 30
0.0
 11
53.43074507516265
 21
34.69568302829579
 31
0.0
  0
LINE
  5
2DE
330
1F
100
AcDbEntity
  8
0
100
AcDbLine
 10
55.18018140224168
 20
33.58092762513056
 30
0.0
 11
55.18022687026265
 21
33.58091615055113
 31
0.0
  0
LINE
  5
2DF
330
1F
100
AcDbEntity
  8
0
100
AcDbLine
 10
55.1828792419829
 20
33.58983371686236
 30
0.0
 11
55.1828274422403
 21
33.58984855998308
 31
0.0
  0
LINE
  5
2E0
330
1F
100
AcDbEntity
  8
0
100
AcDbLine
 10
55.17927830287195
 20
33.5778828901126
 30
0.0
 11
55.1793210409775
 21
33.57787065257084
 31
0.0
  0
LINE
  5
2E1
330
1F
100
AcDbEntity
  8
0
100
AcDbLine
 10
55.19251700286449
 20
33.62223693210457
 30
0.0
 11
55.1924406520749
 21
33.62225881028253
 31
0.0
  0
LINE
  5
2E2
330
1F
100
AcDbEntity
  8
0
100
AcDbLine
 10
55.18711429319637
 20
33.60407242621799
 30
0.0
 11
55.18705264787866
 21
33.60409353899238
 31
0.0
  0
LINE
  5
2E3
330
1F
100
AcDbEntity
  8
0
100
AcDbLine
 10
55.18858042082761
 20
33.60900170904529
 30
0.0
 11
55.18851409320059
 21
33.60902069750629
 31
0.0
  0
LINE
  5
2E6
330
1F
100
AcDbEntity
  8
0
100
AcDbLine
 10
55.50012973365664
 20
33.27085303498389
 30
0.0
 11
55.50043704947377
 21
33.2716723888544
 31
0.0
  0
LINE
  5
2E7
330
1F
100
AcDbEntity
  8
0
100
AcDbLine
 10
56.56563404544989
 20
35.84143968293084
 30
0.0
 11
56.56507315017654
 21
35.84680573486911
 31
0.0
  0
LINE
  5
2E9
330
1F
100
AcDbEntity
  8
0
100
AcDbLine
 10
75.66424348802982
 20
42.77913236987616
 30
0.0
 11
75.63825801918416
 21
42.78163408196204
 31
0.0
  0
LINE
  5
2EA
330
1F
100
AcDbEntity
  8
0
100
AcDbLine
 10
75.69441327565662
 20
42.77931569225919
 30
0.0
 11
75.66842788946603
 21
42.7818174048473
 31
0.0
  0
LINE
  5
2F1
330
1F
100
AcDbEntity
  8
0
100
AcDbLine
 10
60.55154473109808
 20
32.86896684813209
 30
0.0
 11
60.50934473109808
 21
33.5772668481321
 31
0.0
  0
LINE
  5
2F5
330
1F
100
AcDbEntity
  8
0
100
AcDbLine
 10
60.33654473109807
 20
32.90026684813209
 30
0.0
 11
60.36454473109807
 21
33.21536684813209
 31
0.0
  0
LINE
  5
2FB
330
1F
100
AcDbEntity
  8
0
100
AcDbLine
 10
60.45534473109807
 20
32.9684668481321
 30
0.0
 11
60.42554473109807
 21
33.46926684813209
 31
0.0
  0
LINE
  5
303
330
1F
100
AcDbEntity
  8
0
100
AcDbLine
 10
61.18827469096318
 20
33.68816316241544
 30
0.0
 11
61.30954473109808
 21
33.6145668481321
 31
0.0
  0
LINE
  5
305
330
1F
100
AcDbEntity
  8
0
100
AcDbLine
 10
61.31034473109807
 20
33.6144668481321
 30
0.0
 11
61.18824473109807
 21
33.6886668481321
 31
0.0
  0
LINE
  5
30B
330
1F
100
AcDbEntity
  8
0
100
AcDbLine
 10
61.35244473109807
 20
32.90616684813209
 30
0.0
 11
61.43624473109808
 21
33.01406684813209
 31
0.0
  0
LINE
  5
30C
330
1F
100
AcDbEntity
  8
0
100
AcDbLine
 10
61.35244473109807
 20
32.90616684813209
 30
0.0
 11
61.23984473109807
 21
32.82116684813209
 31
0.0
  0
LINE
  5
31C
330
1F
100
AcDbEntity
  8
0
100
AcDbLine
 10
60.50870001614319
 20
30.31213671992646
 30
0.0
 11
60.5506986053312
 21
29.60554287855185
 31
0.0
  0
LINE
  5
377
330
1F
100
AcDbEntity
  8
0
100
AcDbLine
 10
60.78275064873079
 20
29.36446619061735
 30
0.0
 11
60.78364473109807
 21
29.36436684813209
 31
0.0
  0
LINE
  5
382
330
1F
100
AcDbEntity
  8
0
100
AcDbLine
 10
42.07114453214472
 20
47.05713302606559
 30
0.0
 11
42.07014473109807
 21
46.8871668481321
 31
0.0
  0
LINE
  5
38E
330
1F
100
AcDbEntity
  8
0
100
AcDbLine
 10
43.14124473109806
 20
47.05116684813211
 30
0.0
 11
43.14234473109806
 21
47.05116684813211
 31
0.0
  0
LINE
  5
39A
330
1F
100
AcDbEntity
  8
0
100
AcDbLine
 10
44.28924473109806
 20
46.6635668481321
 30
0.0
 11
44.28834473109806
 21
46.49556684813211
 31
0.0
  0
LINE
  5
39C
330
1F
100
AcDbEntity
  8
0
100
AcDbLine
 10
44.27664473109807
 20
46.31296684813211
 30
0.0
 11
44.27574473109806
 21
46.1469668481321
 31
0.0
  0
LINE
  5
39E
330
1F
100
AcDbEntity
  8
0
100
AcDbLine
 10
42.33174473109806
 20
46.3238668481321
 30
0.0
 11
42.27654473109806
 21
46.1582668481321
 31
0.0
  0
LINE
  5
3A2
330
1F
100
AcDbEntity
  8
0
100
AcDbLine
 10
40.05654473109807
 20
54.41746684813211
 30
0.0
 11
40.03774473109806
 21
54.42796684813211
 31
0.0
  0
LINE
  5
3AC
330
1F
100
AcDbEntity
  8
0
100
AcDbLine
 10
44.70524473109807
 20
46.88226684813211
 30
0.0
 11
44.97162445805876
 21
46.96326601695978
 31
0.0
  0
LINE
  5
3B1
330
1F
100
AcDbEntity
  8
0
100
AcDbLine
 10
43.14123767811792
 20
47.05113912600181
 30
0.0
 11
43.14233611028623
 21
47.05113296355231
 31
0.0
  0
LINE
  5
3B6
330
1F
100
AcDbEntity
  8
0
100
AcDbLine
 10
38.81209522129739
 20
49.6774885984013
 30
0.0
 11
38.81210883387672
 21
49.67754044729468
 31
0.0
  0
LINE
  5
3BA
330
1F
100
AcDbEntity
  8
0
100
AcDbLine
 10
54.77315981816167
 20
46.61020798198829
 30
0.0
 11
54.76044473109808
 21
46.61026684813211
 31
0.0
  0
LINE
  5
3BC
330
1F
100
AcDbEntity
  8
0
100
AcDbLine
 10
54.75294473109808
 20
45.2744668481321
 30
0.0
 11
54.76565977529531
 21
45.27440798218675
 31
0.0
  0
LINE
  5
3BD
330
1F
100
AcDbEntity
  8
0
100
AcDbLine
 10
38.60394473109807
 20
43.39226684813211
 30
0.0
 11
39.58724937071828
 21
43.5067139102219
 31
0.0
  0
LINE
  5
3C3
330
1F
100
AcDbEntity
  8
0
100
AcDbLine
 10
53.06894440199707
 20
45.07287859814287
 30
0.0
 11
54.75374473109806
 21
45.26896684813211
 31
0.0
  0
LINE
  5
3C9
330
1F
100
AcDbEntity
  8
0
100
AcDbLine
 10
55.07754473109807
 20
43.97676684813211
 30
0.0
 11
55.08970924247392
 21
43.97979369838056
 31
0.0
  0
LINE
  5
3CE
330
1F
100
AcDbEntity
  8
0
100
AcDbLine
 10
50.07771018871085
 20
41.9881245892959
 30
0.0
 11
50.94785870753648
 21
42.33421886528252
 31
0.0
  0
LINE
  5
3D1
330
1F
100
AcDbEntity
  8
0
100
AcDbLine
 10
50.94811850570558
 20
42.33348286521774
 30
0.0
 11
50.07825715829108
 21
41.9873260043026
 31
0.0
  0
LINE
  5
3D2
330
1F
100
AcDbEntity
  8
0
100
AcDbLine
 10
47.18751773843746
 20
40.83697108133188
 30
0.0
 11
46.44650289552958
 21
40.54208802591742
 31
0.0
  0
LINE
  5
3D4
330
1F
100
AcDbEntity
  8
0
100
AcDbLine
 10
43.36723215134474
 20
33.63796856724197
 30
0.0
 11
42.62334473109806
 21
33.08546684813212
 31
0.0
  0
LINE
  5
3D7
330
1F
100
AcDbEntity
  8
0
100
AcDbLine
 10
50.08095209628642
 20
41.9833913484848
 30
0.0
 11
50.94972468194001
 21
42.32893261832169
 31
0.0
  0
LINE
  5
3D8
330
1F
100
AcDbEntity
  8
0
100
AcDbLine
 10
53.85919410987964
 20
43.48613045960202
 30
0.0
 11
55.07944473109806
 21
43.9714668481321
 31
0.0
  0
LINE
  5
3E2
330
1F
100
AcDbEntity
  8
0
100
AcDbLine
 10
42.60714473109806
 20
33.0701668481321
 30
0.0
 11
55.71554473109807
 21
42.8060668481321
 31
0.0
  0
LINE
  5
3E4
330
1F
100
AcDbEntity
  8
0
100
AcDbLine
 10
47.81891994228751
 20
30.86766010314436
 30
0.0
 11
47.81024473109806
 21
30.85946684813212
 31
0.0
  0
LINE
  5
3E7
330
1F
100
AcDbEntity
  8
0
100
AcDbLine
 10
47.81024473109806
 20
30.85946684813212
 30
0.0
 11
48.98534473109807
 21
32.32716684813211
 31
0.0
  0
LINE
  5
3E8
330
1F
100
AcDbEntity
  8
0
100
AcDbLine
 10
48.98534473109807
 20
32.32716684813211
 30
0.0
 11
48.9848677253802
 21
32.32746786822222
 31
0.0
  0
LINE
  5
3F2
330
1F
100
AcDbEntity
  8
0
100
AcDbLine
 10
50.76362017976999
 20
47.20299223353321
 30
0.0
 11
48.9261414114186
 21
47.47548863590233
 31
0.0
  0
LINE
  5
3F3
330
1F
100
AcDbEntity
  8
0
100
AcDbLine
 10
47.6886261096413
 20
47.65901101091926
 30
0.0
 11
47.6867964376313
 21
47.65928234958658
 31
0.0
  0
LINE
  5
3F6
330
1F
100
AcDbEntity
  8
0
100
AcDbLine
 10
45.32764473109806
 20
46.2980668481321
 30
0.0
 11
44.78164473109806
 21
46.13186684813211
 31
0.0
  0
LINE
  5
3FB
330
1F
100
AcDbEntity
  8
0
100
AcDbLine
 10
42.06664473109806
 20
43.8431668481321
 30
0.0
 11
42.06214487319266
 21
43.84319226208427
 31
0.0
  0
LINE
  5
3FC
330
1F
100
AcDbEntity
  8
0
100
AcDbLine
 10
41.80894458882574
 20
48.41764143418095
 30
0.0
 11
41.80894473109806
 21
48.41766684813211
 31
0.0
  0
LINE
  5
409
330
1F
100
AcDbEntity
  8
0
100
AcDbLine
 10
44.78164473109806
 20
46.13186684813211
 30
0.0
 11
44.77694473109806
 21
46.13186684813211
 31
0.0
  0
LINE
  5
40B
330
1F
100
AcDbEntity
  8
0
100
AcDbLine
 10
45.32764473109806
 20
46.2980668481321
 30
0.0
 11
45.32294473109807
 21
46.2980668481321
 31
0.0
  0
LINE
  5
41F
330
1F
100
AcDbEntity
  8
0
100
AcDbLine
 10
55.11144004430725
 20
47.90084364519077
 30
0.0
 11
55.09934473109807
 21
47.9039668481321
 31
0.0
  0
LINE
  5
421
330
1F
100
AcDbEntity
  8
0
100
AcDbLine
 10
54.76114473109807
 20
46.61576684813211
 30
0.0
 11
54.77350237068856
 21
46.6124557102514
 31
0.0
  0
LINE
  5
422
330
1F
100
AcDbEntity
  8
0
100
AcDbLine
 10
47.7115387087763
 20
47.66121690300584
 30
0.0
 11
47.71336838078629
 21
47.66094556433852
 31
0.0
  0
LINE
  5
423
330
1F
100
AcDbEntity
  8
0
100
AcDbLine
 10
48.91823023594087
 20
47.48226566526358
 30
0.0
 11
50.76786523096171
 21
47.20796650571933
 31
0.0
  0
LINE
  5
426
330
1F
100
AcDbEntity
  8
0
100
AcDbLine
 10
52.58208565957964
 20
48.9933197640265
 30
0.0
 11
52.58125006086947
 21
48.99368137237335
 31
0.0
  0
LINE
  5
427
330
1F
100
AcDbEntity
  8
0
100
AcDbLine
 10
51.39433330764482
 20
49.50732386578157
 30
0.0
 11
51.39152428886902
 21
49.50853947875874
 31
0.0
  0
LINE
  5
428
330
1F
100
AcDbEntity
  8
0
100
AcDbLine
 10
51.16381275545476
 20
49.60708246375152
 30
0.0
 11
49.50975135721868
 21
50.32288348225772
 31
0.0
  0
LINE
  5
429
330
1F
100
AcDbEntity
  8
0
100
AcDbLine
 10
47.91817056110898
 20
51.01164579549781
 30
0.0
 11
47.91782103984345
 21
51.01179705208243
 31
0.0
  0
LINE
  5
42D
330
1F
100
AcDbEntity
  8
0
100
AcDbLine
 10
41.86470480807069
 20
57.64514531373701
 30
0.0
 11
41.86465104049777
 21
57.64504933607973
 31
0.0
  0
LINE
  5
42F
330
1F
100
AcDbEntity
  8
0
100
AcDbLine
 10
50.07308227989532
 20
58.64167837058881
 30
0.0
 11
52.23584473109808
 21
55.80457684813211
 31
0.0
  0
LINE
  5
434
330
1F
100
AcDbEntity
  8
0
100
AcDbLine
 10
47.81852104822183
 20
61.5964736528174
 30
0.0
 11
47.81094473109807
 21
61.60385684813212
 31
0.0
  0
LINE
  5
43A
330
1F
100
AcDbEntity
  8
0
100
AcDbLine
 10
53.38048486761135
 20
50.92872804075086
 30
0.0
 11
53.38111886563304
 21
50.92822995296958
 31
0.0
  0
LINE
  5
43D
330
1F
100
AcDbEntity
  8
0
100
AcDbLine
 10
55.7577873589113
 20
49.05626963578962
 30
0.0
 11
55.74794473109808
 21
49.06176684813211
 31
0.0
  0
LINE
  5
441
330
1F
100
AcDbEntity
  8
0
100
AcDbLine
 10
53.37153389942654
 20
50.92873885906072
 30
0.0
 11
53.37089883808797
 21
50.92923778026094
 31
0.0
  0
LINE
  5
443
330
1F
100
AcDbEntity
  8
0
100
AcDbLine
 10
47.93376108019441
 20
51.01095310163251
 30
0.0
 11
47.93411637931352
 21
51.01079934536853
 31
0.0
  0
LINE
  5
444
330
1F
100
AcDbEntity
  8
0
100
AcDbLine
 10
49.51352647290957
 20
50.3273070927473
 30
0.0
 11
51.16128991068857
 21
49.61423482073831
 31
0.0
  0
LINE
  5
445
330
1F
100
AcDbEntity
  8
0
100
AcDbLine
 10
51.38911184314088
 20
49.51564451386379
 30
0.0
 11
51.39180862624176
 21
49.51447747664912
 31
0.0
  0
LINE
  5
446
330
1F
100
AcDbEntity
  8
0
100
AcDbLine
 10
52.59722422404603
 20
48.99283194226346
 30
0.0
 11
52.59804715566563
 21
48.99247581728445
 31
0.0
  0
LINE
  5
452
330
1F
100
AcDbEntity
  8
0
100
AcDbLine
 10
74.88281473109807
 20
27.49826684813209
 30
0.0
 11
74.13366473109808
 21
27.49826684813209
 31
0.0
  0
LINE
  5
453
330
1F
100
AcDbEntity
  8
0
100
AcDbLine
 10
74.88281473109807
 20
27.96126684813208
 30
0.0
 11
74.88281473109807
 21
27.49826684813209
 31
0.0
  0
LINE
  5
454
330
1F
100
AcDbEntity
  8
0
100
AcDbLine
 10
74.13366473109808
 20
27.96126684813208
 30
0.0
 11
74.88281473109807
 21
27.96126684813208
 31
0.0
  0
LINE
  5
45D
330
1F
100
AcDbEntity
  8
0
100
AcDbLine
 10
58.89910179886292
 20
64.29705347506021
 30
0.0
 11
58.89104473109808
 21
64.29805104813212
 31
0.0
  0
LINE
  5
45E
330
1F
100
AcDbEntity
  8
0
100
AcDbLine
 10
58.93354473109808
 20
65.02361184813212
 30
0.0
 11
58.88259903586182
 21
64.29785422018707
 31
0.0
  0
LINE
  5
461
330
1F
100
AcDbEntity
  8
0
100
AcDbLine
 10
59.49044473109807
 20
64.47241284813213
 30
0.0
 11
59.44854437275412
 21
63.62822584813212
 31
0.0
  0
LINE
  5
464
330
1F
100
AcDbEntity
  8
0
100
AcDbLine
 10
59.53562413935847
 20
65.22979716848181
 30
0.0
 11
59.50114473109808
 21
65.22918384813213
 31
0.0
  0
LINE
  5
467
330
1F
100
AcDbEntity
  8
0
100
AcDbLine
 10
60.17174473109808
 20
64.45093784813213
 30
0.0
 11
60.15064933524786
 21
63.62822584813212
 31
0.0
  0
LINE
  5
46A
330
1F
100
AcDbEntity
  8
0
100
AcDbLine
 10
60.10364473109808
 20
65.07811884813212
 30
0.0
 11
60.08750651480998
 21
64.44968873638416
 31
0.0
  0
LINE
  5
470
330
1F
100
AcDbEntity
  8
0
100
AcDbLine
 10
61.61214473109808
 20
65.09652484813212
 30
0.0
 11
61.53110488795859
 21
65.09550174417419
 31
0.0
  0
LINE
  5
47D
330
1F
100
AcDbEntity
  8
0
100
AcDbLine
 10
58.55610704524375
 20
65.60337251446927
 30
0.0
 11
58.55374473109808
 21
65.60328684813211
 31
0.0
  0
LINE
  5
482
330
1F
100
AcDbEntity
  8
0
100
AcDbLine
 10
58.94301014453909
 20
65.02733707376865
 30
0.0
 11
58.94276427366133
 21
65.02382614020252
 31
0.0
  0
LINE
  5
484
330
1F
100
AcDbEntity
  8
0
100
AcDbLine
 10
58.16374473109808
 20
64.38516324813213
 30
0.0
 11
58.3603192482772
 21
63.62822584813212
 31
0.0
  0
LINE
  5
491
330
1F
100
AcDbEntity
  8
0
100
AcDbLine
 10
58.5525014852166
 20
65.60731732432384
 30
0.0
 11
58.55216997276651
 21
65.60345407479086
 31
0.0
  0
LINE
  5
492
330
1F
100
AcDbEntity
  8
0
100
AcDbLine
 10
58.2743802846191
 20
65.5446020808322
 30
0.0
 11
58.27453969136467
 21
65.54626845063316
 31
0.0
  0
LINE
  5
4AF
330
1F
100
AcDbEntity
  8
0
100
AcDbLine
 10
62.32274473109808
 20
64.37079164813212
 30
0.0
 11
62.83654473109809
 21
64.39588484813211
 31
0.0
  0
LINE
  5
4B5
330
1F
100
AcDbEntity
  8
0
100
AcDbLine
 10
62.76826506521856
 20
66.35897684813213
 30
0.0
 11
62.76824473109808
 21
66.35926684813212
 31
0.0
  0
LINE
  5
4B6
330
1F
100
AcDbEntity
  8
0
100
AcDbLine
 10
62.80670718856587
 20
65.53597587421332
 30
0.0
 11
62.80686426738043
 21
65.53373565653203
 31
0.0
  0
LINE
  5
4BA
330
1F
100
AcDbEntity
  8
0
100
AcDbLine
 10
60.90794473109808
 20
66.35938684813211
 30
0.0
 11
60.90794473109808
 21
66.35928684813212
 31
0.0
  0
LINE
  5
4BE
330
1F
100
AcDbEntity
  8
0
100
AcDbLine
 10
61.58944473109809
 20
66.35938684813211
 30
0.0
 11
61.5894524457229
 21
66.35908684813212
 31
0.0
  0
LINE
  5
4C5
330
1F
100
AcDbEntity
  8
0
100
AcDbLine
 10
63.18864473109808
 20
66.35955684813211
 30
0.0
 11
63.18869534738034
 21
66.35896684813213
 31
0.0
  0
LINE
  5
4D3
330
1F
100
AcDbEntity
  8
0
100
AcDbLine
 10
63.25174473109808
 20
65.55880684813212
 30
0.0
 11
63.18304473109808
 21
66.35896684813213
 31
0.0
  0
LINE
  5
4E6
330
1F
100
AcDbEntity
  8
0
100
AcDbLine
 10
80.36777973109808
 20
27.66686684813209
 30
0.0
 11
80.36776473109808
 21
27.69136684813209
 31
0.0
  0
LINE
  5
4E8
330
1F
100
AcDbEntity
  8
0
100
AcDbLine
 10
80.67128473109809
 20
27.0977668481321
 30
0.0
 11
80.66411554169755
 21
27.09771170052132
 31
0.0
  0
LINE
  5
4EB
330
1F
100
AcDbEntity
  8
0
100
AcDbLine
 10
80.38159296028917
 20
26.29956684813209
 30
0.0
 11
80.34558773109807
 21
26.29956684813209
 31
0.0
  0
LINE
  5
4ED
330
1F
100
AcDbEntity
  8
0
100
AcDbLine
 10
77.51116473109809
 20
25.6961668481321
 30
0.0
 11
77.33238079744828
 21
25.38734305984811
 31
0.0
  0
LINE
  5
4EE
330
1F
100
AcDbEntity
  8
0
100
AcDbLine
 10
77.51116473109809
 20
26.16556684813209
 30
0.0
 11
77.32722521020495
 21
26.15553023505855
 31
0.0
  0
LINE
  5
4F7
330
1F
100
AcDbEntity
  8
0
100
AcDbLine
 10
76.39672473109809
 20
28.7668668481321
 30
0.0
 11
76.39733473109808
 21
28.5411668481321
 31
0.0
  0
LINE
  5
4FE
330
1F
100
AcDbEntity
  8
0
100
AcDbLine
 10
76.38579473109809
 20
25.1355668481321
 30
0.0
 11
76.39983597527437
 21
25.13898695492784
 31
0.0
  0
LINE
  5
4FF
330
1F
100
AcDbEntity
  8
0
100
AcDbLine
 10
77.33238424846447
 20
25.36613311423226
 30
0.0
 11
77.51032795184865
 21
25.40947588796112
 31
0.0
  0
LINE
  5
510
330
1F
100
AcDbEntity
  8
0
100
AcDbLine
 10
69.79593252751539
 20
27.47917786347809
 30
0.0
 11
71.20105473109808
 21
25.12626684813209
 31
0.0
  0
LINE
  5
512
330
1F
100
AcDbEntity
  8
0
100
AcDbLine
 10
65.64063568609589
 20
40.58210810242463
 30
0.0
 11
65.64028931662074
 21
40.58186961350723
 31
0.0
  0
LINE
  5
513
330
1F
100
AcDbEntity
  8
0
100
AcDbLine
 10
64.68988649812917
 20
39.92748013772793
 30
0.0
 11
64.68952043326777
 21
39.92722808776754
 31
0.0
  0
LINE
  5
514
330
1F
100
AcDbEntity
  8
0
100
AcDbLine
 10
64.68624686623209
 20
39.9321376158168
 30
0.0
 11
64.68661275415238
 21
39.93238993114437
 31
0.0
  0
LINE
  5
515
330
1F
100
AcDbEntity
  8
0
100
AcDbLine
 10
64.68803673562132
 20
39.93025431672524
 30
0.0
 11
64.68767158205871
 21
39.93000090004566
 31
0.0
  0
LINE
  5
516
330
1F
100
AcDbEntity
  8
0
100
AcDbLine
 10
65.63475194568727
 20
40.58532059548672
 30
0.0
 11
65.63510079214092
 21
40.5855605940893
 31
0.0
  0
LINE
  5
517
330
1F
100
AcDbEntity
  8
0
100
AcDbLine
 10
66.44662911376795
 20
41.1430864078048
 30
0.0
 11
66.4508838816017
 21
41.14600657362899
 31
0.0
  0
LINE
  5
518
330
1F
100
AcDbEntity
  8
0
100
AcDbLine
 10
66.4544984641135
 20
41.14280098926703
 30
0.0
 11
66.45029017363416
 21
41.13982708971998
 31
0.0
  0
LINE
  5
51C
330
1F
100
AcDbEntity
  8
0
100
AcDbLine
 10
76.41193276719213
 20
27.14303822329441
 30
0.0
 11
76.39793408373598
 21
27.14385841886139
 31
0.0
  0
LINE
  5
51E
330
1F
100
AcDbEntity
  8
0
100
AcDbLine
 10
75.21828929098083
 20
30.40678554824817
 30
0.0
 11
75.26151473109809
 21
30.43038894397175
 31
0.0
  0
LINE
  5
52E
330
1F
100
AcDbEntity
  8
0
100
AcDbLine
 10
77.52518132202897
 20
25.29448514939128
 30
0.0
 11
77.51118067859272
 21
25.2909591187754
 31
0.0
  0
LINE
  5
531
330
1F
100
AcDbEntity
  8
0
100
AcDbLine
 10
74.74299077330472
 20
57.03977753418534
 30
0.0
 11
74.74504530107992
 21
57.03732545768871
 31
0.0
  0
LINE
  5
532
330
1F
100
AcDbEntity
  8
0
100
AcDbLine
 10
63.96276136093518
 20
63.67176445643965
 30
0.0
 11
63.93819935225741
 21
63.62822584813212
 31
0.0
  0
LINE
  5
534
330
1F
100
AcDbEntity
  8
0
100
AcDbLine
 10
57.79596534386693
 20
63.62822584813212
 30
0.0
 11
57.72143403410623
 21
63.79016687471881
 31
0.0
  0
LINE
  5
537
330
1F
100
AcDbEntity
  8
0
100
AcDbLine
 10
49.37002911170531
 20
62.93790968608663
 30
0.0
 11
49.36981646391108
 21
62.93778393057615
 31
0.0
  0
LINE
  5
538
330
1F
100
AcDbEntity
  8
0
100
AcDbLine
 10
64.29694292876613
 20
33.39666642387445
 30
0.0
 11
66.79504473109807
 21
27.62786684813209
 31
0.0
  0
LINE
  5
53E
330
1F
100
AcDbEntity
  8
0
100
AcDbLine
 10
64.96874473109807
 20
33.8217668481321
 30
0.0
 11
64.97034473109808
 21
33.81596684813209
 31
0.0
  0
LINE
  5
54A
330
1F
100
AcDbEntity
  8
0
100
AcDbLine
 10
63.01064473109807
 20
39.36006684813209
 30
0.0
 11
64.96874473109807
 21
33.8217668481321
 31
0.0
  0
LINE
  5
54D
330
1F
100
AcDbEntity
  8
0
100
AcDbLine
 10
63.01064473109807
 20
39.36006684813209
 30
0.0
 11
63.01224473109808
 21
39.3542668481321
 31
0.0
  0
LINE
  5
562
330
1F
100
AcDbEntity
  8
0
100
AcDbLine
 10
67.99454473109808
 20
26.93566684813209
 30
0.0
 11
67.99904473109808
 21
26.92796684813209
 31
0.0
  0
LINE
  5
56D
330
1F
100
AcDbEntity
  8
0
100
AcDbLine
 10
74.18682473109808
 20
34.1520668481321
 30
0.0
 11
74.18654680622876
 21
34.15175233264552
 31
0.0
  0
LINE
  5
571
330
1F
100
AcDbEntity
  8
0
100
AcDbLine
 10
73.78845473109809
 20
34.50346684813209
 30
0.0
 11
73.78184473109809
 21
34.50986684813209
 31
0.0
  0
LINE
  5
573
330
1F
100
AcDbEntity
  8
0
100
AcDbLine
 10
73.90585473109808
 20
31.2976668481321
 30
0.0
 11
75.47324473109807
 21
33.01496684813209
 31
0.0
  0
LINE
  5
584
330
1F
100
AcDbEntity
  8
0
100
AcDbLine
 10
64.86974716339739
 20
41.06066506444594
 30
0.0
 11
64.87274473109806
 21
41.0584668481321
 31
0.0
  0
LINE
  5
587
330
1F
100
AcDbEntity
  8
0
100
AcDbLine
 10
64.60994473109806
 20
40.7273668481321
 30
0.0
 11
64.61584473109808
 21
40.72286684813209
 31
0.0
  0
LINE
  5
588
330
1F
100
AcDbEntity
  8
0
100
AcDbLine
 10
64.61584473109808
 20
40.72286684813209
 30
0.0
 11
64.97824473109807
 21
40.9944668481321
 31
0.0
  0
LINE
  5
589
330
1F
100
AcDbEntity
  8
0
100
AcDbLine
 10
64.97824473109807
 20
40.9944668481321
 30
0.0
 11
64.97234473109807
 21
40.99896684813209
 31
0.0
  0
LINE
  5
58C
330
1F
100
AcDbEntity
  8
0
100
AcDbLine
 10
65.58814473109809
 20
39.42126684813209
 30
0.0
 11
64.61584473109808
 21
40.72286684813209
 31
0.0
  0
LINE
  5
58E
330
1F
100
AcDbEntity
  8
0
100
AcDbLine
 10
66.45835055794688
 20
40.07276250268552
 30
0.0
 11
66.46424473109807
 21
40.0683668481321
 31
0.0
  0
LINE
  5
590
330
1F
100
AcDbEntity
  8
0
100
AcDbLine
 10
64.97234473109807
 20
40.99896684813209
 30
0.0
 11
66.45835055794688
 21
40.07276250268552
 31
0.0
  0
LINE
  5
594
330
1F
100
AcDbEntity
  8
0
100
AcDbLine
 10
66.20874473109807
 20
41.3548668481321
 30
0.0
 11
66.21204473109807
 21
41.35166684813209
 31
0.0
  0
LINE
  5
598
330
1F
100
AcDbEntity
  8
0
100
AcDbLine
 10
64.25534685260706
 20
40.57906331228378
 30
0.0
 11
64.25894473109806
 21
40.5730668481321
 31
0.0
  0
LINE
  5
5A8
330
1F
100
AcDbEntity
  8
0
100
AcDbLine
 10
77.44343353590224
 20
35.77594518583901
 30
0.0
 11
77.44316682614101
 21
35.77554085474037
 31
0.0
  0
LINE
  5
5B1
330
1F
100
AcDbEntity
  8
0
100
AcDbLine
 10
72.88798473109807
 20
39.63926684813209
 30
0.0
 11
72.82800473109808
 21
39.6740668481321
 31
0.0
  0
LINE
  5
5B3
330
1F
100
AcDbEntity
  8
0
100
AcDbLine
 10
72.88677981488731
 20
39.63788768529008
 30
0.0
 11
72.88712077177838
 21
39.63827794900359
 31
0.0
  0
LINE
  5
5B5
330
1F
100
AcDbEntity
  8
0
100
AcDbLine
 10
70.89610473109807
 20
37.35656684813211
 30
0.0
 11
70.89613321108337
 21
37.35659949076951
 31
0.0
  0
LINE
  5
5C6
330
1F
100
AcDbEntity
  8
0
100
AcDbLine
 10
65.69564473109807
 20
43.42766684813208
 30
0.0
 11
65.70074473109807
 21
43.42476684813209
 31
0.0
  0
LINE
  5
5D9
330
1F
100
AcDbEntity
  8
0
100
AcDbLine
 10
71.00309932244957
 20
40.24379143413921
 30
0.0
 11
71.00314473109808
 21
40.2440668481321
 31
0.0
  0
LINE
  5
5E0
330
1F
100
AcDbEntity
  8
0
100
AcDbLine
 10
73.55738473109809
 20
60.50384684813212
 30
0.0
 11
72.33097072820019
 21
57.46328785247897
 31
0.0
  0
LINE
  5
5E2
330
1F
100
AcDbEntity
  8
0
100
AcDbLine
 10
64.79274473109808
 20
49.48266684813211
 30
0.0
 11
63.92924473109808
 21
50.24826684813211
 31
0.0
  0
LINE
  5
5E8
330
1F
100
AcDbEntity
  8
0
100
AcDbLine
 10
68.58854473109808
 20
52.32706684813211
 30
0.0
 11
68.58824473109809
 21
52.32686684813211
 31
0.0
  0
LINE
  5
5E9
330
1F
100
AcDbEntity
  8
0
100
AcDbLine
 10
67.19734473109808
 20
49.66316684813211
 30
0.0
 11
68.24224473109808
 21
50.17576684813211
 31
0.0
  0
LINE
  5
606
330
1F
100
AcDbEntity
  8
0
100
AcDbLine
 10
77.85006509169207
 20
56.27418054944435
 30
0.0
 11
77.8501047310981
 21
56.2741068481321
 31
0.0
  0
LINE
  5
60A
330
1F
100
AcDbEntity
  8
0
100
AcDbLine
 10
69.04671700321833
 20
51.39372333264315
 30
0.0
 11
73.19310278640106
 21
53.77679932038248
 31
0.0
  0
LINE
  5
60D
330
1F
100
AcDbEntity
  8
0
100
AcDbLine
 10
77.10454473109809
 20
55.87314684813211
 30
0.0
 11
77.11683473109809
 21
55.87984684813211
 31
0.0
  0
LINE
  5
616
330
1F
100
AcDbEntity
  8
0
100
AcDbLine
 10
78.06698473109809
 20
54.13486684813211
 30
0.0
 11
78.82651673109808
 21
54.4882468481321
 31
0.0
  0
LINE
  5
61D
330
1F
100
AcDbEntity
  8
0
100
AcDbLine
 10
76.00535473109809
 20
52.5678668481321
 30
0.0
 11
75.14065473109809
 21
52.1764668481321
 31
0.0
  0
LINE
  5
62C
330
1F
100
AcDbEntity
  8
0
100
AcDbLine
 10
77.42374473109808
 20
49.1452668481321
 30
0.0
 11
76.37818473109809
 21
52.73706684813211
 31
0.0
  0
LINE
  5
62D
330
1F
100
AcDbEntity
  8
0
100
AcDbLine
 10
79.30773373109808
 20
49.1933668481321
 30
0.0
 11
79.32078873109808
 21
49.19656684813211
 31
0.0
  0
LINE
  5
644
330
1F
100
AcDbEntity
  8
0
100
AcDbLine
 10
66.30044473109808
 20
45.1301668481321
 30
0.0
 11
66.30714473109808
 21
45.12826684813211
 31
0.0
  0
LINE
  5
64C
330
1F
100
AcDbEntity
  8
0
100
AcDbLine
 10
66.79734687128171
 20
45.06206628839177
 30
0.0
 11
66.80384473109808
 21
45.06036684813211
 31
0.0
  0
LINE
  5
653
330
1F
100
AcDbEntity
  8
0
100
AcDbLine
 10
66.15904072314394
 20
42.01406238694583
 30
0.0
 11
69.69814473109808
 21
40.5756668481321
 31
0.0
  0
LINE
  5
659
330
1F
100
AcDbEntity
  8
0
100
AcDbLine
 10
70.45626883182598
 20
36.83426785886134
 30
0.0
 11
70.41454787829318
 21
36.88115976968342
 31
0.0
  0
LINE
  5
65A
330
1F
100
AcDbEntity
  8
0
100
AcDbLine
 10
70.45752357902938
 20
36.83385635434287
 30
0.0
 11
68.7719581693504
 21
39.04953588556903
 31
0.0
  0
LINE
  5
65E
330
1F
100
AcDbEntity
  8
0
100
AcDbLine
 10
57.12024473109808
 20
58.13281684813212
 30
0.0
 11
57.12224473109808
 21
58.12551684813211
 31
0.0
  0
LINE
  5
660
330
1F
100
AcDbEntity
  8
0
100
AcDbLine
 10
56.08504473109808
 20
59.27768684813211
 30
0.0
 11
56.65014473109808
 21
57.93524684813212
 31
0.0
  0
LINE
  5
669
330
1F
100
AcDbEntity
  8
0
100
AcDbLine
 10
57.63874473109808
 20
53.22286684813211
 30
0.0
 11
56.39514473109808
 21
55.79840684813211
 31
0.0
  0
LINE
  5
676
330
1F
100
AcDbEntity
  8
0
100
AcDbLine
 10
55.88634473109808
 20
55.69035684813211
 30
0.0
 11
55.88494473109808
 21
55.69278684813212
 31
0.0
  0
LINE
  5
680
330
1F
100
AcDbEntity
  8
0
100
AcDbLine
 10
62.71174473109809
 20
50.86876684813211
 30
0.0
 11
62.71974473109808
 21
50.88186684813211
 31
0.0
  0
LINE
  5
692
330
1F
100
AcDbEntity
  8
0
100
AcDbLine
 10
68.65517552037582
 20
53.30403422721522
 30
0.0
 11
69.11434473109808
 21
53.66355739820549
 31
0.0
  0
LINE
  5
69A
330
1F
100
AcDbEntity
  8
0
100
AcDbLine
 10
68.59774473109808
 20
56.99163684813211
 30
0.0
 11
70.60000473109809
 21
54.56300684813211
 31
0.0
  0
LINE
  5
6A0
330
1F
100
AcDbEntity
  8
0
100
AcDbLine
 10
71.2302047310981
 20
58.04106684813211
 30
0.0
 11
70.14501473109809
 21
59.12632684813211
 31
0.0
  0
LINE
  5
6A2
330
1F
100
AcDbEntity
  8
0
100
AcDbLine
 10
71.26761222758982
 20
58.00365932559847
 30
0.0
 11
71.43114473109808
 21
58.14555684813211
 31
0.0
  0
LINE
  5
6A4
330
1F
100
AcDbEntity
  8
0
100
AcDbLine
 10
71.5122604394033
 20
58.28570937266624
 30
0.0
 11
71.51021132920783
 21
58.28341753303591
 31
0.0
  0
LINE
  5
6A8
330
1F
100
AcDbEntity
  8
0
100
AcDbLine
 10
72.19305703716654
 20
57.40544303441212
 30
0.0
 11
71.44081473109809
 21
58.15469684813211
 31
0.0
  0
LINE
  5
6B3
330
1F
100
AcDbEntity
  8
0
100
AcDbLine
 10
73.73930473109808
 20
60.57340684813211
 30
0.0
 11
73.7471347310981
 21
60.58081684813211
 31
0.0
  0
LINE
  5
6B4
330
1F
100
AcDbEntity
  8
0
100
AcDbLine
 10
74.2880547310981
 20
61.3047368481321
 30
0.0
 11
74.28023473109809
 21
61.29732684813212
 31
0.0
  0
LINE
  5
6B5
330
1F
100
AcDbEntity
  8
0
100
AcDbLine
 10
73.73930473109808
 20
60.57340684813211
 30
0.0
 11
74.28023473109809
 21
61.29732684813212
 31
0.0
  0
LINE
  5
6B6
330
1F
100
AcDbEntity
  8
0
100
AcDbLine
 10
75.45158473109808
 20
58.46134684813211
 30
0.0
 11
75.4594147310981
 21
58.46874684813212
 31
0.0
  0
LINE
  5
6B8
330
1F
100
AcDbEntity
  8
0
100
AcDbLine
 10
75.45158473109808
 20
58.46134684813211
 30
0.0
 11
73.73930473109808
 21
60.57340684813211
 31
0.0
  0
LINE
  5
6BB
330
1F
100
AcDbEntity
  8
0
100
AcDbLine
 10
74.28023473109809
 20
61.29732684813212
 30
0.0
 11
74.28149620734609
 21
61.29595949378295
 31
0.0
  0
LINE
  5
6CD
330
1F
100
AcDbEntity
  8
0
100
AcDbLine
 10
72.26223473109809
 20
62.04788684813212
 30
0.0
 11
70.27785473109808
 21
59.31007684813212
 31
0.0
  0
LINE
  5
6E0
330
1F
100
AcDbEntity
  8
0
100
AcDbLine
 10
56.51774473109807
 20
49.16276684813212
 30
0.0
 11
60.26814473109808
 21
47.42106684813211
 31
0.0
  0
LINE
  5
6FD
330
1F
100
AcDbEntity
  8
0
100
AcDbLine
 10
55.11854473109807
 20
61.56448684813212
 30
0.0
 11
55.51244473109807
 21
60.52043684813211
 31
0.0
  0
LINE
  5
707
330
1F
100
AcDbEntity
  8
0
100
AcDbLine
 10
59.98274473109807
 20
46.99196684813212
 30
0.0
 11
60.35232330890231
 21
46.7166668481321
 31
0.0
  0
LINE
  5
71B
330
1F
100
AcDbEntity
  8
0
100
AcDbLine
 10
60.45054473109807
 20
46.728509837062
 30
0.0
 11
60.01844473109807
 21
47.05776684813211
 31
0.0
  0
LINE
  5
737
330
1F
100
AcDbEntity
  8
0
100
AcDbLine
 10
80.62185592332953
 20
27.66889713432711
 30
0.0
 11
80.62186473109809
 21
27.66996684813209
 31
0.0
  0
LINE
  5
73E
330
1F
100
AcDbEntity
  8
0
100
AcDbLine
 10
76.38539473109807
 20
30.4893668481321
 30
0.0
 11
76.39325255784157
 21
30.48734419004576
 31
0.0
  0
LINE
  5
74E
330
1F
100
AcDbEntity
  8
0
100
AcDbLine
 10
77.51118003515649
 20
25.28743308815953
 30
0.0
 11
77.52518067859273
 21
25.2909591187754
 31
0.0
  0
LINE
  5
74F
330
1F
100
AcDbEntity
  8
0
100
AcDbLine
 10
77.52516473109809
 20
25.15876684813209
 30
0.0
 11
77.51116473109809
 21
25.19511677271732
 31
0.0
  0
LINE
  5
758
330
1F
100
AcDbEntity
  8
0
100
AcDbLine
 10
76.382555449577
 20
24.9994078728972
 30
0.0
 11
76.39664113226079
 21
25.0030033637663
 31
0.0
  0
LINE
  5
762
330
1F
100
AcDbEntity
  8
0
100
AcDbLine
 10
75.43513473109809
 20
30.0582668481321
 30
0.0
 11
76.06044473109808
 21
30.20773179985318
 31
0.0
  0
LINE
  5
765
330
1F
100
AcDbEntity
  8
0
100
AcDbLine
 10
76.06044473109808
 20
30.32062522596711
 30
0.0
 11
75.43449473109808
 21
30.38885562428338
 31
0.0
  0
LINE
  5
766
330
1F
100
AcDbEntity
  8
0
100
AcDbLine
 10
80.38166065507487
 20
26.18771268679886
 30
0.0
 11
80.51486214152104
 21
26.66535667692754
 31
0.0
  0
LINE
  5
768
330
1F
100
AcDbEntity
  8
0
100
AcDbLine
 10
80.11841273109808
 20
27.14216684813209
 30
0.0
 11
76.41250473109808
 21
27.49936684813209
 31
0.0
  0
LINE
  5
778
330
1F
100
AcDbEntity
  8
0
100
AcDbLine
 10
50.99580561526767
 20
45.32997206820816
 30
0.0
 11
50.99534473109807
 21
45.3303668481321
 31
0.0
  0
LINE
  5
779
330
1F
100
AcDbEntity
  8
0
100
AcDbLine
 10
51.94742473491763
 20
44.87357772016906
 30
0.0
 11
51.9022033109797
 21
44.88199308087373
 31
0.0
  0
LINE
  5
77F
330
1F
100
AcDbEntity
  8
0
100
AcDbLine
 10
50.7183973506198
 20
60.85975397211381
 30
0.0
 11
50.71859613285523
 21
60.8599735117918
 31
0.0
  0
LINE
  5
780
330
1F
100
AcDbEntity
  8
0
100
AcDbLine
 10
50.58053652690639
 20
61.07218684813211
 30
0.0
 11
50.5808777820086
 21
61.07218684813211
 31
0.0
  0
LINE
  5
781
330
1F
100
AcDbEntity
  8
0
100
AcDbLine
 10
53.04024833322411
 20
47.18550651462789
 30
0.0
 11
51.09194473109806
 21
47.28896684813211
 31
0.0
  0
LINE
  5
793
330
1F
100
AcDbEntity
  8
0
100
AcDbLine
 10
50.66344473109807
 20
45.97016684813211
 30
0.0
 11
50.63534473109807
 21
46.3311668481321
 31
0.0
  0
LINE
  5
796
330
1F
100
AcDbEntity
  8
0
100
AcDbLine
 10
50.67068018198631
 20
45.96978288311418
 30
0.0
 11
50.67054473109807
 21
45.97016684813211
 31
0.0
  0
LINE
  5
7BE
330
1F
100
AcDbEntity
  8
0
100
AcDbLine
 10
51.66644473109807
 20
49.04216684813211
 30
0.0
 11
51.66698665884907
 21
49.04170270249143
 31
0.0
  0
LINE
  5
7C4
330
1F
100
AcDbEntity
  8
0
100
AcDbLine
 10
51.77074473109808
 20
51.01416684813211
 30
0.0
 11
51.77038927774455
 21
51.01375034822125
 31
0.0
  0
LINE
  5
7C8
330
1F
100
AcDbEntity
  8
0
100
AcDbLine
 10
51.77374473109808
 20
51.01416684813211
 30
0.0
 11
52.07284924130793
 21
51.21991963391502
 31
0.0
  0
LINE
  5
7F2
330
1F
100
AcDbEntity
  8
0
100
AcDbLine
 10
51.33114473109808
 20
49.68636684813211
 30
0.0
 11
51.30284473109807
 21
50.04976684813211
 31
0.0
  0
LINE
  5
88B
330
1F
100
AcDbEntity
  8
0
100
AcDbLine
 10
73.91953644765752
 20
61.52568821124862
 30
0.0
 11
73.91874485522595
 21
61.52607009696851
 31
0.0
  0
LINE
  5
88D
330
1F
100
AcDbEntity
  8
0
100
AcDbLine
 10
87.06686676301506
 20
55.18305846661643
 30
0.0
 11
86.97476026643833
 21
55.22749314581354
 31
0.0
  0
LINE
  5
88F
330
1F
100
AcDbEntity
  8
0
100
AcDbLine
 10
78.4248170415903
 20
59.3522183114612
 30
0.0
 11
78.28031315087105
 21
59.42193091877436
 31
0.0
  0
LINE
  5
8C6
330
1F
100
AcDbEntity
  8
0
100
AcDbLine
 10
76.21051148388246
 20
38.53123851492896
 30
0.0
 11
76.2103727220108
 21
38.53072973108347
 31
0.0
  0
LINE
  5
8ED
330
1F
100
AcDbEntity
  8
0
100
AcDbLine
 10
60.75476604639644
 20
58.67648818024045
 30
0.0
 11
60.81223198440422
 21
57.70952133397862
 31
0.0
  0
LINE
  5
8F7
330
1F
100
AcDbEntity
  8
0
100
AcDbLine
 10
60.33654473109808
 20
57.85839684813211
 30
0.0
 11
60.36454473109808
 21
58.17350684813211
 31
0.0
  0
LINE
  5
8F8
330
1F
100
AcDbEntity
  8
0
100
AcDbLine
 10
61.35163221721525
 20
32.90625738784262
 30
0.0
 11
61.31009434339526
 21
32.8748554387992
 31
0.0
  0
LINE
  5
918
330
1F
100
AcDbEntity
  8
0
100
AcDbLine
 10
60.782745014355
 20
57.58681683554292
 30
0.0
 11
60.78364473109807
 21
57.58677684813211
 31
0.0
  0
LINE
  5
924
330
1F
100
AcDbEntity
  8
0
100
AcDbLine
 10
63.23224222002231
 20
65.55848763405001
 30
0.0
 11
63.23239165122359
 21
65.5567458149196
 31
0.0
  0
LINE
  5
926
330
1F
100
AcDbEntity
  8
0
100
AcDbLine
 10
63.48904815414474
 20
65.68070121170752
 30
0.0
 11
63.48918558121286
 21
65.67926496107421
 31
0.0
  0
LINE
  5
92A
330
1F
100
AcDbEntity
  8
0
100
AcDbLine
 10
60.18522575376628
 20
65.0817345010758
 30
0.0
 11
60.1851642404866
 21
65.07932982000628
 31
0.0
  0
LINE
  5
92B
330
1F
100
AcDbEntity
  8
0
100
AcDbLine
 10
60.22604473109808
 20
66.35958684813212
 30
0.0
 11
60.22599953102355
 21
66.35783134860588
 31
0.0
  0
LINE
  5
92E
330
1F
100
AcDbEntity
  8
0
100
AcDbLine
 10
60.90114473109808
 20
65.17327322423831
 30
0.0
 11
60.90114473109808
 21
65.17095519826475
 31
0.0
  0
LINE
  5
92F
330
1F
100
AcDbEntity
  8
0
100
AcDbLine
 10
59.58894473109808
 20
66.35987684813213
 30
0.0
 11
59.5888902809902
 21
66.35877956554344
 31
0.0
  0
LINE
  5
932
330
1F
100
AcDbEntity
  8
0
100
AcDbLine
 10
60.90164473109808
 20
66.34207684813212
 30
0.0
 11
60.90454473109808
 21
66.34207684813212
 31
0.0
  0
LINE
  5
93D
330
1F
100
AcDbEntity
  8
0
100
AcDbLine
 10
53.54527753849709
 20
34.8831052069628
 30
0.0
 11
53.54525277964487
 21
34.88312034111824
 31
0.0
  0
LINE
  5
93E
330
1F
100
AcDbEntity
  8
0
100
AcDbLine
 10
72.09092473109809
 20
42.75836684813209
 30
0.0
 11
74.87649473109809
 21
42.7751668481321
 31
0.0
  0
LINE
  5
942
330
1F
100
AcDbEntity
  8
0
100
AcDbLine
 10
71.19108473109807
 20
41.5354668481321
 30
0.0
 11
68.13494473109807
 21
42.8872668481321
 31
0.0
  0
LINE
  5
949
330
1F
100
AcDbEntity
  8
0
100
AcDbLine
 10
71.61561473109808
 20
42.6727668481321
 30
0.0
 11
71.61139473109807
 21
42.6738668481321
 31
0.0
  0
LINE
  5
950
330
1F
100
AcDbEntity
  8
0
100
AcDbLine
 10
60.21495989575453
 20
26.28556684813209
 30
0.0
 11
60.21374196419295
 21
26.28556684813209
 31
0.0
  0
LINE
  5
951
330
1F
100
AcDbEntity
  8
0
100
AcDbLine
 10
60.2178437553561
 20
26.1735668481321
 30
0.0
 11
60.21486060368546
 21
26.1735668481321
 31
0.0
  0
LINE
  5
952
330
1F
100
AcDbEntity
  8
0
100
AcDbLine
 10
56.02024473109808
 20
56.11057684813212
 30
0.0
 11
55.61644473109808
 21
55.94624684813211
 31
0.0
  0
LINE
  5
95B
330
1F
100
AcDbEntity
  8
0
100
AcDbLine
 10
55.37294473109808
 20
58.03549684813212
 30
0.0
 11
55.36294473109808
 21
58.05231684813211
 31
0.0
  0
LINE
  5
95D
330
1F
100
AcDbEntity
  8
0
100
AcDbLine
 10
54.42534473109808
 20
57.49448684813212
 30
0.0
 11
54.43534473109807
 21
57.47765684813212
 31
0.0
  0
LINE
  5
95E
330
1F
100
AcDbEntity
  8
0
100
AcDbLine
 10
55.37294473109808
 20
58.03549684813212
 30
0.0
 11
54.43534473109807
 21
57.47765684813212
 31
0.0
  0
LINE
  5
969
330
1F
100
AcDbEntity
  8
0
100
AcDbLine
 10
55.94594473109808
 20
58.50626684813212
 30
0.0
 11
55.34844473109807
 21
58.28652684813212
 31
0.0
  0
LINE
  5
96A
330
1F
100
AcDbEntity
  8
0
100
AcDbLine
 10
55.59084473109808
 20
59.41687684813211
 30
0.0
 11
55.94594473109808
 21
58.50626684813212
 31
0.0
  0
LINE
  5
96B
330
1F
100
AcDbEntity
  8
0
100
AcDbLine
 10
54.99324473109808
 20
59.19714684813211
 30
0.0
 11
55.59084473109808
 21
59.41687684813211
 31
0.0
  0
LINE
  5
96C
330
1F
100
AcDbEntity
  8
0
100
AcDbLine
 10
54.49104473109808
 20
56.84810684813211
 30
0.0
 11
54.15494473109808
 21
56.64818684813212
 31
0.0
  0
LINE
  5
971
330
1F
100
AcDbEntity
  8
0
100
AcDbLine
 10
55.50846111109883
 20
33.29967456498622
 30
0.0
 11
55.50814306930142
 21
33.29882664581291
 31
0.0
  0
LINE
  5
975
330
1F
100
AcDbEntity
  8
0
100
AcDbLine
 10
55.76634471956791
 20
36.60356685466114
 30
0.0
 11
55.92927288112766
 21
36.51130753372884
 31
0.0
  0
LINE
  5
976
330
1F
100
AcDbEntity
  8
0
100
AcDbLine
 10
56.31114473109807
 20
36.05476684813209
 30
0.0
 11
55.59914473109807
 21
33.56936684813209
 31
0.0
  0
LINE
  5
97C
330
1F
100
AcDbEntity
  8
0
100
AcDbLine
 10
55.80574473109807
 20
35.7613668481321
 30
0.0
 11
55.81382935344422
 21
35.78941350096261
 31
0.0
  0
LINE
  5
980
330
1F
100
AcDbEntity
  8
0
100
AcDbLine
 10
55.35384473109807
 20
33.4666668481321
 30
0.0
 11
55.08444473109808
 21
32.52616684813209
 31
0.0
  0
LINE
  5
982
330
1F
100
AcDbEntity
  8
0
100
AcDbLine
 10
54.98894473109807
 20
33.73766684813209
 30
0.0
 11
54.77864473109807
 21
33.2159668481321
 31
0.0
  0
LINE
  5
98D
330
1F
100
AcDbEntity
  8
0
100
AcDbLine
 10
55.21354473109807
 20
33.6941668481321
 30
0.0
 11
55.00205546563268
 21
33.75468887891566
 31
0.0
  0
LINE
  5
98F
330
1F
100
AcDbEntity
  8
0
100
AcDbLine
 10
54.76323546049759
 20
33.16226853355036
 30
0.0
 11
54.52864473109807
 21
32.3432668481321
 31
0.0
  0
LINE
  5
992
330
1F
100
AcDbEntity
  8
0
100
AcDbLine
 10
54.88474473109807
 20
31.3667668481321
 30
0.0
 11
54.20165912767744
 21
31.76970615232442
 31
0.0
  0
LINE
  5
995
330
1F
100
AcDbEntity
  8
0
100
AcDbLine
 10
55.96112787202194
 20
36.15490774665176
 30
0.0
 11
55.95224473109808
 21
36.12376684813209
 31
0.0
  0
LINE
  5
998
330
1F
100
AcDbEntity
  8
0
100
AcDbLine
 10
54.20224473109808
 20
31.77066684813211
 30
0.0
 11
51.18042209338989
 21
33.55335855549457
 31
0.0
  0
LINE
  5
99A
330
1F
100
AcDbEntity
  8
0
100
AcDbLine
 10
54.57811291828315
 20
34.40138629101567
 30
0.0
 11
54.57814473109807
 21
34.4013668481321
 31
0.0
  0
LINE
  5
99B
330
1F
100
AcDbEntity
  8
0
100
AcDbLine
 10
55.15444473109806
 20
35.34416684813209
 30
0.0
 11
54.12634473109807
 21
35.9725668481321
 31
0.0
  0
LINE
  5
9A2
330
1F
100
AcDbEntity
  8
0
100
AcDbLine
 10
52.67474473109807
 20
33.45896684813211
 30
0.0
 11
52.67469155226499
 21
33.45899935488373
 31
0.0
  0
LINE
  5
9AB
330
1F
100
AcDbEntity
  8
0
100
AcDbLine
 10
55.15444473109806
 20
35.34416684813209
 30
0.0
 11
55.13964473109807
 21
35.31986684813209
 31
0.0
  0
LINE
  5
9AD
330
1F
100
AcDbEntity
  8
0
100
AcDbLine
 10
54.12634473109807
 20
35.9725668481321
 30
0.0
 11
54.11144473109807
 21
35.94836684813211
 31
0.0
  0
LINE
  5
9BA
330
1F
100
AcDbEntity
  8
0
100
AcDbLine
 10
53.64974473109807
 20
33.14396684813211
 30
0.0
 11
53.63754473109807
 21
33.1240668481321
 31
0.0
  0
LINE
  5
9D6
330
1F
100
AcDbEntity
  8
0
100
AcDbLine
 10
56.30764473109808
 20
56.60484684813212
 30
0.0
 11
56.30254473109808
 21
56.62368684813212
 31
0.0
  0
LINE
  5
9DB
330
1F
100
AcDbEntity
  8
0
100
AcDbLine
 10
55.89436228978658
 20
55.6755151639839
 30
0.0
 11
55.89429869640978
 21
55.67547053324166
 31
0.0
  0
LINE
  5
9DC
330
1F
100
AcDbEntity
  8
0
100
AcDbLine
 10
55.6554718707828
 20
55.52829571784665
 30
0.0
 11
54.80214473109807
 21
54.92946684813212
 31
0.0
  0
LINE
  5
9DF
330
1F
100
AcDbEntity
  8
0
100
AcDbLine
 10
55.83444473109808
 20
52.27346684813211
 30
0.0
 11
55.82664473109808
 21
52.28106684813211
 31
0.0
  0
LINE
  5
9E0
330
1F
100
AcDbEntity
  8
0
100
AcDbLine
 10
55.58484609688736
 20
52.09785290974621
 30
0.0
 11
54.96993271682853
 21
52.91026684813211
 31
0.0
  0
LINE
  5
9E1
330
1F
100
AcDbEntity
  8
0
100
AcDbLine
 10
55.21304473109807
 20
53.09446684813211
 30
0.0
 11
55.83444473109808
 21
52.27346684813211
 31
0.0
  0
LINE
  5
9E2
330
1F
100
AcDbEntity
  8
0
100
AcDbLine
 10
54.96993271682853
 20
52.91026684813211
 30
0.0
 11
55.21304473109807
 21
53.09446684813211
 31
0.0
  0
LINE
  5
9E5
330
1F
100
AcDbEntity
  8
0
100
AcDbLine
 10
52.74344473109807
 20
55.62370684813211
 30
0.0
 11
53.03924473109808
 21
55.8478768481321
 31
0.0
  0
LINE
  5
9E6
330
1F
100
AcDbEntity
  8
0
100
AcDbLine
 10
52.75204031315665
 20
55.61538112737073
 30
0.0
 11
52.74344473109807
 21
55.62370684813211
 31
0.0
  0
LINE
  5
9E7
330
1F
100
AcDbEntity
  8
0
100
AcDbLine
 10
53.04784473109807
 20
55.83954684813211
 30
0.0
 11
52.75204031315665
 21
55.61538112737073
 31
0.0
  0
LINE
  5
9E9
330
1F
100
AcDbEntity
  8
0
100
AcDbLine
 10
53.95930441678839
 20
59.14834286275823
 30
0.0
 11
53.74484473109808
 21
59.50881684813212
 31
0.0
  0
LINE
  5
A08
330
1F
100
AcDbEntity
  8
0
100
AcDbLine
 10
71.07501018838715
 20
37.56224962417406
 30
0.0
 11
70.89168406433273
 21
37.35241030172867
 31
0.0
  0
LINE
  5
A0A
330
1F
100
AcDbEntity
  8
0
100
AcDbLine
 10
71.04765473109807
 20
38.81216684813209
 30
0.0
 11
71.04878531903828
 21
38.81338143557791
 31
0.0
  0
LINE
  5
A14
330
1F
100
AcDbEntity
  8
0
100
AcDbLine
 10
70.24312473109808
 20
38.83906684813211
 30
0.0
 11
70.25685473109809
 21
38.8311668481321
 31
0.0
  0
LINE
  5
A1C
330
1F
100
AcDbEntity
  8
0
100
AcDbLine
 10
71.22564473109807
 20
38.3149668481321
 30
0.0
 11
70.98808473109809
 21
38.52356684813211
 31
0.0
  0
LINE
  5
A2A
330
1F
100
AcDbEntity
  8
0
100
AcDbLine
 10
70.92388153454281
 20
39.720963591958
 30
0.0
 11
70.45699073448331
 21
36.88916252116348
 31
0.0
  0
LINE
  5
A2B
330
1F
100
AcDbEntity
  8
0
100
AcDbLine
 10
70.08587961787103
 20
40.67284455720761
 30
0.0
 11
70.08585964207483
 21
40.67305973628478
 31
0.0
  0
LINE
  5
A31
330
1F
100
AcDbEntity
  8
0
100
AcDbLine
 10
80.46505873109808
 20
40.85836684813209
 30
0.0
 11
80.46505873109808
 21
41.4288668481321
 31
0.0
  0
LINE
  5
A44
330
1F
100
AcDbEntity
  8
0
100
AcDbLine
 10
80.84559473109809
 20
43.546091475247
 30
0.0
 11
80.40015539127699
 21
43.53672242400569
 31
0.0
  0
LINE
  5
A51
330
1F
100
AcDbEntity
  8
0
100
AcDbLine
 10
70.96442820705869
 20
62.45602590133297
 30
0.0
 11
70.9636193886374
 21
62.45640347340708
 31
0.0
  0
LINE
  5
A56
330
1F
100
AcDbEntity
  8
0
100
AcDbLine
 10
68.02969224623962
 20
39.74584393030787
 30
0.0
 11
68.05050439571509
 21
39.71521035462043
 31
0.0
  0
LINE
  5
A57
330
1F
100
AcDbEntity
  8
0
100
AcDbLine
 10
71.43268549428296
 20
34.73694990181677
 30
0.0
 11
71.43796612212177
 21
34.72917730183771
 31
0.0
  0
LINE
  5
A5E
330
1F
100
AcDbEntity
  8
0
100
AcDbLine
 10
77.52517473109808
 20
29.7046900188638
 30
0.0
 11
77.67517473109808
 21
29.66636684813209
 31
0.0
  0
LINE
  5
A66
330
1F
100
AcDbEntity
  8
0
100
AcDbLine
 10
66.50044473109807
 20
37.2884668481321
 30
0.0
 11
66.62887979694435
 21
37.39866226987225
 31
0.0
  0
LINE
  5
A6A
330
1F
100
AcDbEntity
  8
0
100
AcDbLine
 10
76.06044473109808
 20
25.00225110314448
 30
0.0
 11
75.43449473109808
 21
24.89656690141639
 31
0.0
  0
LINE
  5
A6F
330
1F
100
AcDbEntity
  8
0
100
AcDbLine
 10
66.46864473109808
 20
37.7888668481321
 30
0.0
 11
66.26444473109808
 21
37.9441668481321
 31
0.0
  0
LINE
  5
A7C
330
1F
100
AcDbEntity
  8
0
100
AcDbLine
 10
66.60084473109808
 20
38.19006684813209
 30
0.0
 11
66.53924473109808
 21
38.2904668481321
 31
0.0
  0
LINE
  5
A81
330
1F
100
AcDbEntity
  8
0
100
AcDbLine
 10
66.54104473109808
 20
38.2877668481321
 30
0.0
 11
66.53924473109808
 21
38.2904668481321
 31
0.0
  0
LINE
  5
A82
330
1F
100
AcDbEntity
  8
0
100
AcDbLine
 10
66.53294473109807
 20
38.29966684813211
 30
0.0
 11
66.53924473109808
 21
38.2904668481321
 31
0.0
  0
LINE
  5
A86
330
1F
100
AcDbEntity
  8
0
100
AcDbLine
 10
80.08921273109809
 20
28.2767668481321
 30
0.0
 11
77.66682473109807
 21
28.60206684813208
 31
0.0
  0
LINE
  5
A95
330
1F
100
AcDbEntity
  8
0
100
AcDbLine
 10
77.68917473109809
 20
30.14036184684741
 30
0.0
 11
77.67517473109808
 21
30.14408434708902
 31
0.0
  0
LINE
  5
A96
330
1F
100
AcDbEntity
  8
0
100
AcDbLine
 10
76.37925484514389
 20
30.48728643860503
 30
0.0
 11
76.39340316027352
 21
30.48354167238203
 31
0.0
  0
LINE
  5
A97
330
1F
100
AcDbEntity
  8
0
100
AcDbLine
 10
77.67517473109808
 20
30.13115949417863
 30
0.0
 11
77.68917473109809
 21
30.12658191627949
 31
0.0
  0
LINE
  5
A98
330
1F
100
AcDbEntity
  8
0
100
AcDbLine
 10
76.39446715472979
 20
29.28108069620282
 30
0.0
 11
76.40847187565166
 21
29.2801917566608
 31
0.0
  0
LINE
  5
A99
330
1F
100
AcDbEntity
  8
0
100
AcDbLine
 10
77.67517473109808
 20
29.1997887081115
 30
0.0
 11
77.68917473109809
 21
29.19890006822658
 31
0.0
  0
LINE
  5
A9E
330
1F
100
AcDbEntity
  8
0
100
AcDbLine
 10
80.34402073109808
 20
29.43456684813209
 30
0.0
 11
80.3439629604111
 21
29.43455838955363
 31
0.0
  0
LINE
  5
AA0
330
1F
100
AcDbEntity
  8
0
100
AcDbLine
 10
80.62157425935764
 20
28.24995563404532
 30
0.0
 11
80.59551473109809
 21
28.34347448458091
 31
0.0
  0
LINE
  5
AA1
330
1F
100
AcDbEntity
  8
0
100
AcDbLine
 10
76.39672681494459
 20
25.00659885463541
 30
0.0
 11
76.3826411322608
 21
25.0030033637663
 31
0.0
  0
LINE
  5
AA8
330
1F
100
AcDbEntity
  8
0
100
AcDbLine
 10
76.38821046523093
 20
25.33588770475301
 30
0.0
 11
76.40224830613213
 21
25.33902560045159
 31
0.0
  0
LINE
  5
AAA
330
1F
100
AcDbEntity
  8
0
100
AcDbLine
 10
80.59551473109809
 20
28.11383511241587
 30
0.0
 11
80.62164014799476
 21
28.09752647596337
 31
0.0
  0
LINE
  5
AAB
330
1F
100
AcDbEntity
  8
0
100
AcDbLine
 10
80.64164599546773
 20
28.08503794440608
 30
0.0
 11
80.64576473109807
 21
28.08246684813209
 31
0.0
  0
LINE
  5
ABC
330
1F
100
AcDbEntity
  8
0
100
AcDbLine
 10
80.6217535535937
 20
27.81466684813209
 30
0.0
 11
80.62176473109808
 21
27.8464668481321
 31
0.0
  0
LINE
  5
ACD
330
1F
100
AcDbEntity
  8
0
100
AcDbLine
 10
72.57934120809085
 20
55.42405684813211
 30
0.0
 11
72.54984473109809
 21
55.42405684813211
 31
0.0
  0
LINE
  5
B31
330
1F
100
AcDbEntity
  8
0
100
AcDbLine
 10
46.06392476529397
 20
32.44857340596151
 30
0.0
 11
46.05964473109806
 21
32.4451668481321
 31
0.0
  0
LINE
  5
B33
330
1F
100
AcDbEntity
  8
0
100
AcDbLine
 10
46.25584473109806
 20
32.20116684813212
 30
0.0
 11
46.26013356526594
 21
32.20458041002084
 31
0.0
  0
LINE
  5
B34
330
1F
100
AcDbEntity
  8
0
100
AcDbLine
 10
41.89184473109806
 20
39.13716684813211
 30
0.0
 11
41.80764473109806
 21
39.43856684813211
 31
0.0
  0
LINE
  5
B40
330
1F
100
AcDbEntity
  8
0
100
AcDbLine
 10
66.77644473109808
 20
51.85827142879901
 30
0.0
 11
66.77644473109808
 21
51.85821082093927
 31
0.0
  0
LINE
  5
BC8
330
1F
100
AcDbEntity
  8
0
100
AcDbLine
 10
39.91794473109807
 20
37.96646684813211
 30
0.0
 11
39.93844756320148
 21
37.97462160839791
 31
0.0
  0
LINE
  5
BCB
330
1F
100
AcDbEntity
  8
0
100
AcDbLine
 10
39.89664473109807
 20
37.96116684813211
 30
0.0
 11
39.74104473109806
 21
38.58236684813211
 31
0.0
  0
LINE
  5
BCC
330
1F
100
AcDbEntity
  8
0
100
AcDbLine
 10
39.74104473109806
 20
38.58236684813211
 30
0.0
 11
39.73974473109806
 21
38.58716684813212
 31
0.0
  0
LINE
  5
BCE
330
1F
100
AcDbEntity
  8
0
100
AcDbLine
 10
39.89664473109807
 20
37.96116684813211
 30
0.0
 11
39.91794473109807
 21
37.96646684813211
 31
0.0
  0
LINE
  5
BD0
330
1F
100
AcDbEntity
  8
0
100
AcDbLine
 10
42.57714473109806
 20
33.08946684813211
 30
0.0
 11
42.59055319213001
 21
33.09942505986426
 31
0.0
  0
LINE
  5
BD8
330
1F
100
AcDbEntity
  8
0
100
AcDbLine
 10
40.13054473109806
 20
54.63607684813212
 30
0.0
 11
40.12804473109806
 21
54.63166684813212
 31
0.0
  0
LINE
  5
BDA
330
1F
100
AcDbEntity
  8
0
100
AcDbLine
 10
42.72404473109806
 20
59.26559684813211
 30
0.0
 11
40.13054473109806
 21
54.63607684813212
 31
0.0
  0
LINE
  5
BDB
330
1F
100
AcDbEntity
  8
0
100
AcDbLine
 10
44.68964473109807
 20
61.29490684813212
 30
0.0
 11
42.72404473109806
 21
59.26559684813211
 31
0.0
  0
LINE
  5
BDC
330
1F
100
AcDbEntity
  8
0
100
AcDbLine
 10
44.71172244661947
 20
61.29703509390173
 30
0.0
 11
44.68964473109807
 21
61.29490684813212
 31
0.0
  0
LINE
  5
BF1
330
1F
100
AcDbEntity
  8
0
100
AcDbLine
 10
67.52534473109808
 20
44.39976939326346
 30
0.0
 11
67.52534473109808
 21
44.56976684813211
 31
0.0
  0
LINE
  5
C02
330
1F
100
AcDbEntity
  8
0
100
AcDbLine
 10
61.04794473109809
 20
62.33444684813212
 30
0.0
 11
61.10544473109808
 21
61.36690684813212
 31
0.0
  0
LINE
  5
C03
330
1F
100
AcDbEntity
  8
0
100
AcDbLine
 10
61.35164473109808
 20
61.50834684813212
 30
0.0
 11
61.23980805639707
 21
61.42387340955911
 31
0.0
  0
LINE
  5
C06
330
1F
100
AcDbEntity
  8
0
100
AcDbLine
 10
62.78474473109807
 20
28.67076684813209
 30
0.0
 11
62.05544473109807
 21
40.8102668481321
 31
0.0
  0
LINE
  5
C09
330
1F
100
AcDbEntity
  8
0
100
AcDbLine
 10
59.09314473109808
 20
28.67076684813209
 30
0.0
 11
59.09314473109808
 21
28.4791668481321
 31
0.0
  0
LINE
  5
C14
330
1F
100
AcDbEntity
  8
0
100
AcDbLine
 10
60.67354473109809
 20
61.39690684813212
 30
0.0
 11
60.55154473109809
 21
61.47104684813212
 31
0.0
  0
LINE
  5
C27
330
1F
100
AcDbEntity
  8
0
100
AcDbLine
 10
60.37614473109808
 20
61.94799684813212
 30
0.0
 11
60.42554473109808
 21
62.07141684813212
 31
0.0
  0
LINE
  5
C72
330
1F
100
AcDbEntity
  8
0
100
AcDbLine
 10
61.41531267497152
 20
57.74852209869578
 30
0.0
 11
61.82584473109808
 21
53.61111308993157
 31
0.0
  0
LINE
  5
C75
330
1F
100
AcDbEntity
  8
0
100
AcDbLine
 10
60.78274473109808
 20
61.23077684813211
 30
0.0
 11
61.23066577373859
 21
58.76521405852593
 31
0.0
  0
LINE
  5
C76
330
1F
100
AcDbEntity
  8
0
100
AcDbLine
 10
61.26010995878434
 20
58.60313976393343
 30
0.0
 11
61.26020180764578
 21
58.60263418568756
 31
0.0
  0
LINE
  5
CC0
330
1F
100
AcDbEntity
  8
0
100
AcDbLine
 10
86.97476026643833
 20
55.22749314581354
 30
0.0
 11
87.0277747310981
 21
55.33738684813211
 31
0.0
  0
LINE
  5
CC1
330
1F
100
AcDbEntity
  8
0
100
AcDbLine
 10
84.38881473109807
 20
56.61048684813211
 30
0.0
 11
84.33580264669322
 21
56.50059807984471
 31
0.0
  0
LINE
  5
CC8
330
1F
100
AcDbEntity
  8
0
100
AcDbLine
 10
74.78989825280745
 20
57.07567828469983
 30
0.0
 11
74.79148351087437
 21
57.0728667666097
 31
0.0
  0
LINE
  5
D09
330
1F
100
AcDbEntity
  8
0
100
AcDbLine
 10
40.91320966503469
 20
54.04910799303586
 30
0.0
 11
40.9117856485965
 21
54.0436840631045
 31
0.0
  0
LINE
  5
D0A
330
1F
100
AcDbEntity
  8
0
100
AcDbLine
 10
43.4098937857706
 20
58.76192218361993
 30
0.0
 11
43.40715054051216
 21
58.75702536126061
 31
0.0
  0
LINE
  5
D0B
330
1F
100
AcDbEntity
  8
0
100
AcDbLine
 10
42.55864795367362
 20
57.2424081660338
 30
0.0
 11
42.5586027504537
 21
57.24232747615112
 31
0.0
  0
LINE
  5
D25
330
1F
100
AcDbEntity
  8
0
100
AcDbLine
 10
39.61729868430325
 20
48.8615852145047
 30
0.0
 11
39.61726715319772
 21
48.85598608118574
 31
0.0
  0
LINE
  5
D26
330
1F
100
AcDbEntity
  8
0
100
AcDbLine
 10
39.70896607603994
 20
49.46203958116901
 30
0.0
 11
39.70895246471115
 21
49.46198773265609
 31
0.0
  0
LINE
  5
D2D
330
1F
100
AcDbEntity
  8
0
100
AcDbLine
 10
52.76744473109807
 20
28.22426684813211
 30
0.0
 11
52.80397677290281
 21
28.33395616753051
 31
0.0
  0
LINE
  5
D2E
330
1F
100
AcDbEntity
  8
0
100
AcDbLine
 10
52.80934473109806
 20
28.33216684813211
 30
0.0
 11
52.81384473109807
 21
28.33956684813211
 31
0.0
  0
LINE
  5
D55
330
1F
100
AcDbEntity
  8
0
100
AcDbLine
 10
56.78554473109807
 20
29.1798668481321
 30
0.0
 11
57.11424473109807
 21
29.07056684813209
 31
0.0
  0
LINE
  5
D57
330
1F
100
AcDbEntity
  8
0
100
AcDbLine
 10
57.11424473109807
 20
29.07056684813209
 30
0.0
 11
57.11064473109807
 21
29.0579668481321
 31
0.0
  0
LINE
  5
D58
330
1F
100
AcDbEntity
  8
0
100
AcDbLine
 10
57.11064473109807
 20
29.0579668481321
 30
0.0
 11
56.78554473109807
 21
29.1798668481321
 31
0.0
  0
LINE
  5
D91
330
1F
100
AcDbEntity
  8
0
100
AcDbLine
 10
58.24482073720156
 20
50.99050429528423
 30
0.0
 11
58.51541005313888
 21
50.68090758017419
 31
0.0
  0
LINE
  5
D97
330
1F
100
AcDbEntity
  8
0
100
AcDbLine
 10
58.69610000729832
 20
41.28834078064467
 30
0.0
 11
58.46417918593858
 21
41.05229579605986
 31
0.0
  0
LINE
  5
DAE
330
1F
100
AcDbEntity
  8
0
100
AcDbLine
 10
65.49764473109807
 20
48.21086684813211
 30
0.0
 11
64.91884473109807
 21
49.25066684813211
 31
0.0
  0
LINE
  5
DC0
330
1F
100
AcDbEntity
  8
0
100
AcDbLine
 10
65.515144561633
 20
50.57976684813212
 30
0.0
 11
65.52444473109808
 21
50.58856684813211
 31
0.0
  0
LINE
  5
DC1
330
1F
100
AcDbEntity
  8
0
100
AcDbLine
 10
65.52444473109808
 20
50.58856684813211
 30
0.0
 11
64.51305632728085
 21
51.35595786603744
 31
0.0
  0
LINE
  5
DC7
330
1F
100
AcDbEntity
  8
0
100
AcDbLine
 10
62.97304473109808
 20
53.76956684813212
 30
0.0
 11
64.24494473109809
 21
62.96797684813212
 31
0.0
  0
LINE
  5
DD7
330
1F
100
AcDbEntity
  8
0
100
AcDbLine
 10
67.61474473109808
 20
56.82316684813212
 30
0.0
 11
68.42264473109809
 21
57.92292684813212
 31
0.0
  0
LINE
  5
DE3
330
1F
100
AcDbEntity
  8
0
100
AcDbLine
 10
71.01465473109809
 20
62.55516684813212
 30
0.0
 11
71.02115473109808
 21
62.56580684813211
 31
0.0
  0
LINE
  5
DEA
330
1F
100
AcDbEntity
  8
0
100
AcDbLine
 10
66.05734473109809
 20
56.65464684813212
 30
0.0
 11
64.84625351939476
 21
54.50337137833771
 31
0.0
  0
LINE
  5
DEF
330
1F
100
AcDbEntity
  8
0
100
AcDbLine
 10
65.15632163377765
 20
57.29965911600121
 30
0.0
 11
67.41919100576263
 21
56.00030190542334
 31
0.0
  0
LINE
  5
DF3
330
1F
100
AcDbEntity
  8
0
100
AcDbLine
 10
69.01374473109808
 20
58.17102684813212
 30
0.0
 11
69.01318647424408
 21
58.1712572240562
 31
0.0
  0
LINE
  5
E04
330
1F
100
AcDbEntity
  8
0
100
AcDbLine
 10
68.13264473109808
 20
64.33949454813213
 30
0.0
 11
68.64794473109808
 21
65.35541684813212
 31
0.0
  0
LINE
  5
E05
330
1F
100
AcDbEntity
  8
0
100
AcDbLine
 10
67.07184473109808
 20
64.27780904813213
 30
0.0
 11
66.76224473109809
 21
63.24539684813212
 31
0.0
  0
LINE
  5
E09
330
1F
100
AcDbEntity
  8
0
100
AcDbLine
 10
66.37033262643971
 20
62.24010851859145
 30
0.0
 11
65.86754473109809
 21
63.56489684813212
 31
0.0
  0
LINE
  5
E0D
330
1F
100
AcDbEntity
  8
0
100
AcDbLine
 10
65.87014473109809
 20
63.57378784813212
 30
0.0
 11
65.86754473109809
 21
63.56489684813212
 31
0.0
  0
LINE
  5
E14
330
1F
100
AcDbEntity
  8
0
100
AcDbLine
 10
68.64794473109808
 20
65.35541684813212
 30
0.0
 11
68.65524473109809
 21
65.36738684813212
 31
0.0
  0
LINE
  5
E43
330
1F
100
AcDbEntity
  8
0
100
AcDbLine
 10
72.72325473109808
 20
38.9544668481321
 30
0.0
 11
73.51516473109808
 21
39.8096668481321
 31
0.0
  0
LINE
  5
E45
330
1F
100
AcDbEntity
  8
0
100
AcDbLine
 10
74.24555473109808
 20
34.63816684813209
 30
0.0
 11
72.71841473109808
 21
36.29246684813209
 31
0.0
  0
LINE
  5
E47
330
1F
100
AcDbEntity
  8
0
100
AcDbLine
 10
76.80287473109808
 20
38.2502668481321
 30
0.0
 11
76.80967473109808
 21
38.2464668481321
 31
0.0
  0
LINE
  5
E48
330
1F
100
AcDbEntity
  8
0
100
AcDbLine
 10
76.80967473109808
 20
38.2464668481321
 30
0.0
 11
74.24555473109808
 21
34.63816684813209
 31
0.0
  0
LINE
  5
E4A
330
1F
100
AcDbEntity
  8
0
100
AcDbLine
 10
76.14235473109808
 20
38.5635668481321
 30
0.0
 11
76.14915473109808
 21
38.5597668481321
 31
0.0
  0
LINE
  5
E4D
330
1F
100
AcDbEntity
  8
0
100
AcDbLine
 10
76.06682473109808
 20
38.3862668481321
 30
0.0
 11
76.14915473109808
 21
38.5597668481321
 31
0.0
  0
LINE
  5
E4E
330
1F
100
AcDbEntity
  8
0
100
AcDbLine
 10
76.06682473109808
 20
38.3862668481321
 30
0.0
 11
75.43867473109807
 21
38.6842668481321
 31
0.0
  0
LINE
  5
E4F
330
1F
100
AcDbEntity
  8
0
100
AcDbLine
 10
75.52100473109809
 20
38.8576668481321
 30
0.0
 11
75.11045473109809
 21
39.0523668481321
 31
0.0
  0
LINE
  5
E52
330
1F
100
AcDbEntity
  8
0
100
AcDbLine
 10
75.51420473109809
 20
38.8614668481321
 30
0.0
 11
75.52100473109809
 21
38.8576668481321
 31
0.0
  0
LINE
  5
E54
330
1F
100
AcDbEntity
  8
0
100
AcDbLine
 10
75.10365473109809
 20
39.05616684813209
 30
0.0
 11
75.51420473109809
 21
38.8614668481321
 31
0.0
  0
LINE
  5
E62
330
1F
100
AcDbEntity
  8
0
100
AcDbLine
 10
72.09170473109807
 20
38.26256684813209
 30
0.0
 11
71.49453473109808
 21
37.61776684813209
 31
0.0
  0
LINE
  5
E71
330
1F
100
AcDbEntity
  8
0
100
AcDbLine
 10
66.99494473109808
 20
43.90761910364914
 30
0.0
 11
65.39239832035761
 21
44.02180192946103
 31
0.0
  0
LINE
  5
E8E
330
1F
100
AcDbEntity
  8
0
100
AcDbLine
 10
76.45005473109808
 20
42.78656684813209
 30
0.0
 11
76.44898961877813
 21
42.78390076707343
 31
0.0
  0
LINE
  5
E8F
330
1F
100
AcDbEntity
  8
0
100
AcDbLine
 10
68.25144473109808
 20
43.1618668481321
 30
0.0
 11
71.61139473109807
 21
42.6738668481321
 31
0.0
  0
LINE
  5
EA9
330
1F
100
AcDbEntity
  8
0
100
AcDbLine
 10
63.16124473109808
 20
39.8499668481321
 30
0.0
 11
63.16484473109808
 21
39.8439668481321
 31
0.0
  0
LINE
  5
EAB
330
1F
100
AcDbEntity
  8
0
100
AcDbLine
 10
74.75912446025853
 20
57.04810088912608
 30
0.0
 11
74.75706988838632
 21
57.05055301825243
 31
0.0
  0
LINE
  5
EAC
330
1F
100
AcDbEntity
  8
0
100
AcDbLine
 10
74.91392425419824
 20
52.83316792614892
 30
0.0
 11
74.9139009942958
 21
52.83315725428004
 31
0.0
  0
LINE
  5
EAD
330
1F
100
AcDbEntity
  8
0
100
AcDbLine
 10
75.14918160930559
 20
33.3018007899654
 30
0.0
 11
75.1488879290078
 21
33.30149941097794
 31
0.0
  0
LINE
  5
EAF
330
1F
100
AcDbEntity
  8
0
100
AcDbLine
 10
63.89283948802115
 20
28.4791668481321
 30
0.0
 11
64.04727934205954
 21
28.17555595675492
 31
0.0
  0
LINE
  5
EB3
330
1F
100
AcDbEntity
  8
0
100
AcDbLine
 10
57.59508706274166
 20
27.74783198575746
 30
0.0
 11
57.93167756630509
 21
28.4791668481321
 31
0.0
  0
LINE
  5
EB8
330
1F
100
AcDbEntity
  8
0
100
AcDbLine
 10
63.16124473109808
 20
39.8499668481321
 30
0.0
 11
62.68954473109808
 21
41.0775668481321
 31
0.0
  0
LINE
  5
EB9
330
1F
100
AcDbEntity
  8
0
100
AcDbLine
 10
62.68954473109808
 20
41.0775668481321
 30
0.0
 11
62.69314473109807
 21
41.0714668481321
 31
0.0
  0
LINE
  5
EC4
330
1F
100
AcDbEntity
  8
0
100
AcDbLine
 10
41.09914458004387
 20
35.83466712518157
 30
0.0
 11
40.45243345000679
 21
37.02080412821648
 31
0.0
  0
LINE
  5
ED4
330
1F
100
AcDbEntity
  8
0
100
AcDbLine
 10
69.01374473109808
 20
58.17102684813212
 30
0.0
 11
68.68434473109809
 21
57.72264684813212
 31
0.0
  0
LINE
  5
1004
330
1F
100
AcDbEntity
  8
0
100
AcDbLine
 10
80.38184073109809
 20
26.13466684813209
 30
0.0
 11
80.38185175353399
 21
26.1165668481321
 31
0.0
  0
LINE
  5
1024
330
1F
100
AcDbEntity
  8
0
100
AcDbLine
 10
41.24984473109806
 20
41.62846684813212
 30
0.0
 11
39.13398781683781
 21
41.18584733432174
 31
0.0
  0
LINE
  5
1025
330
1F
100
AcDbEntity
  8
0
100
AcDbLine
 10
39.13398781683781
 20
41.18584733432174
 30
0.0
 11
39.12834473109807
 21
41.18466684813211
 31
0.0
  0
LINE
  5
1029
330
1F
100
AcDbEntity
  8
0
100
AcDbLine
 10
80.36777973109808
 20
27.66686684813209
 30
0.0
 11
80.59551473109809
 21
27.66686684813209
 31
0.0
  0
LINE
  5
103B
330
1F
100
AcDbEntity
  8
0
100
AcDbLine
 10
61.18827469096318
 20
33.68816316241544
 30
0.0
 11
61.18824473109807
 21
33.6886668481321
 31
0.0
  0
LINE
  5
1063
330
1F
100
AcDbEntity
  8
0
100
AcDbLine
 10
42.33064473109807
 20
46.32396684813211
 30
0.0
 11
42.33062316694513
 21
46.32390223366298
 31
0.0
  0
LINE
  5
1075
330
1F
100
AcDbEntity
  8
0
100
AcDbLine
 10
44.49564473109806
 20
31.07416684813211
 30
0.0
 11
44.4946270247292
 21
31.07524248589344
 31
0.0
  0
LINE
  5
10E3
330
1F
100
AcDbEntity
  8
0
100
AcDbLine
 10
62.21744473109808
 20
66.35908684813212
 30
0.0
 11
62.21748413352119
 21
66.35829174562918
 31
0.0
  0
LINE
  5
112A
330
1F
100
AcDbEntity
  8
0
100
AcDbLine
 10
80.59551473109809
 20
27.81466684813209
 30
0.0
 11
80.36469835396221
 21
27.81466684813209
 31
0.0
  0
LINE
  5
1141
330
1F
100
AcDbEntity
  8
0
100
AcDbLine
 10
64.97824473109807
 20
40.9944668481321
 30
0.0
 11
65.63475194568727
 21
40.58532059548672
 31
0.0
  0
LINE
  5
1160
330
1F
100
AcDbEntity
  8
0
100
AcDbLine
 10
73.84610976445987
 20
30.50300265691595
 30
0.0
 11
74.23897219940153
 21
30.90860134717683
 31
0.0
  0
LINE
  5
1195
330
1F
100
AcDbEntity
  8
0
100
AcDbLine
 10
64.50369028312684
 20
51.34712969579783
 30
0.0
 11
64.50364473109809
 21
51.34706684813211
 31
0.0
  0
LINE
  5
119C
330
1F
100
AcDbEntity
  8
0
100
AcDbLine
 10
70.14501473109809
 20
59.12632684813211
 30
0.0
 11
70.13579878379518
 21
59.11760906014288
 31
0.0
  0
LINE
  5
11BF
330
1F
100
AcDbEntity
  8
0
100
AcDbLine
 10
77.52517473109808
 20
29.36606684813209
 30
0.0
 11
77.52517473109808
 21
29.7046900188638
 31
0.0
  0
LINE
  5
11E6
330
1F
100
AcDbEntity
  8
0
100
AcDbLine
 10
80.59551473109809
 20
27.08016485379302
 30
0.0
 11
80.59551473109809
 21
27.08024325262647
 31
0.0
  0
LINE
  5
128B
330
1F
100
AcDbEntity
  8
0
100
AcDbLine
 10
54.99324473109808
 20
59.19714684813211
 30
0.0
 11
55.30380908347324
 21
58.25928449913877
 31
0.0
  0
LINE
  5
12D4
330
1F
100
AcDbEntity
  8
0
100
AcDbLine
 10
77.66682473109807
 20
28.60206684813208
 30
0.0
 11
77.66944893144728
 21
28.63905707341364
 31
0.0
  0
LINE
  5
12D5
330
1F
100
AcDbEntity
  8
0
100
AcDbLine
 10
77.66944893144728
 20
28.63905707341364
 30
0.0
 11
77.67517473109808
 21
28.7197668481321
 31
0.0
  0
LINE
  5
1390
330
1F
100
AcDbEntity
  8
0
100
AcDbLine
 10
58.18390154585401
 20
40.76703408111188
 30
0.0
 11
57.71511834773838
 21
40.28991468267213
 31
0.0
  0
LINE
  5
1395
330
1F
100
AcDbEntity
  8
0
100
AcDbLine
 10
65.51363204867732
 20
50.58091433327444
 30
0.0
 11
64.50364473109809
 21
51.34706684813211
 31
0.0
  0
LINE
  5
1396
330
1F
100
AcDbEntity
  8
0
100
AcDbLine
 10
64.51305632728085
 20
51.35595786603744
 30
0.0
 11
65.51363204867732
 21
50.58091433327444
 31
0.0
  0
LINE
  5
139F
330
1F
100
AcDbEntity
  8
0
100
AcDbLine
 10
69.01318647424408
 20
58.1712572240562
 30
0.0
 11
68.68434473109809
 21
57.72264684813212
 31
0.0
  0
LINE
  5
13B9
330
1F
100
AcDbEntity
  8
0
100
AcDbLine
 10
76.14915473109808
 20
38.5597668481321
 30
0.0
 11
76.2103727220108
 21
38.53072973108347
 31
0.0
  0
LINE
  5
13BC
330
1F
100
AcDbEntity
  8
0
100
AcDbLine
 10
75.43867473109807
 20
38.6842668481321
 30
0.0
 11
75.43889533177524
 21
38.68473146804488
 31
0.0
  0
LINE
  5
13BD
330
1F
100
AcDbEntity
  8
0
100
AcDbLine
 10
75.43889533177524
 20
38.68473146804488
 30
0.0
 11
75.52100473109809
 21
38.8576668481321
 31
0.0
  0
LINE
  5
1483
330
1F
100
AcDbEntity
  8
0
100
AcDbLine
 10
61.23984473109807
 20
32.82116684813209
 30
0.0
 11
61.23981058568228
 21
32.82174090139186
 31
0.0
  0
LINE
  5
1484
330
1F
100
AcDbEntity
  8
0
100
AcDbLine
 10
61.23981058568228
 20
32.82174090139186
 30
0.0
 11
61.18827469096318
 21
33.68816316241544
 31
0.0
  0
LINE
  5
1492
330
1F
100
AcDbEntity
  8
0
100
AcDbLine
 10
44.4946270247292
 20
31.07524248589344
 30
0.0
 11
44.47815019159158
 21
31.09265723778259
 31
0.0
  0
LINE
  5
1493
330
1F
100
AcDbEntity
  8
0
100
AcDbLine
 10
44.47815019159158
 20
31.09265723778259
 30
0.0
 11
42.60714473109806
 21
33.0701668481321
 31
0.0
  0
LINE
  5
1494
330
1F
100
AcDbEntity
  8
0
100
AcDbLine
 10
45.52016848379908
 20
31.00780431578888
 30
0.0
 11
45.11282684604796
 21
31.03418947527271
 31
0.0
  0
LINE
  5
1495
330
1F
100
AcDbEntity
  8
0
100
AcDbLine
 10
45.11282684604796
 20
31.03418947527271
 30
0.0
 11
44.8492071590586
 21
31.05126518479924
 31
0.0
  0
LINE
  5
1496
330
1F
100
AcDbEntity
  8
0
100
AcDbLine
 10
44.8492071590586
 20
31.05126518479924
 30
0.0
 11
44.49564473109806
 21
31.07416684813211
 31
0.0
  0
LINE
  5
14C9
330
1F
100
AcDbEntity
  8
0
100
AcDbLine
 10
80.6221534011793
 20
27.1573629979775
 30
0.0
 11
80.59551473109809
 21
27.08024325262647
 31
0.0
  0
LINE
  5
14D6
330
1F
100
AcDbEntity
  8
0
100
AcDbLine
 10
65.63475194568727
 20
40.58532059548672
 30
0.0
 11
65.64028931662074
 21
40.58186961350723
 31
0.0
  0
LINE
  5
14D7
330
1F
100
AcDbEntity
  8
0
100
AcDbLine
 10
65.64028931662074
 20
40.58186961350723
 30
0.0
 11
66.46424473109807
 21
40.0683668481321
 31
0.0
  0
LINE
  5
14DE
330
1F
100
AcDbEntity
  8
0
100
AcDbLine
 10
71.09739669782164
 20
40.67977577733659
 30
0.0
 11
72.52669690166202
 21
39.84921084728485
 31
0.0
  0
LINE
  5
1573
330
1F
100
AcDbEntity
  8
0
100
AcDbLine
 10
60.90454473109808
 20
25.9825668481321
 30
0.0
 11
60.90474473109807
 21
25.9825668481321
 31
0.0
  0
LINE
  5
1577
330
1F
100
AcDbEntity
  8
0
100
AcDbLine
 10
60.90454473109808
 20
25.88556684813209
 30
0.0
 11
60.90164473109807
 21
25.88556684813209
 31
0.0
  0
LINE
  5
157C
330
1F
100
AcDbEntity
  8
0
100
AcDbLine
 10
60.90474473109807
 20
26.03856684813209
 30
0.0
 11
60.90164473109807
 21
26.03856684813209
 31
0.0
  0
LINE
  5
15D5
330
1F
100
AcDbEntity
  8
0
100
AcDbLine
 10
84.67677509398461
 20
56.47156760040163
 30
0.0
 11
84.38881473109807
 21
56.61048684813211
 31
0.0
  0
LINE
  5
15FD
330
1F
100
AcDbEntity
  8
0
100
AcDbLine
 10
76.2103727220108
 20
38.53072973108347
 30
0.0
 11
76.80256934372185
 21
38.24983709863924
 31
0.0
  0
LINE
  5
15FE
330
1F
100
AcDbEntity
  8
0
100
AcDbLine
 10
76.80256934372185
 20
38.24983709863924
 30
0.0
 11
76.80967473109808
 21
38.2464668481321
 31
0.0
  0
LINE
  5
160B
330
1F
100
AcDbEntity
  8
0
100
AcDbLine
 10
60.90474473109807
 20
26.03856684813209
 30
0.0
 11
60.90474473109807
 21
25.9825668481321
 31
0.0
  0
LINE
  5
160E
330
1F
100
AcDbEntity
  8
0
100
AcDbLine
 10
60.90164473109807
 20
25.9825668481321
 30
0.0
 11
60.90164473109807
 21
26.03856684813209
 31
0.0
  0
LINE
  5
162D
330
1F
100
AcDbEntity
  8
0
100
AcDbLine
 10
47.81024473109806
 20
30.85946684813212
 30
0.0
 11
45.69026767209909
 21
30.99678630585464
 31
0.0
  0
LINE
  5
162E
330
1F
100
AcDbEntity
  8
0
100
AcDbLine
 10
45.69026767209909
 20
30.99678630585464
 30
0.0
 11
45.52016848379908
 21
31.00780431578888
 31
0.0
  0
LINE
  5
1631
330
1F
100
AcDbEntity
  8
0
100
AcDbLine
 10
67.27722720392371
 20
36.26500366097183
 30
0.0
 11
67.06471023029013
 21
36.63659718336997
 31
0.0
  0
LINE
  5
1682
330
1F
100
AcDbEntity
  8
0
100
AcDbLine
 10
60.90454473109808
 20
25.9825668481321
 30
0.0
 11
60.90454473109808
 21
25.92556684813209
 31
0.0
  0
LINE
  5
1683
330
1F
100
AcDbEntity
  8
0
100
AcDbLine
 10
60.90454473109808
 20
25.89556684813209
 30
0.0
 11
60.90454473109808
 21
25.88556684813209
 31
0.0
  0
LINE
  5
16A7
330
1F
100
AcDbEntity
  8
0
100
AcDbLine
 10
84.67726650745644
 20
56.47133053030924
 30
0.0
 11
84.67677509398461
 21
56.47156760040163
 31
0.0
  0
LINE
  5
16CB
330
1F
100
AcDbEntity
  8
0
100
AcDbLine
 10
70.72934146334386
 20
30.2288585218519
 30
0.0
 11
68.64717647918329
 21
33.86959839993972
 31
0.0
  0
LINE
  5
16EE
330
1F
100
AcDbEntity
  8
0
100
AcDbLine
 10
60.90454473109808
 20
25.92556684813209
 30
0.0
 11
60.90454473109808
 21
25.9025668481321
 31
0.0
  0
LINE
  5
1708
330
1F
100
AcDbEntity
  8
0
100
AcDbLine
 10
60.90164473109807
 20
25.88556684813209
 30
0.0
 11
60.90164473109807
 21
25.89556684813209
 31
0.0
  0
LINE
  5
1709
330
1F
100
AcDbEntity
  8
0
100
AcDbLine
 10
60.90164473109807
 20
25.92556684813209
 30
0.0
 11
60.90164473109807
 21
25.9825668481321
 31
0.0
  0
LINE
  5
1721
330
1F
100
AcDbEntity
  8
0
100
AcDbLine
 10
60.90454473109808
 20
25.9025668481321
 30
0.0
 11
60.90454473109808
 21
25.8965668481321
 31
0.0
  0
LINE
  5
1722
330
1F
100
AcDbEntity
  8
0
100
AcDbLine
 10
60.90454473109808
 20
25.8965668481321
 30
0.0
 11
60.90454473109808
 21
25.89556684813209
 31
0.0
  0
LINE
  5
173D
330
1F
100
AcDbEntity
  8
0
100
AcDbLine
 10
60.90164473109807
 20
25.9025668481321
 30
0.0
 11
60.90164473109807
 21
25.92556684813209
 31
0.0
  0
LINE
  5
1742
330
1F
100
AcDbEntity
  8
0
100
AcDbLine
 10
69.29113488320783
 20
34.30212295768209
 30
0.0
 11
71.41910995202209
 21
30.6921399170213
 31
0.0
  0
LINE
  5
176A
330
1F
100
AcDbEntity
  8
0
100
AcDbLine
 10
60.90164473109807
 20
25.89556684813209
 30
0.0
 11
60.90164473109807
 21
25.8965668481321
 31
0.0
  0
LINE
  5
176B
330
1F
100
AcDbEntity
  8
0
100
AcDbLine
 10
60.90164473109807
 20
25.8965668481321
 30
0.0
 11
60.90164473109807
 21
25.9025668481321
 31
0.0
  0
LINE
  5
178D
330
1F
100
AcDbEntity
  8
0
100
AcDbLine
 10
92.00901423765593
 20
52.79883210102492
 30
0.0
 11
87.06686676301506
 21
55.18305846661643
 31
0.0
  0
LINE
  5
17DF
330
1F
100
AcDbEntity
  8
0
100
AcDbLine
 10
66.34761160201461
 20
51.23313548123392
 30
0.0
 11
65.52444473109808
 21
50.58856684813211
 31
0.0
  0
LINE
  5
17E0
330
1F
100
AcDbEntity
  8
0
100
AcDbLine
 10
66.33824473109808
 20
51.22426684813211
 30
0.0
 11
65.515144561633
 21
50.57976684813212
 31
0.0
  0
LINE
  5
17E1
330
1F
100
AcDbEntity
  8
0
100
AcDbLine
 10
66.33824473109808
 20
51.22426684813211
 30
0.0
 11
66.34761160201461
 21
51.23313548123392
 31
0.0
  0
LINE
  5
183B
330
1F
100
AcDbEntity
  8
0
100
AcDbLine
 10
80.36777973109808
 20
27.66686684813209
 30
0.0
 11
80.36847991111129
 21
26.4571656749099
 31
0.0
  0
LINE
  5
183F
330
1F
100
AcDbEntity
  8
0
100
AcDbLine
 10
80.59551473109809
 20
27.08016485379302
 30
0.0
 11
80.36847991111129
 21
26.4571656749099
 31
0.0
  0
LINE
  5
187B
330
1F
100
AcDbEntity
  8
0
100
AcDbLine
 10
77.67517473109808
 20
29.1997887081115
 30
0.0
 11
77.67517473109808
 21
29.66636684813209
 31
0.0
  0
LINE
  5
187C
330
1F
100
AcDbEntity
  8
0
100
AcDbLine
 10
77.67517473109808
 20
28.7197668481321
 30
0.0
 11
77.67517473109808
 21
29.1997887081115
 31
0.0
  0
LINE
  5
18A8
330
1F
100
AcDbEntity
  8
0
100
AcDbLine
 10
85.89227473109808
 20
55.88518684813211
 30
0.0
 11
84.67726650745644
 21
56.47133053030924
 31
0.0
  0
LINE
  5
18A9
330
1F
100
AcDbEntity
  8
0
100
AcDbLine
 10
85.89227473109808
 20
55.88518684813211
 30
0.0
 11
87.0277747310981
 21
55.33738684813211
 31
0.0
  0
LWPOLYLINE
  5
193D
330
1F
100
AcDbEntity
  8
0
100
AcDbPolyline
 90
       11
 70
     0
 43
0.0
 10
86.09066473109809
 20
36.1631668481321
 10
86.01898350367585
 20
36.31174866421448
 10
86.01458675542287
 20
36.30960042300875
 10
85.24557559747339
 20
35.93862359602763
 10
85.31724473109809
 20
35.7900668481321
 10
85.32166473109809
 20
35.7921668481321
 10
85.32613016213344
 20
35.79432115847735
 10
85.33917473109809
 20
35.80056684813211
 10
86.08624473109809
 20
36.16096684813211
 10
86.09066473109809
 20
36.1631668481321
 10
86.08621987702667
 20
36.16101840065572
  0
LWPOLYLINE
  5
193E
330
1F
100
AcDbEntity
  8
0
100
AcDbPolyline
 90
        8
 70
     0
 43
0.0
 10
60.47524473109808
 20
51.09686684813212
 10
60.59974473109808
 20
51.09616684813211
 10
60.60764473109808
 20
51.09606684813211
 10
60.47524473109808
 20
51.09686684813212
 10
59.99494473109808
 20
51.09966684813211
 10
60.00774473109808
 20
51.10316684813211
 10
61.28644473109808
 20
51.09526684813211
 10
61.29741486746831
 20
51.0921325234549
  0
LWPOLYLINE
  5
193F
330
1F
100
AcDbEntity
  8
0
100
AcDbPolyline
 90
        8
 70
     0
 43
0.0
 10
80.60232948569538
 20
28.33312715858132
 10
80.62156823493205
 20
28.26513718650637
 10
80.62157425935764
 20
28.24995563404532
 10
80.62164014799476
 20
28.09752647596337
 10
80.62176473109808
 20
27.8464668481321
 10
80.62180473109808
 20
27.81466684813209
 10
80.64180473109809
 20
27.81466684813209
 10
80.64174497014191
 20
27.7896668481321
  0
LWPOLYLINE
  5
1940
330
1F
100
AcDbEntity
  8
0
100
AcDbPolyline
 90
        7
 70
     0
 43
0.0
 10
79.40363156128649
 20
33.40016118311699
 10
79.52531193109809
 20
33.1479668481321
 10
79.77351173109808
 20
33.2676668481321
 10
81.14770888339988
 20
33.93063751213174
 10
81.21026473109807
 20
33.80096684813209
 10
80.81388014666487
 20
33.6096917211258
 10
80.80986622945411
 20
33.60774300882379
  0
LWPOLYLINE
  5
1941
330
1F
100
AcDbEntity
  8
0
100
AcDbPolyline
 90
       11
 70
     0
 43
0.0
 10
55.72319939630911
 20
42.8166977476804
 10
55.71234473109807
 20
42.8107668481321
 10
42.60394473109807
 20
33.0748668481321
 10
42.59055319213001
 20
33.09942505986426
 10
41.55844473109806
 20
34.99236684813211
 10
41.55344473109805
 20
34.98966684813212
 10
41.55831713246942
 20
34.99253257215892
 10
41.55834532212407
 20
34.99254915202673
 10
43.44274473109806
 20
36.10086684813211
 10
43.44764473109806
 20
36.10356710382551
 10
41.55844473109806
 20
34.99236684813211
  0
LWPOLYLINE
  5
1942
330
1F
100
AcDbEntity
  8
0
100
AcDbPolyline
 90
        5
 70
     0
 43
0.0
 10
80.34405213760214
 20
29.3722668481321
 10
80.34399473109809
 20
29.4007668481321
 10
80.35999473109809
 20
29.4007668481321
 10
80.36000469664664
 20
29.26768795075182
 10
80.36001708937206
 20
29.26764410599441
  0
LWPOLYLINE
  5
1943
330
1F
100
AcDbEntity
  8
0
100
AcDbPolyline
 90
        6
 70
     0
 43
0.0
 10
67.00754442040352
 20
38.1448668481321
 10
67.00750926529415
 20
38.14484310732559
 10
66.48193963306241
 20
37.76937084805522
 10
66.46864473109808
 20
37.7888668481321
 10
66.73144473109807
 20
37.9766668481321
 10
66.73924473109806
 20
37.96526684813211
  0
LWPOLYLINE
  5
1944
330
1F
100
AcDbEntity
  8
0
100
AcDbPolyline
 90
        9
 70
     0
 43
0.0
 10
70.97487473109808
 20
38.5319668481321
 10
70.98808473109809
 20
38.52356684813211
 10
71.75900473109809
 20
39.4029668481321
 10
71.75889996183636
 20
39.40305886574045
 10
71.54916473109807
 20
39.5872668481321
 10
71.53605808170424
 20
39.59560112935149
 10
71.74579473109807
 20
39.4114668481321
 10
71.75239968692764
 20
39.40721687655366
 10
71.75889996183636
 20
39.40305886574045
  0
LWPOLYLINE
  5
1945
330
1F
100
AcDbEntity
  8
0
100
AcDbPolyline
 90
       13
 70
     0
 43
0.0
 10
54.96993271682853
 20
52.91026684813211
 10
54.96604496879755
 20
52.91401661957492
 10
54.96221417511319
 20
52.91770007504066
 10
55.58354473109808
 20
52.09686684813211
 10
55.58484609688736
 20
52.09785290974621
 10
55.82664473109808
 20
52.28106684813211
 10
57.20204473109808
 20
50.46386684813211
 10
57.20984473109808
 20
50.45636684813211
 10
56.75564473109808
 20
50.08136684813211
 10
56.74774473109808
 20
50.08896684813211
 10
52.85764473109807
 20
55.29397684813211
 10
53.29714473109807
 20
55.62294684813211
 10
53.29716619602481
 20
55.62292601614553
  0
LWPOLYLINE
  5
1946
330
1F
100
AcDbEntity
  8
0
100
AcDbPolyline
 90
        7
 70
     0
 43
0.0
 10
63.2329715195911
 20
39.66332220064373
 10
63.23294473109807
 20
39.6633668481321
 10
64.39007602319597
 20
40.37256812623188
 10
63.23714473109808
 20
39.6563668481321
 10
63.2329715195911
 20
39.66332220064373
 10
63.7764474068328
 20
38.24926232486627
 10
63.78064473109808
 20
38.2421668481321
  0
LWPOLYLINE
  5
1947
330
1F
100
AcDbEntity
  8
0
100
AcDbPolyline
 90
        8
 70
     0
 43
0.0
 10
66.80007664108959
 20
51.87671353673763
 10
66.80014058597118
 20
51.87676361328568
 10
66.94134473109809
 20
51.69656684813212
 10
67.44355556648
 20
52.08979459680461
 10
68.15504473109808
 20
52.64696684813212
 10
68.20091895233211
 20
52.68285758225615
 10
68.28554473109808
 20
52.74906684813211
 10
68.61143862210498
 20
53.00432020980347
  0
LWPOLYLINE
  5
1948
330
1F
100
AcDbEntity
  8
0
100
AcDbPolyline
 90
        6
 70
     0
 43
0.0
 10
68.28601254293353
 20
52.74951516780774
 10
68.61143862210498
 20
53.00432020980347
 10
68.77364473109809
 20
53.13136684813211
 10
69.24324473109809
 20
53.49906684813211
 10
70.34900473109809
 20
54.36493684813211
 10
70.35866473109809
 20
54.37408684813211
  0
LWPOLYLINE
  5
1949
330
1F
100
AcDbEntity
  8
0
100
AcDbPolyline
 90
        5
 70
     0
 43
0.0
 10
70.8892037166591
 20
37.35084493497359
 10
70.87328765303869
 20
37.3313533438004
 10
70.86521473109808
 20
37.32146684813211
 10
70.75078355251283
 20
37.19113231647154
 10
70.61950942138984
 20
37.04161404172689
  0
LWPOLYLINE
  5
194A
330
1F
100
AcDbEntity
  8
0
100
AcDbPolyline
 90
       10
 70
     1
 43
0.0
 10
64.36654473109808
 20
50.87256684813212
 10
63.92044473109809
 20
50.23996684813211
 10
63.92924473109808
 20
50.24826684813211
 10
64.37524473109809
 20
50.88086684813211
 10
65.39394473109808
 20
50.05416684813211
 10
65.38524473109808
 20
50.04586684813212
 10
64.79274473109808
 20
49.48266684813211
 10
64.78394473109807
 20
49.47446684813211
 10
63.92044473109809
 20
50.23996684813211
 10
64.37524473109809
 20
50.88086684813211
  0
LWPOLYLINE
  5
194B
330
1F
100
AcDbEntity
  8
0
100
AcDbPolyline
 90
       18
 70
     0
 43
0.0
 10
66.35304473109808
 20
45.12286684813211
 10
66.30044473109808
 20
44.0835668481321
 10
66.30694473109807
 20
44.08186684813211
 10
66.35954473109809
 20
45.1211668481321
 10
66.35304473109808
 20
45.12286684813211
 10
66.79734687128171
 20
45.06206628839177
 10
66.99494473109808
 20
45.03132455068411
 10
66.99494473109808
 20
47.04509702331399
 10
66.99494473109808
 20
48.065780937122
 10
66.99494473109808
 20
48.06639423985805
 10
66.99494473109808
 20
48.58726684813211
 10
73.4440798278917
 20
48.45135716912981
 10
80.43008173109809
 20
48.86836684813211
 10
80.42691474261562
 20
48.30420025001703
 10
80.84559473109809
 20
48.29537694859981
 10
80.91772432923402
 20
48.29385688267127
 10
80.91689473109807
 20
48.4482668481321
 10
80.84559473109809
 20
48.73186684813211
  0
LWPOLYLINE
  5
194C
330
1F
100
AcDbEntity
  8
0
100
AcDbPolyline
 90
       10
 70
     0
 43
0.0
 10
49.08104473109808
 20
63.38342884813211
 10
52.58014473109807
 20
65.23122584813211
 10
52.58544473109807
 20
65.22226084813212
 10
53.21394473109807
 20
63.60586984813212
 10
53.21934395458882
 20
63.59690667992581
 10
53.21304473109808
 20
63.61987884813212
 10
54.01874473109808
 20
61.55378684813212
 10
54.02504473109807
 20
61.53081684813212
 10
54.02054473109807
 20
61.53827684813212
 10
51.34914473109808
 20
59.88834684813213
  0
LWPOLYLINE
  5
194D
330
1F
100
AcDbEntity
  8
0
100
AcDbPolyline
 90
       11
 70
     0
 43
0.0
 10
60.60764473109808
 20
51.09606684813211
 10
60.60971222335732
 20
51.09608201841076
 10
60.62324473109808
 20
51.09596684813212
 10
61.29741486746831
 20
51.0921325234549
 10
61.32654473109808
 20
51.09196684813211
 10
61.07324473109807
 20
47.78016684813211
 10
60.64704473109808
 20
47.65366684813211
 10
60.26814473109808
 20
47.42106684813211
 10
59.96234473109807
 20
47.0983668481321
 10
59.75054473109807
 20
46.70756684813211
 10
59.74011112537377
 20
46.66397756199502
  0
LWPOLYLINE
  5
194E
330
1F
100
AcDbEntity
  8
0
100
AcDbPolyline
 90
        7
 70
     0
 43
0.0
 10
79.79394792001309
 20
59.00259931263081
 10
79.94602373109808
 20
59.31783684813211
 10
80.29650173109809
 20
59.1487568481321
 10
80.93752547857341
 20
58.83950839754498
 10
81.01877473109809
 20
59.00792684813211
 10
80.37775373109807
 20
59.31717684813211
 10
80.29650173109809
 20
59.1487568481321
  0
LWPOLYLINE
  5
194F
330
1F
100
AcDbEntity
  8
0
100
AcDbPolyline
 90
        5
 70
     0
 43
0.0
 10
81.19537473109808
 20
58.32651684813211
 10
81.34745473109807
 20
58.64174684813211
 10
81.14436473109808
 20
58.7397268481321
 10
81.14007473109808
 20
58.74178684813211
 10
80.93752547857341
 20
58.83950839754498
  0
LWPOLYLINE
  5
1950
330
1F
100
AcDbEntity
  8
0
100
AcDbPolyline
 90
        7
 70
     0
 43
0.0
 10
81.41574209380706
 20
57.90931471467576
 10
81.53740473109809
 20
58.1615068481321
 10
81.19537473109808
 20
58.32651684813211
 10
79.79394792001309
 20
59.00259931263081
 10
79.52531193109809
 20
59.13219684813211
 10
79.40364728037457
 20
58.88000398060146
 10
79.23451467599467
 20
58.96159814927265
  0
LWPOLYLINE
  5
1951
330
1F
100
AcDbEntity
  8
0
100
AcDbPolyline
 90
        7
 70
     0
 43
0.0
 10
76.63478825220917
 20
60.21577688730488
 10
78.28031315087105
 20
59.42193091877436
 10
78.40501473109809
 20
59.68042684813211
 10
76.7594947310981
 20
60.47426684813211
 10
76.63478825220917
 20
60.21577688730488
 10
75.8431038836909
 20
60.59770696007858
 10
74.41116452592189
 20
61.28851345426745
  0
LWPOLYLINE
  5
1952
330
1F
100
AcDbEntity
  8
0
100
AcDbPolyline
 90
        7
 70
     0
 43
0.0
 10
67.51664473109808
 20
43.87044752482508
 10
67.51664473109808
 20
43.8570668481321
 10
85.76006473109808
 20
43.8570668481321
 10
85.76006473109808
 20
44.0050668481321
 10
67.51664473109808
 20
44.00506684813211
 10
67.51664473109808
 20
43.87044752482508
 10
67.51554473109807
 20
43.87052590078196
  0
LWPOLYLINE
  5
1953
330
1F
100
AcDbEntity
  8
0
100
AcDbPolyline
 90
        4
 70
     1
 43
0.0
 10
39.89854473109807
 20
37.95586684813212
 10
42.55774473109807
 20
33.07886684813211
 10
42.57714473109806
 20
33.08946684813211
 10
39.91794473109807
 20
37.96646684813211
  0
LWPOLYLINE
  5
1954
330
1F
100
AcDbEntity
  8
0
100
AcDbPolyline
 90
        4
 70
     0
 43
0.0
 10
45.42341420966085
 20
31.53191215752932
 10
46.25584473109806
 20
32.20116684813212
 10
46.05964473109806
 20
32.4451668481321
 10
45.22859420844277
 20
31.7769413022786
  0
LWPOLYLINE
  5
1955
330
1F
100
AcDbEntity
  8
0
100
AcDbPolyline
 90
        7
 70
     0
 43
0.0
 10
71.03162077359506
 20
56.26718684813212
 10
71.30871473109809
 20
56.26718684813212
 10
71.84150473109809
 20
56.26718684813212
 10
72.18766473109809
 20
56.26718684813212
 10
72.18766473109809
 20
56.44837684813212
 10
71.84150473109809
 20
56.44837684813212
 10
71.84150473109809
 20
56.26718684813212
  0
LWPOLYLINE
  5
1956
330
1F
100
AcDbEntity
  8
0
100
AcDbPolyline
 90
        8
 70
     0
 43
0.0
 10
72.21393473109808
 20
55.98180684813211
 10
72.21393473109808
 20
55.42405684813211
 10
72.38888473109809
 20
55.42405684813211
 10
72.38888473109809
 20
55.98180684813211
 10
72.21393473109808
 20
55.98180684813211
 10
72.18766473109809
 20
55.98180684813211
 10
71.96357473109809
 20
55.98180684813211
 10
71.96357473109809
 20
56.09979684813211
  0
LWPOLYLINE
  5
1957
330
1F
100
AcDbEntity
  8
0
100
AcDbPolyline
 90
        7
 70
     0
 43
0.0
 10
71.96357473109809
 20
55.26376684813211
 10
71.96357473109809
 20
55.39312684813212
 10
72.18766473109809
 20
55.39312684813212
 10
72.58103404376152
 20
55.39312684813212
 10
72.58510473109808
 20
55.34458684813212
 10
72.60411008930379
 20
55.20220684813211
 10
72.61823663136664
 20
55.09637684813212
  0
LWPOLYLINE
  5
1958
330
1F
100
AcDbEntity
  8
0
100
AcDbPolyline
 90
        7
 70
     0
 43
0.0
 10
71.84150473109809
 20
55.09637684813212
 10
71.84150473109809
 20
54.92208684813212
 10
72.18766473109809
 20
54.92208684813212
 10
72.18766473109809
 20
55.09637684813212
 10
71.84150473109809
 20
55.09637684813212
 10
71.27971473109809
 20
55.09637684813212
 10
71.03162077359506
 20
55.09637684813212
  0
LWPOLYLINE
  5
1959
330
1F
100
AcDbEntity
  8
0
100
AcDbPolyline
 90
        7
 70
     0
 43
0.0
 10
71.03162077359506
 20
55.26376684813211
 10
71.27971473109809
 20
55.26376684813211
 10
71.84150473109809
 20
55.26376684813211
 10
71.96357473109809
 20
55.26376684813211
 10
71.99620473109809
 20
55.26376684813211
 10
71.99620473109809
 20
55.20220684813211
 10
72.60411008930379
 20
55.20220684813211
  0
LWPOLYLINE
  5
195A
330
1F
100
AcDbEntity
  8
0
100
AcDbPolyline
 90
       10
 70
     0
 43
0.0
 10
72.38888473109809
 20
55.98180684813211
 10
72.54984473109809
 20
55.98180684813211
 10
72.58289137920577
 20
55.98180684813211
 10
72.60372048344146
 20
56.17272684813212
 10
71.99620473109809
 20
56.17272684813212
 10
71.99620473109809
 20
56.09979684813211
 10
71.96357473109809
 20
56.09979684813211
 10
71.84150473109809
 20
56.09979684813211
 10
71.30871473109809
 20
56.09979684813211
 10
71.03162077359506
 20
56.09979684813211
  0
LWPOLYLINE
  5
195B
330
1F
100
AcDbEntity
  8
0
100
AcDbPolyline
 90
        4
 70
     0
 43
0.0
 10
72.60372048344146
 20
56.17272684813212
 10
72.60981473109808
 20
56.22858684813212
 10
72.617853594541
 20
56.26718684813212
 10
72.18766473109809
 20
56.26718684813212
  0
LWPOLYLINE
  5
195C
330
1F
100
AcDbEntity
  8
0
100
AcDbPolyline
 90
        6
 70
     0
 43
0.0
 10
80.64180473109809
 20
27.81466684813209
 10
80.64164599546773
 20
28.08503794440608
 10
80.64156855494454
 20
28.26433075505931
 10
80.64156667554254
 20
28.2690668481321
 10
80.64156473109809
 20
28.27396684813209
 10
80.62156362902991
 20
28.27397023767531
  0
LWPOLYLINE
  5
195D
330
1F
100
AcDbEntity
  8
0
100
AcDbPolyline
 90
       15
 70
     0
 43
0.0
 10
80.34435965826085
 20
28.47436684813209
 10
80.34417273109808
 20
28.86006684813209
 10
80.34405973109809
 20
29.12746684813209
 10
80.36405973109808
 20
29.12756684813209
 10
80.64156473109809
 20
28.27396684813209
 10
80.36403973109809
 20
29.1663668481321
 10
80.40503973109808
 20
29.1663668481321
 10
80.40502273109808
 20
29.21666684813209
 10
80.39779373988775
 20
29.21666684813209
 10
80.37979373988774
 20
29.21666684813209
 10
80.37442581680064
 20
29.21666684813209
 10
80.360035448016
 20
29.21666684813209
 10
80.36001708937206
 20
29.26764410599441
 10
80.3601375547714
 20
29.26721790626532
 10
80.37442581680064
 20
29.21666684813209
  0
LWPOLYLINE
  5
195E
330
1F
100
AcDbEntity
  8
0
100
AcDbPolyline
 90
        7
 70
     0
 43
0.0
 10
80.65565473109808
 20
28.2496668481321
 10
80.64565473109809
 20
28.2496668481321
 10
80.64576473109807
 20
28.08246684813209
 10
80.64592855598288
 20
27.7896668481321
 10
80.6577447310981
 20
27.7896668481321
 10
80.65780473109809
 20
27.69136684813209
 10
80.64598293622628
 20
27.69136684813209
  0
LWPOLYLINE
  5
195F
330
1F
100
AcDbEntity
  8
0
100
AcDbPolyline
 90
        7
 70
     0
 43
0.0
 10
80.10441973109809
 20
25.9719668481321
 10
77.51116473109809
 20
25.33416684813209
 10
77.51118067859272
 20
25.2909591187754
 10
77.51118003515649
 20
25.28743308815953
 10
77.51116473109809
 20
25.19511677271732
 10
77.51116473109809
 20
25.19086684813209
 10
77.32146473109809
 20
25.15236684813209
  0
LWPOLYLINE
  5
1960
330
1F
100
AcDbEntity
  8
0
100
AcDbPolyline
 90
        7
 70
     0
 43
0.0
 10
86.26979473109809
 20
43.23072002198627
 10
86.3071947310981
 20
43.2315668481321
 10
86.3071947310981
 20
48.6428668481321
 10
81.19599980117797
 20
48.72615679041328
 10
80.94557473109809
 20
48.73186684813211
 10
80.94557473109809
 20
48.73023761494036
 10
80.94557473109809
 20
48.29326996068551
  0
LWPOLYLINE
  5
1961
330
1F
100
AcDbEntity
  8
0
100
AcDbPolyline
 90
       11
 70
     0
 43
0.0
 10
81.31798473109808
 20
50.9180668481321
 10
81.31798473109808
 20
50.41116684813211
 10
81.67498473109807
 20
50.41116684813211
 10
81.67498473109807
 20
50.55636684813211
 10
82.02398473109809
 20
50.55636684813211
 10
82.02398473109809
 20
50.7633668481321
 10
81.67498473109807
 20
50.7633668481321
 10
81.67498473109807
 20
50.9180668481321
 10
81.31798473109808
 20
50.9180668481321
 10
80.46505873109808
 20
50.94986684813211
 10
80.46505873109808
 20
50.3793668481321
  0
LWPOLYLINE
  5
1962
330
1F
100
AcDbEntity
  8
0
100
AcDbPolyline
 90
        7
 70
     0
 43
0.0
 10
80.46505873109808
 20
50.94986684813211
 10
79.90865635520808
 20
50.94986684813211
 10
79.47098913109809
 20
50.94986684813211
 10
79.47098913109809
 20
50.3793668481321
 10
80.05156924348348
 20
50.3793668481321
 10
80.46505873109808
 20
50.3793668481321
 10
81.31798473109808
 20
50.41116684813211
  0
LWPOLYLINE
  5
1963
330
1F
100
AcDbEntity
  8
0
100
AcDbPolyline
 90
       15
 70
     0
 43
0.0
 10
77.41039473109808
 20
38.6765668481321
 10
78.63022973109808
 20
42.60676684813209
 10
78.64004073109808
 20
42.60416684813209
 10
79.90516473109808
 20
42.5113668481321
 10
79.60436686681138
 20
41.4288668481321
 10
79.91892504001305
 20
41.4288668481321
 10
80.46505873109808
 20
41.4288668481321
 10
81.31798473109808
 20
41.3970668481321
 10
81.67498473109807
 20
41.3970668481321
 10
81.67498473109807
 20
41.25116684813209
 10
82.0889847310981
 20
41.25116684813209
 10
82.0889847310981
 20
41.01586684813208
 10
81.67498473109807
 20
41.01586684813208
 10
81.67498473109807
 20
40.89016684813209
 10
81.31798473109808
 20
40.89016684813209
  0
LWPOLYLINE
  5
1964
330
1F
100
AcDbEntity
  8
0
100
AcDbPolyline
 90
        6
 70
     1
 43
0.0
 10
54.16534473109808
 20
56.63074684813211
 10
54.50134473109808
 20
56.83066684813212
 10
54.49104473109808
 20
56.84810684813211
 10
53.47174473109808
 20
58.56122684813211
 10
53.13574473109808
 20
58.36130684813212
 10
54.15494473109808
 20
56.64818684813212
  0
LWPOLYLINE
  5
1965
330
1F
100
AcDbEntity
  8
0
100
AcDbPolyline
 90
        9
 70
     0
 43
0.0
 10
52.09824473109808
 20
58.52915684813211
 10
53.74484473109808
 20
59.50881684813212
 10
53.73274473109808
 20
59.52925684813212
 10
52.08604473109808
 20
58.54959684813212
 10
52.09824473109808
 20
58.52915684813211
 10
52.31274473109808
 20
58.16870684813211
 10
53.95930441678839
 20
59.14834286275823
 10
53.95934473109807
 20
59.14836684813212
 10
53.73274473109808
 20
59.52925684813212
  0
LWPOLYLINE
  5
1966
330
1F
100
AcDbEntity
  8
0
100
AcDbPolyline
 90
        8
 70
     0
 43
0.0
 10
55.35030817321184
 20
35.72928919544093
 10
55.35034473109806
 20
35.7292668481321
 10
55.70174473109807
 20
36.30406684813209
 10
54.71464473109807
 20
36.90746684813209
 10
54.36327689195518
 20
36.33264718866378
 10
54.34244473109806
 20
36.2985668481321
 10
54.36324473109807
 20
36.3326668481321
 10
54.36327689195518
 20
36.33264718866378
  0
LWPOLYLINE
  5
1967
330
1F
100
AcDbEntity
  8
0
100
AcDbPolyline
 90
        9
 70
     0
 43
0.0
 10
55.20977903115031
 20
33.68085702212244
 10
55.20975383263426
 20
33.68086424079547
 10
55.21354473109807
 20
33.6941668481321
 10
55.79280315601348
 20
35.71622899180201
 10
55.80484473109807
 20
35.7582668481321
 10
55.95224473109808
 20
36.12376684813209
 10
56.30214473109806
 20
36.02356684813209
 10
56.31114473109807
 20
36.05476684813209
 10
55.96878769578417
 20
36.15277877652768
  0
LWPOLYLINE
  5
1968
330
1F
100
AcDbEntity
  8
0
100
AcDbPolyline
 90
        4
 70
     1
 43
0.0
 10
55.36294473109808
 20
58.05231684813211
 10
55.05674473109808
 20
58.56702684813211
 10
54.11914473109808
 20
58.00919684813211
 10
54.42534473109808
 20
57.49448684813212
  0
LWPOLYLINE
  5
1969
330
1F
100
AcDbEntity
  8
0
100
AcDbPolyline
 90
        4
 70
     1
 43
0.0
 10
61.99484473109808
 20
39.49786684813209
 10
61.99484473109808
 20
32.8238668481321
 10
61.82584473109807
 20
32.8238668481321
 10
61.82584473109807
 20
39.49786684813209
  0
LWPOLYLINE
  5
196A
330
1F
100
AcDbEntity
  8
0
100
AcDbPolyline
 90
       12
 70
     0
 43
0.0
 10
61.58318613463939
 20
66.3577698888009
 10
61.58314473109808
 20
66.35938684813211
 10
61.58294473109808
 20
66.35928684813212
 10
61.58298504632683
 20
66.35771855213758
 10
61.61534473109808
 20
65.09889984813213
 10
61.61208492050099
 20
65.09885874280988
 10
61.53104473109809
 20
65.09783684813212
 10
61.53110488795859
 20
65.09550174417419
 10
61.54824473109808
 20
64.43018584813211
 10
61.62928457336107
 20
64.43120798961054
 10
61.63244473109808
 20
64.43124784813213
 10
61.65304228874657
 20
63.62822584813212
  0
LWPOLYLINE
  5
196B
330
1F
100
AcDbEntity
  8
0
100
AcDbPolyline
 90
       13
 70
     0
 43
0.0
 10
63.44917347199148
 20
66.35925684813212
 10
63.44916175394739
 20
66.35937916211796
 10
63.44914473109809
 20
66.35955684813211
 10
63.44364473109808
 20
66.35896684813213
 10
63.18869534738034
 20
66.35896684813213
 10
63.18307995837079
 20
66.35896684813213
 10
63.18304473109808
 20
66.35896684813213
 10
63.18277298404689
 20
66.35893798380803
 10
63.18036998235221
 20
66.35868274269538
 10
63.24904473109808
 20
65.55881684813212
 10
63.23229518377143
 20
65.55848867177658
 10
63.23244473109808
 20
65.55674684813212
 10
63.24904473109808
 20
65.55881684813212
  0
LWPOLYLINE
  5
196C
330
1F
100
AcDbEntity
  8
0
100
AcDbPolyline
 90
        7
 70
     0
 43
0.0
 10
62.21859034170571
 20
66.35846771101412
 10
62.21854473109808
 20
66.35938684813211
 10
62.21744473109808
 20
66.35908684813212
 10
61.5894524457229
 20
66.35908684813212
 10
61.58834473109808
 20
66.35908684813212
 10
61.62064473109808
 20
65.09869884813213
 10
61.65833801893806
 20
63.62822584813212
  0
LWPOLYLINE
  5
196D
330
1F
100
AcDbEntity
  8
0
100
AcDbPolyline
 90
        7
 70
     0
 43
0.0
 10
81.41573216670668
 20
34.37084844495921
 10
79.40363156128649
 20
33.40016118311699
 10
75.84454672685332
 20
31.68317034116126
 10
74.23897219940153
 20
30.90860134717683
 10
76.26379473109809
 20
32.99906684813211
 10
78.97753473109808
 20
37.8431668481321
 10
79.76914586963181
 20
40.85836684813209
  0
LWPOLYLINE
  5
196E
330
1F
100
AcDbEntity
  8
0
100
AcDbPolyline
 90
        4
 70
     0
 43
0.0
 10
79.40364728037457
 20
58.88000398060146
 10
81.41574209380706
 20
57.90931471467576
 10
84.33580264669322
 20
56.50059807984471
 10
86.97476026643833
 20
55.22749314581354
  0
LWPOLYLINE
  5
196F
330
1F
100
AcDbEntity
  8
0
100
AcDbPolyline
 90
        5
 70
     0
 43
0.0
 10
86.01898350367585
 20
36.31174866421448
 10
86.22533473109809
 20
36.4112668481321
 10
86.57841205411479
 20
36.58163092372725
 10
87.08426473109808
 20
36.8256668481321
 10
86.97476721181692
 20
37.05266489682397
  0
LWPOLYLINE
  5
1970
330
1F
100
AcDbEntity
  8
0
100
AcDbPolyline
 90
       21
 70
     0
 43
0.0
 10
79.77351173109808
 20
33.2676668481321
 10
79.83607973109808
 20
33.1379668481321
 10
80.08323876098542
 20
33.25721635717901
 10
80.08886523466671
 20
33.25994985255344
 10
80.12077347950262
 20
33.27532347346389
 10
80.13164714363432
 20
33.28060393433776
 10
80.15927173109808
 20
33.2938668481321
 10
80.15960311771877
 20
33.29405468690409
 10
80.16337382419806
 20
33.29586534170299
 10
80.17035573109808
 20
33.29926684813209
 10
80.17962573109809
 20
33.3037668481321
 10
80.1807911970895
 20
33.30430844631239
 10
80.23321171514126
 20
33.32960380796656
 10
80.23560360066534
 20
33.33074200341258
 10
80.24545733233393
 20
33.3354882635644
 10
80.24613950075199
 20
33.33583705502804
 10
80.25272329866247
 20
33.33898807131332
 10
80.6269462849467
 20
33.51950203466635
 10
80.62776820524998
 20
33.51993144961797
 10
80.64721473109809
 20
33.5292668481321
 10
80.71458473109808
 20
33.5617668481321
  0
LWPOLYLINE
  5
1971
330
1F
100
AcDbEntity
  8
0
100
AcDbPolyline
 90
        5
 70
     1
 43
0.0
 10
80.62215473109809
 20
27.15326684813209
 10
80.59551473109809
 20
27.08024325262647
 10
80.59551473109809
 20
27.66686684813209
 10
80.62185709284923
 20
27.66686684813209
 10
80.6221534011793
 20
27.1573629979775
  0
LWPOLYLINE
  5
1972
330
1F
100
AcDbEntity
  8
0
100
AcDbPolyline
 90
        9
 70
     0
 43
0.0
 10
80.62180473109808
 20
27.81466684813209
 10
80.6217535535937
 20
27.81466684813209
 10
80.59551473109809
 20
27.81466684813209
 10
80.59551473109809
 20
28.11383511241587
 10
80.59551473109809
 20
28.34347448458091
 10
80.59551473109809
 20
28.3540867558815
 10
80.60232948569538
 20
28.33312715858132
 10
80.62156362902991
 20
28.27397023767531
 10
80.62156823493205
 20
28.26513718650637
  0
LWPOLYLINE
  5
1973
330
1F
100
AcDbEntity
  8
0
100
AcDbPolyline
 90
       12
 70
     0
 43
0.0
 10
76.41057473109808
 20
26.58126684813209
 10
76.40868473109808
 20
26.10456684813208
 10
77.32723473109809
 20
26.15476684813208
 10
77.33231473109808
 20
25.73676684813209
 10
77.33238079744828
 20
25.38734305984811
 10
77.33238424846447
 20
25.36613311423226
 10
77.33238473109807
 20
25.36316684813208
 10
76.39979473109808
 20
25.1355668481321
 10
76.39983597527437
 20
25.13898695492784
 10
76.40224830613213
 20
25.33902560045159
 10
76.40475473109808
 20
25.5468668481321
 10
77.33238473109807
 20
25.36316684813208
  0
LWPOLYLINE
  5
1974
330
1F
100
AcDbEntity
  8
0
100
AcDbPolyline
 90
        6
 70
     0
 43
0.0
 10
77.32723473109809
 20
26.15476684813208
 10
77.32722521020495
 20
26.15553023505855
 10
77.32612473109807
 20
26.2437668481321
 10
77.33341473109809
 20
26.6670668481321
 10
77.31939246285435
 20
26.66576314368136
 10
76.41057473109808
 20
26.58126684813209
  0
LWPOLYLINE
  5
1975
330
1F
100
AcDbEntity
  8
0
100
AcDbPolyline
 90
        5
 70
     0
 43
0.0
 10
77.33546473109808
 20
25.14750293042649
 10
77.33546473109808
 20
25.11134544591806
 10
77.33546473109808
 20
25.10756684813209
 10
76.38822473109809
 20
24.85216684813209
 10
76.38249446366197
 20
24.9968487291949
  0
LWPOLYLINE
  5
1976
330
1F
100
AcDbEntity
  8
0
100
AcDbPolyline
 90
        7
 70
     0
 43
0.0
 10
77.52516473109809
 20
26.16556684813209
 10
77.52516473109809
 20
26.27396684813209
 10
77.52516473109809
 20
26.68486684813209
 10
80.10441071599357
 20
26.92486433473941
 10
80.10441073109808
 20
26.9261668481321
 10
78.12024473109808
 20
26.7415668481321
 10
80.09085892171576
 20
27.09533454498866
  0
LWPOLYLINE
  5
1977
330
1F
100
AcDbEntity
  8
0
100
AcDbPolyline
 90
        6
 70
     0
 43
0.0
 10
80.10441071599357
 20
26.92486433473941
 10
80.1184107310981
 20
26.9261668481321
 10
80.11840773109808
 20
26.34206035150171
 10
80.11841773109809
 20
26.34116684813209
 10
80.11840773109808
 20
26.3071668481321
 10
77.52516473109809
 20
25.70376684813209
  0
LWPOLYLINE
  5
1978
330
1F
100
AcDbEntity
  8
0
100
AcDbPolyline
 90
        6
 70
     0
 43
0.0
 10
77.52516473109809
 20
26.27396684813209
 10
80.11840773109808
 20
26.3071668481321
 10
77.52516473109809
 20
26.16556684813209
 10
77.52516473109809
 20
25.70376684813209
 10
77.52516473109809
 20
25.59003247854317
 10
77.51116473109809
 20
25.5869030414674
  0
LWPOLYLINE
  5
1979
330
1F
100
AcDbEntity
  8
0
100
AcDbPolyline
 90
        8
 70
     0
 43
0.0
 10
77.67517473109808
 20
29.7677668481321
 10
77.68917473109809
 20
29.76461212050707
 10
77.68917473109809
 20
29.77127350765524
 10
77.68917473109809
 20
29.85260208507627
 10
77.68917473109809
 20
29.8562668481321
 10
80.11841773109809
 20
29.22036684813209
 10
80.11747002613946
 20
29.20075206677861
 10
80.10321273109807
 20
28.9056668481321
  0
LWPOLYLINE
  5
197A
330
1F
100
AcDbEntity
  8
0
100
AcDbPolyline
 90
       10
 70
     0
 43
0.0
 10
77.68917473109809
 20
29.66636684813209
 10
80.10321273109807
 20
28.9056668481321
 10
80.10321273109807
 20
28.2767668481321
 10
80.08921273109809
 20
28.278646893773
 10
77.68082473109808
 20
28.60206684813208
 10
77.68917473109809
 20
28.7197668481321
 10
77.68917473109809
 20
28.7969668481321
 10
77.68917473109809
 20
29.19890006822658
 10
77.68917473109809
 20
29.66636684813209
 10
77.68917473109809
 20
29.76461212050707
  0
LWPOLYLINE
  5
197B
330
1F
100
AcDbEntity
  8
0
100
AcDbPolyline
 90
        5
 70
     0
 43
0.0
 10
77.52517473109808
 20
29.7046900188638
 10
77.52517473109808
 20
29.7082668481321
 10
77.52517473109808
 20
29.88809611642478
 10
77.52517473109808
 20
29.8910668481321
 10
76.99954438288495
 20
30.0269739149593
  0
LWPOLYLINE
  5
197C
330
1F
100
AcDbEntity
  8
0
100
AcDbPolyline
 90
       10
 70
     1
 43
0.0
 10
77.68917473109809
 20
30.1607668481321
 10
77.69489473109809
 20
30.19166684813209
 10
80.11842073109809
 20
29.5284668481321
 10
80.11842158221924
 20
29.52467935897516
 10
80.11841973109808
 20
29.31706684813209
 10
80.10441966788633
 20
29.32075525356486
 10
77.68917473109809
 20
29.95706684813209
 10
77.68917473109809
 20
30.12658191627949
 10
77.68917473109809
 20
30.14036184684741
 10
77.68917473109809
 20
30.14863900054233
  0
LWPOLYLINE
  5
197D
330
1F
100
AcDbEntity
  8
0
100
AcDbPolyline
 90
       12
 70
     0
 43
0.0
 10
55.88710712727527
 20
55.68878406303443
 10
55.88717176745523
 20
55.68882588180323
 10
55.88634473109808
 20
55.69035684813211
 10
56.21547286204275
 20
55.92136068359275
 10
56.2171850324193
 20
55.92256225031831
 10
56.82307178772331
 20
56.34776138622132
 10
56.82554473109808
 20
56.34949684813211
 10
56.26414473109807
 20
57.78906684813211
 10
56.66314473109808
 20
56.76394684813211
 10
56.82554473109808
 20
56.34949684813211
 10
55.01494473109808
 20
61.00045684813212
 10
54.37724473109808
 20
60.62753684813212
  0
LWPOLYLINE
  5
197E
330
1F
100
AcDbEntity
  8
0
100
AcDbPolyline
 90
       14
 70
     0
 43
0.0
 10
66.2087049022991
 20
41.35490230626759
 10
66.20874473109807
 20
41.3548668481321
 10
66.44662911376795
 20
41.1430864078048
 10
66.45029017363416
 20
41.13982708971998
 10
66.45038992924367
 20
41.1397382806663
 10
66.45041326378072
 20
41.13971750671523
 10
68.05050439571509
 20
39.71521035462043
 10
68.68036113085683
 20
39.15447015295467
 10
68.71682726415025
 20
39.1220055847504
 10
68.71754473109809
 20
39.1213668481321
 10
68.68438011687603
 20
39.16522005790162
 10
68.68434473109807
 20
39.16526684813209
 10
68.66314473109807
 20
39.17716684813211
 10
68.68036113085683
 20
39.15447015295467
  0
LWPOLYLINE
  5
197F
330
1F
100
AcDbEntity
  8
0
100
AcDbPolyline
 90
       11
 70
     0
 43
0.0
 10
76.89001751412643
 20
43.4918646783892
 10
80.32042773109807
 20
42.95816684813209
 10
80.35171963301277
 20
43.07736684813209
 10
80.39857873109808
 20
43.2558668481321
 10
80.40015539127699
 20
43.53672242400569
 10
80.40020167607222
 20
43.54496857811466
 10
76.89001751412643
 20
43.4918646783892
 10
73.54109237684269
 20
43.44120038943069
 10
66.99494473109808
 20
43.34216684813209
 10
66.99494473109808
 20
43.90761910364914
 10
66.99494473109808
 20
45.03132455068411
  0
LWPOLYLINE
  5
1980
330
1F
100
AcDbEntity
  8
0
100
AcDbPolyline
 90
       10
 70
     0
 43
0.0
 10
66.85901382963146
 20
51.00484153814171
 10
68.58824473109809
 20
52.32686684813211
 10
68.41084473109808
 20
52.19106684813211
 10
68.41174473109808
 20
52.19156684813211
 10
69.47334473109808
 20
50.02905099848369
 10
69.66324979669323
 20
50.12212437991472
 10
69.66945473109809
 20
50.12516684813211
 10
69.04671700321833
 20
51.39372333264315
 10
68.58854473109808
 20
52.32706684813211
 10
71.14034050893718
 20
54.28014474709887
  0
LWPOLYLINE
  5
1981
330
1F
100
AcDbEntity
  8
0
100
AcDbPolyline
 90
        5
 70
     0
 43
0.0
 10
72.90913473109807
 20
39.6273668481321
 10
70.91204473109808
 20
37.3409668481321
 10
70.91192473109808
 20
37.3410668481321
 10
72.89777473109808
 20
39.6337668481321
 10
71.13481473109809
 20
37.63016684813209
  0
LWPOLYLINE
  5
1982
330
1F
100
AcDbEntity
  8
0
100
AcDbPolyline
 90
        4
 70
     0
 43
0.0
 10
80.59551473109809
 20
28.3540867558815
 10
80.36408336321295
 20
29.06588175953896
 10
80.36469835396221
 20
27.81466684813209
 10
80.36471173109807
 20
27.7895668481321
  0
LWPOLYLINE
  5
1983
330
1F
100
AcDbEntity
  8
0
100
AcDbPolyline
 90
       10
 70
     0
 43
0.0
 10
77.52516473109809
 20
25.41307717257912
 10
77.51116473109809
 20
25.40966684813209
 10
77.51116473109809
 20
25.5869030414674
 10
77.51116473109809
 20
25.6961668481321
 10
77.51116473109809
 20
26.16556684813209
 10
77.51116473109809
 20
26.68486684813209
 10
76.39733473109808
 20
26.77046684813209
 10
76.39657473109808
 20
26.58126684813209
 10
76.39468473109808
 20
26.10456684813208
 10
76.39075473109809
 20
25.5468668481321
  0
LWPOLYLINE
  5
1984
330
1F
100
AcDbEntity
  8
0
100
AcDbPolyline
 90
       19
 70
     0
 43
0.0
 10
80.66517999611575
 20
27.12886684813209
 10
80.67125473109809
 20
27.12886684813209
 10
80.67128473109809
 20
27.0977668481321
 10
80.65830204856899
 20
27.05168896284728
 10
80.65828473109808
 20
27.05476684813209
 10
80.65829106909921
 20
27.08083945516744
 10
80.65821784524931
 20
27.08062734141116
 10
80.52165159917711
 20
26.68502427660442
 10
80.51486214152104
 20
26.66535667692754
 10
80.38858773109808
 20
26.29956684813209
 10
80.38854273109809
 20
26.35656684813209
 10
80.66515473109808
 20
27.15746684813209
 10
80.6462421180729
 20
27.15737228506697
 10
80.64598293622628
 20
27.69136684813209
 10
80.64480473109808
 20
27.69136684813209
 10
80.38076473109809
 20
27.69136684813209
 10
80.38071173109809
 20
27.7896668481321
 10
80.36471173109807
 20
27.7895668481321
 10
80.34471173109809
 20
27.7895668481321
  0
LWPOLYLINE
  5
1985
330
1F
100
AcDbEntity
  8
0
100
AcDbPolyline
 90
        9
 70
     0
 43
0.0
 10
75.32071345407906
 20
30.46271460407055
 10
75.43449473109808
 20
30.52484524982293
 10
75.43449473109808
 20
30.38885562428338
 10
75.43449473109808
 20
24.89656690141639
 10
75.43449473109808
 20
24.848815492415
 10
76.06044473109808
 20
24.85104781564732
 10
76.06044473109808
 20
24.80536684813209
 10
76.23342473109808
 20
24.80536684813209
 10
76.23342473109808
 20
24.85166471359881
  0
LWPOLYLINE
  5
1986
330
1F
100
AcDbEntity
  8
0
100
AcDbPolyline
 90
        6
 70
     0
 43
0.0
 10
75.44133473109808
 20
26.1020668481321
 10
76.06044473109808
 20
25.740024894097
 10
76.06044473109808
 20
30.20773179985318
 10
76.06044473109808
 20
30.32062522596711
 10
76.06044473109808
 20
30.53606599851442
 10
75.45608835981846
 20
30.53663652279582
  0
LWPOLYLINE
  5
1987
330
1F
100
AcDbEntity
  8
0
100
AcDbPolyline
 90
        3
 70
     0
 43
0.0
 10
76.06044473109808
 20
25.740024894097
 10
76.06044473109808
 20
25.00225110314448
 10
76.06044473109808
 20
24.85104781564732
  0
LWPOLYLINE
  5
1988
330
1F
100
AcDbEntity
  8
0
100
AcDbPolyline
 90
        4
 70
     0
 43
0.0
 10
75.26151473109809
 20
30.46271460407055
 10
75.26151473109809
 20
30.43038894397175
 10
75.26151473109809
 20
24.8486440135007
 10
71.01040473109808
 20
24.84536684813209
  0
LWPOLYLINE
  5
1989
330
1F
100
AcDbEntity
  8
0
100
AcDbPolyline
 90
       15
 70
     0
 43
0.0
 10
76.23342473109808
 20
25.03145671575718
 10
76.38392473109809
 20
25.05686684813209
 10
76.3826411322608
 20
25.0030033637663
 10
76.382555449577
 20
24.9994078728972
 10
76.38249446366197
 20
24.9968487291949
 10
76.38015473109809
 20
24.8986668481321
 10
76.37422473109808
 20
24.85216684813209
 10
76.23342473109808
 20
24.85166471359881
 10
76.23342473109808
 20
25.03145671575718
 10
76.23342473109808
 20
25.63886998267739
 10
76.23342473109808
 20
30.24907840769363
 10
76.38482473109809
 20
30.2852668481321
 10
76.38649473109808
 20
30.18186684813209
 10
76.38849473109809
 20
30.05776684813209
 10
76.39295473109808
 20
29.56586684813209
  0
LWPOLYLINE
  5
198A
330
1F
100
AcDbEntity
  8
0
100
AcDbPolyline
 90
        6
 70
     0
 43
0.0
 10
76.06044473109808
 20
30.53606599851442
 10
76.06044473109808
 20
30.5854668481321
 10
76.23342473109808
 20
30.5854668481321
 10
76.23342473109808
 20
30.53590270199786
 10
76.23342473109808
 20
30.3017698951887
 10
76.23342473109808
 20
30.24907840769363
  0
LWPOLYLINE
  5
198B
330
1F
100
AcDbEntity
  8
0
100
AcDbPolyline
 90
        9
 70
     0
 43
0.0
 10
62.30744231343049
 20
64.37039120239899
 10
62.27154473109808
 20
65.09370584813211
 10
62.27144253585223
 20
65.09576805514019
 10
62.28004473109808
 20
65.09587984813212
 10
62.21748413352119
 20
66.35829174562918
 10
62.21859034170571
 20
66.35846771101412
 10
62.22424473109808
 20
66.35937684813211
 10
62.32274473109808
 20
64.37079164813212
 10
62.3596329773562
 20
63.62822584813212
  0
LWPOLYLINE
  5
198C
330
1F
100
AcDbEntity
  8
0
100
AcDbPolyline
 90
        4
 70
     0
 43
0.0
 10
72.99342710681393
 20
31.74953638310782
 10
72.98056622494299
 20
31.7408975518521
 10
71.41910995202209
 20
30.6921399170213
 10
71.63631108888854
 20
30.32367111680315
  0
LWPOLYLINE
  5
198D
330
1F
100
AcDbEntity
  8
0
100
AcDbPolyline
 90
       10
 70
     0
 43
0.0
 10
60.90114473109808
 20
66.35918684813211
 10
60.90164473109808
 20
66.35918684813211
 10
60.90114473109808
 20
66.35958684813212
 10
60.90114473109808
 20
66.35918684813211
 10
60.22654473109808
 20
66.35918684813211
 10
60.2265065676164
 20
66.35770055621205
 10
60.1937064362001
 20
65.08028662589385
 10
60.19368511576347
 20
65.07945639756275
 10
60.17750689435999
 20
64.44946623048108
 10
60.15644923268271
 20
63.62822584813212
  0
LWPOLYLINE
  5
198E
330
1F
100
AcDbEntity
  8
0
100
AcDbPolyline
 90
        8
 70
     0
 43
0.0
 10
60.21804473109808
 20
66.35987684813213
 10
59.58894473109808
 20
66.35987684813213
 10
59.59164473109808
 20
66.35918684813211
 10
59.59160283778796
 20
66.35834226850818
 10
59.53570315320214
 20
65.23139044805779
 10
59.53562413935847
 20
65.22979716848181
 10
59.49800355347582
 20
64.47119335812184
 10
59.45625753454976
 20
63.62822584813212
  0
LWPOLYLINE
  5
198F
330
1F
100
AcDbEntity
  8
0
100
AcDbPolyline
 90
        8
 70
     0
 43
0.0
 10
70.94188941586367
 20
29.85721083176417
 10
72.42578473109808
 20
27.2625668481321
 10
75.07178473109809
 20
27.2625668481321
 10
75.07178473109809
 20
28.17856684813209
 10
72.90078473109808
 20
28.17856684813209
 10
71.63631108888854
 20
30.32367111680315
 10
73.22557914182901
 20
31.39105462646403
 10
73.24155006703009
 20
31.40178183715115
  0
LWPOLYLINE
  5
1990
330
1F
100
AcDbEntity
  8
0
100
AcDbPolyline
 90
        6
 70
     0
 43
0.0
 10
69.36372839151669
 20
28.7973021424431
 10
69.37208473783281
 20
28.80291461384945
 10
70.94188941586367
 20
29.85721083176417
 10
70.72934146334386
 20
30.2288585218519
 10
69.1823764389348
 20
29.1899154996465
 10
69.13778594781439
 20
29.15995653086596
  0
LWPOLYLINE
  5
1991
330
1F
100
AcDbEntity
  8
0
100
AcDbPolyline
 90
        5
 70
     0
 43
0.0
 10
68.78609808407936
 20
37.79270959694424
 10
68.6511669660876
 20
37.7020909817718
 10
67.67388748040952
 20
37.04568691301913
 10
67.89105469787614
 20
36.67727565504379
 10
69.07393075308012
 20
34.67059683578981
  0
LWPOLYLINE
  5
1992
330
1F
100
AcDbEntity
  8
0
100
AcDbPolyline
 90
        6
 70
     0
 43
0.0
 10
70.6337656721669
 20
35.20389741361235
 10
70.52892034286433
 20
35.13347265221498
 10
69.29113488320783
 20
34.30212295768209
 10
69.07393075308012
 20
34.67059683578981
 10
70.27718610019221
 20
35.47879216910603
 10
70.37655724386765
 20
35.5455124577899
  0
LWPOLYLINE
  5
1993
330
1F
100
AcDbEntity
  8
0
100
AcDbPolyline
 90
        6
 70
     0
 43
0.0
 10
67.20798576586826
 20
32.90301234444297
 10
67.32460486474497
 20
32.9813376442956
 10
68.64717647918329
 20
33.86959839993972
 10
68.43464173687616
 20
34.24122299149853
 10
67.13507076871739
 20
33.36845087175324
 10
66.99194206779984
 20
33.27228133898993
  0
LWPOLYLINE
  5
1994
330
1F
100
AcDbEntity
  8
0
100
AcDbPolyline
 90
        8
 70
     0
 43
0.0
 10
65.71333193496343
 20
35.72894266382694
 10
65.949089233399
 20
35.88729542944998
 10
67.06471023029013
 20
36.63659718336997
 10
66.62887979694435
 20
37.39866226987225
 10
66.62424473109808
 20
37.40676684813209
 10
67.20114473109808
 20
37.84766684813209
 10
67.20212811440356
 20
37.84599859688832
 10
67.67388748040952
 20
37.04568691301913
  0
LWPOLYLINE
  5
1995
330
1F
100
AcDbEntity
  8
0
100
AcDbPolyline
 90
        3
 70
     0
 43
0.0
 10
67.89105469787614
 20
36.67727565504379
 10
68.90340034772009
 20
37.35718284317711
 10
69.05204265820524
 20
37.45701166409154
  0
LWPOLYLINE
  5
1996
330
1F
100
AcDbEntity
  8
0
100
AcDbPolyline
 90
        8
 70
     0
 43
0.0
 10
64.53224473109807
 20
38.2484668481321
 10
63.90754473109808
 20
37.9823668481321
 10
67.99904473109808
 20
26.92796684813209
 10
69.50715473109808
 20
27.6358668481321
 10
65.89670149528116
 20
35.33777422141736
 10
66.12835678915562
 20
35.49337902713232
 10
67.27722720392371
 20
36.26500366097183
 10
68.43464173687616
 20
34.24122299149853
  0
LWPOLYLINE
  5
1997
330
1F
100
AcDbEntity
  8
0
100
AcDbPolyline
 90
       13
 70
     0
 43
0.0
 10
42.33061348279503
 20
46.32387321623674
 10
42.33140324009421
 20
46.32389789276881
 10
42.33062316694513
 20
46.32390223366298
 10
42.33061348279503
 20
46.32387321623674
 10
42.27534473109806
 20
46.1582668481321
 10
42.13950098110021
 20
46.1589699731321
 10
42.08214473109806
 20
46.15926684813211
 10
42.08304473109807
 20
46.3252668481321
 10
42.08724473109806
 20
46.3252668481321
 10
42.33064473109807
 20
46.32396684813211
 10
42.33140324009421
 20
46.32389789276881
 10
42.33174473109806
 20
46.3238668481321
 10
42.47964473109806
 20
46.32306684813211
  0
LWPOLYLINE
  5
1998
330
1F
100
AcDbEntity
  8
0
100
AcDbPolyline
 90
       12
 70
     0
 43
0.0
 10
41.80444473109806
 20
48.41766684813211
 10
41.77884473109806
 20
43.8447668481321
 10
42.06214473109807
 20
43.8431668481321
 10
42.06214487319266
 20
43.84319226208427
 10
42.07704445469635
 20
46.50801741303549
 10
42.07704473109806
 20
46.5080668481321
 10
42.07764473109807
 20
46.5080668481321
 10
42.08154519484087
 20
46.50804475692216
 10
43.50552298745452
 20
46.49997971787782
 10
43.64904473109807
 20
46.49916684813211
 10
43.69303587150379
 20
46.66693306086122
 10
43.69443381531988
 20
46.66692521932348
  0
LWPOLYLINE
  5
1999
330
1F
100
AcDbEntity
  8
0
100
AcDbPolyline
 90
        8
 70
     1
 43
0.0
 10
44.28924473109806
 20
46.6635668481321
 10
44.29314473109807
 20
46.6635668481321
 10
44.29224473109807
 20
46.49556684813211
 10
44.28834473109806
 20
46.49556684813211
 10
44.17475411900634
 20
46.49622587929996
 10
43.8574464387196
 20
46.49807422875407
 10
43.89624473109806
 20
46.66576684813211
 10
43.89764473109806
 20
46.66576684813211
  0
LWPOLYLINE
  5
199A
330
1F
100
AcDbEntity
  8
0
100
AcDbPolyline
 90
       10
 70
     0
 43
0.0
 10
44.3264448260925
 20
46.87448479152466
 10
44.32964473109807
 20
46.87446684813211
 10
44.33054473109807
 20
47.04446684813211
 10
44.32734473109806
 20
47.04446684813211
 10
43.41974473109806
 20
47.0495668481321
 10
43.41854473109806
 20
47.0495668481321
 10
43.14234473109806
 20
47.05116684813211
 10
43.14233611028623
 20
47.05113296355231
 10
43.09914473109806
 20
46.88136684813211
 10
43.37894473109807
 20
46.87976684813211
  0
LWPOLYLINE
  5
199B
330
1F
100
AcDbEntity
  8
0
100
AcDbPolyline
 90
        8
 70
     0
 43
0.0
 10
44.17475411900634
 20
46.49622587929996
 10
43.65044473109807
 20
46.49916684813211
 10
43.69443381531988
 20
46.66692521932348
 10
43.69444473109807
 20
46.66696684813211
 10
43.69304473109806
 20
46.66696684813211
 10
43.69303587150379
 20
46.66693306086122
 10
43.69444473109807
 20
46.66696684813211
 10
43.89624473109806
 20
46.66576684813211
  0
LWPOLYLINE
  5
199C
330
1F
100
AcDbEntity
  8
0
100
AcDbPolyline
 90
        4
 70
     0
 43
0.0
 10
80.62185709284923
 20
27.66686684813209
 10
80.64481473109808
 20
27.66686684813209
 10
80.64515473109809
 20
27.15736684813208
 10
80.6462421180729
 20
27.15737228506697
  0
LWPOLYLINE
  5
199D
330
1F
100
AcDbEntity
  8
0
100
AcDbPolyline
 90
        7
 70
     1
 43
0.0
 10
80.38185973109809
 20
26.10346684813209
 10
80.38185175353399
 20
26.1165668481321
 10
80.38170703902187
 20
26.1165668481321
 10
80.3818177310981
 20
25.99146684813209
 10
80.38183005315492
 20
25.9629668481321
 10
80.38183873109808
 20
25.95236684813209
 10
80.38187573109809
 20
25.9629668481321
  0
LWPOLYLINE
  5
199E
330
1F
100
AcDbEntity
  8
0
100
AcDbPolyline
 90
        7
 70
     0
 43
0.0
 10
80.11842158221924
 20
29.52467935897516
 10
80.34396073109808
 20
29.46366684813209
 10
80.35996073109808
 20
29.46366684813209
 10
80.3600197310981
 20
29.43456684813209
 10
80.35999473109809
 20
29.4007668481321
 10
80.36014173109808
 20
29.28676684813209
 10
80.3601375547714
 20
29.26721790626532
  0
LWPOLYLINE
  5
199F
330
1F
100
AcDbEntity
  8
0
100
AcDbPolyline
 90
        7
 70
     0
 43
0.0
 10
48.6623645744887
 20
39.58618284465038
 10
48.66674473109807
 20
39.58536684813211
 10
48.64514473109807
 20
39.58536684813211
 10
49.05504473109807
 20
39.61746684813211
 10
49.44274473109807
 20
39.75476684813211
 10
49.78164473109806
 20
39.98786684813211
 10
50.04884473109807
 20
40.30096684813211
  0
LWPOLYLINE
  5
19A0
330
1F
100
AcDbEntity
  8
0
100
AcDbPolyline
 90
        7
 70
     0
 43
0.0
 10
47.8589826215814
 20
44.83253605499114
 10
47.86131744802953
 20
44.83271861084715
 10
48.22004473109807
 20
44.86076684813211
 10
48.57084473109807
 20
44.9849668481321
 10
48.57122462445341
 20
44.98522820286956
 10
47.16711742308365
 20
45.05981399855783
 10
47.15294473109807
 20
45.06056684813211
  0
LWPOLYLINE
  5
19A1
330
1F
100
AcDbEntity
  8
0
100
AcDbPolyline
 90
        3
 70
     1
 43
0.0
 10
47.88704473109808
 20
50.02256684813211
 10
47.56882876126203
 20
50.17939985284229
 10
47.55814473109807
 20
50.17996684813211
  0
LWPOLYLINE
  5
19A2
330
1F
100
AcDbEntity
  8
0
100
AcDbPolyline
 90
        6
 70
     1
 43
0.0
 10
48.94724473109807
 20
50.10596684813211
 10
48.60354473109808
 20
49.98416684813211
 10
48.25039350879647
 20
49.95656779828795
 10
47.89654473109806
 20
50.02246684813211
 10
47.56882876126203
 20
50.17939985284229
 10
48.94762446667566
 20
50.10622796371391
  0
LWPOLYLINE
  5
19A3
330
1F
100
AcDbEntity
  8
0
100
AcDbPolyline
 90
       13
 70
     0
 43
0.0
 10
62.62864473109807
 20
45.61926684813211
 10
62.62864473109807
 20
45.5564668481321
 10
62.87664285067378
 20
45.5564668481321
 10
62.94725750000855
 20
45.5564668481321
 10
65.54864473109808
 20
45.5564668481321
 10
65.57894473109808
 20
45.5564668481321
 10
65.57894473109808
 20
45.61926684813211
 10
65.57894473109808
 20
45.74966684813211
 10
65.57894473109808
 20
45.81726684813211
 10
63.00969747225005
 20
45.81726684813211
 10
63.03464473109808
 20
45.92146684813211
 10
63.02793337001821
 20
46.17006684813211
 10
63.02778758824093
 20
46.17546684813211
  0
LWPOLYLINE
  5
19A4
330
1F
100
AcDbEntity
  8
0
100
AcDbPolyline
 90
       15
 70
     0
 43
0.0
 10
63.00969747225005
 20
45.81726684813211
 10
62.93907640901514
 20
45.81726684813211
 10
62.62864473109807
 20
45.81726684813211
 10
62.62864473109807
 20
46.17006684813211
 10
62.62864473109807
 20
46.17546684813211
 10
62.95914641965342
 20
46.17546684813211
 10
63.02778758824093
 20
46.17546684813211
 10
65.54864473109808
 20
46.17546684813211
 10
65.57894473109808
 20
46.17546684813211
 10
65.57894473109808
 20
46.23826684813211
 10
65.57894473109808
 20
46.3686668481321
 10
65.57894473109808
 20
46.4362668481321
 10
63.00177416080941
 20
46.4362668481321
 10
62.89614473109807
 20
46.79206684813211
 10
65.42744473109808
 20
47.95526684813211
  0
LWPOLYLINE
  5
19A5
330
1F
100
AcDbEntity
  8
0
100
AcDbPolyline
 90
        7
 70
     0
 43
0.0
 10
62.34863064577351
 20
28.4791668481321
 10
62.30548772791705
 20
27.60813493039326
 10
62.26517720712267
 20
26.79493932239076
 10
62.26509298198418
 20
26.79324022615644
 10
62.21859052148637
 20
25.85618954907488
 10
62.21854473109807
 20
25.85526684813209
 10
61.58944473109808
 20
25.85526684813209
  0
LWPOLYLINE
  5
19A6
330
1F
100
AcDbEntity
  8
0
100
AcDbPolyline
 90
       26
 70
     0
 43
0.0
 10
61.65040545738534
 20
28.4791668481321
 10
61.63098476772022
 20
27.72003183897655
 10
61.60651032022974
 20
26.76771893463055
 10
61.606486844232
 20
26.76680547876768
 10
61.58318646462443
 20
25.85689660502627
 10
61.58314473109808
 20
25.85526684813209
 10
60.90794473109808
 20
25.85526684813209
 10
60.90784473109807
 20
25.85536684813209
 10
60.90784473109807
 20
25.85776684813209
 10
60.90784473109807
 20
25.8725668481321
 10
60.90784473109807
 20
25.8785668481321
 10
60.90784473109807
 20
25.88556684813209
 10
60.90784473109807
 20
25.89556684813209
 10
60.90784473109807
 20
25.8965668481321
 10
60.90784473109807
 20
25.9025668481321
 10
60.90784473109807
 20
25.92556684813209
 10
60.90784473109807
 20
25.9825668481321
 10
60.90784473109807
 20
26.03856684813209
 10
60.90784473109807
 20
26.05256684813209
 10
60.90784473109807
 20
26.1735668481321
 10
60.90784473109807
 20
26.2755668481321
 10
60.90784473109807
 20
26.28556684813209
 10
60.90784473109807
 20
26.74734497313209
 10
60.90784473109807
 20
26.74980898405443
 10
60.95624473109808
 20
26.75046684813209
 10
60.95624473109808
 20
27.58772208069023
  0
LWPOLYLINE
  5
19A7
330
1F
100
AcDbEntity
  8
0
100
AcDbPolyline
 90
        7
 70
     0
 43
0.0
 10
60.17889910660706
 20
27.6932419026127
 10
60.17094473109807
 20
27.6911668481321
 10
60.21801476754024
 20
25.85776684813209
 10
60.21803773960124
 20
25.85546684813208
 10
60.21804473109807
 20
25.85476684813209
 10
60.22074473109807
 20
25.85546684813208
 10
60.22599902621036
 20
25.85684188163964
  0
LWPOLYLINE
  5
19A8
330
1F
100
AcDbEntity
  8
0
100
AcDbPolyline
 90
        9
 70
     0
 43
0.0
 10
58.90734473109807
 20
27.6965668481321
 10
58.47239191830011
 20
28.4791668481321
 10
58.39658557198585
 20
28.4791668481321
 10
58.39179709493335
 20
28.4791668481321
 10
58.61714473109807
 20
25.85466684813209
 10
58.61341040135183
 20
25.85466684813209
 10
58.35654473109807
 20
25.85466684813209
 10
58.35284473109807
 20
25.85426684813209
 10
58.61344473109807
 20
25.85426684813209
  0
LWPOLYLINE
  5
19A9
330
1F
100
AcDbEntity
  8
0
100
AcDbPolyline
 90
       10
 70
     0
 43
0.0
 10
58.35251615966949
 20
25.85446684813209
 10
58.35054473109807
 20
25.85426684813209
 10
58.26164473109807
 20
25.85426684813209
 10
58.00140536777778
 20
28.4791668481321
 10
58.00342520697812
 20
28.4791668481321
 10
58.10117912309667
 20
28.4791668481321
 10
58.19494473109807
 20
27.50046684813209
 10
58.19824473109807
 20
26.61936684813209
 10
58.27614473109807
 20
26.65156684813209
 10
58.35254473109808
 20
25.85446684813209
  0
LWPOLYLINE
  5
19AA
330
1F
100
AcDbEntity
  8
0
100
AcDbPolyline
 90
        6
 70
     1
 43
0.0
 10
71.61561473109808
 20
42.6727668481321
 10
68.25564473109807
 20
43.1607668481321
 10
68.13494473109807
 20
42.8872668481321
 10
68.13078033090988
 20
42.88834889459372
 10
71.18686473109808
 20
41.53656684813209
 10
71.19108473109807
 20
41.5354668481321
  0
LWPOLYLINE
  5
19AB
330
1F
100
AcDbEntity
  8
0
100
AcDbPolyline
 90
       10
 70
     0
 43
0.0
 10
72.08380473109809
 20
42.7602668481321
 10
74.86937473109808
 20
42.7769668481321
 10
74.87649473109809
 20
42.7751668481321
 10
73.79557473109809
 20
40.16406684813209
 10
71.48854473109807
 20
41.19676684813209
 10
71.48142473109809
 20
41.1985668481321
 10
71.48142757404386
 20
41.19859911863994
 10
72.08380473109809
 20
42.7602668481321
 10
72.09092473109809
 20
42.75836684813209
 10
71.48854473109807
 20
41.19676684813209
  0
LWPOLYLINE
  5
19AC
330
1F
100
AcDbEntity
  8
0
100
AcDbPolyline
 90
        4
 70
     1
 43
0.0
 10
77.08270473109809
 20
38.6931668481321
 10
74.15209473109809
 20
40.00496684813209
 10
77.0721563364516
 20
38.69599739362833
 10
77.07289473109809
 20
38.69566684813209
  0
LWPOLYLINE
  5
19AD
330
1F
100
AcDbEntity
  8
0
100
AcDbPolyline
 90
        8
 70
     0
 43
0.0
 10
64.09394473109808
 20
51.47366684813211
 10
65.83874473109808
 20
53.8487668481321
 10
65.84304473109807
 20
53.85596684813211
 10
64.09833921812347
 20
51.48076912328969
 10
64.09394473109808
 20
51.47366684813211
 10
64.09389063896651
 20
51.47367453070552
 10
62.95154473109809
 20
51.94506684813211
 10
62.95584473109808
 20
51.95226684813212
  0
LWPOLYLINE
  5
19AE
330
1F
100
AcDbEntity
  8
0
100
AcDbPolyline
 90
       11
 70
     0
 43
0.0
 10
70.87932008677629
 20
62.29326782784574
 10
70.88011473109808
 20
62.29285684813213
 10
70.96442820705869
 20
62.45602590133297
 10
71.01544546289443
 20
62.55475789211832
 10
71.02115473109808
 20
62.56580684813211
 10
71.90498473109809
 20
62.10870684813212
 10
71.89847473109809
 20
62.09806684813212
 10
71.89843767596724
 20
62.09801297539783
 10
69.16764473109807
 20
58.38056684813211
 10
69.17089473083013
 20
58.38588684769351
 10
69.17413548803231
 20
58.39121109563339
  0
LWPOLYLINE
  5
19AF
330
1F
100
AcDbEntity
  8
0
100
AcDbPolyline
 90
        6
 70
     0
 43
0.0
 10
65.55644473109808
 20
49.76696684813211
 10
64.92734473109807
 20
49.25526684813211
 10
65.50614473109807
 20
48.21546684813211
 10
66.16955819137061
 20
48.53137786637846
 10
66.16974473109808
 20
48.53146684813211
 10
66.17824473109807
 20
48.53616684813211
  0
LWPOLYLINE
  5
19B0
330
1F
100
AcDbEntity
  8
0
100
AcDbPolyline
 90
        9
 70
     0
 43
0.0
 10
58.84324473109807
 20
37.58996684813209
 10
59.02094473109808
 20
37.08396684813209
 10
59.0209372925245
 20
37.0839408131246
 10
57.98886412457846
 20
30.00837507559503
 10
57.98884473109807
 20
30.0082668481321
 10
57.98724473109807
 20
30.00256684813209
 10
57.65374473109807
 20
30.1274668481321
 10
58.80624473109808
 20
37.2051668481321
 10
59.01934473109808
 20
37.07836684813209
  0
LWPOLYLINE
  5
19B1
330
1F
100
AcDbEntity
  8
0
100
AcDbPolyline
 90
       10
 70
     0
 43
0.0
 10
47.78694473109807
 20
29.66696684813211
 10
50.37404473109806
 20
32.62996684813212
 10
50.37849681004995
 20
32.63738697971859
 10
47.79144473109806
 20
29.67436684813211
 10
47.78694473109807
 20
29.66696684813211
 10
52.34544473109806
 20
27.1813668481321
 10
52.76744473109807
 20
28.22426684813211
 10
52.34994473109807
 20
27.1887668481321
 10
52.34544473109806
 20
27.1813668481321
 10
52.76284473109807
 20
28.2168668481321
  0
LWPOLYLINE
  5
19B2
330
1F
100
AcDbEntity
  8
0
100
AcDbPolyline
 90
        4
 70
     0
 43
0.0
 10
58.60234473109807
 20
41.31146684813209
 10
58.60344473109807
 20
41.3133668481321
 10
58.46417918593858
 20
41.05229579605986
 10
56.01564472728194
 20
36.46246685029801
  0
LWPOLYLINE
  5
19B3
330
1F
100
AcDbEntity
  8
0
100
AcDbPolyline
 90
        8
 70
     0
 43
0.0
 10
55.76534473109806
 20
36.60186684813209
 10
55.76634471956791
 20
36.60356685466114
 10
57.7150986713527
 20
40.28989465638846
 10
57.71511834773838
 20
40.28991468267213
 10
58.33723226646874
 20
41.46674326962457
 10
58.33624473109807
 20
41.4650668481321
 10
58.27214473109807
 20
41.50196684813209
 10
58.27314473109808
 20
41.50366684813209
  0
LWPOLYLINE
  5
19B4
330
1F
100
AcDbEntity
  8
0
100
AcDbPolyline
 90
        5
 70
     0
 43
0.0
 10
46.10403068396494
 20
61.01664278989988
 10
46.10405041557616
 20
61.01662504765083
 10
46.61944473109807
 20
60.45439684813211
 10
46.82664473109807
 20
60.24864684813212
 10
46.60794473109807
 20
60.02503684813212
  0
LWPOLYLINE
  5
19B5
330
1F
100
AcDbEntity
  8
0
100
AcDbPolyline
 90
        8
 70
     0
 43
0.0
 10
70.26357673647378
 20
38.82722779781666
 10
70.27784473109807
 20
38.8188668481321
 10
70.21187705890935
 20
39.52948634717399
 10
70.16668257987877
 20
40.01633205481518
 10
70.16642857681088
 20
40.01906823644579
 10
71.00314473109808
 20
40.2440668481321
 10
71.00412473109807
 20
40.2440668481321
 10
71.07613199323299
 20
40.68005174784885
  0
LWPOLYLINE
  5
19B6
330
1F
100
AcDbEntity
  8
0
100
AcDbPolyline
 90
        4
 70
     1
 43
0.0
 10
55.21304473109807
 20
53.09446684813211
 10
53.30494473109808
 20
55.61537684813211
 10
53.29716619602481
 20
55.62292601614553
 10
55.20524473109809
 20
53.10206684813212
  0
LWPOLYLINE
  5
19B7
330
1F
100
AcDbEntity
  8
0
100
AcDbPolyline
 90
        6
 70
     1
 43
0.0
 10
55.30384473109807
 20
58.25917684813212
 10
55.30380908347324
 20
58.25928449913877
 10
54.94875095370867
 20
59.16976417468047
 10
54.94874473109808
 20
59.16979684813211
 10
54.99324473109808
 20
59.19714684813211
 10
55.34844473109807
 20
58.28652684813212
  0
LWPOLYLINE
  5
19B8
330
1F
100
AcDbEntity
  8
0
100
AcDbPolyline
 90
        7
 70
     0
 43
0.0
 10
60.23764473109808
 20
58.33004684813212
 10
60.29934473109808
 20
58.48428684813212
 10
60.23664473109808
 20
58.33008684813211
 10
60.29844473109807
 20
58.48432684813212
 10
60.40314804536992
 20
58.61918670083114
 10
60.54384473109808
 20
58.72546684813212
 10
60.71084473109808
 20
58.79593684813212
  0
LWPOLYLINE
  5
19B9
330
1F
100
AcDbEntity
  8
0
100
AcDbPolyline
 90
        6
 70
     0
 43
0.0
 10
54.08162599102616
 20
49.90230664186927
 10
54.05324473109808
 20
50.26546684813212
 10
54.05315699049978
 20
50.26571566367363
 10
54.05300031996602
 20
50.26615995131767
 10
51.38044473109808
 20
50.40816684813211
 10
51.53697073819198
 20
50.73659195230237
  0
LWPOLYLINE
  5
19BA
330
1F
100
AcDbEntity
  8
0
100
AcDbPolyline
 90
        4
 70
     1
 43
0.0
 10
71.2302047310981
 20
58.04106684813211
 10
70.91256473109808
 20
57.76546684813212
 10
70.91286979439252
 20
57.76511545513175
 10
71.22242473109809
 20
58.03370684813212
  0
LWPOLYLINE
  5
19BB
330
1F
100
AcDbEntity
  8
0
100
AcDbPolyline
 90
        4
 70
     1
 43
0.0
 10
69.11434473109808
 20
53.66355739820549
 10
69.12404473109808
 20
53.67266684813212
 10
69.2529447310981
 20
53.50826684813211
 10
69.24324473109809
 20
53.49906684813211
  0
LWPOLYLINE
  5
19BC
330
1F
100
AcDbEntity
  8
0
100
AcDbPolyline
 90
        6
 70
     1
 43
0.0
 10
66.4760559692556
 20
54.06835733418507
 10
66.47610114408625
 20
54.06841966029126
 10
66.48538832362447
 20
54.07711404113554
 10
64.51305632728085
 20
51.35595786603744
 10
64.50369028312684
 20
51.34712969579783
 10
64.50398028943855
 20
51.34755470082357
  0
LWPOLYLINE
  5
19BD
330
1F
100
AcDbEntity
  8
0
100
AcDbPolyline
 90
       11
 70
     0
 43
0.0
 10
65.96684473109807
 20
41.7915668481321
 10
68.63454473109809
 20
39.4823668481321
 10
69.69814473109808
 20
40.5756668481321
 10
69.69313716877008
 20
40.57864753999401
 10
69.69310046128899
 20
40.57866245892767
 10
66.15398174908105
 20
42.01705180313083
 10
66.15904072314394
 20
42.01406238694583
 10
65.96684473109807
 20
41.7915668481321
 10
65.96184473109807
 20
41.7945668481321
 10
66.15394863549113
 20
42.0170668481321
 10
66.15398174908105
 20
42.01705180313083
  0
LWPOLYLINE
  5
19BE
330
1F
100
AcDbEntity
  8
0
100
AcDbPolyline
 90
        8
 70
     1
 43
0.0
 10
77.10452684170615
 20
55.87317475259606
 10
77.10454473109809
 20
55.87314684813211
 10
77.8501047310981
 20
56.2741068481321
 10
77.86225522663092
 20
56.28073528919107
 10
77.85006509169207
 20
56.27418054944435
 10
77.11683473109809
 20
55.87984684813211
 10
75.98489473109808
 20
57.9587368481321
 10
75.9725947310981
 20
57.95203684813211
  0
LWPOLYLINE
  5
19BF
330
1F
100
AcDbEntity
  8
0
100
AcDbPolyline
 90
        8
 70
     0
 43
0.0
 10
66.49506924647645
 20
48.56722039856242
 10
66.50594473109809
 20
48.57316684813211
 10
65.77554473109808
 20
50.17396684813211
 10
66.49414473109807
 20
48.56676684813211
 10
66.49506924647645
 20
48.56722039856242
 10
67.48254480733002
 20
49.05166688947824
 10
67.49434473109808
 20
49.0580668481321
 10
66.50594473109809
 20
48.57316684813211
  0
LWPOLYLINE
  5
19C0
330
1F
100
AcDbEntity
  8
0
100
AcDbPolyline
 90
        9
 70
     0
 43
0.0
 10
75.8254847310981
 20
57.86826684813211
 10
75.84380473109809
 20
57.87825684813211
 10
76.49321473109809
 20
56.73163684813211
 10
75.9213847310981
 20
56.40770684813211
 10
76.60574511403502
 20
55.19938632744604
 10
77.15942473109809
 20
55.5130368481321
 10
77.1777447310981
 20
55.5230268481321
 10
77.93729473109809
 20
54.1819668481321
 10
75.31112473109809
 20
52.8934668481321
  0
LWPOLYLINE
  5
19C1
330
1F
100
AcDbEntity
  8
0
100
AcDbPolyline
 90
        8
 70
     0
 43
0.0
 10
64.71114473109807
 20
42.41037105983811
 10
66.21204473109807
 20
41.35166684813209
 10
65.67264473109807
 20
40.7947668481321
 10
64.17024473109808
 20
41.8865668481321
 10
64.71114473109807
 20
42.41037105983811
 10
64.70777248337582
 20
42.41363991209782
 10
66.2087049022991
 20
41.35490230626759
 10
64.60744744134554
 20
42.78044376026511
  0
LWPOLYLINE
  5
19C2
330
1F
100
AcDbEntity
  8
0
100
AcDbPolyline
 90
        4
 70
     0
 43
0.0
 10
64.17024473109808
 20
41.8865668481321
 10
64.16694473109808
 20
41.88976694311221
 10
64.70774473109807
 20
42.41366258924951
 10
64.70777248337582
 20
42.41363991209782
  0
LWPOLYLINE
  5
19C3
330
1F
100
AcDbEntity
  8
0
100
AcDbPolyline
 90
        8
 70
     0
 43
0.0
 10
70.95831473109808
 20
35.3890668481321
 10
70.95170473109809
 20
35.3954668481321
 10
70.39073473109808
 20
36.1741668481321
 10
70.72121028140142
 20
36.54806747074628
 10
71.05168473109808
 20
36.92195343215264
 10
71.05829473109807
 20
36.91548026319603
 10
70.39734473109809
 20
36.1677668481321
 10
70.39073473109808
 20
36.1741668481321
  0
LWPOLYLINE
  5
19C4
330
1F
100
AcDbEntity
  8
0
100
AcDbPolyline
 90
        6
 70
     1
 43
0.0
 10
66.79384473109807
 20
27.63276684813209
 10
64.29574473109807
 20
33.40156684813209
 10
64.29694292876613
 20
33.39666642387445
 10
63.70754473109808
 20
33.25286684813209
 10
66.24614473109807
 20
27.39076684813209
 10
66.79504473109807
 20
27.62786684813209
  0
LWPOLYLINE
  5
19C5
330
1F
100
AcDbEntity
  8
0
100
AcDbPolyline
 90
       12
 70
     0
 43
0.0
 10
42.77182482322347
 20
59.26320821763186
 10
42.77024473109807
 20
59.26157684813212
 10
42.75474473109806
 20
59.27662684813212
 10
44.71172244661947
 20
61.29703509390173
 10
44.72034473109807
 20
61.30593684813212
 10
45.63386364875035
 20
61.39399598096942
 10
45.71660654731586
 20
61.40197202586058
 10
47.81094473109807
 20
61.60385684813212
 10
50.43159488660385
 20
58.16913227697086
 10
50.42454473109807
 20
58.17601684813212
 10
48.99744473109807
 20
57.08563684813212
 10
50.80164473109808
 20
54.72114684813211
  0
LWPOLYLINE
  5
19C6
330
1F
100
AcDbEntity
  8
0
100
AcDbPolyline
 90
        9
 70
     0
 43
0.0
 10
38.61334473109807
 20
49.00486684813212
 10
38.58474473109807
 20
43.90846684813211
 10
38.58474473109807
 20
43.90356684813211
 10
38.5818827920252
 20
43.39907607087335
 10
38.58184473109807
 20
43.39236684813211
 10
38.58201954808229
 20
43.39238946277183
 10
51.28607990850729
 20
44.87097009883255
 10
51.15294473109807
 20
44.93466684813211
 10
50.84054473109807
 20
45.20246684813211
  0
LWPOLYLINE
  5
19C7
330
1F
100
AcDbEntity
  8
0
100
AcDbPolyline
 90
        7
 70
     0
 43
0.0
 10
60.27904827456953
 20
30.21345998845048
 10
60.2984622987783
 20
30.26196489616763
 10
60.40324473109808
 20
30.39676684813209
 10
60.54384473109807
 20
30.5030668481321
 10
60.71084473109807
 20
30.57356684813209
 10
60.89274473109807
 20
30.6033668481321
 10
60.89337698569213
 20
30.60332298439874
  0
LWPOLYLINE
  5
19C8
330
1F
100
AcDbEntity
  8
0
100
AcDbPolyline
 90
       10
 70
     0
 43
0.0
 10
53.82917948353382
 20
43.01555182390008
 10
53.82902262557664
 20
43.01599651362027
 10
53.70804473109807
 20
43.35896684813211
 10
53.70784467330466
 20
43.35925891890774
 10
53.50214473109807
 20
43.65956684813211
 10
53.50179457675667
 20
43.65986685378663
 10
53.50125143591924
 20
43.66033220664156
 10
51.55044473109807
 20
43.7640668481321
 10
51.53934473109806
 20
43.7640668481321
 10
51.83924473109806
 20
43.97036684813211
  0
LWPOLYLINE
  5
19C9
330
1F
100
AcDbEntity
  8
0
100
AcDbPolyline
 90
       14
 70
     0
 43
0.0
 10
51.11904473109807
 20
42.4362668481321
 10
51.09079123806107
 20
42.79906965271315
 10
51.10794473109807
 20
42.4362668481321
 10
51.07954473109806
 20
42.79966684813212
 10
51.14604473109807
 20
43.15806684813212
 10
53.82917948353382
 20
43.01555182390008
 10
53.82924473109807
 20
43.01536684813211
 10
53.85762265134999
 20
42.65214945335837
 10
53.85764473109807
 20
42.65186684813211
 10
53.79127662069683
 20
42.29417766365389
 10
53.79119645467041
 20
42.29374561096412
 10
51.10806531977484
 20
42.43626044305009
 10
51.10794473109807
 20
42.4362668481321
 10
51.22914473109807
 20
42.09256684813212
  0
LWPOLYLINE
  5
19CA
330
1F
100
AcDbEntity
  8
0
100
AcDbPolyline
 90
        9
 70
     0
 43
0.0
 10
50.05919177667031
 20
40.72752024628923
 10
50.05923774499892
 20
40.72776784216697
 10
50.12594473109807
 20
41.08706684813211
 10
50.12591683687196
 20
41.08742408997523
 10
50.09744473109807
 20
41.4520668481321
 10
50.09731501564867
 20
41.45243467723308
 10
50.09722712184579
 20
41.45268391430271
 10
47.41094473109806
 20
41.59536684813211
 10
47.56828671170731
 20
41.9253354588955
  0
LWPOLYLINE
  5
19CB
330
1F
100
AcDbEntity
  8
0
100
AcDbPolyline
 90
       21
 70
     0
 43
0.0
 10
46.87014473109807
 20
45.30286684813211
 10
46.65954473109807
 20
45.6101668481321
 10
46.67262042132828
 20
45.60947251206008
 10
49.11947561016038
 20
45.47954133514308
 10
49.27974473109807
 20
45.81566684813211
 10
49.27979644029017
 20
45.81594554546896
 10
49.27988637181332
 20
45.81643024992826
 10
46.54824473109807
 20
45.96166684813211
 10
46.53564473109807
 20
45.96166684813211
 10
46.50664283311271
 20
46.33329116852383
 10
46.51929714714813
 20
46.33259519971124
 10
49.34772268903334
 20
46.18244936659613
 10
49.31874473109807
 20
46.55386684813211
 10
49.31864354984945
 20
46.55415366433284
 10
49.31846585883903
 20
46.55465736102771
 10
49.19474473109807
 20
46.90536684813211
 10
49.19454482041789
 20
46.90565868923433
 10
46.74733380417858
 20
47.03551475451794
 10
46.73504473109807
 20
47.03616684813211
 10
46.97674473109806
 20
47.31956684813211
 10
48.98389448746685
 20
47.21296693311034
  0
LWPOLYLINE
  5
19CC
330
1F
100
AcDbEntity
  8
0
100
AcDbPolyline
 90
       20
 70
     0
 43
0.0
 10
60.79164473109808
 20
64.49024656494628
 10
60.79164473109808
 20
65.16950584813212
 10
60.78864473109808
 20
65.17178284813212
 10
60.90114473109808
 20
65.17327322423831
 10
60.90164473109808
 20
65.17327984813213
 10
60.90164473109808
 20
65.92907684813212
 10
60.90164473109808
 20
65.93907684813212
 10
60.90164473109808
 20
66.04107684813212
 10
60.90164473109808
 20
66.16207684813213
 10
60.90164473109808
 20
66.17607684813211
 10
60.90164473109808
 20
66.23207684813213
 10
60.90164473109808
 20
66.28907684813211
 10
60.90164473109808
 20
66.31207684813211
 10
60.90164473109808
 20
66.31807684813212
 10
60.90454473109808
 20
66.31807684813212
 10
60.90454473109808
 20
66.31907684813211
 10
60.90454473109808
 20
66.32907684813213
 10
60.90454473109808
 20
66.33607684813211
 10
60.90474473109808
 20
66.33607684813211
 10
60.90784473109808
 20
66.33607684813211
  0
LWPOLYLINE
  5
19CD
330
1F
100
AcDbEntity
  8
0
100
AcDbPolyline
 90
       10
 70
     0
 43
0.0
 10
58.47239191830011
 20
28.4791668481321
 10
58.85245743371488
 20
28.4791668481321
 10
58.85421535298599
 20
28.4791668481321
 10
59.09314473109808
 20
28.4791668481321
 10
59.44831108317437
 20
28.4791668481321
 10
59.49024473109807
 20
27.6332668481321
 10
58.97224473109807
 20
27.69696684813209
 10
58.93137216254627
 20
27.69631910536582
 10
58.90914473109807
 20
27.6959668481321
 10
58.85421535298599
 20
28.4791668481321
  0
LWPOLYLINE
  5
19CE
330
1F
100
AcDbEntity
  8
0
100
AcDbPolyline
 90
        5
 70
     0
 43
0.0
 10
80.91772432923402
 20
48.29385688267127
 10
80.94321854918995
 20
48.29331961508443
 10
80.94557473109809
 20
48.29326996068551
 10
86.26979473109809
 20
48.1810668481321
 10
86.26979473109809
 20
43.6337668481321
  0
LWPOLYLINE
  5
19CF
330
1F
100
AcDbEntity
  8
0
100
AcDbPolyline
 90
       12
 70
     0
 43
0.0
 10
56.14524473109807
 20
43.5169668481321
 10
55.80984473109807
 20
44.09696684813211
 10
55.46674473109807
 20
45.38836684813211
 10
55.47464473109807
 20
46.72326684813211
 10
55.83314473109807
 20
48.01066684813211
 10
56.51774473109807
 20
49.16276684813212
 10
57.48184473109808
 20
50.10116684813212
 10
58.41260013635103
 20
50.62324011093084
 10
58.43948045393807
 20
50.63831764368384
 10
58.43974473109808
 20
50.63846684813211
 10
58.43834473109808
 20
50.64076684813211
 10
55.70934473109808
 20
55.56941684813211
  0
LWPOLYLINE
  5
19D0
330
1F
100
AcDbEntity
  8
0
100
AcDbPolyline
 90
       11
 70
     0
 43
0.0
 10
60.90784473109808
 20
63.62822584813212
 10
60.90474473109808
 20
63.62822584813212
 10
60.90164473109808
 20
63.62822584813212
 10
60.15644923268271
 20
63.62822584813212
 10
60.15064933524786
 20
63.62822584813212
 10
59.45625753454976
 20
63.62822584813212
 10
59.44854437275412
 20
63.62822584813212
 10
59.09314473109809
 20
63.62822584813212
 10
59.09314473109809
 20
63.43663184813212
 10
62.78474473109808
 20
63.43663184813212
 10
62.78474473109808
 20
63.62822584813212
  0
LWPOLYLINE
  5
19D1
330
1F
100
AcDbEntity
  8
0
100
AcDbPolyline
 90
       14
 70
     0
 43
0.0
 10
58.41749025336479
 20
63.62822584813212
 10
58.85784473109808
 20
64.29727731813213
 10
58.8416518263695
 20
63.62822584813212
 10
58.41749025336479
 20
63.62822584813212
 10
58.38658006982531
 20
63.62822584813212
 10
58.37885116978308
 20
63.62822584813212
 10
58.37743606658143
 20
63.62822584813212
 10
58.3603192482772
 20
63.62822584813212
 10
58.09118492119395
 20
63.62822584813212
 10
58.08888549191273
 20
63.62822584813212
 10
58.08833454599854
 20
63.62822584813212
 10
57.9907648420153
 20
63.62822584813212
 10
57.79596534386693
 20
63.62822584813212
 10
57.77627434614799
 20
63.62822584813212
  0
LWPOLYLINE
  5
19D2
330
1F
100
AcDbEntity
  8
0
100
AcDbPolyline
 90
       13
 70
     0
 43
0.0
 10
62.94900242169103
 20
28.4791668481321
 10
62.9521883928606
 20
28.4791668481321
 10
63.40803909195579
 20
28.4791668481321
 10
63.40831619924212
 20
28.4791668481321
 10
63.41388236142982
 20
28.4791668481321
 10
63.70047618235524
 20
28.4791668481321
 10
63.70125874587369
 20
28.4791668481321
 10
63.79900964909272
 20
28.4791668481321
 10
63.89283948802115
 20
28.4791668481321
 10
63.92373894535498
 20
28.4791668481321
 10
63.80908406760003
 20
28.76094083109224
 10
63.70364473109807
 20
29.02006684813209
 10
63.44811443731742
 20
29.02006684813209
  0
LWPOLYLINE
  5
19D3
330
1F
100
AcDbEntity
  8
0
100
AcDbPolyline
 90
       12
 70
     0
 43
0.0
 10
60.90164473109808
 20
66.31207684813211
 10
60.90454473109808
 20
66.31207684813211
 10
60.90454473109808
 20
66.31807684813212
 10
60.90474473109808
 20
66.31807684813212
 10
60.90784473109808
 20
66.31807684813212
 10
60.90784473109808
 20
66.31207684813211
 10
60.90784473109808
 20
66.28907684813211
 10
60.90784473109808
 20
66.23207684813213
 10
60.90784473109808
 20
66.17607684813211
 10
60.90784473109808
 20
66.16207684813213
 10
60.90784473109808
 20
66.04107684813212
 10
60.90784473109808
 20
65.93907684813212
  0
LWPOLYLINE
  5
19D4
330
1F
100
AcDbEntity
  8
0
100
AcDbPolyline
 90
        3
 70
     0
 43
0.0
 10
60.90114473109807
 20
25.89556684813209
 10
60.90114473109807
 20
25.88556684813209
 10
60.90114473109807
 20
25.8785668481321
  0
LWPOLYLINE
  5
19D5
330
1F
100
AcDbEntity
  8
0
100
AcDbPolyline
 90
       16
 70
     0
 43
0.0
 10
60.90114473109807
 20
27.72521459349018
 10
60.90164473109807
 20
27.72520796219044
 10
60.90474473109807
 20
27.72516684813209
 10
60.90164473109807
 20
27.72296684813209
 10
60.90164473109807
 20
27.72520796219044
 10
60.90164473109807
 20
28.4791668481321
 10
60.90114473109807
 20
28.4791668481321
 10
60.90114473109807
 20
27.72521459349018
 10
60.90114473109807
 20
27.72297348530024
 10
60.90114473109807
 20
27.04371459349018
 10
60.90114473109807
 20
27.04137348530024
 10
60.90114473109807
 20
26.28556684813209
 10
60.90114473109807
 20
26.2755668481321
 10
60.90114473109807
 20
26.1735668481321
 10
60.90114473109807
 20
26.05256684813209
 10
60.90114473109807
 20
26.03856684813209
  0
LWPOLYLINE
  5
19D6
330
1F
100
AcDbEntity
  8
0
100
AcDbPolyline
 90
        7
 70
     0
 43
0.0
 10
60.90114473109807
 20
25.85546684813208
 10
60.90164473109807
 20
25.85546684813208
 10
60.90164473109807
 20
25.85776684813209
 10
60.90164473109807
 20
25.8725668481321
 10
60.90164473109807
 20
25.8785668481321
 10
60.90164473109807
 20
25.88556684813209
 10
60.90114473109807
 20
25.88556684813209
  0
LWPOLYLINE
  5
19D7
330
1F
100
AcDbEntity
  8
0
100
AcDbPolyline
 90
        6
 70
     0
 43
0.0
 10
62.95591861969881
 20
63.62822584813212
 10
62.95729051332614
 20
63.62822584813212
 10
63.41482226576795
 20
63.62822584813212
 10
63.41752243302322
 20
63.62822584813212
 10
63.70517486055148
 20
63.62822584813212
 10
63.70950812307046
 20
63.62822584813212
  0
LWPOLYLINE
  5
19D8
330
1F
100
AcDbEntity
  8
0
100
AcDbPolyline
 90
        7
 70
     0
 43
0.0
 10
53.43619998938866
 20
34.70472465529299
 10
53.43625251058842
 20
34.70469254790585
 10
53.48214473109807
 20
34.77976684813211
 10
53.43619998938866
 20
34.70472465529299
 10
53.4306922389762
 20
34.69571471698809
 10
53.43035276012432
 20
34.69515937528192
 10
53.43040532902325
 20
34.69512724338527
  0
LWPOLYLINE
  5
19D9
330
1F
100
AcDbEntity
  8
0
100
AcDbPolyline
 90
        7
 70
     0
 43
0.0
 10
60.90784473109808
 20
66.23207684813213
 10
60.90474473109808
 20
66.23207684813213
 10
60.90474473109808
 20
66.17607684813211
 10
60.90474473109808
 20
66.16207684813213
 10
60.90474473109808
 20
66.04107684813212
 10
60.90474473109808
 20
65.93907684813212
 10
60.90164473109808
 20
65.93907684813212
  0
LWPOLYLINE
  5
19DA
330
1F
100
AcDbEntity
  8
0
100
AcDbPolyline
 90
       15
 70
     0
 43
0.0
 10
60.90784473109808
 20
66.31807684813212
 10
60.90784473109808
 20
66.31907684813211
 10
60.90784473109808
 20
66.32907684813213
 10
60.90784473109808
 20
66.33607684813211
 10
60.90784473109808
 20
66.34207684813212
 10
60.90784473109808
 20
66.35691684813213
 10
60.90784473109808
 20
66.35928684813212
 10
60.90474473109808
 20
66.35691684813213
 10
60.90474473109808
 20
66.34207684813212
 10
60.90474473109808
 20
66.33607684813211
 10
60.90474473109808
 20
66.32907684813213
 10
60.90474473109808
 20
66.31907684813211
 10
60.90474473109808
 20
66.31807684813212
 10
60.90474473109808
 20
66.31207684813211
 10
60.90784473109808
 20
66.31207684813211
  0
LWPOLYLINE
  5
19DB
330
1F
100
AcDbEntity
  8
0
100
AcDbPolyline
 90
       10
 70
     0
 43
0.0
 10
64.60766798186682
 20
42.78065844410867
 10
66.4508838816017
 20
41.14600657362899
 10
66.4544984641135
 20
41.14280098926703
 10
66.45463019780834
 20
41.14268416153636
 10
66.45465101520855
 20
41.14266569967186
 10
68.02969224623962
 20
39.74584393030787
 10
68.66666099999592
 20
39.1809496252432
 10
68.68434473109807
 20
39.16526684813209
 10
70.08585964207483
 20
40.67305973628478
 10
70.10379111454131
 20
40.69235096640106
  0
LWPOLYLINE
  5
19DC
330
1F
100
AcDbEntity
  8
0
100
AcDbPolyline
 90
        8
 70
     0
 43
0.0
 10
60.90164473109808
 20
66.31807684813212
 10
60.90164473109808
 20
66.31907684813211
 10
60.90164473109808
 20
66.32907684813213
 10
60.90164473109808
 20
66.33607684813211
 10
60.90164473109808
 20
66.34207684813212
 10
60.90164473109808
 20
66.35691684813213
 10
60.90164473109808
 20
66.35918684813211
 10
60.90474473109808
 20
66.35691684813213
  0
LWPOLYLINE
  5
19DD
330
1F
100
AcDbEntity
  8
0
100
AcDbPolyline
 90
        8
 70
     0
 43
0.0
 10
60.90794473109808
 20
25.88556684813209
 10
60.90784473109807
 20
25.88556684813209
 10
60.90474473109807
 20
25.88556684813209
 10
60.90474473109807
 20
25.8785668481321
 10
60.90474473109807
 20
25.8725668481321
 10
60.90474473109807
 20
25.85776684813209
 10
60.90164473109807
 20
25.85776684813209
 10
60.90114473109807
 20
25.85776684813209
  0
LWPOLYLINE
  5
19DE
330
1F
100
AcDbEntity
  8
0
100
AcDbPolyline
 90
       14
 70
     0
 43
0.0
 10
60.90794473109808
 20
25.89556684813209
 10
60.90794473109808
 20
25.88556684813209
 10
60.90794473109808
 20
25.8785668481321
 10
60.90784473109807
 20
25.8785668481321
 10
60.90474473109807
 20
25.8785668481321
 10
60.90454473109808
 20
25.8785668481321
 10
60.90164473109807
 20
25.8785668481321
 10
60.90114473109807
 20
25.8785668481321
 10
60.90114473109807
 20
25.8725668481321
 10
60.90114473109807
 20
25.85776684813209
 10
60.90114473109807
 20
25.85546684813208
 10
60.90114473109807
 20
25.8550668481321
 10
60.90164473109807
 20
25.85546684813208
 10
60.90474473109807
 20
25.85776684813209
  0
LWPOLYLINE
  5
19DF
330
1F
100
AcDbEntity
  8
0
100
AcDbPolyline
 90
        9
 70
     0
 43
0.0
 10
60.90784473109807
 20
26.74980898405443
 10
60.90474473109807
 20
26.7497668481321
 10
60.90784473109807
 20
26.74734497313209
 10
60.90794473109808
 20
26.74726684813208
 10
60.90794473109808
 20
26.28556684813209
 10
60.90794473109808
 20
26.2755668481321
 10
60.90794473109808
 20
26.1735668481321
 10
60.90794473109808
 20
26.05256684813209
 10
60.90794473109808
 20
26.03856684813209
  0
LWPOLYLINE
  5
19E0
330
1F
100
AcDbEntity
  8
0
100
AcDbPolyline
 90
        6
 70
     0
 43
0.0
 10
63.80964258842539
 20
63.62822584813212
 10
63.8451221316894
 20
63.62822584813212
 10
63.93819935225741
 20
63.62822584813212
 10
63.94454008644901
 20
63.62822584813212
 10
63.69554473109808
 20
63.03326684813212
 10
63.43297737839225
 20
63.03326684813212
  0
LWPOLYLINE
  5
19E1
330
1F
100
AcDbEntity
  8
0
100
AcDbPolyline
 90
        4
 70
     0
 43
0.0
 10
59.09314473109809
 20
63.62822584813212
 10
58.85225448995965
 20
63.62822584813212
 10
58.84412752493179
 20
63.62822584813212
 10
58.8416518263695
 20
63.62822584813212
  0
LWPOLYLINE
  5
19E2
330
1F
100
AcDbEntity
  8
0
100
AcDbPolyline
 90
        4
 70
     0
 43
0.0
 10
58.10117912309667
 20
28.4791668481321
 10
58.10519692865926
 20
28.4791668481321
 10
58.10958679800474
 20
28.4791668481321
 10
58.39179709493335
 20
28.4791668481321
  0
LWPOLYLINE
  5
19E3
330
1F
100
AcDbEntity
  8
0
100
AcDbPolyline
 90
        5
 70
     0
 43
0.0
 10
59.44831108317437
 20
28.4791668481321
 10
59.45884082686601
 20
28.4791668481321
 10
60.15069064914295
 20
28.4791668481321
 10
60.15869836008786
 20
28.4791668481321
 10
60.90114473109807
 20
28.4791668481321
  0
LWPOLYLINE
  5
19E4
330
1F
100
AcDbEntity
  8
0
100
AcDbPolyline
 90
        8
 70
     0
 43
0.0
 10
60.90454473109808
 20
66.23207684813213
 10
60.90454473109808
 20
66.28907684813211
 10
60.90454473109808
 20
66.31207684813211
 10
60.90474473109808
 20
66.31207684813211
 10
60.90474473109808
 20
66.28907684813211
 10
60.90474473109808
 20
66.23207684813213
 10
60.90454473109808
 20
66.23207684813213
 10
60.90164473109808
 20
66.23207684813213
  0
LWPOLYLINE
  5
19E5
330
1F
100
AcDbEntity
  8
0
100
AcDbPolyline
 90
        5
 70
     0
 43
0.0
 10
62.27394473109807
 20
46.7166668481321
 10
62.62864473109807
 20
46.7166668481321
 10
62.62864473109807
 20
46.4362668481321
 10
62.93021116945424
 20
46.4362668481321
 10
63.00177416080941
 20
46.4362668481321
  0
LWPOLYLINE
  5
19E6
330
1F
100
AcDbEntity
  8
0
100
AcDbPolyline
 90
       24
 70
     0
 43
0.0
 10
60.90474473109807
 20
28.4791668481321
 10
60.90474473109807
 20
27.72516684813209
 10
60.90474473109807
 20
27.5895668481321
 10
60.90474473109807
 20
27.04366684813209
 10
60.90474473109807
 20
26.7497668481321
 10
60.90474473109807
 20
26.28556684813209
 10
60.90474473109807
 20
26.2755668481321
 10
60.90474473109807
 20
26.1735668481321
 10
60.90474473109807
 20
26.05256684813209
 10
60.90474473109807
 20
26.03856684813209
 10
60.90784473109807
 20
26.03856684813209
 10
60.90794473109808
 20
26.03856684813209
 10
60.90794473109808
 20
25.9825668481321
 10
60.90794473109808
 20
25.92556684813209
 10
60.90784473109807
 20
25.92556684813209
 10
60.90474473109807
 20
25.92556684813209
 10
60.90474473109807
 20
25.9025668481321
 10
60.90474473109807
 20
25.8965668481321
 10
60.90474473109807
 20
25.89556684813209
 10
60.90784473109807
 20
25.89556684813209
 10
60.90794473109808
 20
25.89556684813209
 10
60.90794473109808
 20
25.8965668481321
 10
60.90794473109808
 20
25.9025668481321
 10
60.90794473109808
 20
25.92556684813209
  0
LWPOLYLINE
  5
19E7
330
1F
100
AcDbEntity
  8
0
100
AcDbPolyline
 90
        5
 70
     0
 43
0.0
 10
60.90794473109808
 20
25.8785668481321
 10
60.90794473109808
 20
25.8725668481321
 10
60.90794473109808
 20
25.85776684813209
 10
60.90794473109808
 20
25.85536684813209
 10
60.90794473109808
 20
25.85526684813209
  0
LWPOLYLINE
  5
19E8
330
1F
100
AcDbEntity
  8
0
100
AcDbPolyline
 90
       10
 70
     0
 43
0.0
 10
49.086753930724
 20
63.3746271342542
 10
49.08644473109808
 20
63.37446384813212
 10
49.08104473109808
 20
63.38342884813211
 10
49.086753930724
 20
63.3746271342542
 10
49.10425788731055
 20
63.34764177243453
 10
49.37002911170531
 20
62.93790968608663
 10
49.37004972662811
 20
62.93787790463495
 10
50.05944473109807
 20
61.87505684813213
 10
49.36983708662092
 20
62.93775215068357
 10
49.37004972662811
 20
62.93787790463495
  0
LWPOLYLINE
  5
19E9
330
1F
100
AcDbEntity
  8
0
100
AcDbPolyline
 90
       10
 70
     0
 43
0.0
 10
80.40020167607222
 20
43.54496857811466
 10
80.84559473109809
 20
43.55170671692485
 10
86.26979473109809
 20
43.6337668481321
 10
86.26979473109809
 20
43.23072002198627
 10
86.26979473109809
 20
43.19916684813209
 10
81.20870363043882
 20
43.11612472063704
 10
80.94556591814207
 20
43.11180717032651
 10
80.84559473109809
 20
43.1101668481321
 10
80.84559473109809
 20
43.546091475247
 10
80.84559473109809
 20
43.55170671692485
  0
LWPOLYLINE
  5
19EA
330
1F
100
AcDbEntity
  8
0
100
AcDbPolyline
 90
        4
 70
     0
 43
0.0
 10
73.4440798278917
 20
48.45135716912981
 10
73.47777437002192
 20
48.45064708718295
 10
76.82979832679359
 20
48.38000621935567
 10
80.42691474261562
 20
48.30420025001703
  0
LWPOLYLINE
  5
19EB
330
1F
100
AcDbEntity
  8
0
100
AcDbPolyline
 90
        6
 70
     0
 43
0.0
 10
60.90114473109807
 20
25.9025668481321
 10
60.90164473109807
 20
25.9025668481321
 10
60.90454473109808
 20
25.9025668481321
 10
60.90474473109807
 20
25.9025668481321
 10
60.90784473109807
 20
25.9025668481321
 10
60.90794473109808
 20
25.9025668481321
  0
LWPOLYLINE
  5
19EC
330
1F
100
AcDbEntity
  8
0
100
AcDbPolyline
 90
        6
 70
     0
 43
0.0
 10
60.90114473109807
 20
25.8725668481321
 10
60.90164473109807
 20
25.8725668481321
 10
60.90454473109808
 20
25.8725668481321
 10
60.90474473109807
 20
25.8725668481321
 10
60.90784473109807
 20
25.8725668481321
 10
60.90794473109808
 20
25.8725668481321
  0
LWPOLYLINE
  5
19ED
330
1F
100
AcDbEntity
  8
0
100
AcDbPolyline
 90
        6
 70
     0
 43
0.0
 10
60.90114473109807
 20
25.8965668481321
 10
60.90164473109807
 20
25.8965668481321
 10
60.90454473109808
 20
25.8965668481321
 10
60.90474473109807
 20
25.8965668481321
 10
60.90784473109807
 20
25.8965668481321
 10
60.90794473109808
 20
25.8965668481321
  0
LWPOLYLINE
  5
19EE
330
1F
100
AcDbEntity
  8
0
100
AcDbPolyline
 90
        7
 70
     0
 43
0.0
 10
51.94249760106205
 20
44.87319197565288
 10
51.93834473109807
 20
44.87286684813211
 10
51.71445706676335
 20
44.91523436777861
 10
51.70874537241583
 20
44.91631522376593
 10
51.70118685766141
 20
44.91774556394706
 10
51.69615634019368
 20
44.91869751700924
 10
51.69382477248633
 20
44.91842615367699
  0
LWPOLYLINE
  5
19EF
330
1F
100
AcDbEntity
  8
0
100
AcDbPolyline
 90
       10
 70
     0
 43
0.0
 10
63.23294473109807
 20
39.6633668481321
 10
64.38764473109808
 20
40.38076684813209
 10
64.39182664347024
 20
40.37365576206595
 10
64.68624686623209
 20
39.9321376158168
 10
64.68767158205871
 20
39.93000090004566
 10
64.68952043326777
 20
39.92722808776754
 10
65.18327491783286
 20
39.18672041983564
 10
65.18784473109807
 20
39.1798668481321
 10
65.18364473109807
 20
39.1869668481321
 10
65.18327491783286
 20
39.18672041983564
  0
LWPOLYLINE
  5
19F0
330
1F
100
AcDbEntity
  8
0
100
AcDbPolyline
 90
       13
 70
     0
 43
0.0
 10
58.38658006982531
 20
63.62822584813212
 10
58.47082994288455
 20
64.60981509374653
 10
58.55610704524375
 20
65.60337251446927
 10
58.55640989486361
 20
65.60690099373101
 10
58.62100904604652
 20
66.35954108414847
 10
58.62104473109808
 20
66.35995684813213
 10
59.03564473109808
 20
66.35995684813213
 10
58.94224473109808
 20
65.02743184813212
 10
58.90894473109808
 20
65.02665784813212
 10
58.85784473109808
 20
64.29727731813213
 10
58.88259903586182
 20
64.29785422018707
 10
58.89104473109808
 20
64.29805104813212
 10
58.84412752493179
 20
63.62822584813212
  0
LWPOLYLINE
  5
19F1
330
1F
100
AcDbEntity
  8
0
100
AcDbPolyline
 90
        6
 70
     0
 43
0.0
 10
80.38184073109809
 20
26.13466684813209
 10
80.48421569258367
 20
26.47160394466448
 10
80.63066000459153
 20
26.95358235594388
 10
80.64010471615139
 20
26.98466684813209
 10
80.65222282364016
 20
27.02455003727805
 10
80.64713527854486
 20
27.02453590520834
  0
LWPOLYLINE
  5
19F2
330
1F
100
AcDbEntity
  8
0
100
AcDbPolyline
 90
       19
 70
     0
 43
0.0
 10
60.90114473109807
 20
26.28556684813209
 10
60.90164473109807
 20
26.28556684813209
 10
60.90164473109807
 20
26.2755668481321
 10
60.90164473109807
 20
26.1735668481321
 10
60.90164473109807
 20
26.05256684813209
 10
60.90164473109807
 20
26.03856684813209
 10
60.90114473109807
 20
26.03856684813209
 10
60.90114473109807
 20
25.9825668481321
 10
60.90114473109807
 20
25.92556684813209
 10
60.90114473109807
 20
25.9025668481321
 10
60.90114473109807
 20
25.8965668481321
 10
60.90114473109807
 20
25.89556684813209
 10
60.90164473109807
 20
25.89556684813209
 10
60.90454473109808
 20
25.89556684813209
 10
60.90474473109807
 20
25.89556684813209
 10
60.90474473109807
 20
25.88556684813209
 10
60.90454473109808
 20
25.88556684813209
 10
60.90454473109808
 20
25.8785668481321
 10
60.90454473109808
 20
25.8725668481321
  0
LWPOLYLINE
  5
19F3
330
1F
100
AcDbEntity
  8
0
100
AcDbPolyline
 90
        9
 70
     0
 43
0.0
 10
40.97004473109807
 20
49.15896684813211
 10
40.96694473109806
 20
49.15976684813212
 10
39.70896607603994
 20
49.46203958116901
 10
38.81210883387672
 20
49.67754044729468
 10
38.79058940128129
 20
49.68271123272722
 10
38.7905583441254
 20
49.68271869527943
 10
38.78744473109806
 20
49.68346684813211
 10
38.79054473109807
 20
49.68266684813212
 10
38.7905583441254
 20
49.68271869527943
  0
LWPOLYLINE
  5
19F4
330
1F
100
AcDbEntity
  8
0
100
AcDbPolyline
 90
        7
 70
     0
 43
0.0
 10
63.92373894535498
 20
28.4791668481321
 10
64.04727934205954
 20
28.17555595675492
 10
65.11584473109808
 20
25.54946684813208
 10
67.69246684968227
 20
26.25373321889502
 10
67.65554473109808
 20
26.2317668481321
 10
64.99804473109808
 20
25.50526684813208
 10
63.79684430316614
 20
28.45731769445738
  0
LWPOLYLINE
  5
19F5
330
1F
100
AcDbEntity
  8
0
100
AcDbPolyline
 90
       13
 70
     0
 43
0.0
 10
77.08270473109809
 20
38.6931668481321
 10
78.32962473109808
 20
42.79516684813209
 10
77.52958473109808
 20
42.79036684813209
 10
77.35018473109808
 20
42.29386684813209
 10
76.25815473109809
 20
42.27916684813211
 10
76.25921214546449
 20
42.28181313622967
 10
76.45986473109809
 20
42.78396684813209
 10
76.44898961877813
 20
42.78390076707343
 10
75.69441327565662
 20
42.77931569225919
 10
75.66424348802982
 20
42.77913236987616
 10
75.39014473109808
 20
42.77746684813209
 10
75.38033473109809
 20
42.78006684813211
 10
74.14228473109808
 20
40.0075668481321
  0
LWPOLYLINE
  5
19F6
330
1F
100
AcDbEntity
  8
0
100
AcDbPolyline
 90
        4
 70
     0
 43
0.0
 10
49.36983708662092
 20
62.93775215068357
 10
49.36981646391108
 20
62.93778393057615
 10
49.10396326498822
 20
63.34746753534218
 10
49.08644473109808
 20
63.37446384813212
  0
LWPOLYLINE
  5
19F7
330
1F
100
AcDbEntity
  8
0
100
AcDbPolyline
 90
       13
 70
     0
 43
0.0
 10
57.87044473109808
 20
63.35014484813211
 10
57.98154473109808
 20
63.03326684813212
 10
57.97774473109807
 20
63.03326684813212
 10
57.87044473109808
 20
63.35014484813211
 10
57.79618571013027
 20
63.56942846708189
 10
57.77627434614799
 20
63.62822584813212
 10
57.72143403410623
 20
63.79016687471881
 10
56.54194473109807
 20
67.27314684813212
 10
57.54184473109808
 20
63.26629684813212
 10
57.54454473109808
 20
63.25928684813212
 10
54.22414473109808
 20
61.62861684813211
 10
54.21784473109807
 20
61.65158684813212
 10
54.01874473109808
 20
61.55378684813212
  0
LWPOLYLINE
  5
19F8
330
1F
100
AcDbEntity
  8
0
100
AcDbPolyline
 90
        7
 70
     0
 43
0.0
 10
51.35364473109808
 20
59.88088684813211
 10
51.34914473109808
 20
59.88834684813213
 10
50.71859613285523
 20
60.8599735117918
 10
50.5808777820086
 20
61.07218684813211
 10
50.22029421075552
 20
61.62781826700048
 10
50.21554473109808
 20
61.63513684813212
 10
50.22004473109808
 20
61.62767684813212
  0
LWPOLYLINE
  5
19F9
330
1F
100
AcDbEntity
  8
0
100
AcDbPolyline
 90
        3
 70
     0
 43
0.0
 10
60.90164473109807
 20
28.4791668481321
 10
60.90474473109807
 20
28.4791668481321
 10
60.90784473109807
 20
28.4791668481321
  0
LWPOLYLINE
  5
19FA
330
1F
100
AcDbEntity
  8
0
100
AcDbPolyline
 90
        6
 70
     0
 43
0.0
 10
80.64156667554254
 20
28.2690668481321
 10
80.64445628014969
 20
28.2690668481321
 10
80.65024881725996
 20
28.2690668481321
 10
80.65564242665834
 20
28.2690668481321
 10
80.68256473109808
 20
28.2690668481321
 10
80.40503973109808
 20
29.1663668481321
  0
LWPOLYLINE
  5
19FB
330
1F
100
AcDbEntity
  8
0
100
AcDbPolyline
 90
        7
 70
     0
 43
0.0
 10
77.52519473109808
 20
30.18896421366448
 10
77.67517473109808
 20
30.06466684813209
 10
77.67517473109808
 20
30.13115949417863
 10
77.67517473109808
 20
30.14408434708902
 10
77.67517473109808
 20
30.15210985685646
 10
77.67517473109808
 20
30.1607668481321
 10
77.52519473109808
 20
30.19716887276925
  0
LWPOLYLINE
  5
19FC
330
1F
100
AcDbEntity
  8
0
100
AcDbPolyline
 90
        5
 70
     0
 43
0.0
 10
53.43625251058842
 20
34.70469254790585
 10
53.43074507516265
 20
34.69568302829579
 10
53.43040532902325
 20
34.69512724338527
 10
52.67474473109807
 20
33.45896684813211
 10
52.66894473109807
 20
33.44946684813211
  0
LWPOLYLINE
  5
19FD
330
1F
100
AcDbEntity
  8
0
100
AcDbPolyline
 90
        5
 70
     0
 43
0.0
 10
60.90794473109808
 20
26.05256684813209
 10
60.90784473109807
 20
26.05256684813209
 10
60.90474473109807
 20
26.05256684813209
 10
60.90164473109807
 20
26.05256684813209
 10
60.90114473109807
 20
26.05256684813209
  0
LWPOLYLINE
  5
19FE
330
1F
100
AcDbEntity
  8
0
100
AcDbPolyline
 90
        5
 70
     0
 43
0.0
 10
60.90794473109808
 20
26.1735668481321
 10
60.90784473109807
 20
26.1735668481321
 10
60.90474473109807
 20
26.1735668481321
 10
60.90164473109807
 20
26.1735668481321
 10
60.90114473109807
 20
26.1735668481321
  0
LWPOLYLINE
  5
19FF
330
1F
100
AcDbEntity
  8
0
100
AcDbPolyline
 90
        7
 70
     0
 43
0.0
 10
60.90794473109808
 20
26.28556684813209
 10
60.90784473109807
 20
26.28556684813209
 10
60.90474473109807
 20
26.28556684813209
 10
60.90164473109807
 20
26.28556684813209
 10
60.90164473109807
 20
27.0413668481321
 10
60.90474473109807
 20
27.04366684813209
 10
60.90114473109807
 20
27.04371459349018
  0
LWPOLYLINE
  5
1A00
330
1F
100
AcDbEntity
  8
0
100
AcDbPolyline
 90
        7
 70
     0
 43
0.0
 10
60.90114473109807
 20
25.92556684813209
 10
60.90164473109807
 20
25.92556684813209
 10
60.90454473109808
 20
25.92556684813209
 10
60.90474473109807
 20
25.92556684813209
 10
60.90474473109807
 20
25.9825668481321
 10
60.90784473109807
 20
25.9825668481321
 10
60.90794473109808
 20
25.9825668481321
  0
LWPOLYLINE
  5
1A01
330
1F
100
AcDbEntity
  8
0
100
AcDbPolyline
 90
        6
 70
     0
 43
0.0
 10
63.44908666473653
 20
66.35925684813212
 10
63.44804473109808
 20
66.35925684813212
 10
63.4491093324486
 20
66.35937396092237
 10
63.44916175394739
 20
66.35937916211796
 10
63.44994473109808
 20
66.35945684813211
 10
63.53884473109808
 20
66.35945684813211
  0
LWPOLYLINE
  5
1A02
330
1F
100
AcDbEntity
  8
0
100
AcDbPolyline
 90
        4
 70
     1
 43
0.0
 10
79.26971173109809
 20
59.03455684813211
 10
79.23451467599467
 20
58.96159814927265
 10
78.4248170415903
 20
59.3522183114612
 10
78.46001473109808
 20
59.42517684813211
  0
LWPOLYLINE
  5
1A03
330
1F
100
AcDbEntity
  8
0
100
AcDbPolyline
 90
        7
 70
     0
 43
0.0
 10
51.93414473109807
 20
44.6818668481321
 10
51.92824473109807
 20
44.6818668481321
 10
51.52394473109807
 20
44.7571668481321
 10
51.29548288470317
 20
44.86647137032912
 10
51.29254820060157
 20
44.86787543078206
 10
51.28866440729978
 20
44.86973357986848
 10
51.28607990850729
 20
44.87097009883255
  0
LWPOLYLINE
  5
1A04
330
1F
100
AcDbEntity
  8
0
100
AcDbPolyline
 90
       16
 70
     0
 43
0.0
 10
53.43614473109806
 20
46.97336684813211
 10
53.49610731764241
 20
46.80337072686334
 10
53.49819304783287
 20
46.79745760565184
 10
53.57314473109807
 20
46.5849668481321
 10
53.60524473109807
 20
46.17426684813211
 10
53.53004473109807
 20
45.76916684813211
 10
53.35284473109807
 20
45.39746684813211
 10
53.08564473109807
 20
45.08436684813211
 10
53.07873079520732
 20
45.07961071288219
 10
53.07604001601129
 20
45.07775971079218
 10
53.07199876932744
 20
45.07497971454831
 10
53.06894440199707
 20
45.07287859814287
 10
52.74664473109807
 20
44.85116684813211
 10
52.35894473109807
 20
44.7138668481321
 10
51.94904473109807
 20
44.68176684813211
 10
51.94437232729626
 20
44.68263728852368
  0
LWPOLYLINE
  5
1A05
330
1F
100
AcDbEntity
  8
0
100
AcDbPolyline
 90
        6
 70
     0
 43
0.0
 10
74.36077919111025
 20
56.74725099467439
 10
74.74299077330472
 20
57.03977753418534
 10
74.75706988838632
 20
57.05055301825243
 10
74.78989825280745
 20
57.07567828469983
 10
75.8254847310981
 20
57.86826684813211
 10
75.82707745152061
 20
57.86545468772363
  0
LWPOLYLINE
  5
1A06
330
1F
100
AcDbEntity
  8
0
100
AcDbPolyline
 90
       11
 70
     0
 43
0.0
 10
74.21563473109809
 20
57.44357684813211
 10
74.22563078284392
 20
57.40215986517291
 10
74.22595083370554
 20
57.40083378749556
 10
74.33242473109809
 20
56.95967684813211
 10
74.36077919111025
 20
56.74725099467439
 10
74.36126630349164
 20
56.74360164768275
 10
74.74504530107992
 20
57.03732545768871
 10
74.75912446025853
 20
57.04810088912608
 10
74.79148351087437
 20
57.0728667666097
 10
75.82707745152061
 20
57.86545468772363
 10
75.84380473109809
 20
57.87825684813211
  0
LWPOLYLINE
  5
1A07
330
1F
100
AcDbEntity
  8
0
100
AcDbPolyline
 90
        6
 70
     0
 43
0.0
 10
70.91204473109808
 20
37.3409668481321
 10
70.45908473109808
 20
36.82236684813211
 10
70.44797151099621
 20
36.8370373656133
 10
70.41454787829318
 20
36.88115976968342
 10
68.7719581693504
 20
39.04953588556903
 10
68.71754473109809
 20
39.1213668481321
  0
LWPOLYLINE
  5
1A08
330
1F
100
AcDbEntity
  8
0
100
AcDbPolyline
 90
        7
 70
     0
 43
0.0
 10
70.10393473109807
 20
40.69226684813209
 10
70.10379111454131
 20
40.69235096640106
 10
70.10408473109809
 20
40.69266684813209
 10
71.07502227456894
 20
40.68006614963031
 10
71.07613199323299
 20
40.68005174784885
 10
71.09718977847589
 20
40.67977846270838
 10
72.71190169299984
 20
39.74153785247161
  0
LWPOLYLINE
  5
1A09
330
1F
100
AcDbEntity
  8
0
100
AcDbPolyline
 90
        6
 70
     0
 43
0.0
 10
65.36477592995654
 20
39.00664425511867
 10
64.38764473109808
 20
40.38076684813209
 10
64.68661275415238
 20
39.93238993114437
 10
64.68803673562132
 20
39.93025431672524
 10
64.68988649812917
 20
39.92748013772793
 10
65.18364473109807
 20
39.1869668481321
  0
LWPOLYLINE
  5
1A0A
330
1F
100
AcDbEntity
  8
0
100
AcDbPolyline
 90
        5
 70
     0
 43
0.0
 10
80.67125473109809
 20
27.12886684813209
 10
80.66519897832886
 20
27.10737898290219
 10
80.66520473109809
 20
27.10086684813209
 10
80.66411554169755
 20
27.09771170052132
 10
80.65829106909921
 20
27.08083945516744
  0
LWPOLYLINE
  5
1A0B
330
1F
100
AcDbEntity
  8
0
100
AcDbPolyline
 90
       12
 70
     0
 43
0.0
 10
58.09118492119395
 20
63.62822584813212
 10
58.16372255058272
 20
64.3849318629941
 10
58.16374473109808
 20
64.38516324813213
 10
58.27474356342154
 20
65.54456606793357
 10
58.27490308711918
 20
65.5462323217219
 10
58.35282215968441
 20
66.36011108564616
 10
58.35284473109808
 20
66.36034684813211
 10
58.61344473109808
 20
66.36034684813211
 10
58.52144473109808
 20
65.60671684813212
 10
58.55216997276651
 20
65.60345407479086
 10
58.55374473109808
 20
65.60328684813211
 10
58.4683778212508
 20
64.61007622185468
  0
LWPOLYLINE
  5
1A0C
330
1F
100
AcDbEntity
  8
0
100
AcDbPolyline
 90
       13
 70
     0
 43
0.0
 10
52.59603769833545
 20
51.53798944937221
 10
43.40715054051216
 20
58.75702536126061
 10
42.76861822345181
 20
59.25867345515796
 10
42.75154473109807
 20
59.27208684813212
 10
41.84614473109806
 20
57.65591684813212
 10
41.84094473109806
 20
57.65880684813211
 10
41.84609073445582
 20
57.65582046159584
 10
41.86465104049777
 20
57.64504933607973
 10
42.5586027504537
 20
57.24232747615112
 10
44.17154473109806
 20
56.30628684813212
 10
43.57874473109807
 20
55.28479684813211
 10
41.08324473109806
 20
56.30628684813212
 10
41.84094473109806
 20
57.65880684813211
  0
LWPOLYLINE
  5
1A0D
330
1F
100
AcDbEntity
  8
0
100
AcDbPolyline
 90
       10
 70
     0
 43
0.0
 10
80.59551473109809
 20
27.67459937186085
 10
80.59551473109809
 20
27.67377747331571
 10
80.62185282789725
 20
27.67174335407729
 10
80.62199300510838
 20
27.67173252804213
 10
80.64485530713495
 20
27.66996684813209
 10
80.62199391058525
 20
27.66996684813209
 10
80.62186473109809
 20
27.66996684813209
 10
80.62185473109808
 20
27.6709668481321
 10
80.62185282789725
 20
27.67174335407729
 10
80.62185058007296
 20
27.67266046638217
  0
LWPOLYLINE
  5
1A0E
330
1F
100
AcDbEntity
  8
0
100
AcDbPolyline
 90
        3
 70
     0
 43
0.0
 10
80.65824240412885
 20
27.04436171723144
 10
80.65825473109809
 20
27.04026684813209
 10
80.65827473109809
 20
27.0245668481321
  0
LWPOLYLINE
  5
1A0F
330
1F
100
AcDbEntity
  8
0
100
AcDbPolyline
 90
        4
 70
     0
 43
0.0
 10
80.65453485534268
 20
27.04455637625499
 10
80.64713527854486
 20
27.02453590520834
 10
80.63239965374338
 20
26.98466684813209
 10
80.52165159917711
 20
26.68502427660442
  0
LWPOLYLINE
  5
1A10
330
1F
100
AcDbEntity
  8
0
100
AcDbPolyline
 90
        8
 70
     0
 43
0.0
 10
50.13904473109807
 20
41.87696684813211
 10
49.92124473109807
 20
42.21656684813211
 10
50.07771018871085
 20
41.9881245892959
 10
50.07825715829108
 20
41.9873260043026
 10
50.08006144459006
 20
41.98469171527796
 10
50.08095209628642
 20
41.9833913484848
 10
50.15384473109807
 20
41.87696684813211
 10
50.27604473109807
 20
41.48846684813212
  0
LWPOLYLINE
  5
1A11
330
1F
100
AcDbEntity
  8
0
100
AcDbPolyline
 90
       12
 70
     0
 43
0.0
 10
52.39597568582566
 20
41.33165898795638
 10
52.03984473109807
 20
41.39796684813211
 10
51.71154473109807
 20
41.55506684813211
 10
51.72403020568401
 20
41.55440386288249
 10
53.09832453421982
 20
41.48142811316718
 10
53.09794473109807
 20
41.48116684813212
 10
52.75494473109807
 20
41.3597668481321
 10
52.40353711096217
 20
41.33225105984466
 10
52.40174810634759
 20
41.33211097787318
 10
52.39597568582566
 20
41.33165898795638
 10
52.39224473109807
 20
41.33136684813211
 10
52.03454473109808
 20
41.39796684813211
  0
LWPOLYLINE
  5
1A12
330
1F
100
AcDbEntity
  8
0
100
AcDbPolyline
 90
        6
 70
     0
 43
0.0
 10
60.21803773960124
 20
25.85546684813208
 10
60.22074473109807
 20
25.85546684813208
 10
60.22068567363761
 20
25.85776684813209
 10
60.22015158877774
 20
25.8785668481321
 10
60.21748116447838
 20
25.9825668481321
 10
60.22276176592664
 20
25.9825668481321
  0
LWPOLYLINE
  5
1A13
330
1F
100
AcDbEntity
  8
0
100
AcDbPolyline
 90
        5
 70
     0
 43
0.0
 10
67.69246684968227
 20
26.25373321889502
 10
67.77344473109808
 20
26.2758668481321
 10
69.66743022797593
 20
27.40272339348967
 10
69.79593252751539
 20
27.47917786347809
 10
69.97016822166532
 20
27.58284213794663
  0
LWPOLYLINE
  5
1A14
330
1F
100
AcDbEntity
  8
0
100
AcDbPolyline
 90
        5
 70
     0
 43
0.0
 10
79.60436686681138
 20
41.4288668481321
 10
79.47098913109809
 20
40.94887208735805
 10
78.70491873109807
 20
38.1919668481321
 10
77.42020473109808
 20
38.6739668481321
 10
78.64004073109808
 20
42.60416684813209
  0
LWPOLYLINE
  5
1A15
330
1F
100
AcDbEntity
  8
0
100
AcDbPolyline
 90
        5
 70
     0
 43
0.0
 10
75.38033473109809
 20
42.78006684813211
 10
75.63825801918416
 20
42.78163408196204
 10
75.66842788946603
 20
42.7818174048473
 10
76.45005473109808
 20
42.78656684813209
 10
76.45986473109809
 20
42.78396684813209
  0
LWPOLYLINE
  5
1A16
330
1F
100
AcDbEntity
  8
0
100
AcDbPolyline
 90
        6
 70
     0
 43
0.0
 10
56.54194473109807
 20
67.27314684813212
 10
52.24384473109807
 20
66.09829684813212
 10
52.20670918216409
 20
66.07620314122323
 10
52.14741704866304
 20
66.04092742678841
 10
47.57494473109807
 20
63.32054584813212
 10
45.71660654731586
 20
61.40197202586058
  0
LWPOLYLINE
  5
1A17
330
1F
100
AcDbEntity
  8
0
100
AcDbPolyline
 90
        8
 70
     0
 43
0.0
 10
66.34761160201461
 20
51.23313548123392
 10
66.34764473109808
 20
51.23316348636327
 10
66.20708250197534
 20
51.41242596835802
 10
66.77644473109808
 20
51.85821082093927
 10
66.80007664108959
 20
51.87671353673763
 10
66.77644473109808
 20
51.85827142879901
 10
66.20634473109809
 20
51.41336684813211
 10
66.20708250197534
 20
51.41242596835802
  0
LWPOLYLINE
  5
1A18
330
1F
100
AcDbEntity
  8
0
100
AcDbPolyline
 90
       11
 70
     0
 43
0.0
 10
56.71590519769886
 20
60.54959588709413
 10
56.57824473109808
 20
60.91435684813212
 10
55.51434473109807
 20
60.51346684813212
 10
55.12044473109808
 20
61.55751684813211
 10
54.22414473109808
 20
61.62861684813211
 10
54.02504473109807
 20
61.53081684813212
 10
51.35364473109808
 20
59.88088684813211
 10
50.7183973506198
 20
60.85975397211381
 10
50.58053652690639
 20
61.07218684813211
 10
50.22004473109808
 20
61.62767684813212
 10
50.22029421075552
 20
61.62781826700048
  0
LWPOLYLINE
  5
1A19
330
1F
100
AcDbEntity
  8
0
100
AcDbPolyline
 90
        7
 70
     0
 43
0.0
 10
55.66885946948846
 20
36.65871511188842
 10
54.71982934355578
 20
37.1959294447824
 10
51.18042209338989
 20
33.55335855549457
 10
51.15944216229716
 20
33.53179444986921
 10
54.69114473109807
 20
37.2121668481321
 10
54.6912621463066
 20
37.21235821967326
 10
54.69130557035605
 20
37.21242899523439
  0
LWPOLYLINE
  5
1A1A
330
1F
100
AcDbEntity
  8
0
100
AcDbPolyline
 90
        8
 70
     0
 43
0.0
 10
53.21304473109808
 20
63.61987884813212
 10
52.57914473109807
 20
65.24523584813213
 10
52.58544473109807
 20
65.22226084813212
 10
53.21934395458882
 20
63.59690667992581
 10
50.05944473109807
 20
61.87505684813213
 10
50.05414473109808
 20
61.88402684813212
 10
49.10425788731055
 20
63.34764177243453
 10
49.10396326498822
 20
63.34746753534218
  0
LWPOLYLINE
  5
1A1B
330
1F
100
AcDbEntity
  8
0
100
AcDbPolyline
 90
        4
 70
     0
 43
0.0
 10
40.88384120854985
 20
38.32958602079023
 10
40.88409875716474
 20
38.32855783354724
 10
40.88414273612307
 20
38.32838226046593
 10
40.88442278244223
 20
38.32726425774274
  0
LWPOLYLINE
  5
1A1C
330
1F
100
AcDbEntity
  8
0
100
AcDbPolyline
 90
        7
 70
     0
 43
0.0
 10
52.80385432308089
 20
28.33399698413783
 10
52.76284473109807
 20
28.2168668481321
 10
52.80214473109807
 20
28.3345668481321
 10
52.80385432308089
 20
28.33399698413783
 10
52.80397677290281
 20
28.33395616753051
 10
52.80934473109806
 20
28.33216684813211
 10
53.57764473109806
 20
30.23806684813211
  0
LWPOLYLINE
  5
1A1D
330
1F
100
AcDbEntity
  8
0
100
AcDbPolyline
 90
        6
 70
     0
 43
0.0
 10
58.33624473109807
 20
41.4650668481321
 10
55.76534473109806
 20
36.60186684813209
 10
55.66794473109808
 20
36.65706684813209
 10
55.66885946948846
 20
36.65871511188842
 10
57.50654602103526
 20
40.07763339049316
 10
58.27214473109807
 20
41.50196684813209
  0
LWPOLYLINE
  5
1A1E
330
1F
100
AcDbEntity
  8
0
100
AcDbPolyline
 90
        6
 70
     0
 43
0.0
 10
61.35244473109808
 20
61.50831684813212
 10
61.43624473109809
 20
61.61622684813212
 10
61.43613963731634
 20
61.61799312899283
 10
61.40654179975463
 20
62.11543544323466
 10
61.40644473109809
 20
62.11706684813211
 10
61.31034473109808
 20
62.21660684813212
  0
LWPOLYLINE
  5
1A1F
330
1F
100
AcDbEntity
  8
0
100
AcDbPolyline
 90
        3
 70
     0
 43
0.0
 10
57.82350377218096
 20
28.4791668481321
 10
57.93167756630509
 20
28.4791668481321
 10
58.00140536777778
 20
28.4791668481321
  0
LWPOLYLINE
  5
1A20
330
1F
100
AcDbEntity
  8
0
100
AcDbPolyline
 90
        7
 70
     0
 43
0.0
 10
72.58289137920577
 20
55.98180684813211
 10
72.57885473109809
 20
55.94480684813212
 10
72.57535473109808
 20
55.90381684813212
 10
72.56825473109808
 20
55.64978684813212
 10
72.57934120809085
 20
55.42405684813211
 10
72.58061473109808
 20
55.39812684813211
 10
72.58103404376152
 20
55.39312684813212
  0
LWPOLYLINE
  5
1A21
330
1F
100
AcDbEntity
  8
0
100
AcDbPolyline
 90
        4
 70
     0
 43
0.0
 10
71.84150473109809
 20
56.09979684813211
 10
71.84150473109809
 20
55.99937684813212
 10
71.84150473109809
 20
55.42405684813211
 10
71.84150473109809
 20
55.26376684813211
  0
LWPOLYLINE
  5
1A22
330
1F
100
AcDbEntity
  8
0
100
AcDbPolyline
 90
        9
 70
     0
 43
0.0
 10
71.2053147310981
 20
57.21195684813212
 10
71.61812473109808
 20
57.37486684813212
 10
71.86776077277511
 20
57.40347044711041
 10
72.05903473109808
 20
57.42538684813212
 10
72.17090556740328
 20
57.40873938708312
 10
72.19305703716654
 20
57.40544303441212
 10
72.49798473109809
 20
57.36006684813212
 10
72.90507473109809
 20
57.18336684813212
 10
72.91862094934124
 20
57.17260596844107
  0
LWPOLYLINE
  5
1A23
330
1F
100
AcDbEntity
  8
0
100
AcDbPolyline
 90
       18
 70
     0
 43
0.0
 10
77.67517473109808
 20
30.1607668481321
 10
77.67525064898302
 20
30.16117696397901
 10
77.6752997200804
 20
30.16144205085125
 10
77.68089473109808
 20
30.19166684813209
 10
77.52522473109809
 20
30.22616435505731
 10
77.52519473109808
 20
30.2005668481321
 10
76.39716473109809
 20
30.3885668481321
 10
76.39340316027352
 20
30.48354167238203
 10
76.3932548451439
 20
30.48728643860503
 10
76.39325255784157
 20
30.48734419004576
 10
76.39133473109808
 20
30.5357668481321
 10
77.52519473109808
 20
30.2005668481321
 10
77.52519473109808
 20
30.19716887276925
 10
77.52519473109808
 20
30.18896421366448
 10
77.52517473109808
 20
29.9920668481321
 10
77.5111754122496
 20
29.99571100872727
 10
76.39882473109807
 20
30.2852668481321
 10
76.39716473109809
 20
30.3885668481321
  0
LWPOLYLINE
  5
1A24
330
1F
100
AcDbEntity
  8
0
100
AcDbPolyline
 90
       11
 70
     0
 43
0.0
 10
69.66457473109807
 20
39.3563668481321
 10
70.25685473109809
 20
38.8311668481321
 10
69.65999125735638
 20
39.35034411576535
 10
69.66457473109807
 20
39.3563668481321
 10
70.27784473109807
 20
38.8188668481321
 10
70.00999473109809
 20
38.5125668481321
 10
69.98055714148574
 20
38.53836479990309
 10
69.98033794808562
 20
38.53855689242287
 10
69.41754473109807
 20
39.03176684813209
 10
69.65990052896535
 20
39.35022489771197
 10
69.65999125735638
 20
39.35034411576535
  0
LWPOLYLINE
  5
1A25
330
1F
100
AcDbEntity
  8
0
100
AcDbPolyline
 90
        4
 70
     0
 43
0.0
 10
70.27784473109807
 20
38.8188668481321
 10
70.45699073448331
 20
36.88916252116348
 10
70.45982444675368
 20
36.85863866505626
 10
70.46168254288421
 20
36.83862383874005
  0
LWPOLYLINE
  5
1A26
330
1F
100
AcDbEntity
  8
0
100
AcDbPolyline
 90
        6
 70
     1
 43
0.0
 10
55.13964473109807
 20
35.31986684813209
 10
54.82998563055116
 20
34.81336684813968
 10
54.57811291828315
 20
34.40138629101567
 10
54.56324473109807
 20
34.37706684813209
 10
53.53514473109807
 20
35.00556684813211
 10
54.11144473109807
 20
35.94836684813211
  0
LWPOLYLINE
  5
1A27
330
1F
100
AcDbEntity
  8
0
100
AcDbPolyline
 90
        5
 70
     0
 43
0.0
 10
53.43035276012432
 20
34.69515937528192
 10
52.67469155226499
 20
33.45899935488373
 10
52.65914473109807
 20
33.43356684813212
 10
52.24574473109807
 20
33.68626684813211
 10
53.15804473109807
 20
35.17866684813211
  0
LWPOLYLINE
  5
1A28
330
1F
100
AcDbEntity
  8
0
100
AcDbPolyline
 90
       10
 70
     0
 43
0.0
 10
54.78412933379567
 20
33.2352128175982
 10
54.77864473109807
 20
33.2159668481321
 10
54.76333286447097
 20
33.16251015525003
 10
54.76323546049759
 20
33.16226853355036
 10
54.20224473109808
 20
31.77066684813211
 10
54.20165912767744
 20
31.76970615232442
 10
54.18694473109806
 20
31.74556684813211
 10
54.87664473109806
 20
31.33866684813209
 10
54.88474473109807
 20
31.3667668481321
 10
55.17377583021026
 20
32.13751644576462
  0
LWPOLYLINE
  5
1A29
330
1F
100
AcDbEntity
  8
0
100
AcDbPolyline
 90
        5
 70
     0
 43
0.0
 10
55.2713615001939
 20
32.47225007903685
 10
55.50043704947377
 20
33.2716723888544
 10
55.50846111109883
 20
33.29967456498622
 10
55.57781344722287
 20
33.54169866974033
 10
55.57772368486717
 20
33.54172437871198
  0
LWPOLYLINE
  5
1A2A
330
1F
100
AcDbEntity
  8
0
100
AcDbPolyline
 90
        6
 70
     0
 43
0.0
 10
55.96876658138353
 20
36.15272639984129
 10
55.96878769578417
 20
36.15277877652768
 10
56.07911227979947
 20
36.426451529058
 10
56.65931867045511
 20
36.0980701419157
 10
56.66144473109807
 20
36.0968668481321
 10
56.70474473109807
 20
35.6933668481321
  0
LWPOLYLINE
  5
1A2B
330
1F
100
AcDbEntity
  8
0
100
AcDbPolyline
 90
        4
 70
     0
 43
0.0
 10
60.90784473109808
 20
66.31907684813211
 10
60.90474473109808
 20
66.31907684813211
 10
60.90454473109808
 20
66.31907684813211
 10
60.90164473109808
 20
66.31907684813211
  0
LWPOLYLINE
  5
1A2C
330
1F
100
AcDbEntity
  8
0
100
AcDbPolyline
 90
        4
 70
     0
 43
0.0
 10
60.90164473109808
 20
66.32907684813213
 10
60.90454473109808
 20
66.32907684813213
 10
60.90474473109808
 20
66.32907684813213
 10
60.90784473109808
 20
66.32907684813213
  0
LWPOLYLINE
  5
1A2D
330
1F
100
AcDbEntity
  8
0
100
AcDbPolyline
 90
        4
 70
     0
 43
0.0
 10
60.90164473109808
 20
66.28907684813211
 10
60.90454473109808
 20
66.28907684813211
 10
60.90474473109808
 20
66.28907684813211
 10
60.90784473109808
 20
66.28907684813211
  0
LWPOLYLINE
  5
1A2E
330
1F
100
AcDbEntity
  8
0
100
AcDbPolyline
 90
        5
 70
     0
 43
0.0
 10
60.90164473109808
 20
66.33607684813211
 10
60.90454473109808
 20
66.33607684813211
 10
60.90454473109808
 20
66.34207684813212
 10
60.90474473109808
 20
66.34207684813212
 10
60.90784473109808
 20
66.34207684813212
  0
LWPOLYLINE
  5
1A2F
330
1F
100
AcDbEntity
  8
0
100
AcDbPolyline
 90
        7
 70
     1
 43
0.0
 10
61.43624473109809
 20
57.97226684813211
 10
61.43613963731634
 20
57.97403312899283
 10
61.40654179975463
 20
58.47147544323465
 10
61.40644473109809
 20
58.47310684813211
 10
61.47024473109809
 20
58.35494684813212
 10
61.49724473109809
 20
58.22621684813212
 10
61.48564473109808
 20
58.09568684813211
  0
LWPOLYLINE
  5
1A30
330
1F
100
AcDbEntity
  8
0
100
AcDbPolyline
 90
       13
 70
     0
 43
0.0
 10
61.35164473109808
 20
57.86438684813212
 10
61.35244473109808
 20
57.86434684813212
 10
61.23984473109808
 20
57.77929684813211
 10
61.23980805639707
 20
57.7799134095591
 10
61.18827285292674
 20
58.64630407441254
 10
61.18824473109808
 20
58.64677684813211
 10
61.04874473109808
 20
58.69045684813212
 10
61.04794473109809
 20
58.69048684813211
 10
60.90114565893792
 20
58.70068122814323
 10
60.75554473109808
 20
58.67681684813211
 10
60.75476604639644
 20
58.67648818024045
 10
60.62194473109808
 20
58.62042684813212
 10
60.67354473109809
 20
57.75294684813212
  0
LWPOLYLINE
  5
1A31
330
1F
100
AcDbEntity
  8
0
100
AcDbPolyline
 90
        5
 70
     0
 43
0.0
 10
61.04874473109808
 20
58.69045684813212
 10
61.04875808321044
 20
58.69023217271801
 10
61.10622283627214
 20
57.72327527141629
 10
61.10624473109808
 20
57.72290684813212
 10
60.96064473109808
 20
57.69902684813211
  0
LWPOLYLINE
  5
1A32
330
1F
100
AcDbEntity
  8
0
100
AcDbPolyline
 90
       15
 70
     0
 43
0.0
 10
81.14770888339988
 20
33.93063751213174
 10
81.53740473109809
 20
34.11866684813209
 10
81.41573216670668
 20
34.37084844495921
 10
84.33580712930943
 20
35.77956506786929
 10
86.97476721181692
 20
37.05266489682397
 10
91.75958709685408
 20
39.36098074350847
 10
92.1027668602295
 20
39.5265391772832
 10
92.26141140504486
 20
39.60307324242796
 10
94.65178607037639
 20
40.75624929755024
 10
94.82205057091347
 20
40.83838911768153
 10
94.83074473109809
 20
40.8203668481321
 10
95.2765447310981
 20
41.0354668481321
 10
95.2678642745932
 20
41.05346071109535
 10
95.77904473109809
 20
41.3000668481321
 10
95.77904473109809
 20
41.56606684813209
  0
LWPOLYLINE
  5
1A33
330
1F
100
AcDbEntity
  8
0
100
AcDbPolyline
 90
       13
 70
     0
 43
0.0
 10
95.77904473109809
 20
50.7660668481321
 10
96.27154473109809
 20
50.7660668481321
 10
96.27154473109809
 20
48.86606684813211
 10
95.77904473109809
 20
48.86606684813211
 10
95.77904473109809
 20
48.6757668481321
 10
95.56304473109809
 20
48.6757668481321
 10
95.35454473109808
 20
48.37936684813211
 10
92.83424473109809
 20
48.3800668481321
 10
92.83424473109809
 20
48.5140668481321
 10
92.83424473109809
 20
48.6070668481321
 10
95.30144473109809
 20
48.6070668481321
 10
95.30144473109809
 20
48.5140668481321
 10
92.83424473109809
 20
48.5140668481321
  0
LWPOLYLINE
  5
1A34
330
1F
100
AcDbEntity
  8
0
100
AcDbPolyline
 90
        7
 70
     0
 43
0.0
 10
54.01508965892602
 20
49.54390862190892
 10
51.33114473109808
 20
49.68636684813211
 10
51.39180862624176
 20
49.51447747664912
 10
51.39433330764482
 20
49.50732386578157
 10
51.45244473109807
 20
49.34266684813211
 10
51.65824473109807
 20
49.04216684813211
 10
51.93484473109807
 20
48.80526684813212
  0
LWPOLYLINE
  5
1A35
330
1F
100
AcDbEntity
  8
0
100
AcDbPolyline
 90
        9
 70
     0
 43
0.0
 10
53.72529774484009
 20
50.9103925300291
 10
53.38048486761135
 20
50.92872804075086
 10
53.37089883808797
 20
50.92923778026094
 10
51.77374473109808
 20
51.01416684813211
 10
51.77074473109808
 20
51.01416684813211
 10
51.76254473109807
 20
51.01416684813211
 10
52.06254473109808
 20
51.22046684813211
 10
52.07284924130793
 20
51.21991963391502
 10
53.44908340871532
 20
51.14683562631843
  0
LWPOLYLINE
  5
1A36
330
1F
100
AcDbEntity
  8
0
100
AcDbPolyline
 90
        8
 70
     0
 43
0.0
 10
53.62240039536231
 20
48.93831794373785
 10
52.59722422404603
 20
48.99283194226346
 10
52.58125006086947
 20
48.99368137237335
 10
51.66944473109807
 20
49.04216684813211
 10
51.46394025345454
 20
49.3420563988865
 10
51.65824473109807
 20
49.04216684813211
 10
51.66698665884907
 20
49.04170270249143
 10
53.6220441317598
 20
48.93790049442356
  0
LWPOLYLINE
  5
1A37
330
1F
100
AcDbEntity
  8
0
100
AcDbPolyline
 90
       17
 70
     0
 43
0.0
 10
53.17194473109807
 20
45.50176684813211
 10
52.93770457334317
 20
45.22722301757781
 10
52.93740045715796
 20
45.22686657475767
 10
52.93714473109807
 20
45.22656684813211
 10
52.63966762940123
 20
45.02195772380286
 10
52.63924473109806
 20
45.0216668481321
 10
52.29854473109806
 20
44.90106684813211
 10
51.94742473491763
 20
44.87357772016906
 10
51.94268087993318
 20
44.87320632452619
 10
51.94249760106205
 20
44.87319197565288
 10
51.71576031450436
 20
44.91538604840475
 10
51.70998926590174
 20
44.91645999635698
 10
51.70235220643306
 20
44.91788119464212
 10
51.69726941222005
 20
44.91882706372286
 10
51.58904473109807
 20
44.9389668481321
 10
51.69615634019368
 20
44.91869751700924
 10
51.69726941222005
 20
44.91882706372286
  0
LWPOLYLINE
  5
1A38
330
1F
100
AcDbEntity
  8
0
100
AcDbPolyline
 90
        5
 70
     0
 43
0.0
 10
52.93740045715796
 20
45.22686657475767
 10
50.99580561526767
 20
45.32997206820816
 10
50.98837136682869
 20
45.33036543874798
 10
50.98834594109061
 20
45.33036581168782
 10
51.26304473109807
 20
45.09506684813211
  0
LWPOLYLINE
  5
1A39
330
1F
100
AcDbEntity
  8
0
100
AcDbPolyline
 90
        9
 70
     0
 43
0.0
 10
77.33546473109808
 20
25.25282062816206
 10
77.33546473109808
 20
25.26996684813209
 10
77.33625473109808
 20
25.28766684813209
 10
77.32209932923146
 20
25.28418505947478
 10
76.39792473109809
 20
25.05686684813209
 10
76.39672681494459
 20
25.00659885463541
 10
76.39664113226079
 20
25.0030033637663
 10
76.39415473109808
 20
24.8986668481321
 10
76.38822473109809
 20
24.85216684813209
  0
LWPOLYLINE
  5
1A3A
330
1F
100
AcDbEntity
  8
0
100
AcDbPolyline
 90
        8
 70
     0
 43
0.0
 10
77.68917473109809
 20
29.85260208507627
 10
77.67517473109808
 20
29.8562668481321
 10
76.99954438288495
 20
30.0269739149593
 10
76.40049473109809
 20
30.18186684813209
 10
76.4005519703838
 20
30.17831515045323
 10
76.40055331322921
 20
30.17823182689607
 10
76.40249473109808
 20
30.05776684813209
 10
77.52517473109808
 20
29.7082668481321
  0
LWPOLYLINE
  5
1A3B
330
1F
100
AcDbEntity
  8
0
100
AcDbPolyline
 90
        6
 70
     0
 43
0.0
 10
71.86776077277511
 20
57.40347044711041
 10
71.26761222758982
 20
58.00365932559847
 10
71.26755115393038
 20
58.0037204033624
 10
71.26722473109808
 20
58.00404684813211
 10
70.9468047310981
 20
57.72602684813211
 10
70.91286979439252
 20
57.76511545513175
  0
LWPOLYLINE
  5
1A3C
330
1F
100
AcDbEntity
  8
0
100
AcDbPolyline
 90
        9
 70
     0
 43
0.0
 10
71.5179047310981
 20
58.29060684813212
 10
72.33448473109809
 20
59.20393684813212
 10
73.04949473109809
 20
61.11789684813212
 10
73.04650245832391
 20
61.12143161905564
 10
73.04584282093003
 20
61.12221084850962
 10
72.26223473109809
 20
62.04788684813212
 10
72.25409473109809
 20
62.04018684813211
 10
70.26971473109807
 20
59.30237684813212
 10
71.39398330454412
 20
58.18256803101881
  0
LWPOLYLINE
  5
1A3D
330
1F
100
AcDbEntity
  8
0
100
AcDbPolyline
 90
        7
 70
     0
 43
0.0
 10
71.51327374123247
 20
58.2865886009408
 10
71.51122473109808
 20
58.28429684813212
 10
71.5179047310981
 20
58.29060684813212
 10
71.51327374123247
 20
58.2865886009408
 10
71.5122604394033
 20
58.28570937266624
 10
71.40219473109809
 20
58.19020684813211
 10
71.39551473109809
 20
58.18389684813212
  0
LWPOLYLINE
  5
1A3E
330
1F
100
AcDbEntity
  8
0
100
AcDbPolyline
 90
       13
 70
     0
 43
0.0
 10
73.93064078956943
 20
61.55345180351528
 10
73.9298947310981
 20
61.55394684813211
 10
73.9314147310981
 20
61.55538684813212
 10
73.93064078956943
 20
61.55345180351528
 10
73.91953644765752
 20
61.52568821124862
 10
73.53048089439468
 20
60.55295341655589
 10
73.53391473109809
 20
60.54889684813212
 10
72.31148473109809
 20
57.49251684813212
 10
72.33097072820019
 20
57.46328785247897
 10
72.33410473109808
 20
57.45858684813212
 10
73.56552473109809
 20
60.51155684813212
 10
75.41157473109809
 20
58.3308268481321
 10
74.22563078284392
 20
57.40215986517291
  0
LWPOLYLINE
  5
1A3F
330
1F
100
AcDbEntity
  8
0
100
AcDbPolyline
 90
        5
 70
     0
 43
0.0
 10
73.53048089439468
 20
60.55295341655589
 10
73.52983306900139
 20
60.55371872610949
 10
73.35856473109808
 20
60.75604684813212
 10
73.3507347310981
 20
60.74863684813212
 10
72.19006243566631
 20
57.49993059277128
  0
LWPOLYLINE
  5
1A40
330
1F
100
AcDbEntity
  8
0
100
AcDbPolyline
 90
        8
 70
     0
 43
0.0
 10
58.43834473109808
 20
50.64076684813211
 10
58.41132612085303
 20
50.62551279880557
 10
58.41124473109807
 20
50.62546684813211
 10
58.1362295547489
 20
51.11474967896023
 10
55.6554718707828
 20
55.52829571784665
 10
55.65414473109807
 20
55.53065684813212
 10
55.70934473109808
 20
55.56941684813211
 10
55.71074473109807
 20
55.56710684813212
  0
LWPOLYLINE
  5
1A41
330
1F
100
AcDbEntity
  8
0
100
AcDbPolyline
 90
        7
 70
     0
 43
0.0
 10
58.51880433754764
 20
50.68281148008832
 10
55.84827416218803
 20
55.66365730629556
 10
55.84694473109808
 20
55.66613684813212
 10
55.88494473109808
 20
55.69278684813212
 10
55.88710712727527
 20
55.68878406303443
 10
55.89429869640978
 20
55.67547053324166
 10
58.57439929490559
 20
50.71399544165246
  0
LWPOLYLINE
  5
1A42
330
1F
100
AcDbEntity
  8
0
100
AcDbPolyline
 90
        6
 70
     0
 43
0.0
 10
68.71682726415025
 20
39.1220055847504
 10
68.68414473109808
 20
39.1649668481321
 10
68.68438011687603
 20
39.16522005790162
 10
70.08587961787103
 20
40.67284455720761
 10
70.10393473109807
 20
40.69226684813209
 10
70.16642857681088
 20
40.01906823644579
  0
LWPOLYLINE
  5
1A43
330
1F
100
AcDbEntity
  8
0
100
AcDbPolyline
 90
        8
 70
     0
 43
0.0
 10
75.46635135372499
 20
33.02105636767553
 10
75.46663473109808
 20
33.0213668481321
 10
75.47324473109807
 20
33.01496684813209
 10
75.46635135372499
 20
33.02105636767553
 10
75.1488879290078
 20
33.30149941097794
 10
74.67110473109809
 20
33.7235668481321
 10
74.66449473109808
 20
33.72996684813209
 10
74.41680473109808
 20
33.44976684813209
  0
LWPOLYLINE
  5
1A44
330
1F
100
AcDbEntity
  8
0
100
AcDbPolyline
 90
        8
 70
     0
 43
0.0
 10
63.90294759876618
 20
37.99006204790506
 10
67.99454473109808
 20
26.93566684813209
 10
63.90754473109808
 20
37.9823668481321
 10
63.90294759876618
 20
37.99006204790506
 10
64.52764473109808
 20
38.2561668481321
 10
64.53224473109807
 20
38.2484668481321
 10
65.71333193496343
 20
35.72894266382694
 10
65.89670149528116
 20
35.33777422141736
  0
LWPOLYLINE
  5
1A45
330
1F
100
AcDbEntity
  8
0
100
AcDbPolyline
 90
        3
 70
     0
 43
0.0
 10
80.38071173109809
 20
27.7896668481321
 10
80.64174497014191
 20
27.7896668481321
 10
80.64592855598288
 20
27.7896668481321
  0
LWPOLYLINE
  5
1A46
330
1F
100
AcDbEntity
  8
0
100
AcDbPolyline
 90
        5
 70
     0
 43
0.0
 10
80.34405973109809
 20
29.12746684813209
 10
80.36408336321295
 20
29.06588175953896
 10
80.36405973109808
 20
29.12756684813209
 10
80.36405539982327
 20
29.13596952127578
 10
80.36403973109809
 20
29.1663668481321
  0
LWPOLYLINE
  5
1A47
330
1F
100
AcDbEntity
  8
0
100
AcDbPolyline
 90
        4
 70
     0
 43
0.0
 10
75.43449473109808
 20
30.52484524982293
 10
75.45608835981846
 20
30.53663652279582
 10
75.55558473109808
 20
30.5909668481321
 10
75.84454672685332
 20
31.68317034116126
  0
LWPOLYLINE
  5
1A48
330
1F
100
AcDbEntity
  8
0
100
AcDbPolyline
 90
        3
 70
     0
 43
0.0
 10
80.66519897832886
 20
27.10737898290219
 10
80.66517999611575
 20
27.12886684813209
 10
80.66515473109808
 20
27.15746684813209
  0
LWPOLYLINE
  5
1A49
330
1F
100
AcDbEntity
  8
0
100
AcDbPolyline
 90
        8
 70
     0
 43
0.0
 10
76.41133971816103
 20
28.53929856967639
 10
76.39733473109808
 20
28.5411668481321
 10
76.39813473109808
 20
28.24146684813209
 10
76.39850473109809
 20
27.49936684813209
 10
76.39795022146566
 20
27.15391208653235
 10
76.39793408373598
 20
27.14385841886139
 10
76.39733473109808
 20
26.77046684813209
 10
76.41133671546677
 20
26.77170309286854
  0
LWPOLYLINE
  5
1A4A
330
1F
100
AcDbEntity
  8
0
100
AcDbPolyline
 90
        4
 70
     0
 43
0.0
 10
80.62215473109809
 20
27.15326684813209
 10
80.64515473109809
 20
27.15326684813209
 10
80.36852173109808
 20
26.39416684813209
 10
80.36847991111129
 20
26.4571656749099
  0
LWPOLYLINE
  5
1A4B
330
1F
100
AcDbEntity
  8
0
100
AcDbPolyline
 90
        6
 70
     0
 43
0.0
 10
62.22485810407082
 20
66.35937684813211
 10
62.22484473109808
 20
66.35947684813212
 10
62.76504473109809
 20
66.35947684813212
 10
62.76508634935514
 20
66.35888329924646
 10
62.76522423229951
 20
66.35691684813213
 10
62.76772013546914
 20
66.32132091861445
  0
LWPOLYLINE
  5
1A4C
330
1F
100
AcDbEntity
  8
0
100
AcDbPolyline
 90
       30
 70
     0
 43
0.0
 10
60.90474473109808
 20
63.62822584813212
 10
60.90474473109808
 20
64.48942584813213
 10
60.90474473109808
 20
64.62506784813212
 10
60.90474473109808
 20
65.17100284813212
 10
60.90474473109808
 20
65.46484684813211
 10
60.90474473109808
 20
65.92907684813212
 10
60.90474473109808
 20
65.93907684813212
 10
60.90784473109808
 20
65.93907684813212
 10
60.90784473109808
 20
65.92907684813212
 10
60.90784473109808
 20
65.46724934813212
 10
60.90784473109808
 20
65.4648059160933
 10
60.90784473109808
 20
64.62746453563212
 10
60.90784473109808
 20
64.62502673551077
 10
60.90784473109808
 20
63.62822584813212
 10
61.65304228874657
 20
63.62822584813212
 10
61.65833801893806
 20
63.62822584813212
 10
62.35281857178633
 20
63.62822584813212
 10
62.3596329773562
 20
63.62822584813212
 10
62.78474473109808
 20
63.62822584813212
 10
62.95591861969881
 20
63.62822584813212
 10
62.90204473109809
 20
64.39685684813213
 10
62.88658821693034
 20
64.39662747818141
 10
62.83654473109809
 20
64.39588484813211
 10
62.75680129805764
 20
65.53299426599398
 10
62.75664473109809
 20
65.53522684813211
 10
62.80670718856587
 20
65.53597587421332
 10
62.80678743244905
 20
65.53597707480881
 10
62.82214473109808
 20
65.53620684813212
 10
62.80694473109808
 20
65.53373684813212
 10
62.80678743244905
 20
65.53597707480881
  0
LWPOLYLINE
  5
1A4D
330
1F
100
AcDbEntity
  8
0
100
AcDbPolyline
 90
        5
 70
     0
 43
0.0
 10
62.76504473109809
 20
66.35947684813212
 10
62.76444473109808
 20
66.35937684813211
 10
62.7644845299384
 20
66.35880906283938
 10
62.7646171644958
 20
66.35691684813213
 10
62.82214473109808
 20
65.53620684813212
  0
LWPOLYLINE
  5
1A4E
330
1F
100
AcDbEntity
  8
0
100
AcDbPolyline
 90
       14
 70
     0
 43
0.0
 10
63.23229518377143
 20
65.55848867177658
 10
63.23224222002231
 20
65.55848763405001
 10
63.15564473109808
 20
65.55698684813211
 10
63.18036998235221
 20
66.35868274269538
 10
63.18034473109808
 20
66.35897684813213
 10
62.76826506521856
 20
66.35897684813213
 10
62.76588770982149
 20
66.35897684813213
 10
62.76584473109807
 20
66.35897684813213
 10
63.15564473109808
 20
65.55698684813211
 10
62.90344473109808
 20
64.39645584813212
 10
62.76594732670663
 20
66.35691684813213
 10
62.76584473109807
 20
66.35897684813213
 10
62.76508634935514
 20
66.35888329924646
 10
62.7644845299384
 20
66.35880906283938
  0
LWPOLYLINE
  5
1A4F
330
1F
100
AcDbEntity
  8
0
100
AcDbPolyline
 90
        7
 70
     0
 43
0.0
 10
58.35282215968441
 20
66.36011108564616
 10
58.35254473109809
 20
66.36014684813211
 10
58.35246139776477
 20
66.36014684813211
 10
58.35054473109808
 20
66.36033684813212
 10
58.26164473109808
 20
66.36033684813212
 10
58.07674473109808
 20
64.49492384813211
 10
57.9907648420153
 20
63.62822584813212
  0
LWPOLYLINE
  5
1A50
330
1F
100
AcDbEntity
  8
0
100
AcDbPolyline
 90
        4
 70
     0
 43
0.0
 10
42.75474473109806
 20
59.27662684813212
 10
42.77182482322347
 20
59.26320821763186
 10
43.4098937857706
 20
58.76192218361993
 10
52.60416754881164
 20
51.53862611246148
  0
LWPOLYLINE
  5
1A51
330
1F
100
AcDbEntity
  8
0
100
AcDbPolyline
 90
        6
 70
     0
 43
0.0
 10
46.75680383396421
 20
51.52028323870489
 10
46.75576395339937
 20
51.51468143528976
 10
40.9117856485965
 20
54.0436840631045
 10
40.05567851087142
 20
54.41416750573095
 10
40.03504473109806
 20
54.42309684813211
 10
38.93635834687029
 20
50.2380187128603
  0
LWPOLYLINE
  5
1A52
330
1F
100
AcDbEntity
  8
0
100
AcDbPolyline
 90
       10
 70
     0
 43
0.0
 10
38.79054473109807
 20
49.68266684813212
 10
38.79057579074537
 20
49.68265938332651
 10
38.70864473109806
 20
49.3705668481321
 10
38.70734473109806
 20
49.36576684813211
 10
38.61404473109806
 20
49.01036684813211
 10
38.63605847529397
 20
49.0071022302223
 10
39.61729868430325
 20
48.8615852145047
 10
47.35218029134379
 20
47.71450942403958
 10
47.59794473109807
 20
47.80156684813211
 10
48.00784473109807
 20
47.83366684813211
  0
LWPOLYLINE
  5
1A53
330
1F
100
AcDbEntity
  8
0
100
AcDbPolyline
 90
        7
 70
     0
 43
0.0
 10
47.35218029134379
 20
47.71450942403958
 10
47.34102910303771
 20
47.71055932560195
 10
39.61726715319772
 20
48.85598608118574
 10
38.63542691492412
 20
49.00159208068843
 10
38.61334473109807
 20
49.00486684813212
 10
38.63544473109807
 20
49.00476684813211
 10
38.61404473109806
 20
49.01036684813211
  0
LWPOLYLINE
  5
1A54
330
1F
100
AcDbEntity
  8
0
100
AcDbPolyline
 90
        3
 70
     0
 43
0.0
 10
43.69303587150379
 20
46.66693306086122
 10
42.71255496166872
 20
46.67243290854147
 10
43.69304473109806
 20
46.66696684813211
  0
LWPOLYLINE
  5
1A55
330
1F
100
AcDbEntity
  8
0
100
AcDbPolyline
 90
        7
 70
     1
 43
0.0
 10
61.48564473109807
 20
29.87326684813209
 10
61.43624473109808
 20
29.7498668481321
 10
61.43617999352422
 20
29.75095500419745
 10
61.40650666801679
 20
30.24972576750838
 10
61.40644473109808
 20
30.2507668481321
 10
61.47024473109808
 20
30.1325668481321
 10
61.49724473109808
 20
30.00386684813209
  0
LWPOLYLINE
  5
1A56
330
1F
100
AcDbEntity
  8
0
100
AcDbPolyline
 90
       10
 70
     0
 43
0.0
 10
60.79056803763869
 20
29.85153003179679
 10
60.75554473109807
 20
30.4544668481321
 10
60.81314473109807
 20
29.4868668481321
 10
60.96074473109807
 20
29.4766668481321
 10
61.10624473109807
 20
29.5005668481321
 10
61.23984473109807
 20
29.55696684813209
 10
61.23981035286393
 20
29.5575447489131
 10
61.18826856456649
 20
30.42396620568036
 10
61.18824473109807
 20
30.4243668481321
 10
61.31034473109807
 20
30.35026684813209
  0
LWPOLYLINE
  5
1A57
330
1F
100
AcDbEntity
  8
0
100
AcDbPolyline
 90
        9
 70
     0
 43
0.0
 10
60.96074473109807
 20
29.4766668481321
 10
60.96073698809243
 20
29.47679698519164
 10
60.90114806656312
 20
30.47831078881441
 10
60.90114473109807
 20
30.4783668481321
 10
60.75554473109807
 20
30.4544668481321
 10
60.62194473109808
 20
30.39806684813211
 10
60.50934473109808
 20
30.31296684813209
 10
60.55154473109808
 20
29.6046668481321
 10
60.67354473109808
 20
29.5305668481321
  0
LWPOLYLINE
  5
1A58
330
1F
100
AcDbEntity
  8
0
100
AcDbPolyline
 90
       11
 70
     0
 43
0.0
 10
60.98274473109587
 20
33.73687253918916
 10
60.90114473109807
 20
33.7425668481321
 10
60.90114803404626
 20
33.74251133532674
 10
60.98274473109587
 20
33.73687253918916
 10
61.04790121837876
 20
33.73231124353838
 10
61.04812615759217
 20
33.73231001416943
 10
61.04816686485604
 20
33.73229726214484
 10
61.04874473109807
 20
33.7322668481321
 10
61.10622515086849
 20
32.76509630677769
 10
61.10624473109807
 20
32.7647668481321
 10
61.23984473109807
 20
32.82116684813209
  0
LWPOLYLINE
  5
1A59
330
1F
100
AcDbEntity
  8
0
100
AcDbPolyline
 90
        6
 70
     0
 43
0.0
 10
61.10544561339238
 20
32.76481124356019
 10
61.10553776730977
 20
32.76480612389811
 10
61.10624473109807
 20
32.7647668481321
 10
60.96074473109807
 20
32.7408668481321
 10
60.96073698809243
 20
32.74099698519164
 10
60.90114803404626
 20
33.74251133532674
  0
LWPOLYLINE
  5
1A5A
330
1F
100
AcDbEntity
  8
0
100
AcDbPolyline
 90
        7
 70
     0
 43
0.0
 10
41.10114473109806
 20
49.71786684813211
 10
41.10424473109806
 20
49.71706684813211
 10
40.97004473109807
 20
49.15896684813211
 10
39.70895246471115
 20
49.46198773265609
 10
38.81209522129739
 20
49.6774885984013
 10
38.79057579074537
 20
49.68265938332651
 10
38.79058940128129
 20
49.68271123272722
  0
LWPOLYLINE
  5
1A5B
330
1F
100
AcDbEntity
  8
0
100
AcDbPolyline
 90
        6
 70
     0
 43
0.0
 10
41.84609073445582
 20
57.65582046159584
 10
41.84614473109806
 20
57.65591684813212
 10
41.86470480807069
 20
57.64514531373701
 10
42.55864795367362
 20
57.2424081660338
 10
44.17664473109806
 20
56.30340284262917
 10
44.17154473109806
 20
56.30628684813212
  0
LWPOLYLINE
  5
1A5C
330
1F
100
AcDbEntity
  8
0
100
AcDbPolyline
 90
        7
 70
     0
 43
0.0
 10
80.64480473109808
 20
27.69136684813209
 10
80.6448547310981
 20
27.6709668481321
 10
80.62199253460207
 20
27.67265001536483
 10
80.62185058007296
 20
27.67266046638217
 10
80.59551473109809
 20
27.67459937186085
 10
80.36776473109808
 20
27.69136684813209
 10
80.38076473109809
 20
27.69136684813209
  0
LWPOLYLINE
  5
1A5D
330
1F
100
AcDbEntity
  8
0
100
AcDbPolyline
 90
        3
 70
     0
 43
0.0
 10
80.65629378203112
 20
27.04456126216246
 10
80.65824225002558
 20
27.04456667457355
 10
80.65830473109809
 20
27.04456684813209
  0
LWPOLYLINE
  5
1A5E
330
1F
100
AcDbEntity
  8
0
100
AcDbPolyline
 90
        6
 70
     0
 43
0.0
 10
80.38170703902187
 20
26.1165668481321
 10
80.38169523888413
 20
26.13466644398706
 10
80.38169973109807
 20
26.13546684813208
 10
80.38166065507487
 20
26.18771268679886
 10
80.38159296028917
 20
26.29956684813209
 10
80.38858773109808
 20
26.29956684813209
  0
LWPOLYLINE
  5
1A5F
330
1F
100
AcDbEntity
  8
0
100
AcDbPolyline
 90
       18
 70
     0
 43
0.0
 10
47.48804473109807
 20
40.52546684813211
 10
47.36624473109807
 20
40.87056684813211
 10
47.37103445451123
 20
40.8703124229071
 10
47.37276690766068
 20
40.87022039676187
 10
50.05919177667031
 20
40.72752024628923
 10
50.05914473109807
 20
40.72726684813211
 10
49.90181262670074
 20
40.397318949196
 10
47.49458244985951
 20
40.52511975803922
 10
47.48804473109807
 20
40.52546684813211
 10
47.69474473109807
 20
40.22366684813211
 10
47.97244473109806
 20
39.98576684813212
 10
47.97953061298535
 20
39.98539059764117
 10
49.36353199685226
 20
39.91190204555664
 10
49.66424473109807
 20
40.11876684813211
 10
49.66445802335243
 20
40.11901679718504
 10
49.66465794201035
 20
40.11925107423067
 10
49.90164473109807
 20
40.3969668481321
 10
49.90181262670074
 20
40.397318949196
  0
LWPOLYLINE
  5
1A60
330
1F
100
AcDbEntity
  8
0
100
AcDbPolyline
 90
       12
 70
     0
 43
0.0
 10
48.81184473109807
 20
42.73726684813211
 10
48.81387783975515
 20
42.73688758936728
 10
48.81859531030658
 20
42.73600758620157
 10
49.21604473109806
 20
42.66186684813212
 10
49.58704473109808
 20
42.48436684813211
 10
49.89954473109808
 20
42.21656684813211
 10
50.13224473109807
 20
41.87696684813211
 10
50.26924473109807
 20
41.48846684813212
 10
50.30124473109807
 20
41.07776684813211
 10
50.22614473109807
 20
40.67276684813211
 10
50.04884473109807
 20
40.30096684813211
 10
50.23284473109807
 20
40.67276684813211
  0
LWPOLYLINE
  5
1A61
330
1F
100
AcDbEntity
  8
0
100
AcDbPolyline
 90
        3
 70
     0
 43
0.0
 10
51.10806531977484
 20
42.43626044305009
 10
51.11904473109807
 20
42.4362668481321
 10
53.79127662069683
 20
42.29417766365389
  0
LWPOLYLINE
  5
1A62
330
1F
100
AcDbEntity
  8
0
100
AcDbPolyline
 90
        8
 70
     0
 43
0.0
 10
53.79119645467041
 20
42.29374561096412
 10
53.79114473109807
 20
42.29346684813211
 10
53.63447312619771
 20
41.96483616667975
 10
53.63434473109807
 20
41.9645668481321
 10
53.39843081799757
 20
41.68815354868117
 10
53.39807450012871
 20
41.68773606165596
 10
53.39784473109807
 20
41.68746684813211
 10
53.09832453421982
 20
41.48142811316718
  0
LWPOLYLINE
  5
1A63
330
1F
100
AcDbEntity
  8
0
100
AcDbPolyline
 90
        9
 70
     0
 43
0.0
 10
47.16711742308365
 20
45.05981399855783
 10
47.50124473109806
 20
44.8998668481321
 10
47.86131744802953
 20
44.83271861084715
 10
47.76262521890248
 20
44.85050099447366
 10
47.65147245294302
 20
44.87052851987175
 10
47.48864473109807
 20
44.8998668481321
 10
47.15294473109807
 20
45.06056684813211
 10
46.87014473109807
 20
45.30286684813211
 10
48.87777457334204
 20
45.19623613807303
  0
LWPOLYLINE
  5
1A64
330
1F
100
AcDbEntity
  8
0
100
AcDbPolyline
 90
        6
 70
     0
 43
0.0
 10
49.11947561016038
 20
45.47954133514308
 10
49.11934473109806
 20
45.4792668481321
 10
48.87817830860735
 20
45.1967091661982
 10
48.87777457334204
 20
45.19623613807303
 10
48.87754473109807
 20
45.19596684813211
 10
48.57122462445341
 20
44.98522820286956
  0
LWPOLYLINE
  5
1A65
330
1F
100
AcDbEntity
  8
0
100
AcDbPolyline
 90
        8
 70
     0
 43
0.0
 10
46.72974473109806
 20
47.03616684813211
 10
46.97154473109807
 20
47.31956684813211
 10
47.27824473109807
 20
47.53056684813211
 10
47.62904473109807
 20
47.65476684813211
 10
47.6867964376313
 20
47.65928234958658
 10
47.7115387087763
 20
47.66121690300584
 10
47.99994473109807
 20
47.68376684813211
 10
48.00151230740675
 20
47.68347501667606
  0
LWPOLYLINE
  5
1A66
330
1F
100
AcDbEntity
  8
0
100
AcDbPolyline
 90
        8
 70
     0
 43
0.0
 10
48.70078320192952
 20
47.45528352295304
 10
48.36574473109807
 20
47.61566684813211
 10
48.00151230740675
 20
47.68347501667606
 10
47.71336838078629
 20
47.66094556433852
 10
47.6886261096413
 20
47.65901101091926
 10
47.63434473109806
 20
47.65476684813211
 10
47.28354473109806
 20
47.53056684813211
 10
46.97674473109806
 20
47.31956684813211
  0
LWPOLYLINE
  5
1A67
330
1F
100
AcDbEntity
  8
0
100
AcDbPolyline
 90
        7
 70
     0
 43
0.0
 10
47.28354473109806
 20
47.53056684813211
 10
47.29534673221111
 20
47.52993992901734
 10
47.29537595432652
 20
47.52993837674645
 10
48.70078320192952
 20
47.45528352295304
 10
48.70144473109807
 20
47.4549668481321
 10
48.9832847887094
 20
47.21348931645168
 10
46.98934473109807
 20
47.31956684813211
  0
LWPOLYLINE
  5
1A68
330
1F
100
AcDbEntity
  8
0
100
AcDbPolyline
 90
        4
 70
     0
 43
0.0
 10
48.9832847887094
 20
47.21348931645168
 10
48.98389448746685
 20
47.21296693311034
 10
48.98424473109807
 20
47.21266684813211
 10
49.19454482041789
 20
46.90565868923433
  0
LWPOLYLINE
  5
1A69
330
1F
100
AcDbEntity
  8
0
100
AcDbPolyline
 90
       16
 70
     0
 43
0.0
 10
51.97574473109807
 20
51.38246684813211
 10
52.36334473109808
 20
51.51976684813211
 10
52.59603769833545
 20
51.53798944937221
 10
52.60416754881164
 20
51.53862611246148
 10
52.77324473109807
 20
51.55186684813211
 10
52.79274473109808
 20
51.55186684813211
 10
53.19694473109808
 20
51.47656684813211
 10
53.56794473109808
 20
51.29896684813211
 10
53.88041538442091
 20
51.03119199706059
 10
53.88044473109808
 20
51.03116684813211
 10
54.11314473109808
 20
50.69156684813211
 10
54.25014473109808
 20
50.30316684813211
 10
54.25492984489345
 20
50.24173794978397
 10
54.25551221168532
 20
50.23426181609327
 10
54.28214279106923
 20
49.89239175325238
 10
54.20704473109807
 20
49.48736684813211
  0
LWPOLYLINE
  5
1A6A
330
1F
100
AcDbEntity
  8
0
100
AcDbPolyline
 90
       14
 70
     0
 43
0.0
 10
47.07474473109807
 20
50.71846684813211
 10
46.95324473109807
 20
51.06286684813211
 10
47.91817056110898
 20
51.01164579549781
 10
47.93411637931352
 20
51.01079934536853
 10
49.64189647745879
 20
50.92014544060786
 10
49.64196493216899
 20
50.92051398763083
 10
49.70854473109808
 20
51.27896684813212
 10
49.70852269357016
 20
51.27924945614856
 10
49.68014473109807
 20
51.64316684813211
 10
49.68004358393347
 20
51.6434535566382
 10
46.99154473109806
 20
51.78616684813211
 10
46.92484473109806
 20
51.42706684813211
 10
46.93438423232735
 20
51.42656028659319
 10
49.70852269357016
 20
51.27924945614856
  0
LWPOLYLINE
  5
1A6B
330
1F
100
AcDbEntity
  8
0
100
AcDbPolyline
 90
        8
 70
     0
 43
0.0
 10
48.25039350879647
 20
49.95656779828795
 10
48.24387896604772
 20
49.95605868157341
 10
48.24014473109808
 20
49.95576684813211
 10
47.88174473109807
 20
50.02256684813211
 10
47.55284473109806
 20
50.17996684813211
 10
47.27574473109807
 20
50.41736684813211
 10
47.06944473109807
 20
50.71846684813211
 10
46.94794473109808
 20
51.06286684813211
  0
LWPOLYLINE
  5
1A6C
330
1F
100
AcDbEntity
  8
0
100
AcDbPolyline
 90
        8
 70
     0
 43
0.0
 10
49.64189647745879
 20
50.92014544060786
 10
49.64184473109807
 20
50.91986684813211
 10
49.48487550804619
 20
50.59054122166553
 10
49.48474473109808
 20
50.59026684813211
 10
49.24837849806176
 20
50.31329231756697
 10
49.24807444931854
 20
50.31293603250528
 10
49.24784473109808
 20
50.31266684813211
 10
48.94762446667566
 20
50.10622796371391
  0
LWPOLYLINE
  5
1A6D
330
1F
100
AcDbEntity
  8
0
100
AcDbPolyline
 90
       10
 70
     0
 43
0.0
 10
60.47934473109807
 20
45.2930668481321
 10
60.47934473109807
 20
45.19886684813211
 10
60.81904473109807
 20
45.19886684813211
 10
60.81904473109807
 20
45.15426684813211
 10
61.32784473109808
 20
45.15426684813211
 10
61.41044473109808
 20
45.15426684813211
 10
61.55364473109807
 20
45.15426684813211
 10
61.55364473109807
 20
45.19886684813211
 10
62.09874473109807
 20
45.19886684813211
 10
62.09874473109807
 20
45.2930668481321
  0
LWPOLYLINE
  5
1A6E
330
1F
100
AcDbEntity
  8
0
100
AcDbPolyline
 90
        5
 70
     0
 43
0.0
 10
62.3876313841949
 20
45.2930668481321
 10
62.48296834948085
 20
45.2930668481321
 10
62.62864473109807
 20
45.2930668481321
 10
62.62864473109807
 20
45.5510668481321
 10
62.62864473109807
 20
45.5564668481321
  0
LWPOLYLINE
  5
1A6F
330
1F
100
AcDbEntity
  8
0
100
AcDbPolyline
 90
       13
 70
     1
 43
0.0
 10
61.33844473109808
 20
46.8768668481321
 10
61.11024473109807
 20
46.8768668481321
 10
61.11024473109807
 20
46.76036684813211
 10
60.45054473109807
 20
46.76036684813211
 10
60.45054473109807
 20
46.728509837062
 10
60.45054473109807
 20
46.7166668481321
 10
62.27394473109807
 20
46.7166668481321
 10
62.27394473109807
 20
46.76036684813211
 10
62.23761468223814
 20
46.76036684813211
 10
62.15358469617061
 20
46.76036684813211
 10
61.64824473109807
 20
46.76036684813211
 10
61.64824473109807
 20
46.8768668481321
 10
61.41234473109808
 20
46.8768668481321
  0
LWPOLYLINE
  5
1A70
330
1F
100
AcDbEntity
  8
0
100
AcDbPolyline
 90
       13
 70
     0
 43
0.0
 10
62.62864473109807
 20
45.5510668481321
 10
62.87535013129094
 20
45.5510668481321
 10
62.94596464782257
 20
45.5510668481321
 10
62.93114473109807
 20
45.4891668481321
 10
62.71924473109807
 20
45.09826684813211
 10
62.41344473109807
 20
44.77556684813211
 10
62.03454473109808
 20
44.5430668481321
 10
61.60834473109807
 20
44.41646684813211
 10
61.16394473109807
 20
44.4045668481321
 10
60.73164473109807
 20
44.50806684813211
 10
60.34074473109807
 20
44.7198668481321
 10
60.01804473109807
 20
45.02566684813211
 10
59.83695748543433
 20
45.32078064332346
  0
LWPOLYLINE
  5
1A71
330
1F
100
AcDbEntity
  8
0
100
AcDbPolyline
 90
        5
 70
     0
 43
0.0
 10
65.54864473109808
 20
46.17546684813211
 10
65.54864473109808
 20
46.17006684813211
 10
63.02793337001821
 20
46.17006684813211
 10
62.9592907911356
 20
46.17006684813211
 10
62.95914641965342
 20
46.17546684813211
  0
LWPOLYLINE
  5
1A72
330
1F
100
AcDbEntity
  8
0
100
AcDbPolyline
 90
       18
 70
     0
 43
0.0
 10
62.66324473109808
 20
45.1389668481321
 10
62.62474473109808
 20
45.09826684813211
 10
62.3876313841949
 20
45.2930668481321
 10
62.09874473109807
 20
45.2930668481321
 10
60.47934473109807
 20
45.2930668481321
 10
60.30924211226869
 20
45.2930668481321
 10
60.23029455786569
 20
45.2930668481321
 10
60.04864473109807
 20
45.2930668481321
 10
59.92450092428118
 20
45.30931957996586
 10
59.83695748543433
 20
45.32078064332346
 10
59.16794473109807
 20
45.40836684813211
 10
58.28724473109807
 20
45.63376684813211
 10
58.28724473109807
 20
46.3400668481321
 10
59.16794473109807
 20
46.5662668481321
 10
59.74011112537377
 20
46.66397756199502
 10
59.81365325422173
 20
46.67653659024384
 10
60.04864473109807
 20
46.7166668481321
 10
60.04864473109807
 20
45.2930668481321
  0
LWPOLYLINE
  5
1A73
330
1F
100
AcDbEntity
  8
0
100
AcDbPolyline
 90
       12
 70
     0
 43
0.0
 10
63.40803909195579
 20
28.4791668481321
 10
63.34948014933363
 20
27.79737921409946
 10
63.34944473109807
 20
27.7969668481321
 10
63.25500528635115
 20
26.69650299091738
 10
63.25477072602581
 20
26.69376975629224
 10
63.25474473109808
 20
26.69346684813209
 10
63.18277364993193
 20
25.85570347139107
 10
63.18274473109807
 20
25.85536684813209
 10
62.76824473109808
 20
25.85536684813209
 10
62.83594473109808
 20
26.82086684813209
 10
62.83352462868553
 20
26.82117094477032
 10
62.83278655610885
 20
26.82126368687419
  0
LWPOLYLINE
  5
1A74
330
1F
100
AcDbEntity
  8
0
100
AcDbPolyline
 90
        7
 70
     0
 43
0.0
 10
62.91318674071479
 20
27.96856575218051
 10
62.91634473109808
 20
27.96816684813208
 10
62.93993831998008
 20
27.96871553624562
 10
62.94004509208765
 20
27.96871801931789
 10
62.95934473109808
 20
27.96916684813209
 10
62.87884473109808
 20
26.82186684813209
 10
63.34944473109807
 20
27.7969668481321
  0
LWPOLYLINE
  5
1A75
330
1F
100
AcDbEntity
  8
0
100
AcDbPolyline
 90
        9
 70
     0
 43
0.0
 10
63.70047618235524
 20
28.4791668481321
 10
63.62916159531232
 20
27.73414302865601
 10
63.62914473109808
 20
27.7339668481321
 10
63.52921434753085
 20
26.69086019432955
 10
63.52905944193914
 20
26.6892432381281
 10
63.44916192766271
 20
25.855246351606
 10
63.44914473109808
 20
25.8550668481321
 10
63.28674473109807
 20
26.6941668481321
 10
63.38154473109808
 20
27.7976668481321
  0
LWPOLYLINE
  5
1A76
330
1F
100
AcDbEntity
  8
0
100
AcDbPolyline
 90
       10
 70
     0
 43
0.0
 10
58.26164473109807
 20
25.85426684813209
 10
58.2636445351022
 20
25.85446914044465
 10
58.18794473109807
 20
26.6182668481321
 10
58.19824473109807
 20
26.61936684813209
 10
58.2636445351022
 20
25.85446914044465
 10
58.35052558869729
 20
25.85446684813209
 10
58.35251615966949
 20
25.85446684813209
 10
58.35254473109808
 20
25.85446684813209
 10
58.35282287978603
 20
25.85449509092195
 10
58.35284473109807
 20
25.85426684813209
  0
LWPOLYLINE
  5
1A77
330
1F
100
AcDbEntity
  8
0
100
AcDbPolyline
 90
        9
 70
     0
 43
0.0
 10
58.99314473109807
 20
26.49796684813209
 10
59.03818731209632
 20
25.85498650119909
 10
59.03824473109807
 20
25.8541668481321
 10
59.57844473109807
 20
25.8541668481321
 10
59.05624473109807
 20
26.4988668481321
 10
59.01534847654703
 20
26.49828354180729
 10
59.0152683400916
 20
26.49828239881504
 10
58.99314473109807
 20
26.49796684813209
 10
59.01504473109807
 20
26.5014668481321
  0
LWPOLYLINE
  5
1A78
330
1F
100
AcDbEntity
  8
0
100
AcDbPolyline
 90
        5
 70
     0
 43
0.0
 10
57.31624473109807
 20
29.9904668481321
 10
57.56684473109807
 20
27.65316684813209
 10
57.59508706274166
 20
27.74783198575746
 10
57.97464473109807
 20
29.02006684813209
 10
58.40297470073323
 20
29.02006684813209
  0
LWPOLYLINE
  5
1A79
330
1F
100
AcDbEntity
  8
0
100
AcDbPolyline
 90
        7
 70
     0
 43
0.0
 10
65.87184473109807
 20
46.5943668481321
 10
65.81914473109808
 20
45.3964668481321
 10
66.70604473109808
 20
45.2730668481321
 10
66.72894473109808
 20
46.69086684813211
 10
66.71601961142589
 20
46.68941162231439
 10
65.85894473109807
 20
46.5943668481321
 10
66.71604473109808
 20
46.69096684813211
  0
LWPOLYLINE
  5
1A7A
330
1F
100
AcDbEntity
  8
0
100
AcDbPolyline
 90
        6
 70
     0
 43
0.0
 10
65.80624473109807
 20
45.39656684813211
 10
65.85894473109807
 20
46.5943668481321
 10
65.87184473109807
 20
46.5943668481321
 10
66.71601961142589
 20
46.68941162231439
 10
66.71604473109808
 20
46.69096684813211
 10
66.72894473109808
 20
46.69086684813211
  0
LWPOLYLINE
  5
1A7B
330
1F
100
AcDbEntity
  8
0
100
AcDbPolyline
 90
        4
 70
     0
 43
0.0
 10
68.13078033090988
 20
42.88834889459372
 10
68.13074473109807
 20
42.88836684813209
 10
68.25144473109808
 20
43.1618668481321
 10
68.25564473109807
 20
43.1607668481321
  0
LWPOLYLINE
  5
1A7C
330
1F
100
AcDbEntity
  8
0
100
AcDbPolyline
 90
        4
 70
     0
 43
0.0
 10
77.0721563364516
 20
38.69599739362833
 10
74.14228473109808
 20
40.0075668481321
 10
74.15209473109809
 20
40.00496684813209
 10
75.39014473109808
 20
42.77746684813209
  0
LWPOLYLINE
  5
1A7D
330
1F
100
AcDbEntity
  8
0
100
AcDbPolyline
 90
       14
 70
     0
 43
0.0
 10
71.48848473109808
 20
37.62116684813211
 10
71.49453473109808
 20
37.61776684813209
 10
72.56266473109808
 20
36.4607668481321
 10
74.87543473109808
 20
39.16396684813209
 10
73.52121473109808
 20
39.8062668481321
 10
72.72930473109808
 20
38.9510668481321
 10
72.99438473109808
 20
38.7920668481321
 10
72.34737473109809
 20
38.0816668481321
 10
72.34180642668355
 20
38.08560671698098
 10
72.09170473109807
 20
38.26256684813209
 10
72.08564473109809
 20
38.2659668481321
 10
71.48848473109808
 20
37.62116684813211
 10
72.55661473109808
 20
36.4641668481321
 10
72.56266473109808
 20
36.4607668481321
  0
LWPOLYLINE
  5
1A7E
330
1F
100
AcDbEntity
  8
0
100
AcDbPolyline
 90
        5
 70
     0
 43
0.0
 10
76.06001473109808
 20
38.3900668481321
 10
76.14235473109808
 20
38.5635668481321
 10
76.21051148388246
 20
38.53123851492896
 10
76.80287473109808
 20
38.2502668481321
 10
76.80256934372185
 20
38.24983709863924
  0
LWPOLYLINE
  5
1A7F
330
1F
100
AcDbEntity
  8
0
100
AcDbPolyline
 90
        5
 70
     0
 43
0.0
 10
70.89214541215949
 20
37.35215174909671
 10
70.89383473109808
 20
37.35406684813209
 10
70.89610473109807
 20
37.35656684813211
 10
70.89329654927991
 20
37.35337593904119
 10
70.89219482265661
 20
37.35212405802864
  0
LWPOLYLINE
  5
1A80
330
1F
100
AcDbEntity
  8
0
100
AcDbPolyline
 90
       19
 70
     0
 43
0.0
 10
70.89227613653772
 20
37.35207848738376
 10
70.89235473109808
 20
37.3521668481321
 10
70.89329654927991
 20
37.35337593904119
 10
70.89383473109808
 20
37.35406684813209
 10
70.89606473109808
 20
37.35666684813209
 10
71.13481473109809
 20
37.63016684813209
 10
72.87990927941514
 20
39.62875217891733
 10
72.88830463362734
 20
39.63836712226857
 10
72.88867473109809
 20
39.6387668481321
 10
72.88792765843947
 20
39.63920152202116
 10
72.82800473109808
 20
39.6740668481321
 10
72.71190169299984
 20
39.74153785247161
 10
72.52669690166202
 20
39.84921084728485
 10
71.09808473109808
 20
40.6797668481321
 10
72.90913473109807
 20
39.6273668481321
 10
72.89777473109808
 20
39.6337668481321
 10
71.09808473109808
 20
40.6797668481321
 10
71.09739669782164
 20
40.67977577733659
 10
71.09718977847589
 20
40.67977846270838
  0
LWPOLYLINE
  5
1A81
330
1F
100
AcDbEntity
  8
0
100
AcDbPolyline
 90
        3
 70
     0
 43
0.0
 10
58.41928598066608
 20
63.03326684813212
 10
58.01968952502773
 20
63.03326684813212
 10
57.98154473109808
 20
63.03326684813212
  0
LWPOLYLINE
  5
1A82
330
1F
100
AcDbEntity
  8
0
100
AcDbPolyline
 90
        5
 70
     1
 43
0.0
 10
67.07434473109808
 20
64.28670037813211
 10
67.07169449077662
 20
64.27786270382449
 10
66.76474473109809
 20
63.25428684813211
 10
65.87014473109809
 20
63.57378784813212
 10
66.23244473109808
 20
64.58737084813211
  0
LWPOLYLINE
  5
1A83
330
1F
100
AcDbEntity
  8
0
100
AcDbPolyline
 90
        8
 70
     0
 43
0.0
 10
63.69554473109808
 20
63.03326684813212
 10
64.24494473109809
 20
62.96797684813212
 10
64.24874473109809
 20
62.98107684813212
 10
66.37033262643971
 20
62.24010851859145
 10
66.38044473109809
 20
62.23657684813212
 10
63.23684473109808
 20
53.68716684813211
 10
62.97684473109808
 20
53.78266684813212
 10
64.24874473109809
 20
62.98107684813212
  0
LWPOLYLINE
  5
1A84
330
1F
100
AcDbEntity
  8
0
100
AcDbPolyline
 90
        7
 70
     0
 43
0.0
 10
71.01544546289443
 20
62.55475789211832
 10
71.01465473109809
 20
62.55516684813212
 10
70.9636193886374
 20
62.45640347340708
 10
70.87932008677629
 20
62.29326782784574
 10
69.87819473109809
 20
62.81103684813212
 10
70.01923473109809
 20
63.08398684813212
 10
67.97544473109809
 20
64.14098884813211
  0
LWPOLYLINE
  5
1A85
330
1F
100
AcDbEntity
  8
0
100
AcDbPolyline
 90
       16
 70
     0
 43
0.0
 10
67.42744473109809
 20
56.01153684813212
 10
67.41919100576263
 20
56.00030190542334
 10
67.36746273326578
 20
55.92988934399811
 10
65.92504473109809
 20
53.96626684813211
 10
64.84674473109809
 20
54.50312684813211
 10
64.84665261138278
 20
54.5031533447872
 10
64.84625351939476
 20
54.50337137833771
 10
64.14804473109808
 20
54.85094684813212
 10
65.15632163377765
 20
57.29965911600121
 10
65.16164473109808
 20
57.31258684813212
 10
65.16504473109808
 20
57.31820684813211
 10
67.43084473109809
 20
56.01715684813211
 10
67.42744473109809
 20
56.01153684813212
 10
67.87654473109808
 20
56.62289684813212
 10
67.87994473109808
 20
56.62851684813212
 10
67.43084473109809
 20
56.01715684813211
  0
LWPOLYLINE
  5
1A86
330
1F
100
AcDbEntity
  8
0
100
AcDbPolyline
 90
        5
 70
     0
 43
0.0
 10
67.61521774391667
 20
56.82281966885181
 10
68.41914473109809
 20
57.91730684813211
 10
67.61474473109808
 20
56.82316684813212
 10
67.61521774391667
 20
56.82281966885181
 10
67.87994473109808
 20
56.62851684813212
  0
LWPOLYLINE
  5
1A87
330
1F
100
AcDbEntity
  8
0
100
AcDbPolyline
 90
        7
 70
     0
 43
0.0
 10
58.33724473109807
 20
41.46676684813209
 10
58.27314473109808
 20
41.50366684813209
 10
57.55839896140965
 20
41.91561478207853
 10
57.43354473109807
 20
41.9875668481321
 10
56.48074473109807
 20
42.9369668481321
 10
56.14524473109807
 20
43.5169668481321
 10
60.01804473109807
 20
45.02566684813211
  0
LWPOLYLINE
  5
1A88
330
1F
100
AcDbEntity
  8
0
100
AcDbPolyline
 90
        5
 70
     0
 43
0.0
 10
57.09074473109807
 20
36.73116684813209
 10
56.66144473109807
 20
36.0968668481321
 10
56.56563404544989
 20
35.84143968293084
 10
54.87664473109806
 20
31.33866684813209
 10
55.17382660838292
 20
32.13750189433796
  0
LWPOLYLINE
  5
1A89
330
1F
100
AcDbEntity
  8
0
100
AcDbPolyline
 90
        3
 70
     0
 43
0.0
 10
57.98724473109807
 20
30.00256684813209
 10
59.01934473109808
 20
37.07836684813209
 10
59.0209372925245
 20
37.0839408131246
  0
LWPOLYLINE
  5
1A8A
330
1F
100
AcDbEntity
  8
0
100
AcDbPolyline
 90
        6
 70
     0
 43
0.0
 10
57.55839896140965
 20
41.91561478207853
 10
47.38354473109807
 20
29.20716684813211
 10
52.02084473109807
 20
26.3723668481321
 10
56.57476253765659
 20
25.06784587385155
 10
56.66824473109807
 20
25.04106684813209
 10
57.56684473109807
 20
27.65316684813209
  0
LWPOLYLINE
  5
1A8B
330
1F
100
AcDbEntity
  8
0
100
AcDbPolyline
 90
        5
 70
     0
 43
0.0
 10
50.37854473109807
 20
32.63746684813211
 10
52.20834473109807
 20
31.27116684813211
 10
52.20384473109807
 20
31.26376684813211
 10
50.37854473109807
 20
32.63746684813211
 10
50.37849681004995
 20
32.63738697971859
  0
LWPOLYLINE
  5
1A8C
330
1F
100
AcDbEntity
  8
0
100
AcDbPolyline
 90
        3
 70
     0
 43
0.0
 10
43.3665810118333
 20
33.63916276376621
 10
43.36723215134474
 20
33.63796856724197
 10
43.3677856771188
 20
33.63695339531054
  0
LWPOLYLINE
  5
1A8D
330
1F
100
AcDbEntity
  8
0
100
AcDbPolyline
 90
        3
 70
     0
 43
0.0
 10
45.69026767209909
 20
30.99678630585464
 10
46.23010395905073
 20
30.42623494925356
 10
47.38354473109807
 20
29.20716684813211
  0
LWPOLYLINE
  5
1A8E
330
1F
100
AcDbEntity
  8
0
100
AcDbPolyline
 90
        3
 70
     0
 43
0.0
 10
54.18694473109806
 20
31.74556684813211
 10
51.15934473109806
 20
33.5316668481321
 10
51.15944216229716
 20
33.53179444986921
  0
LWPOLYLINE
  5
1A8F
330
1F
100
AcDbEntity
  8
0
100
AcDbPolyline
 90
        5
 70
     0
 43
0.0
 10
50.37404473109806
 20
32.62996684813212
 10
52.20384473109807
 20
31.26376684813211
 10
51.99108978761866
 20
30.97908511871493
 10
51.98584473109807
 20
30.9720668481321
 10
52.62694473109807
 20
30.49346684813212
  0
LWPOLYLINE
  5
1A90
330
1F
100
AcDbEntity
  8
0
100
AcDbPolyline
 90
        4
 70
     0
 43
0.0
 10
39.58725558941728
 20
43.50784926698184
 10
39.58724937071828
 20
43.5067139102219
 10
39.58724473109807
 20
43.50586684813211
 10
39.58734250629696
 20
43.50547650935189
  0
LWPOLYLINE
  5
1A91
330
1F
100
AcDbEntity
  8
0
100
AcDbPolyline
 90
        5
 70
     0
 43
0.0
 10
58.57455508616708
 20
50.71408282707267
 10
58.65974473109808
 20
50.76186684813212
 10
59.97104473109808
 20
51.09976684813211
 10
59.99480536565343
 20
51.09962874830827
 10
59.99494473109808
 20
51.09966684813211
  0
LWPOLYLINE
  5
1A92
330
1F
100
AcDbEntity
  8
0
100
AcDbPolyline
 90
        5
 70
     0
 43
0.0
 10
58.71603656444129
 20
41.28295594294316
 10
59.91074473109808
 20
40.96026684813209
 10
59.93952468347171
 20
40.96010123866806
 10
59.93964473109808
 20
40.9600668481321
 10
59.84205078708741
 20
40.8102668481321
  0
LWPOLYLINE
  5
1A93
330
1F
100
AcDbEntity
  8
0
100
AcDbPolyline
 90
       23
 70
     0
 43
0.0
 10
56.01454473109807
 20
36.4605668481321
 10
55.92824473109807
 20
36.50936684813209
 10
55.92927288112766
 20
36.51130753372884
 10
58.18390154585401
 20
40.76703408111188
 10
58.50274473109807
 20
41.3688668481321
 10
58.50281628806586
 20
41.36882560947798
 10
58.60234473109807
 20
41.31146684813209
 10
56.01454473109807
 20
36.4605668481321
 10
56.01564472728194
 20
36.46246685029801
 10
56.07484473109806
 20
36.4288668481321
 10
57.09074473109807
 20
36.73116684813209
 10
56.70474473109807
 20
35.6933668481321
 10
58.60114473109807
 20
37.3199668481321
 10
57.93214473109807
 20
37.90416684813209
 10
58.64704473109807
 20
37.5989668481321
 10
59.10554473109808
 20
39.70806684813211
 10
58.69394473109807
 20
40.8843668481321
 10
58.71603656444129
 20
41.28295594294316
 10
58.69610000729832
 20
41.28834078064467
 10
58.60344473109807
 20
41.3133668481321
 10
58.50384401122949
 20
41.37076560472275
 10
58.33724473109807
 20
41.46676684813209
 10
58.33723226646874
 20
41.46674326962457
  0
LWPOLYLINE
  5
1A94
330
1F
100
AcDbEntity
  8
0
100
AcDbPolyline
 90
        7
 70
     0
 43
0.0
 10
58.1362295547489
 20
51.11474967896023
 10
54.80214473109807
 20
54.92946684813212
 10
51.26297646335547
 20
58.78663000270038
 10
51.25134473109808
 20
58.79930684813211
 10
54.37724473109808
 20
60.62753684813212
 10
54.38584473109808
 20
60.61308684813212
 10
51.26297646335547
 20
58.78663000270038
  0
LWPOLYLINE
  5
1A95
330
1F
100
AcDbEntity
  8
0
100
AcDbPolyline
 90
        5
 70
     0
 43
0.0
 10
62.48296834948085
 20
45.2930668481321
 10
62.66324473109808
 20
45.1389668481321
 10
62.86644473109808
 20
45.51386684813211
 10
62.87535013129094
 20
45.5510668481321
 10
62.87664285067378
 20
45.5564668481321
  0
LWPOLYLINE
  5
1A96
330
1F
100
AcDbEntity
  8
0
100
AcDbPolyline
 90
        4
 70
     0
 43
0.0
 10
62.93907640901514
 20
45.81726684813211
 10
62.96574473109807
 20
45.92866684813211
 10
62.9592907911356
 20
46.17006684813211
 10
62.62864473109807
 20
46.17006684813211
  0
LWPOLYLINE
  5
1A97
330
1F
100
AcDbEntity
  8
0
100
AcDbPolyline
 90
        4
 70
     0
 43
0.0
 10
62.94725750000855
 20
45.5564668481321
 10
62.94596464782257
 20
45.5510668481321
 10
65.54864473109808
 20
45.5510668481321
 10
65.54864473109808
 20
45.5564668481321
  0
LWPOLYLINE
  5
1A98
330
1F
100
AcDbEntity
  8
0
100
AcDbPolyline
 90
        5
 70
     0
 43
0.0
 10
85.89227473109808
 20
55.88518684813211
 10
85.96266473109809
 20
56.03108684813211
 10
85.94415084964444
 20
56.04001838911866
 10
84.7476547310981
 20
56.6172368481321
 10
84.67726650745644
 20
56.47133053030924
  0
LWPOLYLINE
  5
1A99
330
1F
100
AcDbEntity
  8
0
100
AcDbPolyline
 90
        5
 70
     1
 43
0.0
 10
92.07594473109809
 20
52.9375668481321
 10
92.04205197868459
 20
52.86731333298486
 10
92.00901423765593
 20
52.79883210102492
 10
94.90561477537179
 20
51.40143321561215
 10
94.9725447310981
 20
51.5401668481321
  0
LWPOLYLINE
  5
1A9A
330
1F
100
AcDbEntity
  8
0
100
AcDbPolyline
 90
        6
 70
     0
 43
0.0
 10
60.96814473109809
 20
61.21793684813212
 10
60.96738366943691
 20
61.21798964807393
 10
60.96724473109809
 20
61.21796684813212
 10
60.78364473109807
 20
61.23073684813212
 10
60.78274473109808
 20
61.23077684813211
 10
60.60834473109808
 20
61.28535684813211
  0
LWPOLYLINE
  5
1A9B
330
1F
100
AcDbEntity
  8
0
100
AcDbPolyline
 90
        8
 70
     0
 43
0.0
 10
60.96074473109808
 20
61.34298684813212
 10
60.96073522332239
 20
61.34314664097912
 10
60.90114566050379
 20
62.3446412280345
 10
60.75554473109808
 20
62.32077684813212
 10
60.62194473109808
 20
62.26438684813212
 10
60.67354473109809
 20
61.39690684813212
 10
60.81228005880895
 20
61.35349739888848
 10
60.81314473109808
 20
61.35322684813211
  0
LWPOLYLINE
  5
1A9C
330
1F
100
AcDbEntity
  8
0
100
AcDbPolyline
 90
       17
 70
     0
 43
0.0
 10
60.54474473109808
 20
62.36939684813211
 10
60.71174473109809
 20
62.43986684813211
 10
60.89350579275925
 20
62.46969404819031
 10
60.89364473109808
 20
62.46971684813211
 10
61.07814473109808
 20
62.45690684813212
 10
61.25254473109809
 20
62.40232684813212
 10
61.40504473109808
 20
62.30967684813212
 10
61.52524473109808
 20
62.18528684813211
 10
61.60494473109808
 20
62.03762684813212
 10
61.63843866116653
 20
61.87774054160058
 10
61.63864473109808
 20
61.87675684813212
 10
61.62424473109808
 20
61.71363684813211
 10
61.56244473109808
 20
61.55939684813212
 10
61.45774473109808
 20
61.42453684813212
 10
61.31704473109808
 20
61.31825684813211
 10
61.15004473109808
 20
61.24778684813211
 10
60.96814473109809
 20
61.21793684813212
  0
LWPOLYLINE
  5
1A9D
330
1F
100
AcDbEntity
  8
0
100
AcDbPolyline
 90
        6
 70
     0
 43
0.0
 10
61.18827285292674
 20
62.29026407441256
 10
61.18824473109808
 20
62.29073684813211
 10
61.04874473109808
 20
62.33441684813211
 10
61.10624473109808
 20
61.36687684813211
 10
61.10544473109808
 20
61.36690684813212
 10
60.96073522332239
 20
61.34314664097912
  0
LWPOLYLINE
  5
1A9E
330
1F
100
AcDbEntity
  8
0
100
AcDbPolyline
 90
        5
 70
     0
 43
0.0
 10
61.23984473109808
 20
61.42325684813211
 10
61.35244473109808
 20
61.50831684813212
 10
61.31039531552932
 20
62.21575581614164
 10
61.31034473109808
 20
62.21660684813212
 10
61.18824473109808
 20
62.29073684813211
  0
LWPOLYLINE
  5
1A9F
330
1F
100
AcDbEntity
  8
0
100
AcDbPolyline
 90
       12
 70
     0
 43
0.0
 10
61.35057567670822
 20
61.52668996608895
 10
61.31039531552932
 20
62.21575581614164
 10
61.30954473109809
 20
62.21663684813211
 10
61.18827285292674
 20
62.29026407441256
 10
61.23980805639707
 20
61.42387340955911
 10
61.23984473109808
 20
61.42325684813211
 10
61.10624473109808
 20
61.36687684813211
 10
60.96074473109808
 20
61.34298684813212
 10
60.81314473109808
 20
61.35322684813211
 10
60.75554473109808
 20
62.32077684813212
 10
60.78193011018519
 20
61.86331206322502
 10
60.78195336229459
 20
61.86290892248596
  0
LWPOLYLINE
  5
1AA0
330
1F
100
AcDbEntity
  8
0
100
AcDbPolyline
 90
        6
 70
     0
 43
0.0
 10
59.70796600723645
 20
40.8102668481321
 10
59.84205078708741
 20
40.8102668481321
 10
59.86154473109808
 20
40.8102668481321
 10
59.09314473109808
 20
28.67076684813209
 10
62.78474473109807
 20
28.67076684813209
 10
62.78474473109807
 20
28.4791668481321
  0
LWPOLYLINE
  5
1AA1
330
1F
100
AcDbEntity
  8
0
100
AcDbPolyline
 90
        4
 70
     0
 43
0.0
 10
80.94321854918995
 20
48.29331961508443
 10
80.94557473109809
 20
48.73023761494036
 10
80.84559473109809
 20
48.73186684813211
 10
80.84559473109809
 20
48.29537694859981
  0
LWPOLYLINE
  5
1AA2
330
1F
100
AcDbEntity
  8
0
100
AcDbPolyline
 90
        3
 70
     0
 43
0.0
 10
86.26979473109809
 20
48.1810668481321
 10
86.26979473109809
 20
48.6104668481321
 10
81.19599980117797
 20
48.72615679041328
  0
LWPOLYLINE
  5
1AA3
330
1F
100
AcDbEntity
  8
0
100
AcDbPolyline
 90
        5
 70
     0
 43
0.0
 10
67.51664473109808
 20
43.8570668481321
 10
67.51554473109807
 20
43.8570668481321
 10
67.51554473109807
 20
43.87052590078196
 10
67.51554473109807
 20
44.00506684813211
 10
67.51664473109808
 20
44.00506684813211
  0
LWPOLYLINE
  5
1AA8
330
1F
100
AcDbEntity
  8
0
100
AcDbPolyline
 90
        3
 70
     0
 43
0.0
 10
46.86321501790291
 20
60.26914017353015
 10
46.86317864530113
 20
60.26911979098386
 10
46.82664473109807
 20
60.24864684813212
  0
LWPOLYLINE
  5
1AA9
330
1F
100
AcDbEntity
  8
0
100
AcDbPolyline
 90
       28
 70
     0
 43
0.0
 10
74.36126630349164
 20
56.74360164768275
 10
74.40861473109809
 20
56.38887684813211
 10
74.4390147310981
 20
55.7700768481321
 10
74.4215547310981
 20
55.14545684813211
 10
74.35742473109809
 20
54.5575768481321
 10
74.34992832338787
 20
54.52157676408843
 10
74.34736788692197
 20
54.50928075091461
 10
74.25099473109809
 20
54.04646684813211
 10
74.23796308233199
 20
54.00967832313082
 10
74.23490312342082
 20
54.00104001673334
 10
74.1095147310981
 20
53.6470668481321
 10
73.94263473109808
 20
53.3864668481321
 10
73.7617147310981
 20
53.2824668481321
 10
73.57909473109808
 20
53.34216684813211
 10
73.40721473109809
 20
53.56156684813211
 10
73.2577847310981
 20
53.92556684813211
 10
73.14099473109809
 20
54.40945684813211
 10
73.06480473109809
 20
54.98025684813211
 10
73.03440473109808
 20
55.59905684813212
 10
73.05186473109809
 20
56.22367684813212
 10
73.11599473109808
 20
56.81155684813212
 10
73.2224247310981
 20
57.32263684813212
 10
73.36390473109808
 20
57.72208684813211
 10
73.5307947310981
 20
57.98268684813212
 10
73.71171473109808
 20
58.08666684813211
 10
73.8943347310981
 20
58.02694684813211
 10
74.06621473109808
 20
57.80760684813211
 10
74.21563473109809
 20
57.44357684813211
  0
LWPOLYLINE
  5
1AAA
330
1F
100
AcDbEntity
  8
0
100
AcDbPolyline
 90
       12
 70
     0
 43
0.0
 10
72.18766473109809
 20
55.09637684813212
 10
72.61823663136664
 20
55.09637684813212
 10
72.62188473109808
 20
55.06904684813211
 10
72.70977473109809
 20
54.70487684813211
 10
72.74901279652969
 20
54.59105684813212
 10
72.75350473109809
 20
54.57802684813212
 10
72.7976405074463
 20
54.47050458447529
 10
72.83961642160349
 20
54.36824411275191
 10
72.84750473109809
 20
54.34902684813212
 10
72.88639199968023
 20
54.26211826994959
 10
72.9136647310981
 20
54.20116684813212
 10
72.99118473109809
 20
54.05906684813211
  0
LWPOLYLINE
  5
1AAB
330
1F
100
AcDbEntity
  8
0
100
AcDbPolyline
 90
        3
 70
     0
 43
0.0
 10
72.18766473109809
 20
55.98180684813211
 10
72.18766473109809
 20
55.42405684813211
 10
72.18766473109809
 20
55.39312684813212
  0
LWPOLYLINE
  5
1AAC
330
1F
100
AcDbEntity
  8
0
100
AcDbPolyline
 90
        3
 70
     0
 43
0.0
 10
72.21393473109808
 20
55.42405684813211
 10
72.18766473109809
 20
55.42405684813211
 10
72.18706473109809
 20
55.42405684813211
  0
LWPOLYLINE
  5
1AAD
330
1F
100
AcDbEntity
  8
0
100
AcDbPolyline
 90
        6
 70
     0
 43
0.0
 10
71.85270473109809
 20
55.42405684813211
 10
71.84150473109809
 20
55.42405684813211
 10
71.53429473109809
 20
55.42405684813211
 10
71.41972473109809
 20
55.42405684813211
 10
71.41972473109809
 20
55.99937684813212
 10
71.53429473109809
 20
55.99937684813212
  0
LWPOLYLINE
  5
1AAE
330
1F
100
AcDbEntity
  8
0
100
AcDbPolyline
 90
        4
 70
     0
 43
0.0
 10
71.53429473109809
 20
55.42405684813211
 10
71.53429473109809
 20
55.99937684813212
 10
71.84150473109809
 20
55.99937684813212
 10
71.85270473109809
 20
55.99937684813212
  0
LWPOLYLINE
  5
1AAF
330
1F
100
AcDbEntity
  8
0
100
AcDbPolyline
 90
        5
 70
     0
 43
0.0
 10
66.73144473109807
 20
37.9766668481321
 10
66.600534469868
 20
38.18982791132273
 10
66.59504473109809
 20
38.19876684813209
 10
66.26444473109808
 20
37.9441668481321
 10
66.27024473109807
 20
37.9354668481321
  0
LWPOLYLINE
  5
1AB0
330
1F
100
AcDbEntity
  8
0
100
AcDbPolyline
 90
       15
 70
     0
 43
0.0
 10
65.26464473109808
 20
38.69986575343651
 10
65.26489351312029
 20
38.69967563046741
 10
66.27024473109807
 20
37.9354668481321
 10
66.48152862809957
 20
37.7696831386904
 10
65.87704473109808
 20
38.2291668481321
 10
65.87648424084918
 20
38.229597649504
 10
65.27204473109808
 20
38.6889668481321
 10
65.26464473109808
 20
38.69986575343651
 10
66.62504473109809
 20
39.8161668481321
 10
66.81253765932814
 20
38.9859990185991
 10
66.80634473109808
 20
38.9950668481321
 10
66.33484473109809
 20
38.6221668481321
 10
66.53294473109807
 20
38.29966684813211
 10
66.90014473109808
 20
38.5799668481321
 10
66.80634473109808
 20
38.9950668481321
  0
LWPOLYLINE
  5
1AB1
330
1F
100
AcDbEntity
  8
0
100
AcDbPolyline
 90
        7
 70
     0
 43
0.0
 10
77.51116473109809
 20
28.62082482164345
 10
77.51116473109809
 20
28.61896684813209
 10
77.39372968806751
 20
28.63455193379325
 10
76.39672473109809
 20
28.7668668481321
 10
76.39624473109808
 20
28.94636684813209
 10
76.39446715472979
 20
29.28108069620282
 10
76.39295473109808
 20
29.56586684813209
  0
LWPOLYLINE
  5
1AB2
330
1F
100
AcDbEntity
  8
0
100
AcDbPolyline
 90
        5
 70
     0
 43
0.0
 10
77.67517473109808
 20
29.66636684813209
 10
77.67517473109808
 20
29.7677668481321
 10
77.67517473109808
 20
29.77446684813209
 10
77.67517473109808
 20
29.8562668481321
 10
77.52517473109808
 20
29.88809611642478
  0
LWPOLYLINE
  5
1AB3
330
1F
100
AcDbEntity
  8
0
100
AcDbPolyline
 90
        6
 70
     0
 43
0.0
 10
81.31798473109808
 20
41.3970668481321
 10
81.31798473109808
 20
40.89016684813209
 10
80.46505873109808
 20
40.85836684813209
 10
79.76914586963181
 20
40.85836684813209
 10
79.47098913109809
 20
40.85836684813209
 10
79.47098913109809
 20
40.94887208735805
  0
LWPOLYLINE
  5
1AB4
330
1F
100
AcDbEntity
  8
0
100
AcDbPolyline
 90
        3
 70
     0
 43
0.0
 10
70.26322171039317
 20
38.82681179191576
 10
70.26316044460057
 20
38.82747174207776
 10
70.2631482285781
 20
38.82760333208354
  0
LWPOLYLINE
  5
1AB5
330
1F
100
AcDbEntity
  8
0
100
AcDbPolyline
 90
       11
 70
     0
 43
0.0
 10
70.82666473109807
 20
39.0182668481321
 10
71.04765473109807
 20
38.81216684813209
 10
71.05523473109808
 20
38.80736684813211
 10
71.04878531903828
 20
38.81338143557791
 10
70.83423473109808
 20
39.0134668481321
 10
70.82666473109807
 20
39.0182668481321
 10
70.88388473109808
 20
39.0797668481321
 10
71.31393473109807
 20
39.53006684813209
 10
71.32150473109809
 20
39.52526684813211
 10
71.55323473109809
 20
39.3423668481321
 10
71.05523473109808
 20
38.80736684813211
  0
LWPOLYLINE
  5
1AB6
330
1F
100
AcDbEntity
  8
0
100
AcDbPolyline
 90
        3
 70
     0
 43
0.0
 10
70.88064879119698
 20
37.33977907282038
 10
70.87328765303869
 20
37.3313533438004
 10
70.75078355251283
 20
37.19113231647154
  0
LWPOLYLINE
  5
1AB7
330
1F
100
AcDbEntity
  8
0
100
AcDbPolyline
 90
        4
 70
     0
 43
0.0
 10
71.01360473109808
 20
40.2440668481321
 10
70.92612473109809
 20
39.7215668481321
 10
70.92388153454281
 20
39.720963591958
 10
70.21187705890935
 20
39.52948634717399
  0
LWPOLYLINE
  5
1AB8
330
1F
100
AcDbEntity
  8
0
100
AcDbPolyline
 90
        9
 70
     0
 43
0.0
 10
56.82307178772331
 20
56.34776138622132
 10
56.66834473109808
 20
56.74510684813212
 10
56.30764473109808
 20
56.60484684813212
 10
55.90854473109808
 20
57.62995684813212
 10
55.90344473109809
 20
57.64880684813212
 10
56.2622040289694
 20
57.7883121963978
 10
56.26414473109807
 20
57.78906684813211
 10
55.01494473109808
 20
61.00045684813212
 10
55.02254473109807
 20
60.97260684813212
  0
LWPOLYLINE
  5
1AB9
330
1F
100
AcDbEntity
  8
0
100
AcDbPolyline
 90
        8
 70
     0
 43
0.0
 10
54.06334473109807
 20
35.07726684813211
 10
54.24374473109807
 20
35.64616684813211
 10
54.25035321053385
 20
35.642292600229
 10
54.82864473109807
 20
35.3032668481321
 10
54.55030048590457
 20
34.82822726447589
 10
54.53444473109807
 20
34.8011668481321
 10
54.06334473109807
 20
35.07726684813211
 10
54.07974473109807
 20
35.10406684813212
  0
LWPOLYLINE
  5
1ABA
330
1F
100
AcDbEntity
  8
0
100
AcDbPolyline
 90
        8
 70
     0
 43
0.0
 10
53.63754473109807
 20
34.27226684813211
 10
53.16104473109807
 20
33.37816684813211
 10
53.63754473109807
 20
33.1240668481321
 10
53.64932437650688
 20
33.14416829492002
 10
54.15024473109807
 20
33.99896684813211
 10
54.16234473109807
 20
34.01876684813212
 10
53.64974473109807
 20
33.14396684813211
 10
53.64932437650688
 20
33.14416829492002
  0
LWPOLYLINE
  5
1ABB
330
1F
100
AcDbEntity
  8
0
100
AcDbPolyline
 90
        5
 70
     0
 43
0.0
 10
54.36324473109807
 20
36.3326668481321
 10
54.71464473109807
 20
36.90746684813209
 10
54.73554473109807
 20
36.9416668481321
 10
55.72264473109807
 20
36.3382668481321
 10
55.70174473109807
 20
36.30406684813209
  0
LWPOLYLINE
  5
1ABC
330
1F
100
AcDbEntity
  8
0
100
AcDbPolyline
 90
        3
 70
     0
 43
0.0
 10
55.00203164563711
 20
33.75462979069147
 10
55.00205546563268
 20
33.75468887891566
 10
55.79280315601348
 20
35.71622899180201
  0
LWPOLYLINE
  5
1ABD
330
1F
100
AcDbEntity
  8
0
100
AcDbPolyline
 90
        4
 70
     0
 43
0.0
 10
55.96085167869006
 20
36.15422459956199
 10
55.960818646165
 20
36.15414093417037
 10
55.80574473109807
 20
35.7613668481321
 10
55.80484473109807
 20
35.7582668481321
  0
LWPOLYLINE
  5
1ABE
330
1F
100
AcDbEntity
  8
0
100
AcDbPolyline
 90
        4
 70
     0
 43
0.0
 10
56.30214473109806
 20
36.02356684813209
 10
55.59908733017056
 20
33.56938305000679
 10
55.59014473109807
 20
33.53816684813209
 10
55.57781344722287
 20
33.54169866974033
  0
LWPOLYLINE
  5
1ABF
330
1F
100
AcDbEntity
  8
0
100
AcDbPolyline
 90
        9
 70
     0
 43
0.0
 10
55.34974473109807
 20
33.4525668481321
 10
55.35384473109807
 20
33.4666668481321
 10
55.16254473109807
 20
33.52146684813209
 10
55.15844473109807
 20
33.5073668481321
 10
55.34974473109807
 20
33.4525668481321
 10
55.08438821980012
 20
32.52618303641817
 10
55.08034473109807
 20
32.51206684813209
 10
54.88904473109807
 20
32.56686684813209
 10
55.15844473109807
 20
33.5073668481321
  0
LWPOLYLINE
  5
1AC0
330
1F
100
AcDbEntity
  8
0
100
AcDbPolyline
 90
        5
 70
     0
 43
0.0
 10
55.20975383263426
 20
33.68086424079547
 10
55.20804473109807
 20
33.6748668481321
 10
55.20749690501109
 20
33.67301989161031
 10
55.20424473109807
 20
33.6616668481321
 10
55.20427924959744
 20
33.66165695691976
  0
LWPOLYLINE
  5
1AC1
330
1F
100
AcDbEntity
  8
0
100
AcDbPolyline
 90
        3
 70
     0
 43
0.0
 10
56.65931867045511
 20
36.0980701419157
 10
56.56507315017654
 20
35.84680573486911
 10
55.18096614890989
 20
32.15669055555502
  0
LWPOLYLINE
  5
1AC2
330
1F
100
AcDbEntity
  8
0
100
AcDbPolyline
 90
        5
 70
     0
 43
0.0
 10
57.87444473109808
 20
37.81506684813209
 10
57.72854473109807
 20
37.6734668481321
 10
57.47884473109807
 20
37.7746668481321
 10
56.07484473109806
 20
36.4288668481321
 10
56.07911227979947
 20
36.426451529058
  0
LWPOLYLINE
  5
1AC3
330
1F
100
AcDbEntity
  8
0
100
AcDbPolyline
 90
        3
 70
     0
 43
0.0
 10
57.50654602103526
 20
40.07763339049316
 10
54.69114473109807
 20
37.2121668481321
 10
54.71982934355578
 20
37.1959294447824
  0
LWPOLYLINE
  5
1AC4
330
1F
100
AcDbEntity
  8
0
100
AcDbPolyline
 90
        5
 70
     0
 43
0.0
 10
55.94594473109808
 20
58.50626684813212
 10
55.90134473109808
 20
58.47891684813212
 10
55.30571038532002
 20
58.25986297174505
 10
55.30384473109807
 20
58.25917684813212
 10
56.21547286204275
 20
55.92136068359275
  0
LWPOLYLINE
  5
1AC5
330
1F
100
AcDbEntity
  8
0
100
AcDbPolyline
 90
        5
 70
     0
 43
0.0
 10
54.39215431010335
 20
60.6024985858639
 10
54.39153782470627
 20
60.60353312542086
 10
54.38584473109808
 20
60.61308684813212
 10
54.94874473109808
 20
59.16979684813211
 10
54.40010716455925
 20
60.58210726312799
  0
LWPOLYLINE
  5
1AC6
330
1F
100
AcDbEntity
  8
0
100
AcDbPolyline
 90
        3
 70
     0
 43
0.0
 10
55.30384473109807
 20
58.25917684813212
 10
56.21460227341405
 20
55.92918256612193
 10
56.21509377165658
 20
55.92792516440794
  0
LWPOLYLINE
  5
1AC7
330
1F
100
AcDbEntity
  8
0
100
AcDbPolyline
 90
        3
 70
     0
 43
0.0
 10
60.90784473109808
 20
65.92907684813212
 10
60.90474473109808
 20
65.92907684813212
 10
60.90164473109808
 20
65.92907684813212
  0
LWPOLYLINE
  5
1AC8
330
1F
100
AcDbEntity
  8
0
100
AcDbPolyline
 90
        3
 70
     0
 43
0.0
 10
60.90114473109807
 20
25.9825668481321
 10
60.90164473109807
 20
25.9825668481321
 10
60.90454473109808
 20
25.9825668481321
  0
LWPOLYLINE
  5
1AC9
330
1F
100
AcDbEntity
  8
0
100
AcDbPolyline
 90
        3
 70
     0
 43
0.0
 10
60.22543963555667
 20
25.8785668481321
 10
60.22015158877774
 20
25.8785668481321
 10
60.21780702020592
 20
25.8785668481321
  0
LWPOLYLINE
  5
1ACA
330
1F
100
AcDbEntity
  8
0
100
AcDbPolyline
 90
        3
 70
     0
 43
0.0
 10
60.2167682835343
 20
25.9825668481321
 10
60.21748116447838
 20
25.9825668481321
 10
60.2163144616345
 20
26.02800423266801
  0
LWPOLYLINE
  5
1ACB
330
1F
100
AcDbEntity
  8
0
100
AcDbPolyline
 90
        6
 70
     1
 43
0.0
 10
61.82584473109808
 20
58.97391684813211
 10
61.99484473109809
 20
58.97391684813211
 10
61.99484473109809
 20
52.29986684813212
 10
61.95595239379081
 20
52.29986684813212
 10
61.82584473109808
 20
52.29986684813212
 10
61.82584473109808
 20
53.61111308993157
  0
LWPOLYLINE
  5
1ACC
330
1F
100
AcDbEntity
  8
0
100
AcDbPolyline
 90
        3
 70
     0
 43
0.0
 10
60.90164473109808
 20
66.16207684813213
 10
60.90474473109808
 20
66.16207684813213
 10
60.90784473109808
 20
66.16207684813213
  0
LWPOLYLINE
  5
1ACD
330
1F
100
AcDbEntity
  8
0
100
AcDbPolyline
 90
        3
 70
     0
 43
0.0
 10
60.90784473109808
 20
66.17607684813211
 10
60.90474473109808
 20
66.17607684813211
 10
60.90164473109808
 20
66.17607684813211
  0
LWPOLYLINE
  5
1ACE
330
1F
100
AcDbEntity
  8
0
100
AcDbPolyline
 90
        3
 70
     0
 43
0.0
 10
60.90784473109808
 20
66.04107684813212
 10
60.90474473109808
 20
66.04107684813212
 10
60.90164473109808
 20
66.04107684813212
  0
LWPOLYLINE
  5
1ACF
330
1F
100
AcDbEntity
  8
0
100
AcDbPolyline
 90
        5
 70
     0
 43
0.0
 10
61.58294473109808
 20
66.35928684813212
 10
60.90794473109808
 20
66.35928684813212
 10
60.90784473109808
 20
66.35928684813212
 10
60.90794473109808
 20
66.35938684813211
 10
61.58314473109808
 20
66.35938684813211
  0
LWPOLYLINE
  5
1AD0
330
1F
100
AcDbEntity
  8
0
100
AcDbPolyline
 90
        4
 70
     0
 43
0.0
 10
62.76444473109808
 20
66.35937684813211
 10
62.22485810407082
 20
66.35937684813211
 10
62.22424473109808
 20
66.35937684813211
 10
62.22484473109808
 20
66.35947684813212
  0
LWPOLYLINE
  5
1AD1
330
1F
100
AcDbEntity
  8
0
100
AcDbPolyline
 90
        5
 70
     0
 43
0.0
 10
61.58298504632683
 20
66.35771855213758
 10
61.58318613463939
 20
66.3577698888009
 10
61.58834473109808
 20
66.35908684813212
 10
61.58944473109809
 20
66.35938684813211
 10
62.21854473109808
 20
66.35938684813211
  0
LWPOLYLINE
  5
1AD2
330
1F
100
AcDbEntity
  8
0
100
AcDbPolyline
 90
       10
 70
     0
 43
0.0
 10
60.52316251090487
 20
58.28951410627857
 10
60.50934473109808
 20
58.53537684813211
 10
60.55144473109808
 20
57.82708684813211
 10
60.55059565649716
 20
57.82796622789309
 10
60.45534473109808
 20
57.92661684813212
 10
60.39154473109809
 20
58.04477684813211
 10
60.36454473109808
 20
58.17350684813211
 10
60.37614473109808
 20
58.30403684813212
 10
60.42554473109808
 20
58.42745684813212
 10
60.45534473109808
 20
57.92661684813212
  0
LWPOLYLINE
  5
1AD3
330
1F
100
AcDbEntity
  8
0
100
AcDbPolyline
 90
        6
 70
     0
 43
0.0
 10
61.32506267764468
 20
33.35326940578501
 10
61.31039091460457
 20
33.6136898462877
 10
61.35244473109807
 20
32.90616684813209
 10
61.23981058568228
 20
32.82174090139186
 10
61.31009434339526
 20
32.8748554387992
 10
61.35244473109807
 20
32.90616684813209
  0
LWPOLYLINE
  5
1AD4
330
1F
100
AcDbEntity
  8
0
100
AcDbPolyline
 90
        7
 70
     0
 43
0.0
 10
61.40644473109808
 20
33.51496684813209
 10
61.31034473109807
 20
33.6144668481321
 10
61.31039091460457
 20
33.6136898462877
 10
61.30954473109808
 20
33.6145668481321
 10
61.18824473109807
 20
33.6886668481321
 10
61.04874473109807
 20
33.7322668481321
 10
61.07347302750813
 20
33.30278473059002
  0
LWPOLYLINE
  5
1AD5
330
1F
100
AcDbEntity
  8
0
100
AcDbPolyline
 90
        5
 70
     0
 43
0.0
 10
60.75554473109808
 20
58.67681684813211
 10
60.81304473109808
 20
57.70926684813211
 10
60.81223198440422
 20
57.70952133397862
 10
60.67354473109809
 20
57.75294684813212
 10
60.55144473109808
 20
57.82708684813211
  0
LWPOLYLINE
  5
1AD6
330
1F
100
AcDbEntity
  8
0
100
AcDbPolyline
 90
        5
 70
     0
 43
0.0
 10
61.18824473109808
 20
58.64677684813211
 10
61.26010995878434
 20
58.60313976393343
 10
61.31034473109808
 20
58.57263684813212
 10
61.35244473109808
 20
57.86434684813212
 10
61.43624473109809
 20
57.97226684813211
  0
LWPOLYLINE
  5
1AD7
330
1F
100
AcDbEntity
  8
0
100
AcDbPolyline
 90
        5
 70
     0
 43
0.0
 10
61.18827285292674
 20
58.64630407441254
 10
61.26020180764578
 20
58.60263418568756
 10
61.30954473109809
 20
58.57267684813212
 10
61.35164473109808
 20
57.86438684813212
 10
61.23980805639707
 20
57.7799134095591
  0
LWPOLYLINE
  5
1AD8
330
1F
100
AcDbEntity
  8
0
100
AcDbPolyline
 90
        4
 70
     0
 43
0.0
 10
60.81304473109808
 20
57.70926684813211
 10
60.96064473109808
 20
57.69902684813211
 10
60.96063524436512
 20
57.69918655528837
 10
60.90114565893792
 20
58.70068122814323
  0
LWPOLYLINE
  5
1AD9
330
1F
100
AcDbEntity
  8
0
100
AcDbPolyline
 90
        4
 70
     0
 43
0.0
 10
94.90561477537179
 20
51.40143321561215
 10
95.77904473109809
 20
50.9800668481321
 10
95.77904473109809
 20
50.7660668481321
 10
95.77904473109809
 20
48.86606684813211
  0
LWPOLYLINE
  5
1ADA
330
1F
100
AcDbEntity
  8
0
100
AcDbPolyline
 90
       15
 70
     0
 43
0.0
 10
54.05315699049978
 20
50.26571566367363
 10
51.36934473109808
 20
50.40816684813211
 10
51.30284473109807
 20
50.04976684813211
 10
51.31399095660881
 20
50.04917535691379
 10
54.08162599102616
 20
49.90230664186927
 10
54.08164473109808
 20
49.90206684813212
 10
54.01516988595457
 20
49.54434035414663
 10
54.01508965892602
 20
49.54390862190892
 10
54.01504473109807
 20
49.54366684813211
 10
53.8583582777078
 20
49.21490509325074
 10
53.85824473109806
 20
49.21466684813211
 10
53.62240039536231
 20
48.93831794373785
 10
53.6220441317598
 20
48.93790049442356
 10
53.62184473109807
 20
48.93766684813211
 10
53.32226722695893
 20
48.73158869173363
  0
LWPOLYLINE
  5
1ADB
330
1F
100
AcDbEntity
  8
0
100
AcDbPolyline
 90
        4
 70
     0
 43
0.0
 10
51.94904473109807
 20
44.68176684813211
 10
51.93414473109807
 20
44.6818668481321
 10
51.94437232729626
 20
44.68263728852368
 10
52.35894473109807
 20
44.7138668481321
  0
LWPOLYLINE
  5
1ADC
330
1F
100
AcDbEntity
  8
0
100
AcDbPolyline
 90
        3
 70
     0
 43
0.0
 10
51.45244473109807
 20
49.34266684813211
 10
51.46394025345454
 20
49.3420563988865
 10
53.8583582777078
 20
49.21490509325074
  0
LWPOLYLINE
  5
1ADD
330
1F
100
AcDbEntity
  8
0
100
AcDbPolyline
 90
       12
 70
     0
 43
0.0
 10
53.93187481204712
 20
50.60941483586797
 10
53.72614473109808
 20
50.90966684813211
 10
53.72584084001744
 20
50.90992721629486
 10
53.38111886563304
 20
50.92822995296958
 10
53.37153389942654
 20
50.92873885906072
 10
51.77038927774455
 20
51.01375034822125
 10
51.76254473109807
 20
51.01416684813211
 10
51.52614473109807
 20
50.73716684813211
 10
51.53697073819198
 20
50.73659195230237
 10
53.93187481204712
 20
50.60941483586797
 10
53.93204473109808
 20
50.60916684813211
 10
54.05300031996602
 20
50.26615995131767
  0
LWPOLYLINE
  5
1ADE
330
1F
100
AcDbEntity
  8
0
100
AcDbPolyline
 90
       10
 70
     0
 43
0.0
 10
52.61938291822013
 20
48.58172040345129
 10
52.26304473109807
 20
48.64806684813211
 10
51.93484473109807
 20
48.80526684813212
 10
51.94735685074115
 20
48.80460240027236
 10
53.32226722695893
 20
48.73158869173363
 10
53.32194473109807
 20
48.73136684813211
 10
52.97884473109807
 20
48.60986684813211
 10
52.62736132164221
 20
48.58234512541762
 10
52.27424473109806
 20
48.64806684813211
 10
51.94735685074115
 20
48.80460240027236
  0
LWPOLYLINE
  5
1ADF
330
1F
100
AcDbEntity
  8
0
100
AcDbPolyline
 90
        5
 70
     0
 43
0.0
 10
53.36543026118998
 20
46.54569133799615
 10
50.70144473109807
 20
46.68706684813211
 10
50.63534473109807
 20
46.3311668481321
 10
50.6448843052646
 20
46.33066024266684
 10
53.3937201534578
 20
46.18468147678949
  0
LWPOLYLINE
  5
1AE0
330
1F
100
AcDbEntity
  8
0
100
AcDbPolyline
 90
        7
 70
     0
 43
0.0
 10
53.32777173071041
 20
45.8291506478603
 10
50.67304473109807
 20
45.97016684813211
 10
50.6448843052646
 20
46.33066024266684
 10
50.66344473109807
 20
45.97016684813211
 10
50.67054473109807
 20
45.97016684813211
 10
50.67304473109807
 20
45.97016684813211
 10
50.67322787596104
 20
45.9696476841642
  0
LWPOLYLINE
  5
1AE1
330
1F
100
AcDbEntity
  8
0
100
AcDbPolyline
 90
       16
 70
     0
 43
0.0
 10
51.93834473109807
 20
44.87286684813211
 10
51.71230168166712
 20
44.91498350974857
 10
51.7065350004074
 20
44.91605796598103
 10
51.69890371700519
 20
44.91747983752965
 10
51.69382477248633
 20
44.91842615367699
 10
51.58304473109807
 20
44.9390668481321
 10
51.25704473109807
 20
45.09506684813211
 10
50.98244473109807
 20
45.3303668481321
 10
50.78394473109807
 20
45.6288668481321
 10
50.66344473109807
 20
45.97016684813211
 10
50.67068018198631
 20
45.96978288311418
 10
50.67322787596104
 20
45.9696476841642
 10
53.3277032897866
 20
45.82878214370317
 10
53.32764473109807
 20
45.82846684813211
 10
53.17209033688454
 20
45.50207236778812
 10
53.17194473109807
 20
45.50176684813211
  0
LWPOLYLINE
  5
1AE2
330
1F
100
AcDbEntity
  8
0
100
AcDbPolyline
 90
        3
 70
     0
 43
0.0
 10
51.88713640749146
 20
44.88526376172947
 10
51.9022033109797
 20
44.88199308087373
 10
51.94268087993318
 20
44.87320632452619
  0
LWPOLYLINE
  5
1AE3
330
1F
100
AcDbEntity
  8
0
100
AcDbPolyline
 90
        4
 70
     0
 43
0.0
 10
51.58904473109807
 20
44.9389668481321
 10
51.26304473109807
 20
45.09506684813211
 10
51.27373927948316
 20
45.09449888644232
 10
52.63966762940123
 20
45.02195772380286
  0
LWPOLYLINE
  5
1AE4
330
1F
100
AcDbEntity
  8
0
100
AcDbPolyline
 90
        7
 70
     0
 43
0.0
 10
52.93770457334317
 20
45.22722301757781
 10
50.99794473109807
 20
45.3303668481321
 10
50.79380332551429
 20
45.62834342303069
 10
50.98834594109061
 20
45.33036581168782
 10
50.78394473109807
 20
45.6288668481321
 10
50.79380332551429
 20
45.62834342303069
 10
53.17209033688454
 20
45.50207236778812
  0
LWPOLYLINE
  5
1AE5
330
1F
100
AcDbEntity
  8
0
100
AcDbPolyline
 90
        7
 70
     0
 43
0.0
 10
53.03978469641029
 20
47.1859037970106
 10
51.10144473109807
 20
47.28896684813211
 10
51.39879855905568
 20
47.49339136631176
 10
51.09194473109806
 20
47.28896684813211
 10
50.85714473109806
 20
47.01376684813211
 10
50.86641029065445
 20
47.01327492974463
 10
53.24491826023157
 20
46.88699741807661
  0
LWPOLYLINE
  5
1AE6
330
1F
100
AcDbEntity
  8
0
100
AcDbPolyline
 90
       18
 70
     0
 43
0.0
 10
51.10144473109807
 20
47.28896684813211
 10
51.09194473109806
 20
47.28896684813211
 10
51.38984473109807
 20
47.4938668481321
 10
51.39879855905568
 20
47.49339136631176
 10
52.76529577807483
 20
47.42082524283034
 10
52.76604473109807
 20
47.4204668481321
 10
53.03978469641029
 20
47.1859037970106
 10
53.04024833322411
 20
47.18550651462789
 10
53.04064473109807
 20
47.18516684813211
 10
53.24491826023157
 20
46.88699741807661
 10
53.24514473109807
 20
46.88666684813211
 10
53.36533224857721
 20
46.54596917607537
 10
53.36543026118998
 20
46.54569133799615
 10
53.36554473109806
 20
46.54536684813211
 10
53.3937201534578
 20
46.18468147678949
 10
53.39374473109807
 20
46.1843668481321
 10
53.32777173071041
 20
45.8291506478603
 10
53.3277032897866
 20
45.82878214370317
  0
LWPOLYLINE
  5
1AE7
330
1F
100
AcDbEntity
  8
0
100
AcDbPolyline
 90
       15
 70
     1
 43
0.0
 10
80.1180117561636
 20
27.58107804036975
 10
80.10321273109807
 20
28.0486668481321
 10
80.08921273109809
 20
28.05053446130891
 10
76.41133473109808
 20
28.5411668481321
 10
76.41133971816103
 20
28.53929856967639
 10
76.41213473109809
 20
28.24146684813209
 10
76.41250473109808
 20
27.49936684813209
 10
76.41195397927614
 20
27.15625317034075
 10
76.41193276719213
 20
27.14303822329441
 10
76.41133671546677
 20
26.77170309286854
 10
76.41133473109808
 20
26.77046684813209
 10
80.09085892171576
 20
27.09533454498866
 10
80.11840773109808
 20
27.0977668481321
 10
80.11841273109808
 20
27.14216684813209
 10
80.11840773109808
 20
27.5685668481321
  0
LWPOLYLINE
  5
1AE8
330
1F
100
AcDbEntity
  8
0
100
AcDbPolyline
 90
        6
 70
     0
 43
0.0
 10
80.59551473109809
 20
27.6712265304999
 10
80.59551473109809
 20
27.67377747331571
 10
80.36776473109808
 20
27.69136684813209
 10
80.34476473109808
 20
27.69136684813209
 10
80.34471173109809
 20
27.7895668481321
 10
80.1180117561636
 20
27.58107804036975
  0
LWPOLYLINE
  5
1AE9
330
1F
100
AcDbEntity
  8
0
100
AcDbPolyline
 90
        7
 70
     0
 43
0.0
 10
77.52516473109809
 20
25.59003247854317
 10
77.52516473109809
 20
25.41307717257912
 10
77.52516473109809
 20
25.40966684813209
 10
80.10440832075472
 20
26.03795666732223
 10
80.11840773109808
 20
26.04136684813209
 10
80.11840773109808
 20
26.30672568385644
 10
80.11840773109808
 20
26.3071668481321
  0
LWPOLYLINE
  5
1AEA
330
1F
100
AcDbEntity
  8
0
100
AcDbPolyline
 90
        3
 70
     0
 43
0.0
 10
77.68082473109808
 20
28.60206684813208
 10
77.68241856332176
 20
28.63926899189167
 10
77.68917473109809
 20
28.7969668481321
  0
LWPOLYLINE
  5
1AEB
330
1F
100
AcDbEntity
  8
0
100
AcDbPolyline
 90
        9
 70
     1
 43
0.0
 10
76.41072473109808
 20
28.7668668481321
 10
77.40619495994986
 20
28.63475561123538
 10
77.51116473109809
 20
28.62082482164345
 10
77.52516473109809
 20
28.61896684813209
 10
77.52517473109808
 20
29.36606684813209
 10
76.40249473109808
 20
30.05776684813209
 10
76.40695473109808
 20
29.56586684813209
 10
76.40847187565166
 20
29.2801917566608
 10
76.41024473109808
 20
28.94636684813209
  0
LWPOLYLINE
  5
1AEC
330
1F
100
AcDbEntity
  8
0
100
AcDbPolyline
 90
        6
 70
     0
 43
0.0
 10
55.86474473109808
 20
59.58664684813212
 10
55.65254473109808
 20
60.14894684813212
 10
56.71590519769886
 20
60.54959588709413
 10
56.71654473109808
 20
60.54983684813212
 10
56.57634473109808
 20
60.92131684813211
 10
56.57824473109808
 20
60.91435684813212
  0
LWPOLYLINE
  5
1AED
330
1F
100
AcDbEntity
  8
0
100
AcDbPolyline
 90
        5
 70
     0
 43
0.0
 10
71.22242473109809
 20
58.03370684813212
 10
71.39398330454412
 20
58.18256803101881
 10
71.39551473109809
 20
58.18389684813212
 10
71.51021132920783
 20
58.28341753303591
 10
71.51122473109808
 20
58.28429684813212
  0
LWPOLYLINE
  5
1AEE
330
1F
100
AcDbEntity
  8
0
100
AcDbPolyline
 90
        5
 70
     1
 43
0.0
 10
73.7471347310981
 20
60.58081684813211
 10
74.28149620734609
 20
61.29595949378295
 10
74.2880547310981
 20
61.3047368481321
 10
76.22879473109809
 20
59.20110684813211
 10
75.4594147310981
 20
58.46874684813212
  0
LWPOLYLINE
  5
1AEF
330
1F
100
AcDbEntity
  8
0
100
AcDbPolyline
 90
        3
 70
     0
 43
0.0
 10
73.9298947310981
 20
61.55394684813211
 10
73.91874485522595
 20
61.52607009696851
 10
73.52983306900139
 20
60.55371872610949
  0
LWPOLYLINE
  5
1AF0
330
1F
100
AcDbEntity
  8
0
100
AcDbPolyline
 90
        8
 70
     0
 43
0.0
 10
73.08773473109809
 20
61.07597684813212
 10
72.37354473109809
 20
59.15254684813212
 10
72.37351116048619
 20
59.15250999940246
 10
71.55366473109808
 20
58.25260684813212
 10
71.54822800195685
 20
58.24788987737255
 10
71.44081473109809
 20
58.15469684813211
 10
71.43262473109809
 20
58.14694684813211
 10
71.26755115393038
 20
58.0037204033624
  0
LWPOLYLINE
  5
1AF1
330
1F
100
AcDbEntity
  8
0
100
AcDbPolyline
 90
        8
 70
     0
 43
0.0
 10
66.59134473109808
 20
54.22736684813211
 10
68.44845035498713
 20
56.78959967336518
 10
68.44847887245262
 20
56.78963901843939
 10
68.45814473109808
 20
56.79874684813212
 10
66.60104473109808
 20
54.23656684813212
 10
66.59134473109808
 20
54.22736684813211
 10
68.28549500030144
 20
52.74910993761708
 10
68.20091895233211
 20
52.68285758225615
  0
LWPOLYLINE
  5
1AF2
330
1F
100
AcDbEntity
  8
0
100
AcDbPolyline
 90
        6
 70
     0
 43
0.0
 10
69.12404473109808
 20
53.67266684813212
 10
68.6544447310981
 20
53.30496684813212
 10
68.65517552037582
 20
53.30403422721522
 10
68.78334473109808
 20
53.14046684813211
 10
68.29514473109807
 20
52.75826684813211
 10
66.60104473109808
 20
54.23656684813212
  0
LWPOLYLINE
  5
1AF3
330
1F
100
AcDbEntity
  8
0
100
AcDbPolyline
 90
        6
 70
     0
 43
0.0
 10
68.28549500030144
 20
52.74910993761708
 10
68.28554473109808
 20
52.74906684813211
 10
68.28601254293353
 20
52.74951516780774
 10
68.29514473109807
 20
52.75826684813211
 10
68.77364473109809
 20
53.13136684813211
 10
68.78334473109808
 20
53.14046684813211
  0
LWPOLYLINE
  5
1AF4
330
1F
100
AcDbEntity
  8
0
100
AcDbPolyline
 90
       10
 70
     0
 43
0.0
 10
55.88717176745523
 20
55.68882588180323
 10
55.89436228978658
 20
55.6755151639839
 10
58.57455508616708
 20
50.71408282707267
 10
58.57439929490559
 20
50.71399544165246
 10
58.51880433754764
 20
50.68281148008832
 10
58.51541005313888
 20
50.68090758017419
 10
58.43974473109808
 20
50.63846684813211
 10
58.24482073720156
 20
50.99050429528423
 10
55.71074473109807
 20
55.56710684813212
 10
55.84827416218803
 20
55.66365730629556
  0
LWPOLYLINE
  5
1AF5
330
1F
100
AcDbEntity
  8
0
100
AcDbPolyline
 90
        7
 70
     1
 43
0.0
 10
56.65214473109807
 20
57.92794684813212
 10
56.08704473109808
 20
59.27038684813211
 10
56.08504473109808
 20
59.27768684813211
 10
56.12124635890254
 20
59.29290083400569
 10
57.12024473109808
 20
59.71273684813212
 10
57.12024473109808
 20
58.13281684813212
 10
56.65014473109808
 20
57.93524684813212
  0
LWPOLYLINE
  5
1AF6
330
1F
100
AcDbEntity
  8
0
100
AcDbPolyline
 90
        6
 70
     0
 43
0.0
 10
65.58354473109807
 20
44.13466684813211
 10
65.59034473109807
 20
44.1328668481321
 10
65.81024473109808
 20
45.1963668481321
 10
65.80350776305962
 20
45.19815810099271
 10
66.30044473109808
 20
45.1301668481321
 10
66.30039723799072
 20
45.12920321852759
  0
LWPOLYLINE
  5
1AF7
330
1F
100
AcDbEntity
  8
0
100
AcDbPolyline
 90
        5
 70
     0
 43
0.0
 10
65.81024473109808
 20
45.1963668481321
 10
66.30039723799072
 20
45.12920321852759
 10
66.30714473109808
 20
45.12826684813211
 10
66.25584473109808
 20
44.0854668481321
 10
65.59034473109807
 20
44.1328668481321
  0
LWPOLYLINE
  5
1AF8
330
1F
100
AcDbEntity
  8
0
100
AcDbPolyline
 90
        6
 70
     0
 43
0.0
 10
66.63226805410326
 20
46.99587296192958
 10
66.64254473109807
 20
46.99856684813211
 10
66.63219970323851
 20
46.99644187158331
 10
65.88844473109808
 20
46.84366684813211
 10
66.63226805410326
 20
46.99587296192958
 10
66.99494473109808
 20
47.04509702331399
  0
LWPOLYLINE
  5
1AF9
330
1F
100
AcDbEntity
  8
0
100
AcDbPolyline
 90
        6
 70
     0
 43
0.0
 10
65.87814473109808
 20
46.84106684813211
 10
65.69204473109808
 20
47.77366684813211
 10
65.70234473109808
 20
47.77626684813211
 10
66.55908109947903
 20
47.84253158326088
 10
66.57634473109808
 20
47.84386684813211
 10
66.64254473109807
 20
46.99856684813211
  0
LWPOLYLINE
  5
1AFA
330
1F
100
AcDbEntity
  8
0
100
AcDbPolyline
 90
        3
 70
     1
 43
0.0
 10
78.0489647310981
 20
53.49326684813211
 10
76.36525971986557
 20
52.73382342590108
 10
78.0359147310981
 20
53.49006684813211
  0
LWPOLYLINE
  5
1AFB
330
1F
100
AcDbEntity
  8
0
100
AcDbPolyline
 90
        4
 70
     0
 43
0.0
 10
80.36071873109809
 20
48.85926684813211
 10
80.43008173109809
 20
48.86836684813211
 10
80.34631298466637
 20
49.2027668481321
 10
80.05156924348348
 20
50.3793668481321
  0
LWPOLYLINE
  5
1AFC
330
1F
100
AcDbEntity
  8
0
100
AcDbPolyline
 90
        5
 70
     0
 43
0.0
 10
74.23796308233199
 20
54.00967832313082
 10
74.91392425419824
 20
52.83316792614892
 10
74.97442473109808
 20
52.72786684813211
 10
74.96834473109808
 20
52.7245668481321
 10
74.23490312342082
 20
54.00104001673334
  0
LWPOLYLINE
  5
1AFD
330
1F
100
AcDbEntity
  8
0
100
AcDbPolyline
 90
        5
 70
     0
 43
0.0
 10
66.85854140030134
 20
51.00539553615249
 10
66.85901382963146
 20
51.00484153814171
 10
65.76384473109809
 20
50.16756684813211
 10
66.85854140030134
 20
51.00539553615249
 10
71.13884298085276
 20
54.28133448659719
  0
LWPOLYLINE
  5
1AFE
330
1F
100
AcDbEntity
  8
0
100
AcDbPolyline
 90
        3
 70
     0
 43
0.0
 10
77.1777447310981
 20
55.5230268481321
 10
76.6059147310981
 20
55.19908684813211
 10
76.60574511403502
 20
55.19938632744604
  0
LWPOLYLINE
  5
1AFF
330
1F
100
AcDbEntity
  8
0
100
AcDbPolyline
 90
        6
 70
     0
 43
0.0
 10
67.49434473109808
 20
49.0580668481321
 10
67.19762562280533
 20
49.66259456674471
 10
67.19734473109808
 20
49.66316684813211
 10
68.23044473109809
 20
50.16936684813211
 10
68.24224473109808
 20
50.17576684813211
 10
68.53924473109808
 20
49.57076287995838
  0
LWPOLYLINE
  5
1B00
330
1F
100
AcDbEntity
  8
0
100
AcDbPolyline
 90
        6
 70
     0
 43
0.0
 10
71.68509473109807
 20
34.9975668481321
 10
71.69170473109808
 20
34.9911668481321
 10
71.20889473109809
 20
35.66136684813211
 10
71.20777322847377
 20
35.66014813488842
 10
70.95831473109808
 20
35.3890668481321
 10
70.39734473109809
 20
36.1677668481321
  0
LWPOLYLINE
  5
1B01
330
1F
100
AcDbEntity
  8
0
100
AcDbPolyline
 90
        5
 70
     0
 43
0.0
 10
72.89777473109808
 20
39.6337668481321
 10
72.8887876508061
 20
39.63870480433648
 10
72.88867473109809
 20
39.6387668481321
 10
72.88798473109807
 20
39.63926684813209
 10
72.88792765843947
 20
39.63920152202116
  0
LWPOLYLINE
  5
1B02
330
1F
100
AcDbEntity
  8
0
100
AcDbPolyline
 90
        4
 70
     0
 43
0.0
 10
71.69170473109808
 20
34.9911668481321
 10
71.43796612212177
 20
34.72917730183771
 10
71.43553473109808
 20
34.7266668481321
 10
71.42892473109808
 20
34.7330668481321
  0
LWPOLYLINE
  5
1B03
330
1F
100
AcDbEntity
  8
0
100
AcDbPolyline
 90
        6
 70
     0
 43
0.0
 10
72.31508473109808
 20
33.5057668481321
 10
72.30847473109808
 20
33.5121668481321
 10
71.42892473109808
 20
34.7330668481321
 10
71.43268549428296
 20
34.73694990181677
 10
71.68509473109807
 20
34.9975668481321
 10
71.20777322847377
 20
35.66014813488842
  0
LWPOLYLINE
  5
1B04
330
1F
100
AcDbEntity
  8
0
100
AcDbPolyline
 90
        3
 70
     0
 43
0.0
 10
75.46663473109808
 20
33.0213668481321
 10
75.14918160930559
 20
33.3018007899654
 10
74.66449473109808
 20
33.72996684813209
  0
LWPOLYLINE
  5
1B05
330
1F
100
AcDbEntity
  8
0
100
AcDbPolyline
 90
        5
 70
     1
 43
0.0
 10
63.59534473109807
 20
41.56836684813209
 10
64.25506750327324
 20
40.57888210559752
 10
64.25894473109806
 20
40.5730668481321
 10
63.16484473109808
 20
39.8439668481321
 10
62.69314473109807
 20
41.0714668481321
  0
LWPOLYLINE
  5
1B06
330
1F
100
AcDbEntity
  8
0
100
AcDbPolyline
 90
        7
 70
     0
 43
0.0
 10
64.06144473109808
 20
41.6255668481321
 10
64.06444473109807
 20
41.62336684813209
 10
64.8696639060093
 20
41.0606199572409
 10
64.87274473109806
 20
41.0584668481321
 10
64.46664473109809
 20
40.82286684813209
 10
63.94654473109808
 20
41.53726684813209
 10
64.06444473109807
 20
41.62336684813209
  0
LWPOLYLINE
  5
1B07
330
1F
100
AcDbEntity
  8
0
100
AcDbPolyline
 90
        9
 70
     0
 43
0.0
 10
74.67110473109809
 20
33.7235668481321
 10
74.42341473109809
 20
33.4433668481321
 10
73.94574473109807
 20
33.8653668481321
 10
73.94602281085949
 20
33.86568153890332
 10
74.19343473109808
 20
34.14566684813209
 10
74.18654680622876
 20
34.15175233264552
 10
73.78845473109809
 20
34.50346684813209
 10
72.47162473109807
 20
33.2884668481321
 10
72.46501473109808
 20
33.2948668481321
  0
LWPOLYLINE
  5
1B08
330
1F
100
AcDbEntity
  8
0
100
AcDbPolyline
 90
       15
 70
     0
 43
0.0
 10
74.64500473109808
 20
34.3140668481321
 10
77.02054473109808
 20
37.89566684813209
 10
77.01361473109809
 20
37.8995668481321
 10
74.63807473109809
 20
34.3179668481321
 10
74.64500473109808
 20
34.3140668481321
 10
75.84595473109809
 20
33.3397668481321
 10
76.89008473109808
 20
34.9226668481321
 10
76.88417144694177
 20
34.92657117521471
 10
76.56627473109807
 20
35.1364668481321
 10
77.12598801525439
 20
35.9849625210495
 10
77.12625473109809
 20
35.98536684813209
 10
77.44343353590224
 20
35.77594518583901
 10
77.45006473109808
 20
35.7715668481321
 10
77.44388473109808
 20
35.7750668481321
 10
76.88417144694177
 20
34.92657117521471
  0
LWPOLYLINE
  5
1B09
330
1F
100
AcDbEntity
  8
0
100
AcDbPolyline
 90
        3
 70
     0
 43
0.0
 10
77.44388473109808
 20
35.7750668481321
 10
77.44316682614101
 20
35.77554085474037
 10
77.12598801525439
 20
35.9849625210495
  0
LWPOLYLINE
  5
1B0A
330
1F
100
AcDbEntity
  8
0
100
AcDbPolyline
 90
        5
 70
     1
 43
0.0
 10
64.67794473109808
 20
33.55226684813209
 10
64.67439502825865
 20
33.56206637528764
 10
62.66364473109807
 20
39.11306684813211
 10
63.01224473109808
 20
39.3542668481321
 10
64.97034473109808
 20
33.81596684813209
  0
LWPOLYLINE
  5
1B0B
330
1F
100
AcDbEntity
  8
0
100
AcDbPolyline
 90
        5
 70
     0
 43
0.0
 10
76.23342473109808
 20
30.53590270199786
 10
76.37733473109808
 20
30.5357668481321
 10
76.37925484514389
 20
30.48728643860503
 10
76.38316473109807
 20
30.3885668481321
 10
76.38482473109809
 20
30.2852668481321
  0
LWPOLYLINE
  5
1B0C
330
1F
100
AcDbEntity
  8
0
100
AcDbPolyline
 90
        7
 70
     0
 43
0.0
 10
76.23342473109808
 20
25.63886998267739
 10
76.39075473109809
 20
25.5468668481321
 10
76.38821046523093
 20
25.33588770475301
 10
76.38579473109809
 20
25.1355668481321
 10
76.38392473109809
 20
25.05686684813209
 10
77.32225473109808
 20
25.28766684813209
 10
77.32209932923146
 20
25.28418505947478
  0
LWPOLYLINE
  5
1B0D
330
1F
100
AcDbEntity
  8
0
100
AcDbPolyline
 90
        3
 70
     0
 43
0.0
 10
80.62199391058525
 20
27.66996684813209
 10
80.62199300510838
 20
27.67173252804213
 10
80.62199253460207
 20
27.67265001536483
  0
LWPOLYLINE
  5
1B0E
330
1F
100
AcDbEntity
  8
0
100
AcDbPolyline
 90
        4
 70
     0
 43
0.0
 10
62.88658821693034
 20
64.39662747818141
 10
62.80694473109808
 20
65.53373684813212
 10
62.80686426738043
 20
65.53373565653203
 10
62.75680129805764
 20
65.53299426599398
  0
LWPOLYLINE
  5
1B0F
330
1F
100
AcDbEntity
  8
0
100
AcDbPolyline
 90
        6
 70
     0
 43
0.0
 10
63.41482226576795
 20
63.62822584813212
 10
63.35644473109809
 20
64.30798144813213
 10
63.33969560184645
 20
64.30765497446301
 10
63.26294473109808
 20
64.30615894813212
 10
63.15579331086187
 20
65.5552548097917
 10
63.15564473109808
 20
65.55698684813211
  0
LWPOLYLINE
  5
1B10
330
1F
100
AcDbEntity
  8
0
100
AcDbPolyline
 90
        4
 70
     0
 43
0.0
 10
63.33969560184645
 20
64.30765497446301
 10
63.23244473109808
 20
65.55674684813212
 10
63.23239165122359
 20
65.5567458149196
 10
63.15579331086187
 20
65.5552548097917
  0
LWPOLYLINE
  5
1B11
330
1F
100
AcDbEntity
  8
0
100
AcDbPolyline
 90
        4
 70
     0
 43
0.0
 10
63.60380738869425
 20
64.48258847515464
 10
63.48924473109808
 20
65.67926684813213
 10
63.48918558121286
 20
65.67926496107421
 10
63.45508162134742
 20
65.67817694295164
  0
LWPOLYLINE
  5
1B12
330
1F
100
AcDbEntity
  8
0
100
AcDbPolyline
 90
       11
 70
     0
 43
0.0
 10
63.70517486055148
 20
63.62822584813212
 10
63.62324473109808
 20
64.48321184813213
 10
63.60380738869425
 20
64.48258847515464
 10
63.56964473109808
 20
64.48149284813212
 10
63.45508162134742
 20
65.67817694295164
 10
63.45494473109808
 20
65.67960684813212
 10
63.48904815414474
 20
65.68070121170752
 10
63.48910717761321
 20
65.68070310574417
 10
63.50854473109809
 20
65.68132684813213
 10
63.44365754623567
 20
66.35883304150905
 10
63.44364473109808
 20
66.35896684813213
  0
LWPOLYLINE
  5
1B13
330
1F
100
AcDbEntity
  8
0
100
AcDbPolyline
 90
        3
 70
     0
 43
0.0
 10
62.76594732670663
 20
66.35691684813213
 10
62.76522423229951
 20
66.35691684813213
 10
62.7646171644958
 20
66.35691684813213
  0
LWPOLYLINE
  5
1B14
330
1F
100
AcDbEntity
  8
0
100
AcDbPolyline
 90
        7
 70
     0
 43
0.0
 10
62.35281857178633
 20
63.62822584813212
 10
62.31594473109808
 20
64.37050184813212
 10
62.30744231343049
 20
64.37039120239899
 10
62.21924473109808
 20
64.36924344813212
 10
62.1833470768281
 20
65.09255964307974
 10
62.18324473109809
 20
65.09462184813212
 10
62.27144253585223
 20
65.09576805514019
  0
LWPOLYLINE
  5
1B15
330
1F
100
AcDbEntity
  8
0
100
AcDbPolyline
 90
        3
 70
     0
 43
0.0
 10
59.04370157930484
 20
66.35896120510169
 10
59.03818768607171
 20
66.35964259678579
 10
59.03564473109808
 20
66.35995684813213
  0
LWPOLYLINE
  5
1B16
330
1F
100
AcDbEntity
  8
0
100
AcDbPolyline
 90
       12
 70
     0
 43
0.0
 10
59.59160283778796
 20
66.35834226850818
 10
59.5888902809902
 20
66.35877956554344
 10
59.58394473109809
 20
66.35957684813212
 10
59.58391365765173
 20
66.35957684813212
 10
59.57840116325486
 20
66.35957684813212
 10
59.57773192959659
 20
66.35957684813212
 10
59.04374473109808
 20
66.35957684813212
 10
59.04370157930484
 20
66.35896120510169
 10
58.95030172683164
 20
65.02643422174982
 10
58.95013066744811
 20
65.02399735908511
 10
58.89910179886292
 20
64.29705347506021
 10
58.85225448995965
 20
63.62822584813212
  0
LWPOLYLINE
  5
1B17
330
1F
100
AcDbEntity
  8
0
100
AcDbPolyline
 90
        5
 70
     0
 43
0.0
 10
60.2265065676164
 20
66.35770055621205
 10
60.22599953102355
 20
66.35783134860588
 10
60.22074473109808
 20
66.35918684813211
 10
60.21802696518532
 20
66.35918684813211
 10
59.59164473109808
 20
66.35918684813211
  0
LWPOLYLINE
  5
1B18
330
1F
100
AcDbEntity
  8
0
100
AcDbPolyline
 90
        4
 70
     0
 43
0.0
 10
58.47082994288455
 20
64.60981509374653
 10
58.4683778212508
 20
64.61007622185468
 10
58.46324473109808
 20
64.61062284813213
 10
58.37885116978308
 20
63.62822584813212
  0
LWPOLYLINE
  5
1B19
330
1F
100
AcDbEntity
  8
0
100
AcDbPolyline
 90
        4
 70
     0
 43
0.0
 10
58.35054473109808
 20
66.36033684813212
 10
58.27264473109808
 20
65.54645684813213
 10
58.27453969136467
 20
65.54626845063316
 10
58.27490308711918
 20
65.5462323217219
  0
LWPOLYLINE
  5
1B1A
330
1F
100
AcDbEntity
  8
0
100
AcDbPolyline
 90
        4
 70
     0
 43
0.0
 10
58.27264473109808
 20
65.54645684813213
 10
58.26424473109808
 20
65.5456068481321
 10
58.2743802846191
 20
65.5446020808322
 10
58.27474356342154
 20
65.54456606793357
  0
LWPOLYLINE
  5
1B1B
330
1F
100
AcDbEntity
  8
0
100
AcDbPolyline
 90
        5
 70
     0
 43
0.0
 10
58.62100904604652
 20
66.35954108414847
 10
58.61344473109808
 20
66.36034684813211
 10
58.54884473109808
 20
65.60770684813213
 10
58.5525014852166
 20
65.60731732432384
 10
58.55640989486361
 20
65.60690099373101
  0
LWPOLYLINE
  5
1B1C
330
1F
100
AcDbEntity
  8
0
100
AcDbPolyline
 90
        3
 70
     0
 43
0.0
 10
58.94224473109808
 20
65.02743184813212
 10
58.94301014453909
 20
65.02733707376865
 10
58.95030172683164
 20
65.02643422174982
  0
LWPOLYLINE
  5
1B1D
330
1F
100
AcDbEntity
  8
0
100
AcDbPolyline
 90
        4
 70
     0
 43
0.0
 10
60.90164473109808
 20
65.17327984813213
 10
60.90474473109808
 20
65.17100284813212
 10
60.90114473109808
 20
65.17095519826475
 10
60.79164473109808
 20
65.16950584813212
  0
LWPOLYLINE
  5
1B1E
330
1F
100
AcDbEntity
  8
0
100
AcDbPolyline
 90
        6
 70
     0
 43
0.0
 10
60.78864473109808
 20
65.17178284813212
 10
60.78864473109808
 20
64.49020684813212
 10
60.79164473109808
 20
64.49024656494628
 10
60.90164473109808
 20
64.49170284813212
 10
60.90164473109808
 20
64.48938484371126
 10
60.90164473109808
 20
63.62822584813212
  0
LWPOLYLINE
  5
1B1F
330
1F
100
AcDbEntity
  8
0
100
AcDbPolyline
 90
        8
 70
     0
 43
0.0
 10
60.19368511576347
 20
65.07945639756275
 10
60.1851642404866
 20
65.07932982000628
 10
60.10364473109808
 20
65.07811884813212
 10
60.09474473109808
 20
65.08039184813211
 10
60.07854473109808
 20
64.44955584813212
 10
60.08750651480998
 20
64.44968873638416
 10
60.17174473109808
 20
64.45093784813213
 10
60.17750689435999
 20
64.44946623048108
  0
LWPOLYLINE
  5
1B20
330
1F
100
AcDbEntity
  8
0
100
AcDbPolyline
 90
        4
 70
     0
 43
0.0
 10
60.09474473109808
 20
65.08039184813211
 10
60.18522575376628
 20
65.0817345010758
 10
60.18794473109807
 20
65.08177484813211
 10
60.1937064362001
 20
65.08028662589385
  0
LWPOLYLINE
  5
1B21
330
1F
100
AcDbEntity
  8
0
100
AcDbPolyline
 90
        5
 70
     0
 43
0.0
 10
59.49800355347582
 20
64.47119335812184
 10
59.49044473109807
 20
64.47241284813213
 10
59.46359134621097
 20
64.47193627771527
 10
59.44694473109808
 20
64.47164084813213
 10
59.48464473109808
 20
65.23184484813211
  0
LWPOLYLINE
  5
1B22
330
1F
100
AcDbEntity
  8
0
100
AcDbPolyline
 90
        4
 70
     0
 43
0.0
 10
58.95013066744811
 20
65.02399735908511
 10
58.94276427366133
 20
65.02382614020252
 10
58.93354473109808
 20
65.02361184813212
 10
58.90894473109808
 20
65.02665784813212
  0
LWPOLYLINE
  5
1B23
330
1F
100
AcDbEntity
  8
0
100
AcDbPolyline
 90
        6
 70
     0
 43
0.0
 10
52.22864473109808
 20
55.81152684813211
 10
50.80164473109808
 20
54.72114684813211
 10
50.80874473109808
 20
54.71419684813211
 10
52.23584473109808
 20
55.80457684813211
 10
50.43164473109808
 20
58.16906684813211
 10
50.43159488660385
 20
58.16913227697086
  0
LWPOLYLINE
  5
1B24
330
1F
100
AcDbEntity
  8
0
100
AcDbPolyline
 90
        8
 70
     0
 43
0.0
 10
44.70034473109807
 20
46.88226684813211
 10
44.97034473109806
 20
46.96446684813211
 10
44.97162445805876
 20
46.96326601695978
 10
45.17634473109807
 20
46.77116684813211
 10
45.11234473109806
 20
46.49566684813211
 10
44.84596500413739
 20
46.41466767930443
 10
44.84234473109807
 20
46.41356684813211
 10
44.63634473109806
 20
46.60676684813211
  0
LWPOLYLINE
  5
1B25
330
1F
100
AcDbEntity
  8
0
100
AcDbPolyline
 90
       10
 70
     0
 43
0.0
 10
42.08154519484087
 20
46.50804475692216
 10
42.08154473109806
 20
46.50796684813211
 10
42.07764473109807
 20
46.5080668481321
 10
42.07864473109807
 20
46.67596684813211
 10
42.07836280338722
 20
46.67601383608391
 10
42.07804473109806
 20
46.6760668481321
 10
42.07364473109807
 20
46.6760668481321
 10
42.0736444458975
 20
46.67601893443627
 10
42.07264473109806
 20
46.5080668481321
 10
42.07704473109806
 20
46.5080668481321
  0
LWPOLYLINE
  5
1B26
330
1F
100
AcDbEntity
  8
0
100
AcDbPolyline
 90
        7
 70
     0
 43
0.0
 10
42.08254295140801
 20
46.67596684813211
 10
42.07864473109807
 20
46.67596684813211
 10
42.0736444458975
 20
46.67601893443627
 10
42.06904473109807
 20
46.6760668481321
 10
42.07364473109807
 20
46.6760668481321
 10
42.07836280338722
 20
46.67601383608391
 10
42.07864512546096
 20
46.67601066392578
  0
LWPOLYLINE
  5
1B27
330
1F
100
AcDbEntity
  8
0
100
AcDbPolyline
 90
        4
 70
     1
 43
0.0
 10
41.80444473109806
 20
48.41766684813211
 10
41.80894458882574
 20
48.41764143418095
 10
42.08774473109807
 20
48.41606684813211
 10
41.80894473109806
 20
48.41766684813211
  0
LWPOLYLINE
  5
1B28
330
1F
100
AcDbEntity
  8
0
100
AcDbPolyline
 90
        3
 70
     0
 43
0.0
 10
41.55834532212407
 20
34.99254915202673
 10
41.55844473109806
 20
34.99236684813211
 10
41.55831713246942
 20
34.99253257215892
  0
LWPOLYLINE
  5
1B29
330
1F
100
AcDbEntity
  8
0
100
AcDbPolyline
 90
        6
 70
     0
 43
0.0
 10
47.18739617364458
 20
40.83852642900899
 10
39.94284473109806
 20
37.95706684813211
 10
39.93844756320148
 20
37.97462160839791
 10
39.78724473109807
 20
38.57826684813212
 10
39.78594473109806
 20
38.58316684813211
 10
39.13398781683781
 20
41.18584733432174
  0
LWPOLYLINE
  5
1B2A
330
1F
100
AcDbEntity
  8
0
100
AcDbPolyline
 90
        3
 70
     0
 43
0.0
 10
51.71230168166712
 20
44.91498350974857
 10
51.71445706676335
 20
44.91523436777861
 10
51.71576031450436
 20
44.91538604840475
  0
LWPOLYLINE
  5
1B2B
330
1F
100
AcDbEntity
  8
0
100
AcDbPolyline
 90
        4
 70
     0
 43
0.0
 10
38.9084894481334
 20
42.08606050954438
 10
38.58264473109807
 20
43.38686684813211
 10
38.60394473109807
 20
43.39226684813211
 10
38.58201954808229
 20
43.39238946277183
  0
LWPOLYLINE
  5
1B2C
330
1F
100
AcDbEntity
  8
0
100
AcDbPolyline
 90
        4
 70
     0
 43
0.0
 10
43.09804473109807
 20
46.88136684813211
 10
42.08374462919914
 20
46.88704892241301
 10
42.08054473109807
 20
46.88706684813211
 10
42.08144473109807
 20
47.0570668481321
  0
LWPOLYLINE
  5
1B2D
330
1F
100
AcDbEntity
  8
0
100
AcDbPolyline
 90
        5
 70
     1
 43
0.0
 10
50.16044473109808
 20
33.79486684813212
 10
50.15724473109806
 20
33.79176684813212
 10
48.9848677253802
 20
32.32746786822222
 10
48.98214473109806
 20
32.32406684813211
 10
48.98534473109807
 20
32.32716684813211
  0
LWPOLYLINE
  5
1B2E
330
1F
100
AcDbEntity
  8
0
100
AcDbPolyline
 90
        5
 70
     0
 43
0.0
 10
61.33993969565121
 20
29.83906797260684
 10
61.3103957419686
 20
30.34938572865637
 10
61.35244473109807
 20
29.6419668481321
 10
61.27037192916605
 20
29.58061300480871
 10
61.23981035286393
 20
29.5575447489131
  0
LWPOLYLINE
  5
1B2F
330
1F
100
AcDbEntity
  8
0
100
AcDbPolyline
 90
        4
 70
     0
 43
0.0
 10
61.40644473109808
 20
30.2507668481321
 10
61.31034473109807
 20
30.35026684813209
 10
61.3103957419686
 20
30.34938572865637
 10
61.30954473109808
 20
30.35026684813209
  0
LWPOLYLINE
  5
1B30
330
1F
100
AcDbEntity
  8
0
100
AcDbPolyline
 90
        6
 70
     0
 43
0.0
 10
60.90114806656312
 20
30.47831078881441
 10
61.0478186603596
 20
30.46807564575138
 10
61.04794473109808
 20
30.4680668481321
 10
61.04874473109807
 20
30.4680668481321
 10
61.04781532802854
 20
30.46813170485036
 10
60.90114473109807
 20
30.4783668481321
  0
LWPOLYLINE
  5
1B31
330
1F
100
AcDbEntity
  8
0
100
AcDbPolyline
 90
        4
 70
     0
 43
0.0
 10
60.81314473109807
 20
29.4868668481321
 10
60.81225947893505
 20
29.48714396503412
 10
60.67354473109808
 20
29.5305668481321
 10
60.62194473109808
 20
30.39806684813211
  0
LWPOLYLINE
  5
1B32
330
1F
100
AcDbEntity
  8
0
100
AcDbPolyline
 90
        7
 70
     0
 43
0.0
 10
60.45674473109808
 20
29.51166684813209
 10
60.33654473109807
 20
29.63606684813209
 10
60.36454473109807
 20
29.9511668481321
 10
60.37614473109807
 20
30.08166684813209
 10
60.42554473109807
 20
30.20506684813209
 10
60.50870001614319
 20
30.31213671992646
 10
60.50934473109808
 20
30.31296684813209
  0
LWPOLYLINE
  5
1B33
330
1F
100
AcDbEntity
  8
0
100
AcDbPolyline
 90
        4
 70
     0
 43
0.0
 10
60.55154473109808
 20
29.6046668481321
 10
60.5506986053312
 20
29.60554287855185
 10
60.45534473109807
 20
29.7042668481321
 10
60.42554473109807
 20
30.20506684813209
  0
LWPOLYLINE
  5
1B34
330
1F
100
AcDbEntity
  8
0
100
AcDbPolyline
 90
       13
 70
     0
 43
0.0
 10
60.71084473109807
 20
33.83776684813209
 10
60.89364473109807
 20
33.8675668481321
 10
61.07725077900395
 20
33.85486617614255
 10
61.07739886111091
 20
33.85481859412577
 10
61.07814473109807
 20
33.85476684813209
 10
61.25254473109808
 20
33.8001668481321
 10
61.40504473109807
 20
33.70756684813211
 10
61.52524473109807
 20
33.58316684813209
 10
61.60494473109807
 20
33.4354668481321
 10
61.63864473109807
 20
33.2746668481321
 10
61.62424473109807
 20
33.1115668481321
 10
61.56244473109808
 20
32.95726684813209
 10
61.45774473109807
 20
32.82246684813209
  0
LWPOLYLINE
  5
1B35
330
1F
100
AcDbEntity
  8
0
100
AcDbPolyline
 90
        4
 70
     0
 43
0.0
 10
61.10622515086849
 20
32.76509630677769
 10
61.10553776730977
 20
32.76480612389811
 10
61.10544473109808
 20
32.7647668481321
 10
60.96073698809243
 20
32.74099698519164
  0
LWPOLYLINE
  5
1B36
330
1F
100
AcDbEntity
  8
0
100
AcDbPolyline
 90
        8
 70
     0
 43
0.0
 10
60.37614473109807
 20
33.34586684813209
 10
60.42554473109807
 20
33.46926684813209
 10
60.50857807175155
 20
33.57627879074039
 10
60.50934473109808
 20
33.5772668481321
 10
60.62194473109808
 20
33.66226684813209
 10
60.75476767432498
 20
33.71833880919496
 10
60.75554473109807
 20
33.7186668481321
 10
60.90114473109807
 20
33.7425668481321
  0
LWPOLYLINE
  5
1B37
330
1F
100
AcDbEntity
  8
0
100
AcDbPolyline
 90
        7
 70
     0
 43
0.0
 10
60.67354473109808
 20
32.79476684813209
 10
60.55154473109808
 20
32.86896684813209
 10
60.55066498639189
 20
32.86987677119098
 10
60.45534473109807
 20
32.9684668481321
 10
60.39154473109808
 20
33.0866668481321
 10
60.36454473109807
 20
33.21536684813209
 10
60.37614473109807
 20
33.34586684813209
  0
LWPOLYLINE
  5
1B38
330
1F
100
AcDbEntity
  8
0
100
AcDbPolyline
 90
        4
 70
     0
 43
0.0
 10
45.63386364875035
 20
61.39399598096942
 10
45.64291536614997
 20
61.40334110049762
 10
47.45714473109807
 20
63.27637684813212
 10
52.12594473109807
 20
66.05412684813211
  0
LWPOLYLINE
  5
1B39
330
1F
100
AcDbEntity
  8
0
100
AcDbPolyline
 90
        4
 70
     0
 43
0.0
 10
41.24984473109806
 20
41.62846684813212
 10
41.25544473109806
 20
41.62986688616409
 10
41.06544514256497
 20
42.53716684813212
 10
41.06531705300601
 20
42.5371349286091
  0
LWPOLYLINE
  5
1B3A
330
1F
100
AcDbEntity
  8
0
100
AcDbPolyline
 90
        5
 70
     1
 43
0.0
 10
38.90284473109807
 20
42.08466684813211
 10
38.9084894481334
 20
42.08606050954438
 10
38.90854473109807
 20
42.08606684813211
 10
41.06531705300601
 20
42.5371349286091
 10
41.05984473109806
 20
42.53576684813211
  0
LWPOLYLINE
  5
1B3B
330
1F
100
AcDbEntity
  8
0
100
AcDbPolyline
 90
        6
 70
     0
 43
0.0
 10
41.55344473109805
 20
34.98966684813212
 10
41.09424473109806
 20
35.83196684813211
 10
41.09914458004387
 20
35.83466712518157
 10
43.00934473109807
 20
36.88736684813211
 10
43.01424516498179
 20
36.89006684813211
 10
43.44764473109806
 20
36.10356710382551
  0
LWPOLYLINE
  5
1B3C
330
1F
100
AcDbEntity
  8
0
100
AcDbPolyline
 90
        4
 70
     0
 43
0.0
 10
44.17664473109806
 20
56.30340284262917
 10
44.17600953619582
 20
56.30229212020787
 10
43.58394473109806
 20
55.28189684813211
 10
43.57874473109807
 20
55.28479684813211
  0
LWPOLYLINE
  5
1B3D
330
1F
100
AcDbEntity
  8
0
100
AcDbPolyline
 90
        9
 70
     0
 43
0.0
 10
42.40024473109807
 20
38.01396684813211
 10
42.25504473109807
 20
38.30466684813212
 10
42.25064473109806
 20
38.30226684813211
 10
42.39586189912396
 20
38.01173256908787
 10
42.39594473109806
 20
38.01156684813212
 10
40.45243345000679
 20
37.02080412821648
 10
40.44804473109806
 20
37.01856684813211
 10
40.28364473109806
 20
37.31996684813211
 10
42.25064473109806
 20
38.30226684813211
  0
LWPOLYLINE
  5
1B3E
330
1F
100
AcDbEntity
  8
0
100
AcDbPolyline
 90
       10
 70
     0
 43
0.0
 10
50.66579115408339
 20
34.42667307124771
 10
50.66614473109807
 20
34.42646684813211
 10
50.66394473109807
 20
34.42436684813211
 10
49.88194473109807
 20
34.88046684813212
 10
52.06314473109807
 20
37.36356684813211
 10
52.06337801862135
 20
37.36342792288411
 10
52.70914473109806
 20
36.97886684813211
 10
52.71106399432529
 20
36.98061163288413
 10
52.71134473109807
 20
36.98086684813211
 10
50.66614473109807
 20
34.42646684813211
  0
LWPOLYLINE
  5
1B3F
330
1F
100
AcDbEntity
  8
0
100
AcDbPolyline
 90
        3
 70
     0
 43
0.0
 10
52.70914473109806
 20
36.97886684813211
 10
50.66579115408339
 20
34.42667307124771
 10
50.66394473109807
 20
34.42436684813211
  0
LWPOLYLINE
  5
1B40
330
1F
100
AcDbEntity
  8
0
100
AcDbPolyline
 90
       18
 70
     0
 43
0.0
 10
80.63239965374338
 20
26.98466684813209
 10
80.64010471615139
 20
26.98466684813209
 10
80.65830473109809
 20
26.98466684813209
 10
80.65827473109809
 20
27.00136684813209
 10
80.65830473109809
 20
27.01666684813209
 10
80.65827473109809
 20
27.0245668481321
 10
80.65222282364016
 20
27.02455003727805
 10
80.65824240412885
 20
27.04436171723144
 10
80.65828132810997
 20
27.04448982407517
 10
80.65824225002558
 20
27.04456667457355
 10
80.65823706832508
 20
27.05145833622458
 10
80.65629378203112
 20
27.04456126216246
 10
80.65453485534268
 20
27.04455637625499
 10
80.65823473109809
 20
27.0545668481321
 10
80.65830204856899
 20
27.05168896284728
 10
80.65823706832508
 20
27.05145833622458
 10
80.65830473109809
 20
27.04456684813209
 10
80.65828132810997
 20
27.04448982407517
  0
LWPOLYLINE
  5
1B41
330
1F
100
AcDbEntity
  8
0
100
AcDbPolyline
 90
        3
 70
     0
 43
0.0
 10
80.48421569258367
 20
26.47160394466448
 10
80.38550984126651
 20
26.11659496436415
 10
80.38185973109809
 20
26.10346684813209
  0
LWPOLYLINE
  5
1B42
330
1F
100
AcDbEntity
  8
0
100
AcDbPolyline
 90
        3
 70
     0
 43
0.0
 10
49.66445802335243
 20
40.11901679718504
 10
47.69975460010273
 20
40.2234012939671
 10
47.69474473109807
 20
40.22366684813211
  0
LWPOLYLINE
  5
1B43
330
1F
100
AcDbEntity
  8
0
100
AcDbPolyline
 90
        5
 70
     0
 43
0.0
 10
50.09731501564867
 20
41.45243467723308
 10
47.40454473109807
 20
41.59536684813211
 10
47.33784473109807
 20
41.23546684813212
 10
47.34417096721514
 20
41.23513093377695
 10
50.12591683687196
 20
41.08742408997523
  0
LWPOLYLINE
  5
1B44
330
1F
100
AcDbEntity
  8
0
100
AcDbPolyline
 90
        5
 70
     0
 43
0.0
 10
47.33784473109807
 20
41.23546684813212
 10
47.36624473109807
 20
40.87056684813211
 10
47.37094473109806
 20
40.87056684813211
 10
47.37264473109807
 20
40.87056684813211
 10
47.37276690766068
 20
40.87022039676187
  0
LWPOLYLINE
  5
1B45
330
1F
100
AcDbEntity
  8
0
100
AcDbPolyline
 90
        4
 70
     0
 43
0.0
 10
49.36353199685226
 20
39.91190204555664
 10
49.36304473109807
 20
39.91156684813211
 10
49.01864473109807
 20
39.78956684813211
 10
48.66367320340136
 20
39.76178901029752
  0
LWPOLYLINE
  5
1B46
330
1F
100
AcDbEntity
  8
0
100
AcDbPolyline
 90
        3
 70
     0
 43
0.0
 10
49.97549179215586
 20
41.79753598242977
 10
49.97574473109807
 20
41.7971668481321
 10
50.09722712184579
 20
41.45268391430271
  0
LWPOLYLINE
  5
1B47
330
1F
100
AcDbEntity
  8
0
100
AcDbPolyline
 90
       19
 70
     0
 43
0.0
 10
52.54165643088272
 20
44.1199102754933
 10
52.18224473109806
 20
44.09186684813211
 10
51.83924473109806
 20
43.97036684813211
 10
51.84964187983537
 20
43.96981475408045
 10
53.22498319818767
 20
43.8967834086567
 10
52.89734473109806
 20
44.0535668481321
 10
52.54165643088272
 20
44.1199102754933
 10
52.53974473109806
 20
44.12026684813211
 10
52.17694473109807
 20
44.09186684813211
 10
51.83394473109807
 20
43.97036684813211
 10
51.53404473109806
 20
43.7640668481321
 10
51.29764473109807
 20
43.48696684813211
 10
51.14074473109806
 20
43.15806684813212
 10
51.07424473109807
 20
42.79966684813212
 10
51.10264473109807
 20
42.4362668481321
 10
51.22384473109807
 20
42.09256684813212
 10
51.42974473109807
 20
41.79196684813212
 10
51.70624473109807
 20
41.55506684813211
 10
52.03454473109808
 20
41.39796684813211
  0
LWPOLYLINE
  5
1B48
330
1F
100
AcDbEntity
  8
0
100
AcDbPolyline
 90
        4
 70
     0
 43
0.0
 10
51.14604473109807
 20
43.15806684813212
 10
51.30294473109807
 20
43.48696684813211
 10
51.31377065694308
 20
43.48639195661696
 10
53.70784467330466
 20
43.35925891890774
  0
LWPOLYLINE
  5
1B49
330
1F
100
AcDbEntity
  8
0
100
AcDbPolyline
 90
        6
 70
     0
 43
0.0
 10
53.39807450012871
 20
41.68773606165596
 10
51.44378647932438
 20
41.7915026884402
 10
51.43504473109807
 20
41.79196684813212
 10
51.2407672816658
 20
42.09194965327952
 10
51.44614473109807
 20
41.79196684813212
 10
53.39843081799757
 20
41.68815354868117
  0
LWPOLYLINE
  5
1B4A
330
1F
100
AcDbEntity
  8
0
100
AcDbPolyline
 90
        3
 70
     0
 43
0.0
 10
51.07954473109806
 20
42.79966684813212
 10
51.09079123806107
 20
42.79906965271315
 10
53.85762265134999
 20
42.65214945335837
  0
LWPOLYLINE
  5
1B4B
330
1F
100
AcDbEntity
  8
0
100
AcDbPolyline
 90
        5
 70
     0
 43
0.0
 10
51.71154473109807
 20
41.55506684813211
 10
51.43504473109807
 20
41.79196684813212
 10
51.22914473109807
 20
42.09256684813212
 10
51.2407672816658
 20
42.09194965327952
 10
53.63447312619771
 20
41.96483616667975
  0
LWPOLYLINE
  5
1B4C
330
1F
100
AcDbEntity
  8
0
100
AcDbPolyline
 90
        3
 70
     0
 43
0.0
 10
53.22498319818767
 20
43.8967834086567
 10
53.22564473109807
 20
43.8964668481321
 10
53.50125143591924
 20
43.66033220664156
  0
LWPOLYLINE
  5
1B4D
330
1F
100
AcDbEntity
  8
0
100
AcDbPolyline
 90
        3
 70
     0
 43
0.0
 10
52.81274473109807
 20
41.18186684813212
 10
52.40274473109807
 20
41.14986684813212
 10
52.3984833491066
 20
41.15066071766195
  0
LWPOLYLINE
  5
1B4E
330
1F
100
AcDbEntity
  8
0
100
AcDbPolyline
 90
        6
 70
     0
 43
0.0
 10
49.76849575380561
 20
42.09935161649622
 10
47.8039410712726
 20
42.20362818695501
 10
47.79944473109806
 20
42.20386684813212
 10
47.80414473109806
 20
42.20386684813212
 10
47.80584473109807
 20
42.20386684813212
 10
49.76818473435699
 20
42.09961815657845
  0
LWPOLYLINE
  5
1B4F
330
1F
100
AcDbEntity
  8
0
100
AcDbPolyline
 90
        3
 70
     0
 43
0.0
 10
48.10064473109807
 20
42.41096684813212
 10
48.1065859224697
 20
42.41065137911839
 10
49.49074324550984
 20
42.33715454688026
  0
LWPOLYLINE
  5
1B50
330
1F
100
AcDbEntity
  8
0
100
AcDbPolyline
 90
       12
 70
     0
 43
0.0
 10
48.25104473109806
 20
44.7138668481321
 10
47.84114473109807
 20
44.6818668481321
 10
47.84644473109806
 20
44.6818668481321
 10
47.85667232729626
 20
44.68263728852368
 10
48.27124473109807
 20
44.7138668481321
 10
48.65894473109808
 20
44.85116684813211
 10
48.99794473109807
 20
45.08436684813211
 10
49.26514473109807
 20
45.39746684813211
 10
49.44234473109807
 20
45.76916684813211
 10
49.51754473109807
 20
46.17426684813211
 10
49.48544473109807
 20
46.5849668481321
 10
49.34844473109807
 20
46.97336684813211
  0
LWPOLYLINE
  5
1B51
330
1F
100
AcDbEntity
  8
0
100
AcDbPolyline
 90
        3
 70
     0
 43
0.0
 10
47.65147245294302
 20
44.87052851987175
 10
47.85287715478936
 20
44.83205867958815
 10
47.48864473109807
 20
44.8998668481321
  0
LWPOLYLINE
  5
1B52
330
1F
100
AcDbEntity
  8
0
100
AcDbPolyline
 90
        3
 70
     0
 43
0.0
 10
49.34772268903334
 20
46.18244936659613
 10
49.34774473109807
 20
46.18216684813211
 10
49.27988637181332
 20
45.81643024992826
  0
LWPOLYLINE
  5
1B53
330
1F
100
AcDbEntity
  8
0
100
AcDbPolyline
 90
       12
 70
     0
 43
0.0
 10
47.84114473109807
 20
44.6818668481321
 10
47.43694473109806
 20
44.7571668481321
 10
47.06594473109807
 20
44.93466684813211
 10
46.75344473109807
 20
45.20246684813211
 10
46.52074473109807
 20
45.54206684813211
 10
46.38374473109807
 20
45.93056684813211
 10
46.35174473109806
 20
46.3412668481321
 10
46.42684473109807
 20
46.74626684813211
 10
46.60414473109806
 20
47.1180668481321
 10
46.87134473109806
 20
47.43116684813212
 10
47.21034473109806
 20
47.6642668481321
 10
47.34102910303771
 20
47.71055932560195
  0
LWPOLYLINE
  5
1B54
330
1F
100
AcDbEntity
  8
0
100
AcDbPolyline
 90
       22
 70
     0
 43
0.0
 10
49.68004358393347
 20
51.6434535566382
 10
49.67990977112926
 20
51.64383285811783
 10
49.55864473109807
 20
51.98756684813211
 10
49.55851565423165
 20
51.98775523904089
 10
49.35234473109807
 20
52.28866684813211
 10
49.35199459879789
 20
52.28896681712548
 10
49.3515310726695
 20
52.28936393406117
 10
47.39504473109806
 20
52.39336684813211
 10
47.38554473109807
 20
52.39336684813211
 10
47.68614473109807
 20
52.60006684813212
 10
47.6949640729873
 20
52.59959881076852
 10
49.07458369488591
 20
52.52638319686971
 10
48.74634473109807
 20
52.68346684813211
 10
48.38951437660199
 20
52.74997429143663
 10
48.38794473109807
 20
52.75026684813211
 10
48.02454473109807
 20
52.72176684813211
 10
47.68084473109808
 20
52.60006684813212
 10
47.38024473109807
 20
52.39336684813211
 10
47.14334473109807
 20
52.11576684813211
 10
46.98624473109807
 20
51.78616684813211
 10
46.91954473109807
 20
51.42706684813211
 10
46.94794473109808
 20
51.06286684813211
  0
LWPOLYLINE
  5
1B55
330
1F
100
AcDbEntity
  8
0
100
AcDbPolyline
 90
        5
 70
     0
 43
0.0
 10
49.35199459879789
 20
52.28896681712548
 10
47.38554473109807
 20
52.39336684813211
 10
47.14864473109807
 20
52.11576684813211
 10
47.15791014125421
 20
52.11527467236801
 10
49.55851565423165
 20
51.98775523904089
  0
LWPOLYLINE
  5
1B56
330
1F
100
AcDbEntity
  8
0
100
AcDbPolyline
 90
        5
 70
     0
 43
0.0
 10
47.55814473109807
 20
50.17996684813211
 10
47.28104473109808
 20
50.41736684813211
 10
47.07474473109807
 20
50.71846684813211
 10
47.08460325431093
 20
50.71794357455289
 10
49.48487550804619
 20
50.59054122166553
  0
LWPOLYLINE
  5
1B57
330
1F
100
AcDbEntity
  8
0
100
AcDbPolyline
 90
        3
 70
     0
 43
0.0
 10
49.07458369488591
 20
52.52638319686971
 10
49.07524473109808
 20
52.52606684813211
 10
49.3515310726695
 20
52.28936393406117
  0
LWPOLYLINE
  5
1B58
330
1F
100
AcDbEntity
  8
0
100
AcDbPolyline
 90
        3
 70
     0
 43
0.0
 10
60.45054473109807
 20
46.7166668481321
 10
60.35232330890231
 20
46.7166668481321
 10
60.04864473109807
 20
46.7166668481321
  0
LWPOLYLINE
  5
1B59
330
1F
100
AcDbEntity
  8
0
100
AcDbPolyline
 90
        5
 70
     0
 43
0.0
 10
63.79900964909272
 20
28.4791668481321
 10
63.79684430316614
 20
28.45731769445738
 10
63.72984473109807
 20
27.78126684813209
 10
63.63814473109807
 20
27.7348668481321
 10
63.62994473109807
 20
27.73406684813209
  0
LWPOLYLINE
  5
1B5A
330
1F
100
AcDbEntity
  8
0
100
AcDbPolyline
 90
        6
 70
     0
 43
0.0
 10
61.65678791808995
 20
28.4791668481321
 10
61.63724473109808
 20
27.7184668481321
 10
61.71157692399308
 20
27.71952873660202
 10
61.72124473109807
 20
27.7196668481321
 10
61.69674473109807
 20
26.76646684813209
 10
61.68714473109808
 20
26.7689668481321
  0
LWPOLYLINE
  5
1B5B
330
1F
100
AcDbEntity
  8
0
100
AcDbPolyline
 90
        5
 70
     0
 43
0.0
 10
62.30548772791705
 20
27.60813493039326
 10
62.31164473109807
 20
27.6071668481321
 10
62.37470671675287
 20
27.60828298947111
 10
62.39074473109807
 20
27.6085668481321
 10
62.91314473109807
 20
27.96796684813209
  0
LWPOLYLINE
  5
1B5C
330
1F
100
AcDbEntity
  8
0
100
AcDbPolyline
 90
        5
 70
     0
 43
0.0
 10
63.41388236142982
 20
28.4791668481321
 10
63.35534473109808
 20
27.79676684813209
 10
63.35633874485293
 20
27.79680099364276
 10
63.38154473109808
 20
27.7976668481321
 10
63.62914473109808
 20
27.7339668481321
  0
LWPOLYLINE
  5
1B5D
330
1F
100
AcDbEntity
  8
0
100
AcDbPolyline
 90
        5
 70
     0
 43
0.0
 10
60.24924473109807
 20
27.6923668481321
 10
60.18251287112098
 20
27.69151252844533
 10
60.17894473109808
 20
27.6914668481321
 10
60.17889910660706
 20
27.6932419026127
 10
60.15869836008786
 20
28.4791668481321
  0
LWPOLYLINE
  5
1B5E
330
1F
100
AcDbEntity
  8
0
100
AcDbPolyline
 90
        5
 70
     0
 43
0.0
 10
60.90794473109808
 20
27.5870668481321
 10
60.90474473109807
 20
27.5895668481321
 10
60.90784473109807
 20
27.58960898405443
 10
60.90794473109808
 20
27.58961034327773
 10
60.90794473109808
 20
28.4791668481321
  0
LWPOLYLINE
  5
1B5F
330
1F
100
AcDbEntity
  8
0
100
AcDbPolyline
 90
        6
 70
     0
 43
0.0
 10
60.95624473109808
 20
26.75046684813209
 10
60.95954473109808
 20
26.74796684813209
 10
60.95954473109808
 20
27.58776684813209
 10
60.95624473109808
 20
27.58772208069023
 10
60.90794473109808
 20
27.5870668481321
 10
60.90794473109808
 20
27.58961034327773
  0
LWPOLYLINE
  5
1B60
330
1F
100
AcDbEntity
  8
0
100
AcDbPolyline
 90
        8
 70
     0
 43
0.0
 10
58.39658557198585
 20
28.4791668481321
 10
58.49254473109808
 20
27.36086684813209
 10
58.51655977316708
 20
27.36136456921125
 10
58.53114473109807
 20
27.36166684813209
 10
58.99124473109807
 20
26.49856684813209
 10
58.59904473109807
 20
26.57156684813209
 10
58.59883293115052
 20
26.57403140098279
 10
58.53114473109807
 20
27.36166684813209
  0
LWPOLYLINE
  5
1B61
330
1F
100
AcDbEntity
  8
0
100
AcDbPolyline
 90
        6
 70
     0
 43
0.0
 10
58.35282287978603
 20
25.85449509092195
 10
58.3565251875936
 20
25.85487101756087
 10
58.31114473109807
 20
26.65276684813209
 10
58.31094636403877
 20
26.65483786854954
 10
58.22984473109807
 20
27.5015668481321
 10
58.10958679800474
 20
28.4791668481321
  0
LWPOLYLINE
  5
1B62
330
1F
100
AcDbEntity
  8
0
100
AcDbPolyline
 90
        4
 70
     0
 43
0.0
 10
58.10519692865926
 20
28.4791668481321
 10
58.19894473109807
 20
27.50056684813209
 10
58.22765264431436
 20
27.50149590681224
 10
58.22984473109807
 20
27.5015668481321
  0
LWPOLYLINE
  5
1B63
330
1F
100
AcDbEntity
  8
0
100
AcDbPolyline
 90
        4
 70
     0
 43
0.0
 10
58.27614473109807
 20
26.65156684813209
 10
58.19494473109807
 20
27.50046684813209
 10
58.08905136616917
 20
27.72089991411823
 10
58.19824473109807
 20
26.61936684813209
  0
LWPOLYLINE
  5
1B64
330
1F
100
AcDbEntity
  8
0
100
AcDbPolyline
 90
        5
 70
     0
 43
0.0
 10
60.90794473109808
 20
26.2755668481321
 10
60.90784473109807
 20
26.2755668481321
 10
60.90474473109807
 20
26.2755668481321
 10
60.90164473109807
 20
26.2755668481321
 10
60.90114473109807
 20
26.2755668481321
  0
LWPOLYLINE
  5
1B65
330
1F
100
AcDbEntity
  8
0
100
AcDbPolyline
 90
        3
 70
     0
 43
0.0
 10
60.22597520948267
 20
25.85776684813209
 10
60.22068567363761
 20
25.85776684813209
 10
60.21801476754024
 20
25.85776684813209
  0
LWPOLYLINE
  5
1B66
330
1F
100
AcDbEntity
  8
0
100
AcDbPolyline
 90
        5
 70
     0
 43
0.0
 10
58.00342520697812
 20
28.4791668481321
 10
58.07874473109808
 20
27.7198668481321
 10
58.08904473109807
 20
27.7209668481321
 10
58.08905136616917
 20
27.72089991411823
 10
58.07874473109808
 20
27.7198668481321
  0
LWPOLYLINE
  5
1B67
330
1F
100
AcDbEntity
  8
0
100
AcDbPolyline
 90
        5
 70
     0
 43
0.0
 10
58.31114473109807
 20
26.65276684813209
 10
58.30894302041623
 20
26.65269559535922
 10
58.28024473109807
 20
26.65176684813209
 10
58.3565251875936
 20
25.85487101756087
 10
58.35654473109807
 20
25.85466684813209
  0
LWPOLYLINE
  5
1B68
330
1F
100
AcDbEntity
  8
0
100
AcDbPolyline
 90
        5
 70
     0
 43
0.0
 10
58.61341040135183
 20
25.85466684813209
 10
58.61344473109807
 20
25.85426684813209
 10
58.61714473109807
 20
25.85466684813209
 10
58.62100865738074
 20
25.85508713485057
 10
58.62180979246335
 20
25.85517427585954
  0
LWPOLYLINE
  5
1B69
330
1F
100
AcDbEntity
  8
0
100
AcDbPolyline
 90
        3
 70
     0
 43
0.0
 10
58.97224473109807
 20
27.69696684813209
 10
59.05602153057118
 20
26.50205037850434
 10
59.05624473109807
 20
26.4988668481321
  0
LWPOLYLINE
  5
1B6A
330
1F
100
AcDbEntity
  8
0
100
AcDbPolyline
 90
        4
 70
     0
 43
0.0
 10
58.93137216254627
 20
27.69631910536582
 10
59.01504473109807
 20
26.5014668481321
 10
59.01512526609496
 20
26.50146799499123
 10
59.05602153057118
 20
26.50205037850434
  0
LWPOLYLINE
  5
1B6B
330
1F
100
AcDbEntity
  8
0
100
AcDbPolyline
 90
        4
 70
     0
 43
0.0
 10
59.54554473109808
 20
26.72936684813209
 10
59.58888969084534
 20
25.85587602336346
 10
59.58894473109808
 20
25.85476684813209
 10
60.21804473109807
 20
25.85476684813209
  0
LWPOLYLINE
  5
1B6C
330
1F
100
AcDbEntity
  8
0
100
AcDbPolyline
 90
       14
 70
     0
 43
0.0
 10
60.24924473109807
 20
27.6923668481321
 10
60.27737662221772
 20
26.5965199546947
 10
60.27744473109807
 20
26.5938668481321
 10
60.21071268576848
 20
26.59301373959805
 10
60.20704473109807
 20
26.5929668481321
 10
60.21495989575453
 20
26.28556684813209
 10
60.21521738321895
 20
26.2755668481321
 10
60.2178437553561
 20
26.1735668481321
 10
60.22276176592664
 20
25.9825668481321
 10
60.22543963555667
 20
25.8785668481321
 10
60.22597520948267
 20
25.85776684813209
 10
60.22599902621036
 20
25.85684188163964
 10
60.22604473109807
 20
25.8550668481321
 10
60.90114473109807
 20
25.8550668481321
  0
LWPOLYLINE
  5
1B6D
330
1F
100
AcDbEntity
  8
0
100
AcDbPolyline
 90
       11
 70
     0
 43
0.0
 10
63.25500528635115
 20
26.69650299091738
 10
63.25523501144425
 20
26.6965117257118
 10
63.26194473109808
 20
26.69676684813209
 10
63.26375780405373
 20
26.69657676790287
 10
63.28674473109807
 20
26.6941668481321
 10
63.26277671097722
 20
26.69325203820382
 10
63.26054473109808
 20
26.69316684813209
 10
63.18864473109807
 20
25.8550668481321
 10
63.18311139776475
 20
25.85566684813209
 10
63.18304473109808
 20
25.85566684813209
 10
63.18277364993193
 20
25.85570347139107
  0
LWPOLYLINE
  5
1B6E
330
1F
100
AcDbEntity
  8
0
100
AcDbPolyline
 90
        4
 70
     0
 43
0.0
 10
62.83295318491354
 20
26.82364146333711
 10
62.83369910464132
 20
26.82365881030752
 10
62.85984473109808
 20
26.8242668481321
 10
62.94004509208765
 20
27.96871801931789
  0
LWPOLYLINE
  5
1B6F
330
1F
100
AcDbEntity
  8
0
100
AcDbPolyline
 90
        4
 70
     0
 43
0.0
 10
62.26517720712267
 20
26.79493932239076
 10
62.27081673330939
 20
26.79503926336115
 10
62.33444473109807
 20
26.79616684813209
 10
62.37470671675287
 20
27.60828298947111
  0
LWPOLYLINE
  5
1B70
330
1F
100
AcDbEntity
  8
0
100
AcDbPolyline
 90
        4
 70
     0
 43
0.0
 10
61.60651032022974
 20
26.76771893463055
 10
61.61172232374738
 20
26.76779959658976
 10
61.68714473109808
 20
26.7689668481321
 10
61.71157692399308
 20
27.71952873660202
  0
LWPOLYLINE
  5
1B71
330
1F
100
AcDbEntity
  8
0
100
AcDbPolyline
 90
        5
 70
     0
 43
0.0
 10
60.90794473109808
 20
25.85776684813209
 10
60.90784473109807
 20
25.85776684813209
 10
60.90474473109807
 20
25.85776684813209
 10
60.90784473109807
 20
25.85536684813209
 10
60.90794473109808
 20
25.85536684813209
  0
LWPOLYLINE
  5
1B72
330
1F
100
AcDbEntity
  8
0
100
AcDbPolyline
 90
        4
 70
     0
 43
0.0
 10
61.69674473109807
 20
26.76646684813209
 10
61.61284473109808
 20
26.76516684813208
 10
61.61166266224576
 20
26.76547150505279
 10
61.606486844232
 20
26.76680547876768
  0
LWPOLYLINE
  5
1B73
330
1F
100
AcDbEntity
  8
0
100
AcDbPolyline
 90
        5
 70
     0
 43
0.0
 10
62.21859052148637
 20
25.85618954907488
 10
62.22484473109807
 20
25.85516684813209
 10
62.27124473109808
 20
26.79226684813209
 10
62.27068374047711
 20
26.79235561247085
 10
62.26509298198418
 20
26.79324022615644
  0
LWPOLYLINE
  5
1B74
330
1F
100
AcDbEntity
  8
0
100
AcDbPolyline
 90
        5
 70
     0
 43
0.0
 10
63.25474473109808
 20
26.69346684813209
 10
62.87884473109808
 20
26.82186684813209
 10
62.76824473109808
 20
25.85536684813209
 10
62.76584473109807
 20
25.85566684813209
 10
62.76508658068253
 20
25.85576368378639
  0
LWPOLYLINE
  5
1B75
330
1F
100
AcDbEntity
  8
0
100
AcDbPolyline
 90
        3
 70
     0
 43
0.0
 10
63.26054473109808
 20
26.69316684813209
 10
63.25499751791102
 20
26.69374607521187
 10
63.25477072602581
 20
26.69376975629224
  0
LWPOLYLINE
  5
1B76
330
1F
100
AcDbEntity
  8
0
100
AcDbPolyline
 90
        5
 70
     0
 43
0.0
 10
38.78744473109806
 20
49.68346684813211
 10
38.93324473109807
 20
50.23876684813211
 10
38.93635834687029
 20
50.2380187128603
 10
41.10114473109806
 20
49.71786684813211
 10
40.96694473109806
 20
49.15976684813212
  0
LWPOLYLINE
  5
1B77
330
1F
100
AcDbEntity
  8
0
100
AcDbPolyline
 90
        4
 70
     0
 43
0.0
 10
52.71134473109807
 20
36.98086684813211
 10
52.71129296203416
 20
36.98089761810126
 10
56.61444473109806
 20
41.8559668481321
 10
56.62312799108617
 20
41.86416770478753
  0
LWPOLYLINE
  5
1B78
330
1F
100
AcDbEntity
  8
0
100
AcDbPolyline
 90
        4
 70
     0
 43
0.0
 10
40.28364473109806
 20
37.31996684813211
 10
40.28804473109806
 20
37.32226684813212
 10
39.94474473109806
 20
37.95186684813212
 10
47.18817945074822
 20
40.83283440205827
  0
LWPOLYLINE
  5
1B79
330
1F
100
AcDbEntity
  8
0
100
AcDbPolyline
 90
        6
 70
     0
 43
0.0
 10
50.15724473109806
 20
33.79176684813212
 10
49.00024473109807
 20
34.71936684813211
 10
49.00344473109806
 20
34.72246684813212
 10
50.16044473109808
 20
33.79486684813212
 10
50.66614473109807
 20
34.42646684813211
 10
52.71106399432529
 20
36.98061163288413
  0
LWPOLYLINE
  5
1B7A
330
1F
100
AcDbEntity
  8
0
100
AcDbPolyline
 90
        3
 70
     0
 43
0.0
 10
52.14741704866304
 20
66.04092742678841
 10
52.12594473109807
 20
66.05412684813211
 10
52.20670918216409
 20
66.07620314122323
  0
LWPOLYLINE
  5
1B7B
330
1F
100
AcDbEntity
  8
0
100
AcDbPolyline
 90
        3
 70
     0
 43
0.0
 10
62.68954473109808
 20
41.0775668481321
 10
63.59174473109807
 20
41.5744668481321
 10
63.59534473109807
 20
41.56836684813209
  0
LWPOLYLINE
  5
1B7C
330
1F
100
AcDbEntity
  8
0
100
AcDbPolyline
 90
        3
 70
     0
 43
0.0
 10
63.44947107117135
 20
29.01919414887054
 10
63.70364473109807
 20
29.02006684813209
 10
63.68612988731548
 20
29.01888654578332
  0
LWPOLYLINE
  5
1B7D
330
1F
100
AcDbEntity
  8
0
100
AcDbPolyline
 90
        3
 70
     0
 43
0.0
 10
58.03793916925955
 20
29.01832422839904
 10
57.97464473109807
 20
29.02006684813209
 10
58.40204445616838
 20
29.01948279775132
  0
LWPOLYLINE
  5
1B7E
330
1F
100
AcDbEntity
  8
0
100
AcDbPolyline
 90
        3
 70
     0
 43
0.0
 10
64.25506750327324
 20
40.57888210559752
 10
64.25534685260706
 20
40.57906331228378
 10
63.59174473109807
 20
41.5744668481321
  0
LWPOLYLINE
  5
1B7F
330
1F
100
AcDbEntity
  8
0
100
AcDbPolyline
 90
        5
 70
     0
 43
0.0
 10
66.63219970323851
 20
46.99644187158331
 10
66.63226805410326
 20
46.99587296192958
 10
65.87814473109808
 20
46.84106684813211
 10
65.88844473109808
 20
46.84366684813211
 10
65.70234473109808
 20
47.77626684813211
  0
LWPOLYLINE
  5
1B80
330
1F
100
AcDbEntity
  8
0
100
AcDbPolyline
 90
        3
 70
     0
 43
0.0
 10
73.47777437002192
 20
48.45064708718295
 10
80.36071873109809
 20
48.85926684813211
 10
76.82979832679359
 20
48.38000621935567
  0
LWPOLYLINE
  5
1B81
330
1F
100
AcDbEntity
  8
0
100
AcDbPolyline
 90
        3
 70
     0
 43
0.0
 10
66.55908109947903
 20
47.84253158326088
 10
65.74014473109807
 20
47.9912668481321
 10
65.41768706424616
 20
47.9721366018682
  0
LWPOLYLINE
  5
1B82
330
1F
100
AcDbEntity
  8
0
100
AcDbPolyline
 90
        4
 70
     0
 43
0.0
 10
65.81914473109808
 20
45.3964668481321
 10
65.80624473109807
 20
45.39656684813211
 10
66.69314473109807
 20
45.27316684813211
 10
66.70604473109808
 20
45.2730668481321
  0
LWPOLYLINE
  5
1B83
330
1F
100
AcDbEntity
  8
0
100
AcDbPolyline
 90
        4
 70
     0
 43
0.0
 10
65.74470290422894
 20
45.26453642160119
 10
65.58354473109807
 20
44.13466684813211
 10
65.80344555885367
 20
45.19816662902034
 10
65.80350776305962
 20
45.19815810099271
  0
LWPOLYLINE
  5
1B84
330
1F
100
AcDbEntity
  8
0
100
AcDbPolyline
 90
        3
 70
     0
 43
0.0
 10
77.35018473109808
 20
42.29386684813209
 10
77.34037473109808
 20
42.29636684813209
 10
76.25921214546449
 20
42.28181313622967
  0
LWPOLYLINE
  5
1B85
330
1F
100
AcDbEntity
  8
0
100
AcDbPolyline
 90
        3
 70
     0
 43
0.0
 10
77.52958473109808
 20
42.79036684813209
 10
77.51977473109808
 20
42.7929668481321
 10
77.34037473109808
 20
42.29636684813209
  0
LWPOLYLINE
  5
1B86
330
1F
100
AcDbEntity
  8
0
100
AcDbPolyline
 90
        3
 70
     0
 43
0.0
 10
78.63022973109808
 20
42.60676684813209
 10
79.89535373109808
 20
42.5139668481321
 10
79.90516473109808
 20
42.5113668481321
  0
LWPOLYLINE
  5
1B87
330
1F
100
AcDbEntity
  8
0
100
AcDbPolyline
 90
        4
 70
     0
 43
0.0
 10
77.42020473109808
 20
38.6739668481321
 10
77.41039473109808
 20
38.6765668481321
 10
78.69510773109809
 20
38.1945668481321
 10
78.70491873109807
 20
38.1919668481321
  0
LWPOLYLINE
  5
1B88
330
1F
100
AcDbEntity
  8
0
100
AcDbPolyline
 90
        3
 70
     0
 43
0.0
 10
77.51977473109808
 20
42.7929668481321
 10
78.31981473109809
 20
42.79776684813209
 10
78.32962473109808
 20
42.79516684813209
  0
LWPOLYLINE
  5
1B89
330
1F
100
AcDbEntity
  8
0
100
AcDbPolyline
 90
        3
 70
     0
 43
0.0
 10
71.48142473109809
 20
41.1985668481321
 10
73.78845473109809
 20
40.16586684813209
 10
73.79557473109809
 20
40.16406684813209
  0
LWPOLYLINE
  5
1B8A
330
1F
100
AcDbEntity
  8
0
100
AcDbPolyline
 90
        3
 70
     0
 43
0.0
 10
79.91892504001305
 20
41.4288668481321
 10
80.32042773109807
 20
42.95816684813209
 10
73.54109237684269
 20
43.44120038943069
  0
LWPOLYLINE
  5
1B8B
330
1F
100
AcDbEntity
  8
0
100
AcDbPolyline
 90
        3
 70
     0
 43
0.0
 10
72.99438473109808
 20
38.7920668481321
 10
72.98832473109809
 20
38.7954668481321
 10
72.34180642668355
 20
38.08560671698098
  0
LWPOLYLINE
  5
1B8C
330
1F
100
AcDbEntity
  8
0
100
AcDbPolyline
 90
        3
 70
     0
 43
0.0
 10
72.72930473109808
 20
38.9510668481321
 10
72.72325473109808
 20
38.9544668481321
 10
72.98832473109809
 20
38.7954668481321
  0
LWPOLYLINE
  5
1B8D
330
1F
100
AcDbEntity
  8
0
100
AcDbPolyline
 90
        4
 70
     0
 43
0.0
 10
73.52121473109808
 20
39.8062668481321
 10
73.51516473109808
 20
39.8096668481321
 10
74.86937473109808
 20
39.16736684813211
 10
74.87543473109808
 20
39.16396684813209
  0
LWPOLYLINE
  5
1B8E
330
1F
100
AcDbEntity
  8
0
100
AcDbPolyline
 90
        4
 70
     1
 43
0.0
 10
72.71160473109808
 20
36.29626684813209
 10
75.10365473109809
 20
39.05616684813209
 10
75.11045473109809
 20
39.0523668481321
 10
72.71841473109808
 20
36.29246684813209
  0
LWPOLYLINE
  5
1B8F
330
1F
100
AcDbEntity
  8
0
100
AcDbPolyline
 90
        3
 70
     0
 43
0.0
 10
76.06682473109808
 20
38.3862668481321
 10
76.06001473109808
 20
38.3900668481321
 10
75.43889533177524
 20
38.68473146804488
  0
LWPOLYLINE
  5
1B90
330
1F
100
AcDbEntity
  8
0
100
AcDbPolyline
 90
        3
 70
     0
 43
0.0
 10
72.71160473109808
 20
36.29626684813209
 10
74.23875473109808
 20
34.6419668481321
 10
74.24555473109808
 20
34.63816684813209
  0
LWPOLYLINE
  5
1B91
330
1F
100
AcDbEntity
  8
0
100
AcDbPolyline
 90
        3
 70
     0
 43
0.0
 10
70.86711428006222
 20
37.32362528674139
 10
70.86521473109808
 20
37.32146684813211
 10
70.86869473109809
 20
37.3255668481321
  0
LWPOLYLINE
  5
1B92
330
1F
100
AcDbEntity
  8
0
100
AcDbPolyline
 90
        4
 70
     0
 43
0.0
 10
66.99494473109808
 20
48.065780937122
 10
66.56854473109809
 20
48.04046684813211
 10
66.57064473109807
 20
48.04106684813211
 10
66.99494473109808
 20
48.06639423985805
  0
LWPOLYLINE
  5
1B93
330
1F
100
AcDbEntity
  8
0
100
AcDbPolyline
 90
        3
 70
     1
 43
0.0
 10
57.96654473109807
 20
63.03326684813212
 10
57.96884473109808
 20
63.03326684813212
 10
57.96684473109808
 20
63.03289684813211
  0
LWPOLYLINE
  5
1B94
330
1F
100
AcDbEntity
  8
0
100
AcDbPolyline
 90
        4
 70
     0
 43
0.0
 10
64.09833921812347
 20
51.48076912328969
 10
62.95584473109808
 20
51.95226684813212
 10
64.09834473109808
 20
54.72678684813211
 10
65.84304473109807
 20
53.85596684813211
  0
LWPOLYLINE
  5
1B95
330
1F
100
AcDbEntity
  8
0
100
AcDbPolyline
 90
        6
 70
     0
 43
0.0
 10
62.97684473109808
 20
53.78266684813212
 10
62.97304473109808
 20
53.76956684813212
 10
63.23304473109808
 20
53.67406684813211
 10
62.95154473109809
 20
51.94506684813211
 10
64.09394473109808
 20
54.71965684813212
 10
64.09834473109808
 20
54.72678684813211
  0
LWPOLYLINE
  5
1B96
330
1F
100
AcDbEntity
  8
0
100
AcDbPolyline
 90
        4
 70
     1
 43
0.0
 10
72.33951473109809
 20
63.18045684813212
 10
71.89105473109808
 20
62.44683684813211
 10
68.13994473109808
 20
64.35146254813211
 10
68.65524473109809
 20
65.36738684813212
  0
LWPOLYLINE
  5
1B97
330
1F
100
AcDbEntity
  8
0
100
AcDbPolyline
 90
        4
 70
     0
 43
0.0
 10
68.13994473109808
 20
64.35146254813211
 10
68.13264473109808
 20
64.33949454813213
 10
71.88373473109809
 20
62.43486684813213
 10
71.89105473109808
 20
62.44683684813211
  0
LWPOLYLINE
  5
1B98
330
1F
100
AcDbEntity
  8
0
100
AcDbPolyline
 90
        3
 70
     0
 43
0.0
 10
67.07434473109808
 20
64.28670037813211
 10
67.07184473109808
 20
64.27780904813213
 10
67.07169449077662
 20
64.27786270382449
  0
LWPOLYLINE
  5
1B99
330
1F
100
AcDbEntity
  8
0
100
AcDbPolyline
 90
        3
 70
     0
 43
0.0
 10
65.86754473109809
 20
63.56489684813212
 10
66.76224473109809
 20
63.24539684813212
 10
66.76474473109809
 20
63.25428684813211
  0
LWPOLYLINE
  5
1B9A
330
1F
100
AcDbEntity
  8
0
100
AcDbPolyline
 90
        4
 70
     0
 43
0.0
 10
63.23684473109808
 20
53.68716684813211
 10
63.23304473109808
 20
53.67406684813211
 10
66.37664473109808
 20
62.22347684813211
 10
66.38044473109809
 20
62.23657684813212
  0
LWPOLYLINE
  5
1B9B
330
1F
100
AcDbEntity
  8
0
100
AcDbPolyline
 90
        3
 70
     0
 43
0.0
 10
67.02752984527925
 20
60.5281658069506
 10
67.45314473109809
 20
61.56187684813212
 10
67.45964473109808
 20
61.57251684813211
  0
LWPOLYLINE
  5
1B9C
330
1F
100
AcDbEntity
  8
0
100
AcDbPolyline
 90
       18
 70
     0
 43
0.0
 10
68.68784473109809
 20
57.72826684813211
 10
68.42264473109809
 20
57.92292684813212
 10
68.41914473109809
 20
57.91730684813211
 10
68.68434473109809
 20
57.72264684813212
 10
68.68784473109809
 20
57.72826684813211
 10
69.01318647424408
 20
58.1712572240562
 10
69.01714473109809
 20
58.17664684813212
 10
69.01374473109808
 20
58.17102684813212
 10
69.16764473109807
 20
58.38056684813211
 10
66.16884473109809
 20
59.75861684813211
 10
66.55974473109807
 20
60.70788684813212
 10
66.56624473109809
 20
60.71852684813212
 10
67.02752984527925
 20
60.5281658069506
 10
67.02934473109809
 20
60.52741684813211
 10
67.45964473109808
 20
61.57251684813211
 10
66.99654473109808
 20
61.76361684813212
 10
66.99004473109809
 20
61.75297684813212
 10
67.45314473109809
 20
61.56187684813212
  0
LWPOLYLINE
  5
1B9D
330
1F
100
AcDbEntity
  8
0
100
AcDbPolyline
 90
        4
 70
     0
 43
0.0
 10
66.99654473109808
 20
61.76361684813212
 10
67.97544473109809
 20
64.14098884813211
 10
67.96894473109808
 20
64.13035084813211
 10
66.99004473109809
 20
61.75297684813212
  0
LWPOLYLINE
  5
1B9E
330
1F
100
AcDbEntity
  8
0
100
AcDbPolyline
 90
        3
 70
     0
 43
0.0
 10
66.56624473109809
 20
60.71852684813212
 10
66.17534473109808
 20
59.76925684813211
 10
66.16884473109809
 20
59.75861684813211
  0
LWPOLYLINE
  5
1B9F
330
1F
100
AcDbEntity
  8
0
100
AcDbPolyline
 90
        3
 70
     0
 43
0.0
 10
71.90498473109809
 20
62.10870684813212
 10
69.17413548803231
 20
58.39121109563339
 10
66.17534473109808
 20
59.76925684813211
  0
LWPOLYLINE
  5
1BA0
330
1F
100
AcDbEntity
  8
0
100
AcDbPolyline
 90
        3
 70
     1
 43
0.0
 10
65.16164473109808
 20
57.31258684813212
 10
66.02674473109809
 20
59.41073684813211
 10
66.02324473109809
 20
59.40511684813212
  0
LWPOLYLINE
  5
1BA1
330
1F
100
AcDbEntity
  8
0
100
AcDbPolyline
 90
        5
 70
     0
 43
0.0
 10
66.06324473109808
 20
56.66438684813211
 10
66.05734473109809
 20
56.65464684813212
 10
64.84665261138278
 20
54.5031533447872
 10
66.06324473109808
 20
56.66438684813211
 10
67.36746273326578
 20
55.92988934399811
  0
LWPOLYLINE
  5
1BA2
330
1F
100
AcDbEntity
  8
0
100
AcDbPolyline
 90
        3
 70
     0
 43
0.0
 10
69.01714473109809
 20
58.17664684813212
 10
66.02674473109809
 20
59.41073684813211
 10
65.16504473109808
 20
57.31820684813211
  0
LWPOLYLINE
  5
1BA3
330
1F
100
AcDbEntity
  8
0
100
AcDbPolyline
 90
        3
 70
     0
 43
0.0
 10
74.22595083370554
 20
57.40083378749556
 10
75.40190473109809
 20
58.32167684813211
 10
75.41157473109809
 20
58.3308268481321
  0
LWPOLYLINE
  5
1BA4
330
1F
100
AcDbEntity
  8
0
100
AcDbPolyline
 90
        5
 70
     0
 43
0.0
 10
70.72288314880828
 20
54.65922688527404
 10
70.60000473109809
 20
54.56300684813211
 10
70.59076473109809
 20
54.55425684813211
 10
68.58854473109808
 20
56.98289684813212
 10
70.13577093743307
 20
59.1175706413968
  0
LWPOLYLINE
  5
1BA5
330
1F
100
AcDbEntity
  8
0
100
AcDbPolyline
 90
        3
 70
     0
 43
0.0
 10
66.20634473109809
 20
51.41336684813211
 10
66.80944473109808
 20
51.88566684813211
 10
66.80014058597118
 20
51.87676361328568
  0
LWPOLYLINE
  5
1BA6
330
1F
100
AcDbEntity
  8
0
100
AcDbPolyline
 90
        8
 70
     0
 43
0.0
 10
66.16955819137061
 20
48.53137786637846
 10
65.49764473109807
 20
48.21086684813211
 10
65.50614473109807
 20
48.21546684813211
 10
66.17824473109807
 20
48.53616684813211
 10
65.55644473109808
 20
49.76696684813211
 10
65.54794473109808
 20
49.76236684813211
 10
64.91884473109807
 20
49.25066684813211
 10
64.92734473109807
 20
49.25526684813211
  0
LWPOLYLINE
  5
1BA7
330
1F
100
AcDbEntity
  8
0
100
AcDbPolyline
 90
        5
 70
     0
 43
0.0
 10
65.74014473109807
 20
47.9912668481321
 10
66.49414473109807
 20
48.56676684813211
 10
65.76384473109809
 20
50.16756684813211
 10
65.77554473109808
 20
50.17396684813211
 10
68.41174473109808
 20
52.19156684813211
  0
LWPOLYLINE
  5
1BA8
330
1F
100
AcDbEntity
  8
0
100
AcDbPolyline
 90
        6
 70
     0
 43
0.0
 10
66.49414473109807
 20
48.56676684813211
 10
69.99642473109808
 20
49.8509668481321
 10
70.40481473109807
 20
48.95246684813211
 10
70.41968473109808
 20
48.95626684813211
 10
77.03569473109808
 20
49.13186684813211
 10
70.40481473109807
 20
48.95246684813211
  0
LWPOLYLINE
  5
1BA9
330
1F
100
AcDbEntity
  8
0
100
AcDbPolyline
 90
        5
 70
     0
 43
0.0
 10
53.30084473109807
 20
63.38399984813212
 10
54.02054473109807
 20
61.53827684813212
 10
53.30524473109807
 20
63.37653884813212
 10
53.30084473109807
 20
63.38399984813212
 10
50.21554473109808
 20
61.63513684813212
  0
LWPOLYLINE
  5
1BAA
330
1F
100
AcDbEntity
  8
0
100
AcDbPolyline
 90
        3
 70
     0
 43
0.0
 10
53.21934395458882
 20
63.59690667992581
 10
53.30524473109807
 20
63.37653884813212
 10
54.02504473109807
 20
61.53081684813212
  0
LWPOLYLINE
  5
1BAB
330
1F
100
AcDbEntity
  8
0
100
AcDbPolyline
 90
        7
 70
     0
 43
0.0
 10
54.87664473109806
 20
31.33866684813209
 10
56.70474473109807
 20
35.6933668481321
 10
57.31624473109807
 20
29.9904668481321
 10
56.83914473109807
 20
29.34076684813209
 10
56.78554473109807
 20
29.1798668481321
 10
56.14984473109807
 20
29.3913668481321
 10
56.78194473109807
 20
29.16736684813209
  0
LWPOLYLINE
  5
1BAC
330
1F
100
AcDbEntity
  8
0
100
AcDbPolyline
 90
        3
 70
     0
 43
0.0
 10
58.50274473109807
 20
41.3688668481321
 10
58.50384401122949
 20
41.37076560472275
 10
58.50281628806586
 20
41.36882560947798
  0
LWPOLYLINE
  5
1BAD
330
1F
100
AcDbEntity
  8
0
100
AcDbPolyline
 90
        3
 70
     0
 43
0.0
 10
58.41132612085303
 20
50.62551279880557
 10
58.41260013635103
 20
50.62324011093084
 10
58.41124473109807
 20
50.62546684813211
  0
LWPOLYLINE
  5
1BAE
330
1F
100
AcDbEntity
  8
0
100
AcDbPolyline
 90
        9
 70
     0
 43
0.0
 10
57.81174473109808
 20
53.30626684813211
 10
57.81334473109808
 20
53.29956684813211
 10
57.64044473109809
 20
53.21616684813211
 10
56.39684473109808
 20
55.79170684813211
 10
56.39514473109808
 20
55.79840684813211
 10
56.80964473109808
 20
56.04622684813211
 10
57.81174473109808
 20
53.30626684813211
 10
57.63874473109808
 20
53.22286684813211
 10
57.64044473109809
 20
53.21616684813211
  0
LWPOLYLINE
  5
1BAF
330
1F
100
AcDbEntity
  8
0
100
AcDbPolyline
 90
        3
 70
     0
 43
0.0
 10
52.58014473109807
 20
65.23122584813211
 10
53.21394473109807
 20
63.60586984813212
 10
50.05414473109808
 20
61.88402684813212
  0
LWPOLYLINE
  5
1BB0
330
1F
100
AcDbEntity
  8
0
100
AcDbPolyline
 90
        3
 70
     0
 43
0.0
 10
52.57914473109807
 20
65.24523584813213
 10
52.78634473109807
 20
65.31428684813213
 10
54.21784473109807
 20
61.65158684813212
  0
LWPOLYLINE
  5
1BB1
330
1F
100
AcDbEntity
  8
0
100
AcDbPolyline
 90
        3
 70
     0
 43
0.0
 10
58.69394473109807
 20
40.8843668481321
 10
59.30034473109807
 20
40.6043668481321
 10
59.93964473109808
 20
40.9600668481321
  0
LWPOLYLINE
  5
1BB2
330
1F
100
AcDbEntity
  8
0
100
AcDbPolyline
 90
        6
 70
     0
 43
0.0
 10
59.66848418495968
 20
40.5438540367399
 10
59.59754473109807
 20
40.43496684813209
 10
59.32474473109807
 20
40.0319668481321
 10
58.84324473109807
 20
37.58996684813209
 10
58.80784473109807
 20
37.2107668481321
 10
59.02094473109808
 20
37.08396684813209
  0
LWPOLYLINE
  5
1BB3
330
1F
100
AcDbEntity
  8
0
100
AcDbPolyline
 90
        3
 70
     0
 43
0.0
 10
58.64704473109807
 20
37.5989668481321
 10
58.80784473109807
 20
37.2107668481321
 10
58.80624473109808
 20
37.2051668481321
  0
LWPOLYLINE
  5
1BB4
330
1F
100
AcDbEntity
  8
0
100
AcDbPolyline
 90
        5
 70
     0
 43
0.0
 10
58.60114473109807
 20
37.3199668481321
 10
57.87444473109808
 20
37.81506684813209
 10
57.62024473109807
 20
38.03736684813209
 10
58.99364473109807
 20
39.54276684813211
 10
59.10554473109808
 20
39.70806684813211
  0
LWPOLYLINE
  5
1BB5
330
1F
100
AcDbEntity
  8
0
100
AcDbPolyline
 90
       14
 70
     0
 43
0.0
 10
52.81024473109807
 20
28.3270668481321
 10
56.46164473109807
 20
27.1107668481321
 10
57.11064473109807
 20
29.0579668481321
 10
56.78194473109807
 20
29.16736684813209
 10
56.14624473109807
 20
29.37876684813209
 10
53.57854473109807
 20
30.23286684813211
 10
52.81024473109807
 20
28.3270668481321
 10
52.81384473109807
 20
28.33956684813211
 10
53.58214473109807
 20
30.24546684813211
 10
53.57764473109806
 20
30.23806684813211
 10
52.84484473109807
 20
30.78516684813211
 10
52.62694473109807
 20
30.49346684813212
 10
52.63144473109807
 20
30.50086684813211
 10
51.99108978761866
 20
30.97908511871493
  0
LWPOLYLINE
  5
1BB6
330
1F
100
AcDbEntity
  8
0
100
AcDbPolyline
 90
        4
 70
     0
 43
0.0
 10
53.57854473109807
 20
30.23286684813211
 10
53.58214473109807
 20
30.24546684813211
 10
56.14984473109807
 20
29.3913668481321
 10
56.14624473109807
 20
29.37876684813209
  0
LWPOLYLINE
  5
1BB7
330
1F
100
AcDbEntity
  8
0
100
AcDbPolyline
 90
        7
 70
     1
 43
0.0
 10
52.76494473109806
 20
28.21586684813211
 10
56.42354473109808
 20
26.9971668481321
 10
56.42594473109807
 20
27.00556684813209
 10
52.76744473109807
 20
28.22426684813211
 10
52.76494473109806
 20
28.21586684813211
 10
52.34994473109807
 20
27.1887668481321
 10
52.34754473109807
 20
27.18036684813211
  0
LWPOLYLINE
  5
1BB8
330
1F
100
AcDbEntity
  8
0
100
AcDbPolyline
 90
        5
 70
     0
 43
0.0
 10
52.84944473109806
 20
30.79256684813211
 10
52.63144473109807
 20
30.50086684813211
 10
52.84484473109807
 20
30.78516684813211
 10
52.84944473109806
 20
30.79256684813211
 10
53.58214473109807
 20
30.24546684813211
  0
LWPOLYLINE
  5
1BB9
330
1F
100
AcDbEntity
  8
0
100
AcDbPolyline
 90
        3
 70
     0
 43
0.0
 10
56.42354473109808
 20
26.9971668481321
 10
56.07114473109807
 20
25.93996684813209
 10
52.34754473109807
 20
27.18036684813211
  0
LWPOLYLINE
  5
1BBA
330
1F
100
AcDbEntity
  8
0
100
AcDbPolyline
 90
        4
 70
     1
 43
0.0
 10
53.04784473109807
 20
55.83954684813211
 10
51.07444473109808
 20
58.53602684813211
 10
51.06584473109808
 20
58.54435684813211
 10
53.03924473109808
 20
55.8478768481321
  0
LWPOLYLINE
  5
1BBB
330
1F
100
AcDbEntity
  8
0
100
AcDbPolyline
 90
        3
 70
     0
 43
0.0
 10
55.21304473109807
 20
53.09446684813211
 10
54.9621567409137
 20
52.91776684813211
 10
55.20524473109809
 20
53.10206684813212
  0
LWPOLYLINE
  5
1BBC
330
1F
100
AcDbEntity
  8
0
100
AcDbPolyline
 90
        4
 70
     0
 43
0.0
 10
57.20204473109808
 20
50.46386684813211
 10
56.74774473109808
 20
50.08896684813211
 10
57.20984473109808
 20
50.45636684813211
 10
55.83444473109808
 20
52.27346684813211
  0
LWPOLYLINE
  5
1BBD
330
1F
100
AcDbEntity
  8
0
100
AcDbPolyline
 90
        3
 70
     0
 43
0.0
 10
52.74344473109807
 20
55.62370684813211
 10
50.72814473109808
 20
58.28633684813212
 10
51.06584473109808
 20
58.54435684813211
  0
LWPOLYLINE
  5
1BBE
330
1F
100
AcDbEntity
  8
0
100
AcDbPolyline
 90
        4
 70
     0
 43
0.0
 10
62.23761468223814
 20
46.76036684813211
 10
62.60984473109807
 20
47.12736684813211
 10
62.83284473109808
 20
46.76386684813211
 10
62.93021116945424
 20
46.4362668481321
  0
LWPOLYLINE
  5
1BBF
330
1F
100
AcDbEntity
  8
0
100
AcDbPolyline
 90
       23
 70
     0
 43
0.0
 10
61.32654473109808
 20
51.09196684813211
 10
62.63384473109809
 20
50.73886684813211
 10
63.80374473109808
 20
50.06466684813211
 10
64.75654473109807
 20
49.11516684813211
 10
65.41768706424616
 20
47.9721366018682
 10
65.42744473109808
 20
47.95526684813211
 10
65.77054473109808
 20
46.6638668481321
 10
65.76264473109808
 20
45.32896684813211
 10
65.74470290422894
 20
45.26453642160119
 10
65.40414473109809
 20
44.0415668481321
 10
65.39239832035761
 20
44.02180192946103
 10
64.71944473109807
 20
42.8894668481321
 10
64.60766798186682
 20
42.78065844410867
 10
64.60744744134554
 20
42.78044376026511
 10
63.75544473109808
 20
41.9510668481321
 10
62.57754473109808
 20
41.29036684813209
 10
61.26624473109807
 20
40.9524668481321
 10
61.2424791770889
 20
40.95260360307217
 10
61.24234473109808
 20
40.9525668481321
 10
59.93964473109808
 20
40.9600668481321
 10
59.95074473109807
 20
40.95686684813209
 10
61.22954473109807
 20
40.9490668481321
 10
61.24234473109808
 20
40.9525668481321
  0
LWPOLYLINE
  5
1BC0
330
1F
100
AcDbEntity
  8
0
100
AcDbPolyline
 90
        5
 70
     0
 43
0.0
 10
61.07324473109807
 20
47.78016684813211
 10
61.51764473109807
 20
47.79216684813211
 10
61.95004473109808
 20
47.6886668481321
 10
62.34084473109807
 20
47.4767668481321
 10
64.75654473109807
 20
49.11516684813211
  0
LWPOLYLINE
  5
1BC1
330
1F
100
AcDbEntity
  8
0
100
AcDbPolyline
 90
        3
 70
     0
 43
0.0
 10
62.34084473109807
 20
47.4767668481321
 10
62.66354473109807
 20
47.17096684813211
 10
62.89614473109807
 20
46.79206684813211
  0
LWPOLYLINE
  5
1BC2
330
1F
100
AcDbEntity
  8
0
100
AcDbPolyline
 90
        3
 70
     0
 43
0.0
 10
62.60984473109807
 20
47.12736684813211
 10
62.56834473109807
 20
47.16666684813211
 10
62.15358469617061
 20
46.76036684813211
  0
LWPOLYLINE
  5
1BC3
330
1F
100
AcDbEntity
  8
0
100
AcDbPolyline
 90
        6
 70
     0
 43
0.0
 10
61.41234473109808
 20
46.8768668481321
 10
61.41234473109808
 20
47.72066684813211
 10
61.51044473109807
 20
47.72326684813211
 10
61.92524473109807
 20
47.6240668481321
 10
62.30024473109807
 20
47.42076684813211
 10
62.56834473109807
 20
47.16666684813211
  0
LWPOLYLINE
  5
1BC4
330
1F
100
AcDbEntity
  8
0
100
AcDbPolyline
 90
        9
 70
     0
 43
0.0
 10
92.83424473109809
 20
48.6070668481321
 10
92.83424473109809
 20
48.8424668481321
 10
91.7495447310981
 20
48.8424668481321
 10
91.7495447310981
 20
48.6782668481321
 10
89.94844473109809
 20
48.6812668481321
 10
89.94844473109809
 20
48.6070668481321
 10
87.65339473109809
 20
48.6070668481321
 10
87.65339473109809
 20
48.5140668481321
 10
89.94844473109809
 20
48.5140668481321
  0
LWPOLYLINE
  5
1BC5
330
1F
100
AcDbEntity
  8
0
100
AcDbPolyline
 90
        6
 70
     0
 43
0.0
 10
89.94844473109809
 20
48.6070668481321
 10
89.94844473109809
 20
48.5140668481321
 10
89.94844473109809
 20
48.38406684813211
 10
87.06858473109809
 20
48.38406684813211
 10
86.73610473109809
 20
49.2027668481321
 10
80.34631298466637
 20
49.2027668481321
  0
LWPOLYLINE
  5
1BC6
330
1F
100
AcDbEntity
  8
0
100
AcDbPolyline
 90
        4
 70
     1
 43
0.0
 10
95.12574473109809
 20
50.6308668481321
 10
95.4187447310981
 20
50.6308668481321
 10
95.4187447310981
 20
49.2088668481321
 10
95.12574473109809
 20
49.2088668481321
  0
LWPOLYLINE
  5
1BC7
330
1F
100
AcDbEntity
  8
0
100
AcDbPolyline
 90
        4
 70
     1
 43
0.0
 10
95.05834473109809
 20
49.3559668481321
 10
95.05834473109809
 20
49.23296684813211
 10
94.54534473109809
 20
49.23296684813211
 10
94.54534473109809
 20
49.3559668481321
  0
LWPOLYLINE
  5
1BC8
330
1F
100
AcDbEntity
  8
0
100
AcDbPolyline
 90
        4
 70
     1
 43
0.0
 10
94.71434473109809
 20
49.5593668481321
 10
94.87334473109809
 20
49.5593668481321
 10
94.87334473109809
 20
49.3972668481321
 10
94.71434473109809
 20
49.3972668481321
  0
LWPOLYLINE
  5
1BC9
330
1F
100
AcDbEntity
  8
0
100
AcDbPolyline
 90
        4
 70
     1
 43
0.0
 10
94.53844473109809
 20
50.5868668481321
 10
94.86144473109808
 20
50.5868668481321
 10
94.86144473109808
 20
50.26386684813211
 10
94.53844473109809
 20
50.26386684813211
  0
LWPOLYLINE
  5
1BCA
330
1F
100
AcDbEntity
  8
0
100
AcDbPolyline
 90
        4
 70
     1
 43
0.0
 10
83.78144473109809
 20
49.8533668481321
 10
83.78144473109809
 20
49.5593668481321
 10
94.71434473109809
 20
49.5593668481321
 10
94.71434473109809
 20
49.8533668481321
  0
LWPOLYLINE
  5
1BCB
330
1F
100
AcDbEntity
  8
0
100
AcDbPolyline
 90
        4
 70
     0
 43
0.0
 10
85.94415084964444
 20
56.04001838911866
 10
85.94936473109809
 20
56.0508268481321
 10
84.75237473109809
 20
56.6282868481321
 10
84.67677509398461
 20
56.47156760040163
  0
LWPOLYLINE
  5
1BCC
330
1F
100
AcDbEntity
  8
0
100
AcDbPolyline
 90
        3
 70
     0
 43
0.0
 10
92.04205197868459
 20
52.86731333298486
 10
87.09989473109809
 20
55.25151684813211
 10
87.06686676301506
 20
55.18305846661643
  0
LWPOLYLINE
  5
1BCD
330
1F
100
AcDbEntity
  8
0
100
AcDbPolyline
 90
       24
 70
     1
 43
0.0
 10
80.12540173109808
 20
54.37109684813211
 10
80.04233673109808
 20
54.7545668481321
 10
80.06135173109809
 20
55.14646684813211
 10
80.18114973109808
 20
55.5200968481321
 10
80.39356673109809
 20
55.84997684813211
 10
80.68412473109807
 20
56.1136468481321
 10
81.03303473109809
 20
56.29313684813211
 10
81.41649473109808
 20
56.37619684813211
 10
81.80840473109808
 20
56.3571868481321
 10
82.1820247310981
 20
56.2373868481321
 10
82.51191473109809
 20
56.0249668481321
 10
82.77558473109809
 20
55.73440684813211
 10
82.95506473109808
 20
55.38550684813211
 10
83.03813473109808
 20
55.00203684813211
 10
83.01911473109809
 20
54.6101368481321
 10
82.89932473109809
 20
54.23646684813211
 10
82.68690473109808
 20
53.9066668481321
 10
82.39634473109807
 20
53.6429668481321
 10
82.04743473109809
 20
53.46346684813211
 10
81.66397473109809
 20
53.38036684813211
 10
81.27207473109809
 20
53.3994668481321
 10
80.89844473109808
 20
53.5191668481321
 10
80.56855473109809
 20
53.7316668481321
 10
80.30488573109808
 20
54.0221668481321
  0
LWPOLYLINE
  5
1BCE
330
1F
100
AcDbEntity
  8
0
100
AcDbPolyline
 90
        4
 70
     1
 43
0.0
 10
87.7283647310981
 20
52.86356684813211
 10
87.7283647310981
 20
52.5115668481321
 10
86.87236473109809
 20
52.5115668481321
 10
86.87236473109809
 20
52.86356684813211
  0
LWPOLYLINE
  5
1BCF
330
1F
100
AcDbEntity
  8
0
100
AcDbPolyline
 90
        4
 70
     1
 43
0.0
 10
86.27119473109809
 20
51.31956684813211
 10
86.27119473109809
 20
52.7725668481321
 10
86.57619473109809
 20
52.7725668481321
 10
86.57619473109809
 20
51.31956684813211
  0
LWPOLYLINE
  5
1BD0
330
1F
100
AcDbEntity
  8
0
100
AcDbPolyline
 90
        4
 70
     1
 43
0.0
 10
86.76433473109808
 20
52.18006684813211
 10
86.76433473109808
 20
52.4340668481321
 10
87.88133473109809
 20
52.4340668481321
 10
87.88133473109809
 20
52.18006684813211
  0
LWPOLYLINE
  5
1BD1
330
1F
100
AcDbEntity
  8
0
100
AcDbPolyline
 90
        4
 70
     1
 43
0.0
 10
86.81280473109808
 20
51.6884668481321
 10
87.48105473109808
 20
51.6884668481321
 10
87.48105473109808
 20
51.27546684813211
 10
86.81280473109808
 20
51.27546684813211
  0
LWPOLYLINE
  5
1BD2
330
1F
100
AcDbEntity
  8
0
100
AcDbPolyline
 90
       24
 70
     1
 43
0.0
 10
87.26854473109808
 20
53.5878668481321
 10
87.5801647310981
 20
53.41016684813211
 10
87.83518473109809
 20
53.15796684813211
 10
88.01623473109808
 20
52.8483668481321
 10
88.11097473109809
 20
52.5023668481321
 10
88.11294473109809
 20
52.1436668481321
 10
88.02201473109809
 20
51.79676684813211
 10
87.84438473109808
 20
51.48516684813211
 10
87.5921547310981
 20
51.2300668481321
 10
87.28251473109809
 20
51.0490668481321
 10
86.93657473109809
 20
50.95426684813211
 10
86.57788473109809
 20
50.9523668481321
 10
86.2309247310981
 20
51.0432668481321
 10
85.9193047310981
 20
51.2208668481321
 10
85.66428473109809
 20
51.47316684813211
 10
85.48323473109809
 20
51.7827668481321
 10
85.38849473109809
 20
52.1286668481321
 10
85.38652473109809
 20
52.48736684813211
 10
85.47744473109808
 20
52.8343668481321
 10
85.65507473109809
 20
53.1459668481321
 10
85.90730473109809
 20
53.40096684813211
 10
86.2169447310981
 20
53.58206684813211
 10
86.56289473109808
 20
53.67676684813211
 10
86.92157473109809
 20
53.67876684813211
  0
LWPOLYLINE
  5
1BD3
330
1F
100
AcDbEntity
  8
0
100
AcDbPolyline
 90
        4
 70
     0
 43
0.0
 10
60.45534473109808
 20
61.57058684813211
 10
60.55154473109809
 20
61.47104684813212
 10
60.50934473109808
 20
62.17933684813211
 10
60.62194473109808
 20
62.26438684813212
  0
LWPOLYLINE
  5
1BD4
330
1F
100
AcDbEntity
  8
0
100
AcDbPolyline
 90
       12
 70
     0
 43
0.0
 10
60.54474473109808
 20
62.36939684813211
 10
60.40414473109809
 20
62.26310684813212
 10
60.29934473109808
 20
62.12824684813212
 10
60.23764473109808
 20
61.97400684813212
 10
60.22314473109808
 20
61.81088684813212
 10
60.25684473109809
 20
61.65001684813212
 10
60.33654473109808
 20
61.50235684813211
 10
60.36454473109808
 20
61.81746684813212
 10
60.39154473109809
 20
61.68874684813212
 10
60.45534473109808
 20
61.57058684813211
 10
60.42554473109808
 20
62.07141684813212
 10
60.50934473109808
 20
62.17933684813211
  0
LWPOLYLINE
  5
1BD5
330
1F
100
AcDbEntity
  8
0
100
AcDbPolyline
 90
       12
 70
     0
 43
0.0
 10
60.60834473109808
 20
61.28535684813211
 10
60.45584473109808
 20
61.37800684813212
 10
60.33564473109809
 20
61.50239684813211
 10
60.25594473109809
 20
61.65005684813213
 10
60.22224473109808
 20
61.81092684813211
 10
60.23674473109807
 20
61.97404684813212
 10
60.29844473109807
 20
62.12828684813211
 10
60.40324473109809
 20
62.26314684813211
 10
60.54384473109808
 20
62.36942684813211
 10
60.71084473109808
 20
62.43989684813211
 10
60.89274473109808
 20
62.46974684813213
 10
60.89350579275925
 20
62.46969404819031
  0
LWPOLYLINE
  5
1BD6
330
1F
100
AcDbEntity
  8
0
100
AcDbPolyline
 90
        4
 70
     0
 43
0.0
 10
61.95595239379081
 20
52.29986684813212
 10
62.05544473109808
 20
51.29716684813211
 10
62.78474473109808
 20
63.43663184813212
 10
61.63843866116653
 20
61.87774054160058
  0
LWPOLYLINE
  5
1BD7
330
1F
100
AcDbEntity
  8
0
100
AcDbPolyline
 90
        4
 70
     0
 43
0.0
 10
60.22224473109808
 20
61.81092684813211
 10
59.09314473109809
 20
63.43663184813212
 10
59.86154473109809
 20
51.29716684813211
 10
60.25594473109809
 20
61.65005684813213
  0
LWPOLYLINE
  5
1BD8
330
1F
100
AcDbEntity
  8
0
100
AcDbPolyline
 90
        4
 70
     0
 43
0.0
 10
62.1995400148683
 20
51.29716684813211
 10
62.05544473109808
 20
51.29716684813211
 10
59.86154473109809
 20
51.29716684813211
 10
59.7067873618651
 20
51.29716684813211
  0
LWPOLYLINE
  5
1BD9
330
1F
100
AcDbEntity
  8
0
100
AcDbPolyline
 90
        4
 70
     1
 43
0.0
 10
82.27963473109808
 20
53.8266668481321
 10
82.17563473109809
 20
53.8266668481321
 10
82.17563473109809
 20
55.9016768481321
 10
82.27963473109808
 20
55.9016768481321
  0
LWPOLYLINE
  5
1BDA
330
1F
100
AcDbEntity
  8
0
100
AcDbPolyline
 90
        4
 70
     1
 43
0.0
 10
82.05246473109808
 20
53.8263668481321
 10
81.97246473109808
 20
53.8263668481321
 10
81.97246473109808
 20
55.88939684813211
 10
82.05246473109808
 20
55.88939684813211
  0
LWPOLYLINE
  5
1BDB
330
1F
100
AcDbEntity
  8
0
100
AcDbPolyline
 90
        4
 70
     1
 43
0.0
 10
81.84984473109809
 20
55.5883568481321
 10
80.54784473109808
 20
55.5883568481321
 10
80.54784473109808
 20
55.6683568481321
 10
81.84984473109809
 20
55.6683568481321
  0
LWPOLYLINE
  5
1BDC
330
1F
100
AcDbEntity
  8
0
100
AcDbPolyline
 90
        4
 70
     1
 43
0.0
 10
80.55484473109808
 20
55.7731168481321
 10
80.55484473109808
 20
55.87711684813211
 10
81.84984473109809
 20
55.87711684813211
 10
81.84984473109809
 20
55.7731168481321
  0
LWPOLYLINE
  5
1BDD
330
1F
100
AcDbEntity
  8
0
100
AcDbPolyline
 90
        4
 70
     1
 43
0.0
 10
81.90678473109809
 20
54.20836684813211
 10
81.69878473109809
 20
54.20836684813211
 10
81.69878473109809
 20
55.29932684813211
 10
81.90678473109809
 20
55.29932684813211
  0
LWPOLYLINE
  5
1BDE
330
1F
100
AcDbEntity
  8
0
100
AcDbPolyline
 90
        4
 70
     1
 43
0.0
 10
81.89870473109809
 20
54.06896684813211
 10
81.89870473109809
 20
53.8949668481321
 10
80.8837047310981
 20
53.8949668481321
 10
80.8837047310981
 20
54.06896684813211
  0
LWPOLYLINE
  5
1BDF
330
1F
100
AcDbEntity
  8
0
100
AcDbPolyline
 90
       24
 70
     1
 43
0.0
 10
80.96251473109807
 20
54.5538968481321
 10
80.9156747310981
 20
54.60794684813211
 10
80.88441473109808
 20
54.67228684813211
 10
80.87087473109809
 20
54.74251684813211
 10
80.87597473109807
 20
54.81386684813211
 10
80.89937473109808
 20
54.8814668481321
 10
80.93946473109808
 20
54.94069684813211
 10
80.99351473109809
 20
54.98754684813211
 10
81.0578547310981
 20
55.01879684813211
 10
81.12808473109808
 20
55.03233684813211
 10
81.19943473109808
 20
55.02723684813211
 10
81.2670347310981
 20
55.0038468481321
 10
81.32626473109809
 20
54.96375684813211
 10
81.37311473109809
 20
54.9097068481321
 10
81.40436473109808
 20
54.8453668481321
 10
81.41790473109809
 20
54.7751268481321
 10
81.41280473109807
 20
54.70378684813211
 10
81.38941473109808
 20
54.63618684813211
 10
81.34932473109808
 20
54.57694684813211
 10
81.29527473109808
 20
54.53010684813211
 10
81.23093473109809
 20
54.4988468481321
 10
81.16069473109808
 20
54.48530684813211
 10
81.08935473109808
 20
54.49040684813211
 10
81.02175473109808
 20
54.5138068481321
  0
LWPOLYLINE
  5
1BE0
330
1F
100
AcDbEntity
  8
0
100
AcDbPolyline
 90
        3
 70
     0
 43
0.0
 10
60.90114566050379
 20
62.3446412280345
 10
61.04794473109809
 20
62.33444684813212
 10
61.04874473109808
 20
62.33441684813211
  0
LWPOLYLINE
  5
1BE1
330
1F
100
AcDbEntity
  8
0
100
AcDbPolyline
 90
        4
 70
     0
 43
0.0
 10
60.78364473109807
 20
61.23073684813212
 10
60.60924473109808
 20
61.28531684813212
 10
60.45674473109809
 20
61.37796684813212
 10
60.33654473109808
 20
61.50235684813211
  0
LWPOLYLINE
  5
1BE2
330
1F
100
AcDbEntity
  8
0
100
AcDbPolyline
 90
        5
 70
     0
 43
0.0
 10
61.43624473109809
 20
61.61622684813212
 10
61.48564473109808
 20
61.73964684813212
 10
61.49724473109809
 20
61.87017684813212
 10
61.47024473109809
 20
61.99890684813212
 10
61.40644473109809
 20
62.11706684813211
  0
LWPOLYLINE
  5
1BE3
330
1F
100
AcDbEntity
  8
0
100
AcDbPolyline
 90
        3
 70
     0
 43
0.0
 10
62.19847031526313
 20
40.8102668481321
 10
62.05544473109807
 20
40.8102668481321
 10
59.86154473109808
 20
40.8102668481321
  0
LWPOLYLINE
  5
1BE4
330
1F
100
AcDbEntity
  8
0
100
AcDbPolyline
 90
        5
 70
     0
 43
0.0
 10
61.40654179975463
 20
62.11543544323466
 10
61.46944473109808
 20
61.99893684813212
 10
61.49644473109809
 20
61.87020684813212
 10
61.48484473109808
 20
61.73968684813211
 10
61.43613963731634
 20
61.61799312899283
  0
LWPOLYLINE
  5
1BE5
330
1F
100
AcDbEntity
  8
0
100
AcDbPolyline
 90
       14
 70
     1
 43
0.0
 10
85.57917473109808
 20
47.4436668481321
 10
78.80637972293399
 20
47.45666283199281
 10
72.72350473109807
 20
44.4060668481321
 10
67.52534473109808
 20
44.39976939326346
 10
67.52324473109807
 20
44.39976684813211
 10
67.52324473109807
 20
44.56976684813211
 10
67.52534473109808
 20
44.56976684813211
 10
69.90501915708043
 20
44.57857974501929
 10
69.90506794137331
 20
44.57857215523566
 10
72.73926473109807
 20
44.5890668481321
 10
72.74136473109809
 20
44.5890668481321
 10
78.80638773109808
 20
47.64566684813209
 10
85.58127473109809
 20
47.64566684813209
 10
85.58127473109809
 20
47.4436668481321
  0
LWPOLYLINE
  5
1BE6
330
1F
100
AcDbEntity
  8
0
100
AcDbPolyline
 90
        3
 70
     0
 43
0.0
 10
72.73926473109807
 20
44.5890668481321
 10
78.80428673109808
 20
47.64566684813209
 10
78.80638773109808
 20
47.64566684813209
  0
LWPOLYLINE
  5
1BE7
330
1F
100
AcDbEntity
  8
0
100
AcDbPolyline
 90
        8
 70
     0
 43
0.0
 10
45.64291536614997
 20
61.40334110049762
 10
44.67414473109807
 20
61.30995684813211
 10
42.70854473109807
 20
59.28064684813211
 10
42.72404473109806
 20
59.26559684813211
 10
42.70534473109806
 20
59.27610684813212
 10
40.11184473109807
 20
54.64658684813212
 10
40.10934473109806
 20
54.64217684813212
 10
39.99154473109806
 20
54.43198684813212
  0
LWPOLYLINE
  5
1BE8
330
1F
100
AcDbEntity
  8
0
100
AcDbPolyline
 90
        3
 70
     1
 43
0.0
 10
40.12804473109806
 20
54.63166684813212
 10
39.99154473109806
 20
54.43198684813212
 10
40.01034473109807
 20
54.42148684813211
  0
LWPOLYLINE
  5
1BE9
330
1F
100
AcDbEntity
  8
0
100
AcDbPolyline
 90
        6
 70
     0
 43
0.0
 10
44.47815019159158
 20
31.09265723778259
 10
44.46564473109806
 20
31.09346684813211
 10
42.57714473109806
 20
33.08946684813211
 10
42.56094473109806
 20
33.07416684813211
 10
44.44944473109806
 20
31.07816684813212
 10
44.4946270247292
 20
31.07524248589344
  0
LWPOLYLINE
  5
1BEA
330
1F
100
AcDbEntity
  8
0
100
AcDbPolyline
 90
        3
 70
     1
 43
0.0
 10
38.53644473109806
 20
43.39086684813212
 10
39.73974473109806
 20
38.58716684813212
 10
38.55774473109807
 20
43.39626684813211
  0
LWPOLYLINE
  5
1BEB
330
1F
100
AcDbEntity
  8
0
100
AcDbPolyline
 90
        7
 70
     0
 43
0.0
 10
38.56784473109807
 20
49.01436684813211
 10
38.66114473109806
 20
49.36976684813211
 10
38.66234473109806
 20
49.37456684813211
 10
39.98884473109806
 20
54.42711684813211
 10
40.01034473109807
 20
54.42148684813211
 10
38.68384473109806
 20
49.36896684813211
 10
38.68264473109807
 20
49.3641668481321
  0
LWPOLYLINE
  5
1BEC
330
1F
100
AcDbEntity
  8
0
100
AcDbPolyline
 90
       11
 70
     0
 43
0.0
 10
73.09151776466882
 20
55.16375848225713
 10
73.1095047310981
 20
55.17409684813212
 10
73.1344047310981
 20
55.18880684813211
 10
73.15676473109809
 20
55.20696684813212
 10
73.17616473109808
 20
55.22823684813212
 10
73.1922347310981
 20
55.25221684813211
 10
73.22363473109809
 20
55.30123684813212
 10
73.23417473109808
 20
55.32450684813212
 10
73.25917473109808
 20
55.39509684813211
 10
73.26400473109808
 20
55.41507684813211
 10
73.27202226834285
 20
55.45357567917384
  0
LWPOLYLINE
  5
1BEE
330
1F
100
AcDbEntity
  8
0
100
AcDbPolyline
 90
       50
 70
     0
 43
0.0
 10
73.40063513146205
 20
55.75492684813212
 10
73.40019473109808
 20
55.75822684813211
 10
73.3934447310981
 20
55.78618684813211
 10
73.38888473109808
 20
55.79854684813211
 10
73.3792047310981
 20
55.82213684813211
 10
73.37166473109809
 20
55.83612684813211
 10
73.36229473109809
 20
55.84899684813211
 10
73.34898473109809
 20
55.86598684813211
 10
73.33696473109807
 20
55.87877684813211
 10
73.32350473109809
 20
55.88996684813211
 10
73.30876473109808
 20
55.89943684813212
 10
73.29294473109809
 20
55.90704684813212
 10
73.27626473109808
 20
55.91269684813212
 10
73.2726923930074
 20
55.91386553883969
 10
73.25847473109809
 20
55.91851684813212
 10
73.2408447310981
 20
55.92223684813212
 10
73.23484337497037
 20
55.92277022746376
 10
73.2229547310981
 20
55.92382684813212
 10
73.21249487993677
 20
55.92350016008692
 10
73.20502473109809
 20
55.92326684813212
 10
73.18729473109809
 20
55.92056684813211
 10
73.16952473109807
 20
55.91035684813212
 10
73.15312473109809
 20
55.88474684813212
 10
73.13922473109809
 20
55.84550684813211
 10
73.12877473109809
 20
55.79528684813212
 10
73.12246473109809
 20
55.73753684813212
 10
73.12075473109809
 20
55.67616684813212
 10
73.1237447310981
 20
55.61536684813212
 10
73.13122473109809
 20
55.55928684813211
 10
73.14270473109809
 20
55.51174684813211
 10
73.15738473109809
 20
55.47597684813212
 10
73.17426473109809
 20
55.45442684813211
 10
73.19221473109809
 20
55.44856684813211
 10
73.20999473109809
 20
55.44586684813212
 10
73.22793473109808
 20
55.44530684813211
 10
73.2457947310981
 20
55.44689684813212
 10
73.2633447310981
 20
55.45061684813212
 10
73.27202226834285
 20
55.45357567917384
 10
73.2803547310981
 20
55.45641684813212
 10
73.29659473109808
 20
55.46421684813211
 10
73.31319473109809
 20
55.47375684813212
 10
73.32773473109809
 20
55.48304684813211
 10
73.34096473109809
 20
55.49402684813212
 10
73.35272473109808
 20
55.50656684813212
 10
73.36284473109808
 20
55.52050684813212
 10
73.37475473109808
 20
55.53910684813211
 10
73.38201473109808
 20
55.55253684813211
 10
73.38731473109809
 20
55.56685684813211
 10
73.39549473109809
 20
55.58993684813212
 10
73.40054275955337
 20
55.61420684813212
  0
LWPOLYLINE
  5
1BF2
330
1F
100
AcDbEntity
  8
0
100
AcDbPolyline
 90
       31
 70
     1
 43
0.0
 10
73.3475947310981
 20
55.71757684813212
 10
73.3507147310981
 20
55.73254684813211
 10
73.35486473109809
 20
55.74424684813211
 10
73.35974473109809
 20
55.75187684813212
 10
73.36504473109809
 20
55.75492684813212
 10
73.38072146377136
 20
55.75492684813212
 10
73.39307110424542
 20
55.75492684813212
 10
73.40063513146205
 20
55.75492684813212
 10
73.42591473109809
 20
55.75492684813212
 10
73.42061473109808
 20
55.75187684813212
 10
73.4157247310981
 20
55.74424684813211
 10
73.41158473109809
 20
55.73254684813211
 10
73.40846473109809
 20
55.71757684813212
 10
73.40658473109809
 20
55.70035684813212
 10
73.40630851585439
 20
55.69044559526982
 10
73.4060747310981
 20
55.68205684813211
 10
73.4069647310981
 20
55.66393684813212
 10
73.4091947310981
 20
55.64721684813211
 10
73.41262473109809
 20
55.63304684813211
 10
73.4169947310981
 20
55.62237684813212
 10
73.42203473109808
 20
55.61595684813212
 10
73.42738473109808
 20
55.61420684813212
 10
73.40054275955337
 20
55.61420684813212
 10
73.36651473109808
 20
55.61420684813212
 10
73.36116473109808
 20
55.61595684813212
 10
73.35612473109809
 20
55.62237684813212
 10
73.35175473109808
 20
55.63304684813211
 10
73.34833473109809
 20
55.64721684813211
 10
73.34610473109808
 20
55.66393684813212
 10
73.34520473109808
 20
55.68205684813211
 10
73.34572473109808
 20
55.70035684813212
  0
LWPOLYLINE
  5
1BF8
330
1F
100
AcDbEntity
  8
0
100
AcDbPolyline
 90
        4
 70
     0
 43
0.0
 10
46.644034024731
 20
60.04530038214085
 10
46.60794473109807
 20
60.02503684813212
 10
46.40064473109807
 20
60.23077684813212
 10
45.89097721754779
 20
60.786754110953
  0
LWPOLYLINE
  5
1BF9
330
1F
100
AcDbEntity
  8
0
100
AcDbPolyline
 90
        4
 70
     0
 43
0.0
 10
41.81565491727627
 20
39.46282846972956
 10
41.80764473109806
 20
39.43856684813211
 10
41.52624473109806
 20
39.36126684813212
 10
40.88133731108277
 20
39.2037473045617
  0
LWPOLYLINE
  5
1BFA
330
1F
100
AcDbEntity
  8
0
100
AcDbPolyline
 90
        4
 70
     0
 43
0.0
 10
41.89978963444755
 20
39.16123073808491
 10
41.89184473109806
 20
39.13716684813211
 10
41.61044473109806
 20
39.05986684813212
 10
40.97101462889248
 20
38.9036851471335
  0
LWPOLYLINE
  5
1BFB
330
1F
100
AcDbEntity
  8
0
100
AcDbPolyline
 90
        5
 70
     0
 43
0.0
 10
40.96970124708803
 20
52.02029408625683
 10
41.58674473109806
 20
51.84016684813212
 10
41.86904473109807
 20
51.76636684813211
 10
41.79134473109806
 20
51.46326684813211
 10
41.80965124686578
 20
51.47964636224007
  0
LWPOLYLINE
  5
1BFC
330
1F
100
AcDbEntity
  8
0
100
AcDbPolyline
 90
        3
 70
     0
 43
0.0
 10
41.79134473109806
 20
51.46326684813211
 10
41.50904473109807
 20
51.53706684813212
 10
40.8969500607474
 20
51.71572633179962
  0
LWPOLYLINE
  5
1BFD
330
1F
100
AcDbEntity
  8
0
100
AcDbPolyline
 90
        3
 70
     0
 43
0.0
 10
41.8875703974447
 20
51.78287560725553
 10
41.86904473109807
 20
51.76636684813211
 10
41.82968391237472
 20
51.5576802432027
  0
LWPOLYLINE
  5
1BFE
330
1F
100
AcDbEntity
  8
0
100
AcDbPolyline
 90
       16
 70
     0
 43
0.0
 10
72.617853594541
 20
56.26718684813212
 10
72.66119473109807
 20
56.47529684813211
 10
72.6900847310981
 20
56.59689684813212
 10
72.73126473109809
 20
56.71502684813212
 10
72.772828524476
 20
56.83237684813212
 10
72.82026473109809
 20
56.96630684813211
 10
72.82130047280208
 20
56.96863538051855
 10
72.86628066507602
 20
57.06975888848953
 10
72.88340473109809
 20
57.10825684813212
 10
72.91862094934124
 20
57.17260596844107
 10
72.95802473109808
 20
57.24460684813212
 10
73.08580473109808
 20
57.44412684813212
 10
73.18222473109809
 20
57.59088684813211
 10
73.28886473109808
 20
57.72997684813212
 10
73.40522473109809
 20
57.86076684813212
 10
73.5307947310981
 20
57.98268684813212
  0
LWPOLYLINE
  5
1BFF
330
1F
100
AcDbEntity
  8
0
100
AcDbPolyline
 90
       13
 70
     0
 43
0.0
 10
73.54120473109809
 20
57.86647684813211
 10
73.38275473109809
 20
57.61905684813211
 10
73.24843473109808
 20
57.23980684813211
 10
73.1473847310981
 20
56.75456684813211
 10
73.08790450001123
 20
56.20933953689672
 10
73.08649473109809
 20
56.19641684813211
 10
73.0699147310981
 20
55.60337684813212
 10
73.09151776466882
 20
55.16375848225713
 10
73.09878473109808
 20
55.01587684813212
 10
73.17112473109808
 20
54.47393684813212
 10
73.28200473109808
 20
54.01446684813212
 10
73.42387473109809
 20
53.66886684813212
 10
73.58706473109808
 20
53.46066684813211
  0
LWPOLYLINE
  5
1C00
330
1F
100
AcDbEntity
  8
0
100
AcDbPolyline
 90
        7
 70
     0
 43
0.0
 10
72.99118473109809
 20
54.05906684813211
 10
73.07971473109808
 20
53.92346684813212
 10
73.17886473109808
 20
53.79496684813211
 10
73.19310278640106
 20
53.77679932038248
 10
73.33184473109809
 20
53.59976684813211
 10
73.45095473109807
 20
53.46646684813212
 10
73.57909473109808
 20
53.34216684813211
  0
LWPOLYLINE
  5
1C01
330
1F
100
AcDbEntity
  8
0
100
AcDbPolyline
 90
        3
 70
     0
 43
0.0
 10
72.38888473109809
 20
55.42405684813211
 10
72.54984473109809
 20
55.42405684813211
 10
72.54984473109809
 20
55.98180684813211
  0
LWPOLYLINE
  5
1C02
330
1F
100
AcDbEntity
  8
0
100
AcDbPolyline
 90
       17
 70
     0
 43
0.0
 10
71.2053147310981
 20
57.21195684813212
 10
70.8487447310981
 20
56.94775684813212
 10
70.57269473109809
 20
56.60027684813211
 10
70.39599473109809
 20
56.19317684813212
 10
70.33067473109809
 20
55.75422684813212
 10
70.38119473109808
 20
55.31331684813211
 10
70.54410473109808
 20
54.90051684813212
 10
70.72288314880828
 20
54.65922688527404
 10
70.80830473109809
 20
54.54393684813211
 10
71.13884298085276
 20
54.28133448659719
 10
71.14034050893718
 20
54.28014474709887
 10
71.1557947310981
 20
54.26786684813212
 10
71.56288473109808
 20
54.09116684813211
 10
72.00184473109809
 20
54.02586684813211
 10
72.44274473109808
 20
54.07636684813212
 10
72.85555473109809
 20
54.23926684813211
 10
72.88639199968023
 20
54.26211826994959
  0
LWPOLYLINE
  5
1C03
330
1F
100
AcDbEntity
  8
0
100
AcDbPolyline
 90
       19
 70
     0
 43
0.0
 10
72.86628066507602
 20
57.06975888848953
 10
72.84639473109809
 20
57.08555684813212
 10
72.46661473109809
 20
57.25039684813212
 10
72.05711473109809
 20
57.31133684813212
 10
71.64579473109808
 20
57.26420684813211
 10
71.26068473109808
 20
57.11222684813211
 10
70.92803473109808
 20
56.86575684813211
 10
70.67051473109808
 20
56.54158684813212
 10
70.50566473109808
 20
56.16180684813212
 10
70.44473473109809
 20
55.75230684813211
 10
70.49185473109808
 20
55.34098684813211
 10
70.64383473109808
 20
54.95587684813211
 10
70.89031473109809
 20
54.62322684813211
 10
71.21448473109808
 20
54.36570684813212
 10
71.59425473109809
 20
54.20086684813211
 10
72.00376473109809
 20
54.13996684813211
 10
72.41508473109809
 20
54.18706684813211
 10
72.80018473109809
 20
54.33902684813212
 10
72.83961642160349
 20
54.36824411275191
  0
LWPOLYLINE
  5
1C04
330
1F
100
AcDbEntity
  8
0
100
AcDbPolyline
 90
        3
 70
     0
 43
0.0
 10
71.27971473109809
 20
55.26376684813211
 10
71.27971473109809
 20
55.42405684813211
 10
71.41972473109809
 20
55.42405684813211
  0
LWPOLYLINE
  5
1C05
330
1F
100
AcDbEntity
  8
0
100
AcDbPolyline
 90
        3
 70
     0
 43
0.0
 10
72.74901279652969
 20
54.59105684813212
 10
71.27971473109809
 20
54.59105684813212
 10
71.27971473109809
 20
55.09637684813212
  0
LWPOLYLINE
  5
1C06
330
1F
100
AcDbEntity
  8
0
100
AcDbPolyline
 90
        3
 70
     0
 43
0.0
 10
71.30871473109809
 20
56.26718684813212
 10
71.30871473109809
 20
56.83237684813212
 10
72.772828524476
 20
56.83237684813212
  0
LWPOLYLINE
  5
1C07
330
1F
100
AcDbEntity
  8
0
100
AcDbPolyline
 90
        3
 70
     0
 43
0.0
 10
71.30871473109809
 20
56.09979684813211
 10
71.30871473109809
 20
55.99937684813212
 10
71.41972473109809
 20
55.99937684813212
  0
LWPOLYLINE
  5
1C08
330
1F
100
AcDbEntity
  8
0
100
AcDbPolyline
 90
        3
 70
     0
 43
0.0
 10
80.68256473109808
 20
28.2690668481321
 10
80.68255473109809
 20
28.3143668481321
 10
80.40502273109808
 20
29.21666684813209
  0
LWPOLYLINE
  5
1C09
330
1F
100
AcDbEntity
  8
0
100
AcDbPolyline
 90
        4
 70
     0
 43
0.0
 10
80.39779373988775
 20
29.21666684813209
 10
80.37814173109808
 20
29.28676684813209
 10
80.36014173109808
 20
29.28676684813209
 10
80.37979373988774
 20
29.21666684813209
  0
LWPOLYLINE
  5
1C0A
330
1F
100
AcDbEntity
  8
0
100
AcDbPolyline
 90
        3
 70
     0
 43
0.0
 10
80.65024881725996
 20
28.2690668481321
 10
80.65565473109808
 20
28.2496668481321
 10
80.65564242665834
 20
28.2690668481321
  0
LWPOLYLINE
  5
1C0B
330
1F
100
AcDbEntity
  8
0
100
AcDbPolyline
 90
        4
 70
     0
 43
0.0
 10
80.64156855494454
 20
28.26433075505931
 10
80.64565473109809
 20
28.2496668481321
 10
80.64564473109809
 20
28.26486684813209
 10
80.64445628014969
 20
28.2690668481321
  0
LWPOLYLINE
  5
1C0C
330
1F
100
AcDbEntity
  8
0
100
AcDbPolyline
 90
        3
 70
     0
 43
0.0
 10
77.32146473109809
 20
25.24966237703875
 10
77.32146473109809
 20
25.15236684813209
 10
77.32146473109809
 20
25.14367835570178
  0
LWPOLYLINE
  5
1C0D
330
1F
100
AcDbEntity
  8
0
100
AcDbPolyline
 90
        3
 70
     0
 43
0.0
 10
77.33546473109808
 20
25.11134544591806
 10
77.51116473109809
 20
25.15876684813209
 10
77.51116473109809
 20
25.19086684813209
  0
LWPOLYLINE
  5
1C0E
330
1F
100
AcDbEntity
  8
0
100
AcDbPolyline
 90
        4
 70
     0
 43
0.0
 10
80.10441966788633
 20
29.32075525356486
 10
80.10441973109809
 20
29.31706684813209
 10
77.67517473109808
 20
29.95706684813209
 10
77.67517473109808
 20
30.06466684813209
  0
LWPOLYLINE
  5
1C0F
330
1F
100
AcDbEntity
  8
0
100
AcDbPolyline
 90
        3
 70
     0
 43
0.0
 10
77.67517473109808
 20
30.15210985685646
 10
77.68090473109808
 20
30.1508668481321
 10
77.68917473109809
 20
30.14863900054233
  0
LWPOLYLINE
  5
1C10
330
1F
100
AcDbEntity
  8
0
100
AcDbPolyline
 90
        3
 70
     0
 43
0.0
 10
77.67525064898302
 20
30.16117696397901
 10
77.68088473109807
 20
30.1602668481321
 10
77.68090473109808
 20
30.1508668481321
  0
LWPOLYLINE
  5
1C11
330
1F
100
AcDbEntity
  8
0
100
AcDbPolyline
 90
        3
 70
     0
 43
0.0
 10
77.68089473109808
 20
30.19166684813209
 10
77.68088473109807
 20
30.1602668481321
 10
77.6752997200804
 20
30.16144205085125
  0
LWPOLYLINE
  5
1C12
330
1F
100
AcDbEntity
  8
0
100
AcDbPolyline
 90
        4
 70
     0
 43
0.0
 10
77.5111754122496
 20
29.99571100872727
 10
77.51117473109809
 20
29.9920668481321
 10
76.38482473109809
 20
30.2852668481321
 10
76.23342473109808
 20
30.3017698951887
  0
LWPOLYLINE
  5
1C13
330
1F
100
AcDbEntity
  8
0
100
AcDbPolyline
 90
        8
 70
     1
 43
0.0
 10
66.82004473109808
 20
38.9750668481321
 10
67.00754442040352
 20
38.1448668481321
 10
67.00204473109808
 20
38.1529668481321
 10
66.73924473109806
 20
37.96526684813211
 10
66.54104473109808
 20
38.2877668481321
 10
66.90819516809373
 20
38.56802956170933
 10
66.90824447793755
 20
38.56806684813211
 10
66.81254473109809
 20
38.98596698082554
  0
LWPOLYLINE
  5
1C14
330
1F
100
AcDbEntity
  8
0
100
AcDbPolyline
 90
        3
 70
     0
 43
0.0
 10
66.59504473109809
 20
38.19876684813209
 10
66.60084473109808
 20
38.19006684813209
 10
66.600534469868
 20
38.18982791132273
  0
LWPOLYLINE
  5
1C15
330
1F
100
AcDbEntity
  8
0
100
AcDbPolyline
 90
        3
 70
     0
 43
0.0
 10
66.82004473109808
 20
38.9750668481321
 10
66.63244473109807
 20
39.80526684813209
 10
66.62504473109809
 20
39.8161668481321
  0
LWPOLYLINE
  5
1C16
330
1F
100
AcDbEntity
  8
0
100
AcDbPolyline
 90
        3
 70
     0
 43
0.0
 10
66.90014473109808
 20
38.5799668481321
 10
66.90824447793755
 20
38.56806684813211
 10
67.00204473109808
 20
38.1529668481321
  0
LWPOLYLINE
  5
1C18
330
1F
100
AcDbEntity
  8
0
100
AcDbPolyline
 90
        3
 70
     0
 43
0.0
 10
67.11964473109808
 20
39.1064668481321
 10
67.25474473109807
 20
37.88176684813211
 10
67.20212811440356
 20
37.84599859688832
  0
LWPOLYLINE
  5
1C19
330
1F
100
AcDbEntity
  8
0
100
AcDbPolyline
 90
        3
 70
     0
 43
0.0
 10
76.4005519703838
 20
30.17831515045323
 10
76.38649473109808
 20
30.18186684813209
 10
76.40055331322921
 20
30.17823182689607
  0
LWPOLYLINE
  5
1C1A
330
1F
100
AcDbEntity
  8
0
100
AcDbPolyline
 90
        3
 70
     0
 43
0.0
 10
80.94556591814207
 20
43.11180717032651
 10
80.94557473109809
 20
43.1101668481321
 10
81.20870363043882
 20
43.11612472063704
  0
LWPOLYLINE
  5
1C1B
330
1F
100
AcDbEntity
  8
0
100
AcDbPolyline
 90
        6
 70
     0
 43
0.0
 10
71.69679473109808
 20
39.8267668481321
 10
72.17941473109809
 20
39.4029668481321
 10
71.22564473109807
 20
38.3149668481321
 10
71.21243473109808
 20
38.3233668481321
 10
70.97487473109808
 20
38.5319668481321
 10
71.74579473109807
 20
39.4114668481321
  0
LWPOLYLINE
  5
1C1C
330
1F
100
AcDbEntity
  8
0
100
AcDbPolyline
 90
        5
 70
     0
 43
0.0
 10
71.53605808170424
 20
39.59560112935149
 10
71.53596474099758
 20
39.5956668481321
 10
71.68358473109808
 20
39.8351668481321
 10
71.69679473109808
 20
39.8267668481321
 10
71.54916473109807
 20
39.5872668481321
  0
LWPOLYLINE
  5
1C1D
330
1F
100
AcDbEntity
  8
0
100
AcDbPolyline
 90
        3
 70
     0
 43
0.0
 10
70.83423473109808
 20
39.0134668481321
 10
70.89146473109808
 20
39.07486684813211
 10
71.32150473109809
 20
39.52526684813211
  0
LWPOLYLINE
  5
1C1E
330
1F
100
AcDbEntity
  8
0
100
AcDbPolyline
 90
        3
 70
     0
 43
0.0
 10
69.65990052896535
 20
39.35022489771197
 10
70.24312473109808
 20
38.83906684813211
 10
69.98033794808562
 20
38.53855689242287
  0
LWPOLYLINE
  5
1C1F
330
1F
100
AcDbEntity
  8
0
100
AcDbPolyline
 90
        3
 70
     0
 43
0.0
 10
70.26316044460057
 20
38.82747174207776
 10
70.25685473109809
 20
38.8311668481321
 10
69.98055714148574
 20
38.53836479990309
  0
LWPOLYLINE
  5
1C20
330
1F
100
AcDbEntity
  8
0
100
AcDbPolyline
 90
        7
 70
     0
 43
0.0
 10
69.00214473109807
 20
38.98846684813211
 10
69.14724473109808
 20
39.0982668481321
 10
69.15204473109807
 20
39.09546684813211
 10
70.24356473109808
 20
37.6457668481321
 10
70.14435473109807
 20
37.4750668481321
 10
69.00694473109808
 20
38.9856668481321
 10
69.15204473109807
 20
39.09546684813211
  0
LWPOLYLINE
  5
1C21
330
1F
100
AcDbEntity
  8
0
100
AcDbPolyline
 90
        3
 70
     0
 43
0.0
 10
70.16668257987877
 20
40.01633205481518
 10
71.01360473109808
 20
40.2440668481321
 10
71.00412473109807
 20
40.2440668481321
  0
LWPOLYLINE
  5
1C22
330
1F
100
AcDbEntity
  8
0
100
AcDbPolyline
 90
        8
 70
     0
 43
0.0
 10
55.12044473109808
 20
61.55751684813211
 10
55.11854473109807
 20
61.56448684813212
 10
56.71214473109808
 20
62.22723684813211
 10
57.47894473109808
 20
60.19484684813212
 10
55.86474473109808
 20
59.58664684813212
 10
55.86664473109808
 20
59.57968684813212
 10
57.48084473109808
 20
60.18788684813212
 10
56.12124635890254
 20
59.29290083400569
  0
LWPOLYLINE
  5
1C23
330
1F
100
AcDbEntity
  8
0
100
AcDbPolyline
 90
        3
 70
     0
 43
0.0
 10
54.39153782470627
 20
60.60353312542086
 10
55.02254473109807
 20
60.97260684813212
 10
56.2622040289694
 20
57.7883121963978
  0
LWPOLYLINE
  5
1C24
330
1F
100
AcDbEntity
  8
0
100
AcDbPolyline
 90
        8
 70
     0
 43
0.0
 10
55.35604473109808
 20
55.78825684813211
 10
55.36624473109807
 20
55.77101684813211
 10
54.81454473109808
 20
55.44276684813212
 10
54.80424473109808
 20
55.45999684813211
 10
54.35154473109808
 20
56.22091684813211
 10
54.90334473109808
 20
56.54916684813212
 10
55.35604473109808
 20
55.78825684813211
 10
54.80424473109808
 20
55.45999684813211
  0
LWPOLYLINE
  5
1C25
330
1F
100
AcDbEntity
  8
0
100
AcDbPolyline
 90
        9
 70
     0
 43
0.0
 10
54.56754473109808
 20
57.25474684813212
 10
55.40774473109808
 20
57.61801684813212
 10
56.02024473109808
 20
56.11057684813212
 10
56.02764473109807
 20
56.09819684813211
 10
55.62384473109807
 20
55.93385684813211
 10
54.57494473109807
 20
57.24235684813212
 10
54.56754473109808
 20
57.25474684813212
 10
55.61644473109808
 20
55.94624684813211
 10
55.62384473109807
 20
55.93385684813211
  0
LWPOLYLINE
  5
1C26
330
1F
100
AcDbEntity
  8
0
100
AcDbPolyline
 90
        4
 70
     0
 43
0.0
 10
56.66834473109808
 20
56.74510684813212
 10
56.66314473109808
 20
56.76394684813211
 10
56.30254473109808
 20
56.62368684813212
 10
55.90344473109809
 20
57.64880684813212
  0
LWPOLYLINE
  5
1C27
330
1F
100
AcDbEntity
  8
0
100
AcDbPolyline
 90
        3
 70
     0
 43
0.0
 10
54.55030048590457
 20
34.82822726447589
 10
54.07974473109807
 20
35.10406684813212
 10
54.25035321053385
 20
35.642292600229
  0
LWPOLYLINE
  5
1C28
330
1F
100
AcDbEntity
  8
0
100
AcDbPolyline
 90
        5
 70
     0
 43
0.0
 10
53.64974473109807
 20
34.29216684813211
 10
53.63754473109807
 20
34.27226684813211
 10
54.15024473109807
 20
33.99896684813211
 10
53.64974473109807
 20
34.29216684813211
 10
54.16234473109807
 20
34.01876684813212
  0
LWPOLYLINE
  5
1C29
330
1F
100
AcDbEntity
  8
0
100
AcDbPolyline
 90
        3
 70
     0
 43
0.0
 10
55.35034473109806
 20
35.7292668481321
 10
55.32944473109807
 20
35.69516684813209
 10
54.34244473109806
 20
36.2985668481321
  0
LWPOLYLINE
  5
1C2A
330
1F
100
AcDbEntity
  8
0
100
AcDbPolyline
 90
        3
 70
     0
 43
0.0
 10
54.56324473109807
 20
34.37706684813209
 10
54.57814473109807
 20
34.4013668481321
 10
54.82998563055116
 20
34.81336684813968
  0
LWPOLYLINE
  5
1C2B
330
1F
100
AcDbEntity
  8
0
100
AcDbPolyline
 90
       15
 70
     0
 43
0.0
 10
53.57144473109807
 20
34.92596684813211
 10
53.15804473109807
 20
35.17866684813211
 10
53.17364473109806
 20
35.20416684813212
 10
53.58704473109807
 20
34.95146684813212
 10
53.57144473109807
 20
34.92596684813211
 10
53.54527753849709
 20
34.8831052069628
 10
53.48794473109807
 20
34.78926684813212
 10
54.61264473109807
 20
34.08866684813209
 10
54.61844473109806
 20
34.0982668481321
 10
53.48794473109807
 20
34.78926684813212
 10
53.48214473109807
 20
34.77976684813211
 10
54.61264473109807
 20
34.08866684813209
 10
53.79944473109807
 20
32.75836684813211
 10
52.66894473109807
 20
33.44946684813211
 10
52.65914473109807
 20
33.43356684813212
  0
LWPOLYLINE
  5
1C2C
330
1F
100
AcDbEntity
  8
0
100
AcDbPolyline
 90
       13
 70
     0
 43
0.0
 10
55.20424473109807
 20
33.6616668481321
 10
55.20084473109807
 20
33.6496668481321
 10
55.57772368486717
 20
33.54172437871198
 10
55.50814306930142
 20
33.29882664581291
 10
55.50012973365664
 20
33.27085303498389
 10
55.2713615001939
 20
32.47225007903685
 10
55.18096614890989
 20
32.15669055555502
 10
55.17534473109807
 20
32.13706684813209
 10
55.17382660838292
 20
32.13750189433796
 10
55.17377583021026
 20
32.13751644576462
 10
54.52314473109807
 20
32.32396684813209
 10
54.52864473109807
 20
32.3432668481321
 10
54.5286707873809
 20
32.34325938122124
  0
LWPOLYLINE
  5
1C2D
330
1F
100
AcDbEntity
  8
0
100
AcDbPolyline
 90
        4
 70
     0
 43
0.0
 10
54.99442944029524
 20
33.75681346932952
 10
54.98894473109807
 20
33.73766684813209
 10
55.20804473109807
 20
33.6748668481321
 10
54.99504508550538
 20
33.75663637499819
  0
LWPOLYLINE
  5
1C2E
330
1F
100
AcDbEntity
  8
0
100
AcDbPolyline
 90
        3
 70
     0
 43
0.0
 10
55.08438821980012
 20
32.52618303641817
 10
55.08444473109808
 20
32.52616684813209
 10
55.08034473109807
 20
32.51206684813209
  0
LWPOLYLINE
  5
1C2F
330
1F
100
AcDbEntity
  8
0
100
AcDbPolyline
 90
        3
 70
     0
 43
0.0
 10
55.59908733017056
 20
33.56938305000679
 10
55.59914473109807
 20
33.56936684813209
 10
55.59014473109807
 20
33.53816684813209
  0
LWPOLYLINE
  5
1C30
330
1F
100
AcDbEntity
  8
0
100
AcDbPolyline
 90
        3
 70
     0
 43
0.0
 10
55.40774473109808
 20
57.61801684813212
 10
55.41514473109807
 20
57.60562684813211
 10
56.02764473109807
 20
56.09819684813211
  0
LWPOLYLINE
  5
1C31
330
1F
100
AcDbEntity
  8
0
100
AcDbPolyline
 90
        7
 70
     0
 43
0.0
 10
57.08714473109807
 20
56.71158684813211
 10
57.08804473109807
 20
56.70580684813212
 10
58.18774473109808
 20
52.65156684813211
 10
58.18684473109808
 20
52.65736684813211
 10
57.08714473109807
 20
56.71158684813211
 10
58.19064473109808
 20
57.21706684813211
 10
58.56514473109807
 20
52.75976684813212
  0
LWPOLYLINE
  5
1C32
330
1F
100
AcDbEntity
  8
0
100
AcDbPolyline
 90
        3
 70
     0
 43
0.0
 10
59.57773192959659
 20
66.35957684813212
 10
59.57844473109808
 20
66.36045684813211
 10
59.57840116325486
 20
66.35957684813212
  0
LWPOLYLINE
  5
1C33
330
1F
100
AcDbEntity
  8
0
100
AcDbPolyline
 90
        3
 70
     0
 43
0.0
 10
59.04374473109808
 20
66.35957684813212
 10
59.03824473109808
 20
66.36045684813211
 10
59.03818768607171
 20
66.35964259678579
  0
LWPOLYLINE
  5
1C34
330
1F
100
AcDbEntity
  8
0
100
AcDbPolyline
 90
        3
 70
     0
 43
0.0
 10
60.22654473109808
 20
66.35918684813211
 10
60.22604473109808
 20
66.35958684813212
 10
60.90114473109808
 20
66.35958684813212
  0
LWPOLYLINE
  5
1C35
330
1F
100
AcDbEntity
  8
0
100
AcDbPolyline
 90
        4
 70
     0
 43
0.0
 10
60.18794473109807
 20
65.08177484813211
 10
60.22074473109808
 20
66.35918684813211
 10
60.21804473109808
 20
66.35987684813213
 10
60.21802696518532
 20
66.35918684813211
  0
LWPOLYLINE
  5
1C36
330
1F
100
AcDbEntity
  8
0
100
AcDbPolyline
 90
        3
 70
     0
 43
0.0
 10
59.58391365765173
 20
66.35957684813212
 10
59.57844473109808
 20
66.36045684813211
 10
59.03824473109808
 20
66.36045684813211
  0
LWPOLYLINE
  5
1C37
330
1F
100
AcDbEntity
  8
0
100
AcDbPolyline
 90
        3
 70
     0
 43
0.0
 10
63.44365754623567
 20
66.35883304150905
 10
63.44804473109808
 20
66.35925684813212
 10
63.51294473109809
 20
65.68161684813212
  0
LWPOLYLINE
  5
1C38
330
1F
100
AcDbEntity
  8
0
100
AcDbPolyline
 90
        3
 70
     0
 43
0.0
 10
63.18034473109808
 20
66.35897684813213
 10
63.18274473109808
 20
66.35926684813212
 10
63.18277298404689
 20
66.35893798380803
  0
LWPOLYLINE
  5
1C39
330
1F
100
AcDbEntity
  8
0
100
AcDbPolyline
 90
       25
 70
     0
 43
0.0
 10
60.89274493436271
 20
58.82578684135663
 10
60.89364473109808
 20
58.82575684813212
 10
61.07814473109808
 20
58.81294684813212
 10
61.23066577373859
 20
58.76521405852593
 10
61.25254473109809
 20
58.75836684813211
 10
61.40504473109808
 20
58.66571684813211
 10
61.52524473109808
 20
58.54132684813212
 10
61.60494473109808
 20
58.39366684813212
 10
61.63864473109808
 20
58.23279684813211
 10
61.62414473109809
 20
58.06967684813212
 10
61.56244473109808
 20
57.91543684813212
 10
61.45774473109808
 20
57.78057684813212
 10
61.41531267497152
 20
57.74852209869578
 10
61.31704473109808
 20
57.67428684813212
 10
61.15004473109808
 20
57.60382684813212
 10
60.96814473109809
 20
57.57396684813212
 10
60.96726278362159
 20
57.57400604579774
 10
60.78364473109807
 20
57.58677684813211
 10
60.60924473109808
 20
57.64135684813211
 10
60.45674473109809
 20
57.73400684813212
 10
60.33654473109808
 20
57.85839684813211
 10
60.25684473109809
 20
58.00605684813211
 10
60.22314473109808
 20
58.16692684813212
 10
60.23764473109808
 20
58.33004684813212
 10
60.22224821075515
 20
58.16700369634483
  0
LWPOLYLINE
  5
1C3A
330
1F
100
AcDbEntity
  8
0
100
AcDbPolyline
 90
        5
 70
     0
 43
0.0
 10
60.29934473109808
 20
58.48428684813212
 10
60.40404473109808
 20
58.61914684813211
 10
60.54474473109808
 20
58.72543684813211
 10
60.71174473109809
 20
58.79590684813211
 10
60.89364473109808
 20
58.82575684813212
  0
LWPOLYLINE
  5
1C3B
330
1F
100
AcDbEntity
  8
0
100
AcDbPolyline
 90
        5
 70
     0
 43
0.0
 10
61.40653136034538
 20
33.51351072095173
 10
61.46954473109808
 20
33.39686684813209
 10
61.49654473109808
 20
33.2680668481321
 10
61.48494473109807
 20
33.1375668481321
 10
61.43614898283741
 20
33.01567625429877
  0
LWPOLYLINE
  5
1C3C
330
1F
100
AcDbEntity
  8
0
100
AcDbPolyline
 90
        3
 70
     0
 43
0.0
 10
60.42554473109808
 20
58.42745684813212
 10
60.50934473109808
 20
58.53537684813211
 10
60.62194473109808
 20
58.62042684813212
  0
LWPOLYLINE
  5
1C3D
330
1F
100
AcDbEntity
  8
0
100
AcDbPolyline
 90
        5
 70
     0
 43
0.0
 10
61.40654179975463
 20
58.47147544323465
 10
61.46944473109808
 20
58.35497684813212
 10
61.49644473109809
 20
58.22624684813211
 10
61.48484473109808
 20
58.09572684813211
 10
61.43613963731634
 20
57.97403312899283
  0
LWPOLYLINE
  5
1C3E
330
1F
100
AcDbEntity
  8
0
100
AcDbPolyline
 90
        3
 70
     0
 43
0.0
 10
61.30954473109809
 20
58.57267684813212
 10
61.31034473109808
 20
58.57263684813212
 10
61.40644473109809
 20
58.47310684813211
  0
LWPOLYLINE
  5
1C3F
330
1F
100
AcDbEntity
  8
0
100
AcDbPolyline
 90
        3
 70
     0
 43
0.0
 10
61.10622283627214
 20
57.72327527141629
 10
61.10544473109808
 20
57.72294684813211
 10
60.96063524436512
 20
57.69918655528837
  0
LWPOLYLINE
  5
1C40
330
1F
100
AcDbEntity
  8
0
100
AcDbPolyline
 90
        5
 70
     0
 43
0.0
 10
61.04875808321044
 20
58.69023217271801
 10
61.04794473109809
 20
58.69048684813211
 10
61.10544473109808
 20
57.72294684813211
 10
61.10624473109808
 20
57.72290684813212
 10
61.23984473109808
 20
57.77929684813211
  0
LWPOLYLINE
  5
1C41
330
1F
100
AcDbEntity
  8
0
100
AcDbPolyline
 90
       12
 70
     0
 43
0.0
 10
80.15927173109808
 20
33.2938668481321
 10
80.20402573109809
 20
33.20116684813211
 10
80.21510973109808
 20
33.2064668481321
 10
80.84352473109808
 20
33.5096668481321
 10
80.85461473109807
 20
33.51496684813209
 10
80.80986622945411
 20
33.60774300882379
 10
80.72330196295556
 20
33.56598295949671
 10
80.72291119996686
 20
33.56582943857694
 10
80.716048445065
 20
33.56248510810619
 10
80.71458473109808
 20
33.5617668481321
 10
80.70740591632134
 20
33.5583532925189
 10
80.64721473109809
 20
33.5292668481321
  0
LWPOLYLINE
  5
1C42
330
1F
100
AcDbEntity
  8
0
100
AcDbPolyline
 90
        4
 70
     0
 43
0.0
 10
86.22533473109809
 20
36.4112668481321
 10
86.30528473109809
 20
36.2455668481321
 10
86.65834473109809
 20
36.4158668481321
 10
86.57841205411479
 20
36.58163092372725
  0
LWPOLYLINE
  5
1C43
330
1F
100
AcDbEntity
  8
0
100
AcDbPolyline
 90
        3
 70
     0
 43
0.0
 10
84.33580712930943
 20
35.77956506786929
 10
84.44530473109809
 20
35.5525668481321
 10
85.24557559747339
 20
35.93862359602763
  0
LWPOLYLINE
  5
1C44
330
1F
100
AcDbEntity
  8
0
100
AcDbPolyline
 90
        4
 70
     0
 43
0.0
 10
94.65178607037639
 20
40.75624929755024
 10
94.68654473109809
 20
40.68416684813209
 10
92.2961447310981
 20
39.5310668481321
 10
92.26141140504486
 20
39.60307324242796
  0
LWPOLYLINE
  5
1C45
330
1F
100
AcDbEntity
  8
0
100
AcDbPolyline
 90
        4
 70
     1
 43
0.0
 10
94.5174447310981
 20
43.2012668481321
 10
94.5174447310981
 20
42.2502668481321
 10
94.92044473109809
 20
42.2502668481321
 10
94.92044473109809
 20
43.2012668481321
  0
LWPOLYLINE
  5
1C46
330
1F
100
AcDbEntity
  8
0
100
AcDbPolyline
 90
        4
 70
     1
 43
0.0
 10
95.12954473109809
 20
41.7346668481321
 10
95.12954473109809
 20
43.24966684813211
 10
95.4845447310981
 20
43.24966684813211
 10
95.4845447310981
 20
41.7346668481321
  0
LWPOLYLINE
  5
1C47
330
1F
100
AcDbEntity
  8
0
100
AcDbPolyline
 90
        4
 70
     1
 43
0.0
 10
94.8721447310981
 20
41.79886684813211
 10
94.48054473109809
 20
41.79886684813211
 10
94.48054473109809
 20
42.04086684813209
 10
94.8721447310981
 20
42.04086684813209
  0
LWPOLYLINE
  5
1C48
330
1F
100
AcDbEntity
  8
0
100
AcDbPolyline
 90
       12
 70
     0
 43
0.0
 10
92.83424473109809
 20
43.69016684813209
 10
92.83424473109809
 20
43.57716684813211
 10
92.83424473109809
 20
43.4376668481321
 10
91.7495447310981
 20
43.4376668481321
 10
91.7495447310981
 20
43.57716684813211
 10
91.7495447310981
 20
43.6018668481321
 10
89.94844473109809
 20
43.5988668481321
 10
89.94844473109809
 20
43.69016684813209
 10
89.94844473109809
 20
43.8960668481321
 10
87.06858473109809
 20
43.8960668481321
 10
86.73610473109809
 20
43.07736684813209
 10
80.35171963301277
 20
43.07736684813209
  0
LWPOLYLINE
  5
1C49
330
1F
100
AcDbEntity
  8
0
100
AcDbPolyline
 90
        4
 70
     1
 43
0.0
 10
93.1976447310981
 20
42.52316684813209
 10
93.1976447310981
 20
42.1961668481321
 10
83.78461473109808
 20
42.1961668481321
 10
83.78461473109808
 20
42.52316684813209
  0
LWPOLYLINE
  5
1C4A
330
1F
100
AcDbEntity
  8
0
100
AcDbPolyline
 90
        4
 70
     0
 43
0.0
 10
91.75958709685408
 20
39.36098074350847
 10
91.8017447310981
 20
39.27356684813211
 10
92.14494473109809
 20
39.4391668481321
 10
92.1027668602295
 20
39.5265391772832
  0
LWPOLYLINE
  5
1C4B
330
1F
100
AcDbEntity
  8
0
100
AcDbPolyline
 90
        4
 70
     0
 43
0.0
 10
89.94844473109809
 20
43.69016684813209
 10
87.7320047310981
 20
43.69016684813209
 10
87.7320047310981
 20
43.57716684813211
 10
91.7495447310981
 20
43.57716684813211
  0
LWPOLYLINE
  5
1C4C
330
1F
100
AcDbEntity
  8
0
100
AcDbPolyline
 90
       13
 70
     0
 43
0.0
 10
92.83424473109809
 20
43.57716684813211
 10
95.24304473109809
 20
43.57716684813211
 10
95.24304473109809
 20
43.69016684813209
 10
92.83424473109809
 20
43.69016684813209
 10
92.83424473109809
 20
43.9000668481321
 10
95.35454473109808
 20
43.90086684813209
 10
95.56304473109809
 20
43.6043668481321
 10
95.77904473109809
 20
43.6043668481321
 10
95.77904473109809
 20
43.4660668481321
 10
96.27154473109809
 20
43.4660668481321
 10
96.27154473109809
 20
41.56606684813209
 10
95.77904473109809
 20
41.56606684813209
 10
95.77904473109809
 20
43.4660668481321
  0
LWPOLYLINE
  5
1C4D
330
1F
100
AcDbEntity
  8
0
100
AcDbPolyline
 90
        4
 70
     1
 43
0.0
 10
95.45234473109809
 20
41.3150668481321
 10
94.46934473109809
 20
41.3150668481321
 10
94.46934473109809
 20
41.5250668481321
 10
95.45234473109809
 20
41.5250668481321
  0
LWPOLYLINE
  5
1C4E
330
1F
100
AcDbEntity
  8
0
100
AcDbPolyline
 90
        4
 70
     1
 43
0.0
 10
86.76805473109808
 20
40.6005668481321
 10
86.95605473109809
 20
40.6005668481321
 10
86.95605473109809
 20
39.40456684813209
 10
86.76805473109808
 20
39.40456684813209
  0
LWPOLYLINE
  5
1C4F
330
1F
100
AcDbEntity
  8
0
100
AcDbPolyline
 90
        8
 70
     0
 43
0.0
 10
85.96428473109808
 20
39.6735668481321
 10
85.96428473109808
 20
39.1058668481321
 10
86.6052847310981
 20
39.1058668481321
 10
86.6052847310981
 20
39.6244668481321
 10
85.96428473109808
 20
39.6735668481321
 10
85.96428473109808
 20
40.14306684813209
 10
86.6052847310981
 20
40.14306684813209
 10
86.6052847310981
 20
39.6244668481321
  0
LWPOLYLINE
  5
1C50
330
1F
100
AcDbEntity
  8
0
100
AcDbPolyline
 90
       24
 70
     1
 43
0.0
 10
88.01623473109808
 20
39.4317668481321
 10
87.83518473109809
 20
39.12216684813209
 10
87.5801647310981
 20
38.8699668481321
 10
87.26854473109808
 20
38.69226684813209
 10
86.92157473109809
 20
38.6013668481321
 10
86.56289473109808
 20
38.6033668481321
 10
86.2169447310981
 20
38.6980668481321
 10
85.90730473109809
 20
38.8791668481321
 10
85.65507473109809
 20
39.1341668481321
 10
85.47744473109808
 20
39.4457668481321
 10
85.38652473109809
 20
39.79276684813211
 10
85.38849473109809
 20
40.1514668481321
 10
85.48323473109809
 20
40.4973668481321
 10
85.66428473109809
 20
40.80706684813209
 10
85.9193047310981
 20
41.05926684813209
 10
86.2309247310981
 20
41.23686684813209
 10
86.57788473109809
 20
41.3277668481321
 10
86.93657473109809
 20
41.32586684813209
 10
87.28251473109809
 20
41.2310668481321
 10
87.5921547310981
 20
41.0500668481321
 10
87.84438473109808
 20
40.79506684813209
 10
88.02201473109809
 20
40.48336684813209
 10
88.11294473109809
 20
40.1364668481321
 10
88.11097473109809
 20
39.77776684813211
  0
LWPOLYLINE
  5
1C51
330
1F
100
AcDbEntity
  8
0
100
AcDbPolyline
 90
        4
 70
     1
 43
0.0
 10
82.0014047310981
 20
37.0507668481321
 10
82.0014047310981
 20
36.4941668481321
 10
81.65740473109808
 20
36.4941668481321
 10
81.65740473109808
 20
37.0507668481321
  0
LWPOLYLINE
  5
1C52
330
1F
100
AcDbEntity
  8
0
100
AcDbPolyline
 90
        4
 70
     1
 43
0.0
 10
81.32803473109808
 20
37.86186684813209
 10
81.32803473109808
 20
36.3268668481321
 10
80.68203473109809
 20
36.3268668481321
 10
80.68203473109809
 20
37.86186684813209
  0
LWPOLYLINE
  5
1C53
330
1F
100
AcDbEntity
  8
0
100
AcDbPolyline
 90
       24
 70
     1
 43
0.0
 10
82.04743473109809
 20
38.8166668481321
 10
82.39634473109807
 20
38.6371668481321
 10
82.68690473109808
 20
38.3735668481321
 10
82.89932473109809
 20
38.0436668481321
 10
83.01911473109809
 20
37.66996684813209
 10
83.03813473109808
 20
37.2780668481321
 10
82.95506473109808
 20
36.8946668481321
 10
82.77558473109809
 20
36.54576684813211
 10
82.51191473109809
 20
36.25516684813209
 10
82.1820247310981
 20
36.04276684813211
 10
81.80840473109808
 20
35.92296684813209
 10
81.41649473109808
 20
35.9039668481321
 10
81.03303473109809
 20
35.9869668481321
 10
80.68412473109807
 20
36.16646684813209
 10
80.39356673109809
 20
36.43016684813209
 10
80.18114973109808
 20
36.7600668481321
 10
80.06135173109809
 20
37.13366684813209
 10
80.04233673109808
 20
37.5255668481321
 10
80.12540173109808
 20
37.9090668481321
 10
80.30488573109808
 20
38.2579668481321
 10
80.56855473109809
 20
38.54846684813209
 10
80.89844473109808
 20
38.7609668481321
 10
81.27207473109809
 20
38.8807668481321
 10
81.66397473109809
 20
38.8997668481321
  0
LWPOLYLINE
  5
1C54
330
1F
100
AcDbEntity
  8
0
100
AcDbPolyline
 90
        6
 70
     1
 43
0.0
 10
85.97619473109809
 20
40.6891668481321
 10
86.22687473109809
 20
40.80696684813211
 10
86.4542747310981
 20
40.6488668481321
 10
86.4309947310981
 20
40.37286684813209
 10
86.1803047310981
 20
40.2549668481321
 10
85.95291473109808
 20
40.41316684813209
  0
LWPOLYLINE
  5
1C55
330
1F
100
AcDbEntity
  8
0
100
AcDbPolyline
 90
        4
 70
     1
 43
0.0
 10
76.38727473109809
 20
32.84076684813211
 10
77.2722747310981
 20
32.84076684813211
 10
77.2722747310981
 20
32.7227668481321
 10
76.38727473109809
 20
32.7227668481321
  0
LWPOLYLINE
  5
1C56
330
1F
100
AcDbEntity
  8
0
100
AcDbPolyline
 90
        4
 70
     1
 43
0.0
 10
76.39305473109809
 20
33.15966684813209
 10
77.62705473109808
 20
33.15966684813209
 10
77.62705473109808
 20
32.9046668481321
 10
76.39305473109809
 20
32.9046668481321
  0
LWPOLYLINE
  5
1C57
330
1F
100
AcDbEntity
  8
0
100
AcDbPolyline
 90
        4
 70
     1
 43
0.0
 10
78.21383473109809
 20
33.7276668481321
 10
78.21383473109809
 20
33.50566684813209
 10
77.70383473109808
 20
33.50566684813209
 10
77.70383473109808
 20
33.7276668481321
  0
LWPOLYLINE
  5
1C58
330
1F
100
AcDbEntity
  8
0
100
AcDbPolyline
 90
        4
 70
     1
 43
0.0
 10
78.35722473109808
 20
33.3692668481321
 10
77.61522473109808
 20
33.3692668481321
 10
77.61522473109808
 20
33.97226684813209
 10
78.35722473109808
 20
33.97226684813209
  0
LWPOLYLINE
  5
1C59
330
1F
100
AcDbEntity
  8
0
100
AcDbPolyline
 90
        4
 70
     1
 43
0.0
 10
77.29030473109808
 20
34.2814668481321
 10
78.32630473109808
 20
34.2814668481321
 10
78.32630473109808
 20
34.06546684813209
 10
77.29030473109808
 20
34.06546684813209
  0
LWPOLYLINE
  5
1C5A
330
1F
100
AcDbEntity
  8
0
100
AcDbPolyline
 90
        4
 70
     1
 43
0.0
 10
77.24383473109807
 20
33.91046684813209
 10
77.50683473109808
 20
33.91046684813209
 10
77.50683473109808
 20
33.38446684813209
 10
77.24383473109807
 20
33.38446684813209
  0
LWPOLYLINE
  5
1C5B
330
1F
100
AcDbEntity
  8
0
100
AcDbPolyline
 90
        5
 70
     0
 43
0.0
 10
51.34234473109807
 20
49.68636684813211
 10
51.31399095660881
 20
50.04917535691379
 10
51.33114473109808
 20
49.68636684813211
 10
51.34234473109807
 20
49.68636684813211
 10
54.01516988595457
 20
49.54434035414663
  0
LWPOLYLINE
  5
1C5C
330
1F
100
AcDbEntity
  8
0
100
AcDbPolyline
 90
       12
 70
     0
 43
0.0
 10
51.75804473109807
 20
51.01416684813211
 10
51.52154473109807
 20
50.73716684813211
 10
51.36474473109807
 20
50.40816684813211
 10
51.29824473109807
 20
50.04976684813211
 10
51.32664473109808
 20
49.68636684813211
 10
51.44784473109807
 20
49.34266684813211
 10
51.65374473109807
 20
49.04216684813211
 10
51.93024473109807
 20
48.80526684813212
 10
52.25854445197589
 20
48.64816690019433
 10
52.61614473109808
 20
48.58146684813211
 10
52.61938291822013
 20
48.58172040345129
 10
52.62736132164221
 20
48.58234512541762
  0
LWPOLYLINE
  5
1C5D
330
1F
100
AcDbEntity
  8
0
100
AcDbPolyline
 90
       13
 70
     0
 43
0.0
 10
52.60654473109807
 20
48.39996684813211
 10
52.20234473109806
 20
48.47526684813211
 10
51.83134473109806
 20
48.65286684813211
 10
51.51884473109807
 20
48.92056684813211
 10
51.28614473109807
 20
49.26026684813211
 10
51.16381275545476
 20
49.60708246375152
 10
51.16128991068857
 20
49.61423482073831
 10
51.14914473109807
 20
49.64866684813211
 10
51.11714473109807
 20
50.05946684813211
 10
51.19234473109807
 20
50.46446684813211
 10
51.36954473109808
 20
50.83616684813211
 10
51.63674473109807
 20
51.14936684813211
 10
51.97574473109807
 20
51.38246684813211
  0
LWPOLYLINE
  5
1C5E
330
1F
100
AcDbEntity
  8
0
100
AcDbPolyline
 90
        3
 70
     0
 43
0.0
 10
51.52614473109807
 20
50.73716684813211
 10
51.36934473109808
 20
50.40816684813211
 10
51.38044473109808
 20
50.40816684813211
  0
LWPOLYLINE
  5
1C5F
330
1F
100
AcDbEntity
  8
0
100
AcDbPolyline
 90
       10
 70
     0
 43
0.0
 10
51.75804473109807
 20
51.01416684813211
 10
52.05794473109808
 20
51.22046684813211
 10
52.40094473109807
 20
51.34196684813211
 10
52.76364473109808
 20
51.37036684813211
 10
52.76500654397601
 20
51.37011329281293
 10
53.12134473109807
 20
51.30376684813211
 10
53.44908340871532
 20
51.14683562631843
 10
53.44964473109808
 20
51.14656684813211
 10
53.72529774484009
 20
50.9103925300291
 10
53.72584084001744
 20
50.90992721629486
  0
LWPOLYLINE
  5
1C60
330
1F
100
AcDbEntity
  8
0
100
AcDbPolyline
 90
        3
 70
     0
 43
0.0
 10
52.76500654397601
 20
51.37011329281293
 10
52.40554473109807
 20
51.34196684813211
 10
52.06254473109808
 20
51.22046684813211
  0
LWPOLYLINE
  5
1C61
330
1F
100
AcDbEntity
  8
0
100
AcDbPolyline
 90
       18
 70
     0
 43
0.0
 10
50.84054473109807
 20
45.20246684813211
 10
50.60784473109807
 20
45.54206684813211
 10
50.47074473109806
 20
45.93056684813211
 10
50.43874473109807
 20
46.3412668481321
 10
50.51394473109807
 20
46.74626684813211
 10
50.69114473109807
 20
47.1180668481321
 10
50.76362017976999
 20
47.20299223353321
 10
50.76786523096171
 20
47.20796650571933
 10
50.95834473109807
 20
47.43116684813212
 10
51.29734473109806
 20
47.6642668481321
 10
51.68504473109807
 20
47.80156684813211
 10
52.09494473109806
 20
47.83366684813211
 10
52.11574473109807
 20
47.83366684813211
 10
52.51994473109807
 20
47.75836684813211
 10
52.89094473109806
 20
47.5807668481321
 10
53.20344473109806
 20
47.31306684813211
 10
53.43614473109806
 20
46.97336684813211
 10
53.55834473109807
 20
46.5849668481321
  0
LWPOLYLINE
  5
1C62
330
1F
100
AcDbEntity
  8
0
100
AcDbPolyline
 90
       10
 70
     0
 43
0.0
 10
52.09494473109806
 20
47.83366684813211
 10
52.49914473109807
 20
47.75836684813211
 10
52.87014473109807
 20
47.5807668481321
 10
53.18264473109807
 20
47.31306684813211
 10
53.41534473109806
 20
46.97336684813211
 10
53.55234410772502
 20
46.58496869495204
 10
53.58434473109807
 20
46.17426684813211
 10
53.50924473109806
 20
45.76926684813211
 10
53.59034473109807
 20
46.17426684813211
 10
53.57314473109807
 20
46.5849668481321
  0
LWPOLYLINE
  5
1C63
330
1F
100
AcDbEntity
  8
0
100
AcDbPolyline
 90
        6
 70
     0
 43
0.0
 10
53.50924473109806
 20
45.76926684813211
 10
53.33194473109807
 20
45.39746684813211
 10
53.06474473109807
 20
45.08436684813211
 10
52.72574473109806
 20
44.85116684813211
 10
52.33814473109807
 20
44.7138668481321
 10
51.92824473109807
 20
44.6818668481321
  0
LWPOLYLINE
  5
1C64
330
1F
100
AcDbEntity
  8
0
100
AcDbPolyline
 90
       13
 70
     0
 43
0.0
 10
50.98244473109807
 20
45.3303668481321
 10
50.77794473109807
 20
45.6288668481321
 10
50.65754473109807
 20
45.97016684813211
 10
50.62944473109806
 20
46.3311668481321
 10
50.69544473109807
 20
46.68706684813211
 10
50.85114473109807
 20
47.01376684813211
 10
51.08604473109807
 20
47.28896684813211
 10
51.38394473109807
 20
47.4938668481321
 10
51.72454473109807
 20
47.6144668481321
 10
52.08484473109807
 20
47.64266684813211
 10
52.08659000265416
 20
47.64234157511124
 10
52.44004473109807
 20
47.5764668481321
 10
52.76529577807483
 20
47.42082524283034
  0
LWPOLYLINE
  5
1C65
330
1F
100
AcDbEntity
  8
0
100
AcDbPolyline
 90
        3
 70
     0
 43
0.0
 10
53.36533224857721
 20
46.54596917607537
 10
50.71094473109806
 20
46.68706684813211
 10
50.86641029065445
 20
47.01327492974463
  0
LWPOLYLINE
  5
1C66
330
1F
100
AcDbEntity
  8
0
100
AcDbPolyline
 90
        3
 70
     0
 43
0.0
 10
50.85714473109806
 20
47.01376684813211
 10
50.70144473109807
 20
46.68706684813211
 10
50.71094473109806
 20
46.68706684813211
  0
LWPOLYLINE
  5
1C67
330
1F
100
AcDbEntity
  8
0
100
AcDbPolyline
 90
        3
 70
     0
 43
0.0
 10
52.08659000265416
 20
47.64234157511124
 10
51.73054473109807
 20
47.6144668481321
 10
51.38984473109807
 20
47.4938668481321
  0
LWPOLYLINE
  5
1C68
330
1F
100
AcDbEntity
  8
0
100
AcDbPolyline
 90
        3
 70
     0
 43
0.0
 10
77.33231473109808
 20
25.73676684813209
 10
76.40868473109808
 20
26.10456684813208
 10
76.40475473109808
 20
25.5468668481321
  0
LWPOLYLINE
  5
1C69
330
1F
100
AcDbEntity
  8
0
100
AcDbPolyline
 90
       11
 70
     1
 43
0.0
 10
80.11844383576118
 20
25.86184455602293
 10
80.11841973109808
 20
25.88816684813209
 10
80.11842142227765
 20
25.89019626361211
 10
80.11841973109808
 20
25.9719668481321
 10
80.10442032644572
 20
25.96852375430319
 10
77.52516473109809
 20
25.33416684813209
 10
77.52518132202897
 20
25.29448514939128
 10
77.52518067859273
 20
25.2909591187754
 10
77.52516473109809
 20
25.15876684813209
 10
80.11843173109808
 20
25.8580668481321
 10
80.11844473109809
 20
25.86086684813209
  0
LWPOLYLINE
  5
1C6A
330
1F
100
AcDbEntity
  8
0
100
AcDbPolyline
 90
        5
 70
     0
 43
0.0
 10
76.3932548451439
 20
30.48728643860503
 10
76.38539473109807
 20
30.4893668481321
 10
76.39133473109808
 20
30.5357668481321
 10
77.52522473109809
 20
30.2292668481321
 10
77.52522473109809
 20
30.22616435505731
  0
LWPOLYLINE
  5
1C6B
330
1F
100
AcDbEntity
  8
0
100
AcDbPolyline
 90
        3
 70
     0
 43
0.0
 10
80.6448547310981
 20
27.6709668481321
 10
80.64485530713495
 20
27.66996684813209
 10
80.64481473109808
 20
27.66686684813209
  0
LWPOLYLINE
  5
1C6C
330
1F
100
AcDbEntity
  8
0
100
AcDbPolyline
 90
       16
 70
     0
 43
0.0
 10
39.91794473109807
 20
37.96646684813211
 10
39.76234473109806
 20
38.58766684813211
 10
39.76114473109806
 20
38.59256684813211
 10
38.55774473109807
 20
43.39626684813211
 10
38.56064473109807
 20
43.90746684813211
 10
38.56064473109807
 20
43.9123668481321
 10
38.58924473109806
 20
49.00876684813211
 10
38.68264473109807
 20
49.3641668481321
 10
38.56784473109807
 20
49.01436684813211
 10
38.58924473109806
 20
49.00876684813211
 10
38.56714473109807
 20
49.00886684813211
 10
38.53854473109806
 20
43.9125668481321
 10
38.53854473109806
 20
43.90756684813211
 10
38.53564473109806
 20
43.39636684813211
 10
38.55774473109807
 20
43.39626684813211
 10
38.5818827920252
 20
43.39907607087335
  0
LWPOLYLINE
  5
1C6D
330
1F
100
AcDbEntity
  8
0
100
AcDbPolyline
 90
        4
 70
     0
 43
0.0
 10
73.10252788861166
 20
62.67162591074125
 10
73.19119473109807
 20
62.83859684813211
 10
72.98407473109809
 20
62.94858684813211
 10
72.93245183030274
 20
62.8513811675393
  0
LWPOLYLINE
  5
1C6E
330
1F
100
AcDbEntity
  8
0
100
AcDbPolyline
 90
       20
 70
     0
 43
0.0
 10
75.8431038836909
 20
60.59770696007858
 10
75.69558473109808
 20
61.50860684813211
 10
75.57223473109809
 20
61.27632684813211
 10
75.18682473109809
 20
61.48100684813211
 10
75.31018473109809
 20
61.71327684813211
 10
75.06873473109809
 20
61.84150684813211
 10
74.93318473109809
 20
61.58626684813211
 10
74.59116473109808
 20
61.76789684813211
 10
74.7267147310981
 20
62.02313684813211
 10
74.5066247310981
 20
62.14001684813212
 10
74.39452473109809
 20
61.92893684813211
 10
74.08161473109808
 20
62.09510684813211
 10
74.19371473109809
 20
62.30619684813211
 10
74.00487473109809
 20
62.40647684813211
 10
73.88292473109808
 20
62.17684684813211
 10
73.55759473109808
 20
62.34962684813211
 10
73.67954473109809
 20
62.57924684813211
 10
73.47851473109809
 20
62.68600684813211
 10
73.36454473109809
 20
62.47139684813213
 10
73.21869104060417
 20
62.54885179765029
  0
LWPOLYLINE
  5
1C6F
330
1F
100
AcDbEntity
  8
0
100
AcDbPolyline
 90
        8
 70
     0
 43
0.0
 10
59.81365325422173
 20
46.67653659024384
 10
59.81514473109807
 20
46.68276684813211
 10
59.98274473109807
 20
46.99196684813212
 10
60.01844473109807
 20
47.05776684813211
 10
60.31174473109807
 20
47.36736684813211
 10
60.67524473109807
 20
47.59046684813211
 10
61.08414473109808
 20
47.71186684813211
 10
61.33844473109808
 20
47.7186668481321
  0
LWPOLYLINE
  5
1C70
330
1F
100
AcDbEntity
  8
0
100
AcDbPolyline
 90
        4
 70
     0
 43
0.0
 10
61.41044473109808
 20
45.15426684813211
 10
61.41044473109808
 20
44.47986684813211
 10
61.32784473109808
 20
44.47986684813211
 10
61.32784473109808
 20
45.15426684813211
  0
LWPOLYLINE
  5
1C71
330
1F
100
AcDbEntity
  8
0
100
AcDbPolyline
 90
       10
 70
     0
 43
0.0
 10
62.62474473109808
 20
45.09826684813211
 10
62.36984473109807
 20
44.82936684813211
 10
62.00634473109808
 20
44.60626684813211
 10
61.59754473109807
 20
44.4848668481321
 10
61.41044473109808
 20
44.47986684813211
 10
61.17114473109808
 20
44.47336684813211
 10
60.75634473109808
 20
44.57266684813211
 10
60.38144473109808
 20
44.7759668481321
 10
60.07184473109807
 20
45.06926684813211
 10
60.30924211226869
 20
45.2930668481321
  0
LWPOLYLINE
  5
1C72
330
1F
100
AcDbEntity
  8
0
100
AcDbPolyline
 90
        3
 70
     0
 43
0.0
 10
60.23029455786569
 20
45.2930668481321
 10
60.04174473109808
 20
45.1182668481321
 10
59.92450092428118
 20
45.30931957996586
  0
LWPOLYLINE
  5
1C73
330
1F
100
AcDbEntity
  8
0
100
AcDbPolyline
 90
        3
 70
     0
 43
0.0
 10
56.57634473109808
 20
60.92131684813211
 10
55.51244473109807
 20
60.52043684813211
 10
55.51434473109807
 20
60.51346684813212
  0
LWPOLYLINE
  5
1C74
330
1F
100
AcDbEntity
  8
0
100
AcDbPolyline
 90
        3
 70
     0
 43
0.0
 10
55.86664473109808
 20
59.57968684813212
 10
55.65444473109807
 20
60.14198684813212
 10
55.65254473109808
 20
60.14894684813212
  0
LWPOLYLINE
  5
1C75
330
1F
100
AcDbEntity
  8
0
100
AcDbPolyline
 90
        4
 70
     0
 43
0.0
 10
57.12024473109808
 20
59.71273684813212
 10
57.12224473109808
 20
59.70543684813211
 10
57.12224473109808
 20
58.12551684813211
 10
56.65214473109807
 20
57.92794684813212
  0
LWPOLYLINE
  5
1C76
330
1F
100
AcDbEntity
  8
0
100
AcDbPolyline
 90
        3
 70
     0
 43
0.0
 10
61.41234473109808
 20
47.72066684813211
 10
61.33844473109808
 20
47.7186668481321
 10
61.33844473109808
 20
46.8768668481321
  0
LWPOLYLINE
  5
1C77
330
1F
100
AcDbEntity
  8
0
100
AcDbPolyline
 90
        3
 70
     0
 43
0.0
 10
70.26971473109807
 20
59.30237684813212
 10
70.27785473109808
 20
59.31007684813212
 10
71.40219473109809
 20
58.19020684813211
  0
LWPOLYLINE
  5
1C78
330
1F
100
AcDbEntity
  8
0
100
AcDbPolyline
 90
        4
 70
     0
 43
0.0
 10
73.04584282093003
 20
61.12221084850962
 10
73.43137473109809
 20
62.15422684813212
 10
73.4328447310981
 20
62.15561684813212
 10
73.04650245832391
 20
61.12143161905564
  0
LWPOLYLINE
  5
1C79
330
1F
100
AcDbEntity
  8
0
100
AcDbPolyline
 90
       11
 70
     0
 43
0.0
 10
71.54822800195685
 20
58.24788987737255
 10
72.36535473109808
 20
59.14478684813212
 10
73.07953473109808
 20
61.06821684813212
 10
73.08773473109809
 20
61.07597684813212
 10
73.31307323707452
 20
60.80978176946952
 10
73.31393765193055
 20
60.80876062583673
 10
73.31761473109809
 20
60.80441684813211
 10
72.15872473109809
 20
57.52439684813212
 10
72.19006243566631
 20
57.49993059277128
 10
72.1941147310981
 20
57.49676684813212
 10
73.35856473109808
 20
60.75604684813212
  0
LWPOLYLINE
  5
1C7A
330
1F
100
AcDbEntity
  8
0
100
AcDbPolyline
 90
        3
 70
     0
 43
0.0
 10
73.07953473109808
 20
61.06821684813212
 10
73.48827473109809
 20
62.16901684813212
 10
73.4328447310981
 20
62.15561684813212
  0
LWPOLYLINE
  5
1C7B
330
1F
100
AcDbEntity
  8
0
100
AcDbPolyline
 90
        4
 70
     0
 43
0.0
 10
73.31307323707452
 20
60.80978176946952
 10
73.69255473109808
 20
61.88380684813211
 10
73.6943947310981
 20
61.88554684813211
 10
73.31393765193055
 20
60.80876062583673
  0
LWPOLYLINE
  5
1C7C
330
1F
100
AcDbEntity
  8
0
100
AcDbPolyline
 90
        3
 70
     0
 43
0.0
 10
73.3507347310981
 20
60.74863684813212
 10
73.74432473109809
 20
61.85027684813211
 10
73.6943947310981
 20
61.88554684813211
  0
LWPOLYLINE
  5
1C7D
330
1F
100
AcDbEntity
  8
0
100
AcDbPolyline
 90
        4
 70
     0
 43
0.0
 10
73.56552473109809
 20
60.51155684813212
 10
73.55738473109809
 20
60.50384684813212
 10
73.97094473109809
 20
61.5291668481321
 10
73.9314147310981
 20
61.55538684813212
  0
LWPOLYLINE
  5
1C7E
330
1F
100
AcDbEntity
  8
0
100
AcDbPolyline
 90
        3
 70
     0
 43
0.0
 10
72.17090556740328
 20
57.40873938708312
 10
71.43114473109808
 20
58.14555684813211
 10
71.43262473109809
 20
58.14694684813211
  0
LWPOLYLINE
  5
1C7F
330
1F
100
AcDbEntity
  8
0
100
AcDbPolyline
 90
        3
 70
     0
 43
0.0
 10
70.14501473109809
 20
59.12632684813211
 10
68.59774473109808
 20
56.99163684813211
 10
68.58854473109808
 20
56.98289684813212
  0
LWPOLYLINE
  5
1C80
330
1F
100
AcDbEntity
  8
0
100
AcDbPolyline
 90
        3
 70
     0
 43
0.0
 10
68.45814473109808
 20
56.79874684813212
 10
70.35866473109809
 20
54.37408684813211
 10
69.2529447310981
 20
53.50826684813211
  0
LWPOLYLINE
  5
1C81
330
1F
100
AcDbEntity
  8
0
100
AcDbPolyline
 90
        3
 70
     0
 43
0.0
 10
66.80944473109808
 20
51.88566684813211
 10
66.95074473109809
 20
51.70536684813211
 10
66.94134473109809
 20
51.69656684813212
  0
LWPOLYLINE
  5
1C82
330
1F
100
AcDbEntity
  8
0
100
AcDbPolyline
 90
        3
 70
     0
 43
0.0
 10
66.95074473109809
 20
51.70536684813211
 10
68.16444473109808
 20
52.65576684813211
 10
68.15504473109808
 20
52.64696684813212
  0
LWPOLYLINE
  5
1C83
330
1F
100
AcDbEntity
  8
0
100
AcDbPolyline
 90
        3
 70
     0
 43
0.0
 10
68.16444473109808
 20
52.65576684813211
 10
66.48543349403954
 20
54.07716684813212
 10
66.48538832362447
 20
54.07711404113554
  0
LWPOLYLINE
  5
1C84
330
1F
100
AcDbEntity
  8
0
100
AcDbPolyline
 90
        9
 70
     0
 43
0.0
 10
63.08594473109808
 20
51.63106684813211
 10
64.12064473109808
 20
51.12466684813211
 10
63.69064473109808
 20
50.40666684813211
 10
63.68264473109809
 20
50.39356684813211
 10
62.71174473109809
 20
50.86876684813211
 10
63.07794473109808
 20
51.61796684813211
 10
63.08594473109808
 20
51.63106684813211
 10
62.71974473109808
 20
50.88186684813211
 10
63.69064473109808
 20
50.40666684813211
  0
LWPOLYLINE
  5
1C85
330
1F
100
AcDbEntity
  8
0
100
AcDbPolyline
 90
        4
 70
     0
 43
0.0
 10
58.19064473109808
 20
57.21706684813211
 10
58.19164473109808
 20
57.21128684813211
 10
58.56614473109807
 20
52.75396684813212
 10
58.18774473109808
 20
52.65156684813211
  0
LWPOLYLINE
  5
1C86
330
1F
100
AcDbEntity
  8
0
100
AcDbPolyline
 90
        3
 70
     0
 43
0.0
 10
58.56614473109807
 20
52.75396684813212
 10
58.56514473109807
 20
52.75976684813212
 10
58.18684473109808
 20
52.65736684813211
  0
LWPOLYLINE
  5
1C87
330
1F
100
AcDbEntity
  8
0
100
AcDbPolyline
 90
        3
 70
     0
 43
0.0
 10
57.47894473109808
 20
60.19484684813212
 10
57.48084473109808
 20
60.18788684813212
 10
57.54454473109808
 20
63.25928684813212
  0
LWPOLYLINE
  5
1C88
330
1F
100
AcDbEntity
  8
0
100
AcDbPolyline
 90
        3
 70
     0
 43
0.0
 10
65.96184473109807
 20
41.7945668481321
 10
68.62954473109808
 20
39.4853668481321
 10
68.63454473109809
 20
39.4823668481321
  0
LWPOLYLINE
  5
1C89
330
1F
100
AcDbEntity
  8
0
100
AcDbPolyline
 90
        4
 70
     0
 43
0.0
 10
66.35954473109809
 20
45.1211668481321
 10
66.80384473109808
 20
45.06036684813211
 10
66.78674473109808
 20
44.0476668481321
 10
66.30694473109807
 20
44.08186684813211
  0
LWPOLYLINE
  5
1C8A
330
1F
100
AcDbEntity
  8
0
100
AcDbPolyline
 90
        8
 70
     0
 43
0.0
 10
80.43008173109809
 20
48.86836684813211
 10
79.30773373109808
 20
49.1933668481321
 10
77.41068473109809
 20
49.1420668481321
 10
77.03569473109808
 20
49.13186684813211
 10
77.05056473109809
 20
49.13556684813211
 10
70.41968473109808
 20
48.95626684813211
 10
70.01129473109809
 20
49.85466684813211
 10
74.44165473109809
 20
51.8630668481321
  0
LWPOLYLINE
  5
1C8B
330
1F
100
AcDbEntity
  8
0
100
AcDbPolyline
 90
       13
 70
     0
 43
0.0
 10
79.90865635520808
 20
50.94986684813211
 10
79.06989673109809
 20
54.2981468481321
 10
76.4107147310981
 20
59.17516684813211
 10
74.41116452592189
 20
61.28851345426745
 10
73.21869104060417
 20
62.54885179765029
 10
73.10252788861166
 20
62.67162591074125
 10
72.93245183030274
 20
62.8513811675393
 10
72.6337647310981
 20
63.16706684813212
 10
67.99644473109808
 20
66.00181684813211
 10
65.26534473109808
 20
66.78420684813213
 10
65.23621622900809
 20
66.71460609413196
 10
63.96276136093518
 20
63.67176445643965
 10
63.94454008644901
 20
63.62822584813212
  0
LWPOLYLINE
  5
1C8C
330
1F
100
AcDbEntity
  8
0
100
AcDbPolyline
 90
        3
 70
     0
 43
0.0
 10
78.83143273109809
 20
50.84986684813211
 10
78.81837773109809
 20
50.84656684813211
 10
78.37510453334681
 20
50.71519583556511
  0
LWPOLYLINE
  5
1C8D
330
1F
100
AcDbEntity
  8
0
100
AcDbPolyline
 90
       12
 70
     1
 43
0.0
 10
78.37510453334681
 20
50.71519583556511
 10
78.07883473109808
 20
51.8330668481321
 10
78.50680973109809
 20
51.9465668481321
 10
78.0489647310981
 20
53.49326684813211
 10
76.37818473109809
 20
52.73706684813211
 10
76.36525971986557
 20
52.73382342590108
 10
76.36513473109809
 20
52.73376684813211
 10
77.41068473109809
 20
49.1420668481321
 10
77.42374473109808
 20
49.1452668481321
 10
79.32078873109808
 20
49.19656684813211
 10
78.83143273109809
 20
50.84986684813211
 10
78.37524473109809
 20
50.71466684813211
  0
LWPOLYLINE
  5
1C8E
330
1F
100
AcDbEntity
  8
0
100
AcDbPolyline
 90
        5
 70
     0
 43
0.0
 10
77.05056473109809
 20
49.13556684813211
 10
76.00535473109809
 20
52.5678668481321
 10
75.99048473109809
 20
52.5641668481321
 10
75.12579473109809
 20
52.1727668481321
 10
75.26897473109809
 20
51.8556668481321
  0
LWPOLYLINE
  5
1C8F
330
1F
100
AcDbEntity
  8
0
100
AcDbPolyline
 90
        3
 70
     0
 43
0.0
 10
75.12579473109809
 20
52.1727668481321
 10
75.14065473109809
 20
52.1764668481321
 10
75.28384473109809
 20
51.8593668481321
  0
LWPOLYLINE
  5
1C90
330
1F
100
AcDbEntity
  8
0
100
AcDbPolyline
 90
       10
 70
     0
 43
0.0
 10
74.59856854714914
 20
51.55218394233944
 10
74.59970473109809
 20
51.5496668481321
 10
75.28384473109809
 20
51.8593668481321
 10
75.26897473109809
 20
51.8556668481321
 10
74.59856854714914
 20
51.55218394233944
 10
74.45652473109809
 20
51.8668668481321
 10
74.44165473109809
 20
51.8630668481321
 10
69.99642473109808
 20
49.8509668481321
 10
70.01129473109809
 20
49.85466684813211
 10
74.45652473109809
 20
51.8668668481321
  0
LWPOLYLINE
  5
1C91
330
1F
100
AcDbEntity
  8
0
100
AcDbPolyline
 90
        7
 70
     1
 43
0.0
 10
77.96574473109808
 20
56.08867684813211
 10
77.22325473109808
 20
55.68439684813211
 10
78.06698473109809
 20
54.13486684813211
 10
78.05472207598558
 20
54.12818422268399
 10
78.81421643146686
 20
54.48153684813211
 10
78.81425256910938
 20
54.48153684813211
 10
78.82651673109808
 20
54.4882468481321
  0
LWPOLYLINE
  5
1C92
330
1F
100
AcDbEntity
  8
0
100
AcDbPolyline
 90
        4
 70
     0
 43
0.0
 10
78.05472207598558
 20
54.12818422268399
 10
78.05468598476512
 20
54.12816684813211
 10
77.2109647310981
 20
55.6776968481321
 10
77.22325473109808
 20
55.68439684813211
  0
LWPOLYLINE
  5
1C93
330
1F
100
AcDbEntity
  8
0
100
AcDbPolyline
 90
        4
 70
     0
 43
0.0
 10
75.9725947310981
 20
57.95203684813211
 10
76.58370473109809
 20
58.62871684813211
 10
76.59600473109809
 20
58.63541684813211
 10
75.98489473109808
 20
57.9587368481321
  0
LWPOLYLINE
  5
1C94
330
1F
100
AcDbEntity
  8
0
100
AcDbPolyline
 90
        3
 70
     0
 43
0.0
 10
77.86225522663092
 20
56.28073528919107
 10
77.86240473109808
 20
56.28081595194515
 10
76.59600473109809
 20
58.63541684813211
  0
LWPOLYLINE
  5
1C95
330
1F
100
AcDbEntity
  8
0
100
AcDbPolyline
 90
        3
 70
     0
 43
0.0
 10
74.34736788692197
 20
54.50928075091461
 10
75.30368473109809
 20
52.88946684813211
 10
74.97442473109808
 20
52.72786684813211
  0
LWPOLYLINE
  5
1C96
330
1F
100
AcDbEntity
  8
0
100
AcDbPolyline
 90
        6
 70
     0
 43
0.0
 10
74.34992832338787
 20
54.52157676408843
 10
75.31112473109809
 20
52.8934668481321
 10
75.30368473109809
 20
52.88946684813211
 10
74.96834473109808
 20
52.7245668481321
 10
69.66337473109809
 20
50.12186684813212
 10
69.66945473109809
 20
50.12516684813211
  0
LWPOLYLINE
  5
1C97
330
1F
100
AcDbEntity
  8
0
100
AcDbPolyline
 90
       11
 70
     0
 43
0.0
 10
69.66324979669323
 20
50.12212437991472
 10
69.66337473109809
 20
50.12186684813212
 10
69.47942363836019
 20
50.03197716629873
 10
69.47334473109808
 20
50.02905099848369
 10
69.47304187255908
 20
50.02889859338822
 10
69.47245013348426
 20
50.0285668481321
 10
68.53924473109808
 20
49.57076287995838
 10
68.52744473109808
 20
49.5642856517809
 10
77.91897473109809
 20
54.17196684813211
 10
77.93729473109809
 20
54.1819668481321
 10
75.30368473109809
 20
52.88946684813211
  0
LWPOLYLINE
  5
1C98
330
1F
100
AcDbEntity
  8
0
100
AcDbPolyline
 90
        3
 70
     0
 43
0.0
 10
68.52744473109808
 20
49.5642856517809
 10
68.23044473109809
 20
50.16936684813211
 10
67.19762562280533
 20
49.66259456674471
  0
LWPOLYLINE
  5
1C99
330
1F
100
AcDbEntity
  8
0
100
AcDbPolyline
 90
        3
 70
     0
 43
0.0
 10
71.07502227456894
 20
40.68006614963031
 10
71.00314473109808
 20
40.2440668481321
 10
71.00344777149612
 20
40.24388502389327
  0
LWPOLYLINE
  5
1C9A
330
1F
100
AcDbEntity
  8
0
100
AcDbPolyline
 90
        9
 70
     0
 43
0.0
 10
65.34874473109808
 20
42.7750668481321
 10
65.34354473109807
 20
42.7779668481321
 10
65.69564473109807
 20
43.42766684813208
 10
67.70614473109808
 20
42.3963668481321
 10
67.71124473109807
 20
42.3934668481321
 10
67.51004473109808
 20
42.04206684813209
 10
65.34874473109808
 20
42.7750668481321
 10
65.70074473109807
 20
43.42476684813209
 10
67.71124473109807
 20
42.3934668481321
  0
LWPOLYLINE
  5
1C9B
330
1F
100
AcDbEntity
  8
0
100
AcDbPolyline
 90
        4
 70
     0
 43
0.0
 10
69.00694473109808
 20
38.9856668481321
 10
69.00214473109807
 20
38.98846684813211
 10
70.13955473109809
 20
37.4778668481321
 10
70.14435473109807
 20
37.4750668481321
  0
LWPOLYLINE
  5
1C9C
330
1F
100
AcDbEntity
  8
0
100
AcDbPolyline
 90
        3
 70
     0
 43
0.0
 10
68.68414473109808
 20
39.1649668481321
 10
68.66314473109807
 20
39.17716684813211
 10
68.66666099999592
 20
39.1809496252432
  0
LWPOLYLINE
  5
1C9D
330
1F
100
AcDbEntity
  8
0
100
AcDbPolyline
 90
        4
 70
     0
 43
0.0
 10
71.43553473109808
 20
34.7266668481321
 10
72.31508473109808
 20
33.5057668481321
 10
73.51521473109809
 20
34.74486684813209
 10
71.05829473109807
 20
36.91548026319603
  0
LWPOLYLINE
  5
1C9E
330
1F
100
AcDbEntity
  8
0
100
AcDbPolyline
 90
        7
 70
     0
 43
0.0
 10
72.47162473109807
 20
33.2884668481321
 10
73.90585473109808
 20
31.2976668481321
 10
73.89924473109807
 20
31.30406684813209
 10
72.46501473109808
 20
33.2948668481321
 10
73.78184473109809
 20
34.50986684813209
 10
74.18682473109808
 20
34.1520668481321
 10
74.19343473109808
 20
34.14566684813209
  0
LWPOLYLINE
  5
1C9F
330
1F
100
AcDbEntity
  8
0
100
AcDbPolyline
 90
        3
 70
     0
 43
0.0
 10
75.84595473109809
 20
33.3397668481321
 10
75.83902473109808
 20
33.3436668481321
 10
74.63807473109809
 20
34.3179668481321
  0
LWPOLYLINE
  5
1CA0
330
1F
100
AcDbEntity
  8
0
100
AcDbPolyline
 90
        3
 70
     0
 43
0.0
 10
77.02054473109808
 20
37.89566684813209
 10
78.19457473109808
 20
36.90026684813209
 10
77.45006473109808
 20
35.7715668481321
  0
LWPOLYLINE
  5
1CA1
330
1F
100
AcDbEntity
  8
0
100
AcDbPolyline
 90
        5
 70
     0
 43
0.0
 10
63.94654473109808
 20
41.53726684813209
 10
63.94354473109807
 20
41.5394668481321
 10
64.06144473109808
 20
41.6255668481321
 10
64.86974716339739
 20
41.06066506444594
 10
64.8696639060093
 20
41.0606199572409
  0
LWPOLYLINE
  5
1CA2
330
1F
100
AcDbEntity
  8
0
100
AcDbPolyline
 90
        7
 70
     1
 43
0.0
 10
65.58814473109809
 20
39.42126684813209
 10
65.58224473109809
 20
39.4257668481321
 10
64.60994473109806
 20
40.7273668481321
 10
64.97234473109807
 20
40.99896684813209
 10
65.63510079214092
 20
40.5855605940893
 10
65.64063568609589
 20
40.58210810242463
 10
66.46424473109807
 20
40.0683668481321
  0
LWPOLYLINE
  5
1CA3
330
1F
100
AcDbEntity
  8
0
100
AcDbPolyline
 90
        3
 70
     0
 43
0.0
 10
64.46664473109809
 20
40.82286684813209
 10
64.46364473109807
 20
40.8250668481321
 10
63.94354473109807
 20
41.5394668481321
  0
LWPOLYLINE
  5
1CA4
330
1F
100
AcDbEntity
  8
0
100
AcDbPolyline
 90
        3
 70
     0
 43
0.0
 10
71.05168473109808
 20
36.92195343215264
 10
73.50860473109808
 20
34.75126684813209
 10
73.51521473109809
 20
34.74486684813209
  0
LWPOLYLINE
  5
1CA5
330
1F
100
AcDbEntity
  8
0
100
AcDbPolyline
 90
        3
 70
     0
 43
0.0
 10
73.94602281085949
 20
33.86568153890332
 10
74.41680473109808
 20
33.44976684813209
 10
74.42341473109809
 20
33.4433668481321
  0
LWPOLYLINE
  5
1CA6
330
1F
100
AcDbEntity
  8
0
100
AcDbPolyline
 90
        3
 70
     0
 43
0.0
 10
65.18784473109807
 20
39.1798668481321
 10
63.78064473109808
 20
38.2421668481321
 10
63.23714473109808
 20
39.6563668481321
  0
LWPOLYLINE
  5
1CA7
330
1F
100
AcDbEntity
  8
0
100
AcDbPolyline
 90
        3
 70
     0
 43
0.0
 10
63.70754473109808
 20
33.25286684813209
 10
63.70644473109807
 20
33.25766684813209
 10
64.29574473109807
 20
33.40156684813209
  0
LWPOLYLINE
  5
1CA8
330
1F
100
AcDbEntity
  8
0
100
AcDbPolyline
 90
        8
 70
     0
 43
0.0
 10
66.30424473109808
 20
30.13016684813209
 10
65.00664473109807
 20
33.60876684813209
 10
64.75014473109808
 20
33.4013668481321
 10
66.20394473109809
 20
29.9937668481321
 10
66.30424473109808
 20
30.13016684813209
 10
66.30204473109808
 20
30.13816684813209
 10
65.00444473109808
 20
33.61676684813209
 10
65.00664473109807
 20
33.60876684813209
  0
LWPOLYLINE
  5
1CA9
330
1F
100
AcDbEntity
  8
0
100
AcDbPolyline
 90
        5
 70
     0
 43
0.0
 10
64.75014473109808
 20
33.4013668481321
 10
64.74794473109807
 20
33.4093668481321
 10
65.00444473109808
 20
33.61676684813209
 10
67.41774473109808
 20
27.28216684813209
 10
66.30204473109808
 20
30.13816684813209
  0
LWPOLYLINE
  5
1CAA
330
1F
100
AcDbEntity
  8
0
100
AcDbPolyline
 90
        3
 70
     0
 43
0.0
 10
62.66364473109807
 20
39.11306684813211
 10
62.66214473109807
 20
39.1188668481321
 10
63.01064473109807
 20
39.36006684813209
  0
LWPOLYLINE
  5
1CAB
330
1F
100
AcDbEntity
  8
0
100
AcDbPolyline
 90
        3
 70
     0
 43
0.0
 10
67.33444473109807
 20
27.26246684813209
 10
63.03084473109807
 20
36.9335668481321
 10
64.67439502825865
 20
33.56206637528764
  0
LWPOLYLINE
  5
1CAC
330
1F
100
AcDbEntity
  8
0
100
AcDbPolyline
 90
        3
 70
     0
 43
0.0
 10
63.8451221316894
 20
63.62822584813212
 10
65.14744473109809
 20
66.74003684813212
 10
65.23621622900809
 20
66.71460609413196
  0
LWPOLYLINE
  5
1CAD
330
1F
100
AcDbEntity
  8
0
100
AcDbPolyline
 90
        3
 70
     0
 43
0.0
 10
80.11844383576118
 20
25.86184455602293
 10
80.34589773109809
 20
25.92316684813209
 10
80.11842142227765
 20
25.89019626361211
  0
LWPOLYLINE
  5
1CAE
330
1F
100
AcDbEntity
  8
0
100
AcDbPolyline
 90
        4
 70
     0
 43
0.0
 10
80.11840773109808
 20
26.34206035150171
 10
80.34554273109808
 20
26.35656684813209
 10
80.36854273109808
 20
26.35656684813209
 10
80.38854273109809
 20
26.35656684813209
  0
LWPOLYLINE
  5
1CAF
330
1F
100
AcDbEntity
  8
0
100
AcDbPolyline
 90
        4
 70
     0
 43
0.0
 10
66.45463019780834
 20
41.14268416153636
 10
66.45038992924367
 20
41.1397382806663
 10
66.45465101520855
 20
41.14266569967186
 10
66.45041326378072
 20
41.13971750671523
  0
LWPOLYLINE
  5
1CB0
330
1F
100
AcDbEntity
  8
0
100
AcDbPolyline
 90
        3
 70
     0
 43
0.0
 10
71.05345473109807
 20
24.8939668481321
 10
71.01040473109808
 20
24.84536684813209
 10
69.66743022797593
 20
27.40272339348967
  0
LWPOLYLINE
  5
1CB1
330
1F
100
AcDbEntity
  8
0
100
AcDbPolyline
 90
        3
 70
     0
 43
0.0
 10
80.34554273109808
 20
26.35656684813209
 10
80.34558773109807
 20
26.29956684813209
 10
80.11840773109808
 20
26.30672568385644
  0
LWPOLYLINE
  5
1CB2
330
1F
100
AcDbEntity
  8
0
100
AcDbPolyline
 90
        3
 70
     0
 43
0.0
 10
80.10440832075472
 20
26.03795666732223
 10
80.10441973109809
 20
25.9719668481321
 10
80.10442032644572
 20
25.96852375430319
  0
LWPOLYLINE
  5
1CB3
330
1F
100
AcDbEntity
  8
0
100
AcDbPolyline
 90
        3
 70
     0
 43
0.0
 10
77.51116473109809
 20
26.68486684813209
 10
78.12024473109808
 20
26.7415668481321
 10
76.39733473109808
 20
26.77046684813209
  0
LWPOLYLINE
  5
1CB4
330
1F
100
AcDbEntity
  8
0
100
AcDbPolyline
 90
        3
 70
     0
 43
0.0
 10
76.39657473109808
 20
26.58126684813209
 10
77.31941473109808
 20
26.6670668481321
 10
77.31939246285435
 20
26.66576314368136
  0
LWPOLYLINE
  5
1CB5
330
1F
100
AcDbEntity
  8
0
100
AcDbPolyline
 90
        3
 70
     0
 43
0.0
 10
80.63066000459153
 20
26.95358235594388
 10
80.39485473109809
 20
26.11666684813208
 10
80.38550984126651
 20
26.11659496436415
  0
LWPOLYLINE
  5
1CB6
330
1F
100
AcDbEntity
  8
0
100
AcDbPolyline
 90
        4
 70
     0
 43
0.0
 10
80.36852173109808
 20
26.39416684813209
 10
80.36854273109808
 20
26.35656684813209
 10
80.64515473109809
 20
27.15326684813209
 10
80.64515473109809
 20
27.15736684813208
  0
LWPOLYLINE
  5
1CB7
330
1F
100
AcDbEntity
  8
0
100
AcDbPolyline
 90
        4
 70
     0
 43
0.0
 10
75.26151473109809
 20
24.8486440135007
 10
75.26151473109809
 20
24.80536684813209
 10
75.43449473109808
 20
24.80536684813209
 10
75.43449473109808
 20
24.848815492415
  0
LWPOLYLINE
  5
1CB8
330
1F
100
AcDbEntity
  8
0
100
AcDbPolyline
 90
        3
 70
     0
 43
0.0
 10
44.8492071590586
 20
31.05126518479924
 10
44.96104473109807
 20
30.91216684813212
 10
45.11282684604796
 20
31.03418947527271
  0
LWPOLYLINE
  5
1CB9
330
1F
100
AcDbEntity
  8
0
100
AcDbPolyline
 90
        3
 70
     0
 43
0.0
 10
63.41752243302322
 20
63.62822584813212
 10
63.25174473109808
 20
65.55880684813212
 10
63.56964473109808
 20
64.48149284813212
  0
LWPOLYLINE
  5
1CBA
330
1F
100
AcDbEntity
  8
0
100
AcDbPolyline
 90
       21
 70
     0
 43
0.0
 10
63.80762316338753
 20
63.62822584813212
 10
63.70950812307046
 20
63.62822584813212
 10
63.51294473109809
 20
65.68161684813212
 10
63.58824473109808
 20
65.67849684813211
 10
63.71184473109808
 20
64.43161384813212
 10
63.72784473109809
 20
64.43319584813213
 10
63.80762316338753
 20
63.62822584813212
 10
63.80964258842539
 20
63.62822584813212
 10
63.53884473109808
 20
66.35945684813211
 10
63.53684473109808
 20
66.35925684813212
 10
63.60424473109809
 20
65.68008684813213
 10
63.58824473109808
 20
65.67849684813211
 10
63.53684473109808
 20
66.35925684813212
 10
63.44999072774109
 20
66.35925684813212
 10
63.4499638919993
 20
66.35925684813212
 10
63.44917347199148
 20
66.35925684813212
 10
63.44908666473653
 20
66.35925684813212
 10
63.4491093324486
 20
66.35937396092237
 10
63.44914473109809
 20
66.35955684813211
 10
63.18864473109808
 20
66.35955684813211
 10
63.18307995837079
 20
66.35896684813213
  0
LWPOLYLINE
  5
1CBB
330
1F
100
AcDbEntity
  8
0
100
AcDbPolyline
 90
        3
 70
     0
 43
0.0
 10
63.18274473109808
 20
66.35926684813212
 10
62.76824473109808
 20
66.35926684813212
 10
62.76588770982149
 20
66.35897684813213
  0
LWPOLYLINE
  5
1CBC
330
1F
100
AcDbEntity
  8
0
100
AcDbPolyline
 90
        3
 70
     0
 43
0.0
 10
63.44999072774109
 20
66.35925684813212
 10
63.44994473109808
 20
66.35945684813211
 10
63.4499638919993
 20
66.35925684813212
  0
LWPOLYLINE
  5
1CBD
330
1F
100
AcDbEntity
  8
0
100
AcDbPolyline
 90
        3
 70
     0
 43
0.0
 10
60.90784473109808
 20
64.62502673551077
 10
60.90474473109808
 20
64.62506784813212
 10
60.90784473109808
 20
64.62746453563212
  0
LWPOLYLINE
  5
1CBE
330
1F
100
AcDbEntity
  8
0
100
AcDbPolyline
 90
        3
 70
     0
 43
0.0
 10
60.90784473109808
 20
65.46724934813212
 10
60.90474473109808
 20
65.46484684813211
 10
60.90784473109808
 20
65.4648059160933
  0
LWPOLYLINE
  5
1CBF
330
1F
100
AcDbEntity
  8
0
100
AcDbPolyline
 90
        3
 70
     0
 43
0.0
 10
62.95729051332614
 20
63.62822584813212
 10
62.90344473109808
 20
64.39645584813212
 10
63.26294473109808
 20
64.30615894813212
  0
LWPOLYLINE
  5
1CC0
330
1F
100
AcDbEntity
  8
0
100
AcDbPolyline
 90
        3
 70
     0
 43
0.0
 10
63.48910717761321
 20
65.68070310574417
 10
63.48924473109808
 20
65.67926684813213
 10
63.50854473109809
 20
65.68132684813213
  0
LWPOLYLINE
  5
1CC1
330
1F
100
AcDbEntity
  8
0
100
AcDbPolyline
 90
        3
 70
     0
 43
0.0
 10
60.90784473109808
 20
66.35691684813213
 10
60.90474473109808
 20
66.35691684813213
 10
60.90164473109808
 20
66.35691684813213
  0
LWPOLYLINE
  5
1CC2
330
1F
100
AcDbEntity
  8
0
100
AcDbPolyline
 90
        3
 70
     0
 43
0.0
 10
61.61208492050099
 20
65.09885874280988
 10
61.61214473109808
 20
65.09652484813212
 10
61.61534473109808
 20
65.09889984813213
  0
LWPOLYLINE
  5
1CC3
330
1F
100
AcDbEntity
  8
0
100
AcDbPolyline
 90
        3
 70
     0
 43
0.0
 10
62.28004473109808
 20
65.09587984813212
 10
62.27154473109808
 20
65.09370584813211
 10
62.1833470768281
 20
65.09255964307974
  0
LWPOLYLINE
  5
1CC4
330
1F
100
AcDbEntity
  8
0
100
AcDbPolyline
 90
        3
 70
     0
 43
0.0
 10
58.16372255058272
 20
64.3849318629941
 10
58.16144473109808
 20
64.38515794813213
 10
58.08888549191273
 20
63.62822584813212
  0
LWPOLYLINE
  5
1CC5
330
1F
100
AcDbEntity
  8
0
100
AcDbPolyline
 90
        3
 70
     0
 43
0.0
 10
58.07674473109808
 20
64.49492384813211
 10
58.15304473109808
 20
64.38430814813212
 10
58.08833454599854
 20
63.62822584813212
  0
LWPOLYLINE
  5
1CC6
330
1F
100
AcDbEntity
  8
0
100
AcDbPolyline
 90
        3
 70
     0
 43
0.0
 10
58.16144473109808
 20
64.38515794813213
 10
58.15304473109808
 20
64.38430814813212
 10
58.26424473109808
 20
65.5456068481321
  0
LWPOLYLINE
  5
1CC7
330
1F
100
AcDbEntity
  8
0
100
AcDbPolyline
 90
        3
 70
     0
 43
0.0
 10
58.46324473109808
 20
64.61062284813213
 10
58.43584473109808
 20
64.60962984813213
 10
58.37743606658143
 20
63.62822584813212
  0
LWPOLYLINE
  5
1CC8
330
1F
100
AcDbEntity
  8
0
100
AcDbPolyline
 90
        3
 70
     0
 43
0.0
 10
58.43584473109808
 20
64.60962984813213
 10
58.52144473109808
 20
65.60671684813212
 10
58.54884473109808
 20
65.60770684813213
  0
LWPOLYLINE
  5
1CC9
330
1F
100
AcDbEntity
  8
0
100
AcDbPolyline
 90
        3
 70
     0
 43
0.0
 10
59.58394473109809
 20
66.35957684813212
 10
59.52814473109808
 20
65.23261684813213
 10
59.53570315320214
 20
65.23139044805779
  0
LWPOLYLINE
  5
1CCA
330
1F
100
AcDbEntity
  8
0
100
AcDbPolyline
 90
        4
 70
     0
 43
0.0
 10
59.52814473109808
 20
65.23261684813213
 10
59.48464473109808
 20
65.23184484813211
 10
59.50114473109808
 20
65.22918384813213
 10
59.46359134621097
 20
64.47193627771527
  0
LWPOLYLINE
  5
1CCB
330
1F
100
AcDbEntity
  8
0
100
AcDbPolyline
 90
        3
 70
     0
 43
0.0
 10
61.62928457336107
 20
64.43120798961054
 10
61.61214473109808
 20
65.09652484813212
 10
61.62064473109808
 20
65.09869884813213
  0
LWPOLYLINE
  5
1CCC
330
1F
100
AcDbEntity
  8
0
100
AcDbPolyline
 90
        3
 70
     0
 43
0.0
 10
60.90164473109808
 20
64.49170284813212
 10
60.90474473109808
 20
64.48942584813213
 10
60.90164473109808
 20
64.48938484371126
  0
LWPOLYLINE
  5
1CCD
330
1F
100
AcDbEntity
  8
0
100
AcDbPolyline
 90
        4
 70
     1
 43
0.0
 10
74.13366473109808
 20
27.96126684813208
 10
74.13366473109808
 20
27.49826684813209
 10
73.57166473109808
 20
27.49826684813209
 10
73.57166473109808
 20
27.96126684813208
  0
LWPOLYLINE
  5
1CCE
330
1F
100
AcDbEntity
  8
0
100
AcDbPolyline
 90
        4
 70
     1
 43
0.0
 10
73.36277473109809
 20
27.4981668481321
 10
73.04377473109808
 20
27.4981668481321
 10
73.04377473109808
 20
27.92816684813209
 10
73.36277473109809
 20
27.92816684813209
  0
LWPOLYLINE
  5
1CCF
330
1F
100
AcDbEntity
  8
0
100
AcDbPolyline
 90
        3
 70
     0
 43
0.0
 10
53.48239213662883
 20
48.60977410758688
 10
55.10204473109808
 20
47.90886684813211
 10
55.11239808466736
 20
47.90307787624391
  0
LWPOLYLINE
  5
1CD0
330
1F
100
AcDbEntity
  8
0
100
AcDbPolyline
 90
       24
 70
     0
 43
0.0
 10
41.08324473109806
 20
56.30628684813212
 10
41.08844473109806
 20
56.30338684813211
 10
40.15804473109806
 20
54.64256684813211
 10
40.15554473109807
 20
54.63815684813211
 10
40.03774473109806
 20
54.42796684813211
 10
40.05743290539955
 20
54.41944675910781
 10
40.05761044813482
 20
54.4193699272042
 10
40.91320966503469
 20
54.04910799303586
 10
46.75680383396421
 20
51.52028323870489
 10
46.81644473109807
 20
51.84156684813211
 10
46.99364473109807
 20
52.21326684813211
 10
47.26084473109807
 20
52.52636684813211
 10
47.59984473109807
 20
52.75956684813212
 10
47.98744473109807
 20
52.89686684813212
 10
48.39734473109807
 20
52.92896684813211
 10
48.41754473109808
 20
52.92896684813211
 10
48.82184473109807
 20
52.85356684813211
 10
49.19284473109808
 20
52.67606684813212
 10
49.50524473109808
 20
52.40826684813211
 10
49.73794473109808
 20
52.06866684813211
 10
49.87503590005816
 20
51.68019187263253
 10
49.87504473109808
 20
51.68016684813211
 10
49.90704473109808
 20
51.26946684813211
 10
49.83184473109807
 20
50.86446684813211
  0
LWPOLYLINE
  5
1CD1
330
1F
100
AcDbEntity
  8
0
100
AcDbPolyline
 90
        3
 70
     0
 43
0.0
 10
55.10204473109808
 20
47.90886684813211
 10
55.74794473109808
 20
49.06176684813211
 10
54.25551221168532
 20
50.23426181609327
  0
LWPOLYLINE
  5
1CD2
330
1F
100
AcDbEntity
  8
0
100
AcDbPolyline
 90
        3
 70
     0
 43
0.0
 10
54.25492984489345
 20
50.24173794978397
 10
55.75114473109807
 20
49.06626684813211
 10
55.75940507442396
 20
49.05832421031875
  0
LWPOLYLINE
  5
1CD3
330
1F
100
AcDbEntity
  8
0
100
AcDbPolyline
 90
        3
 70
     0
 43
0.0
 10
55.75114473109807
 20
49.06626684813211
 10
56.66064473109808
 20
50.00526684813211
 10
56.6682965134814
 20
49.99790936507122
  0
LWPOLYLINE
  5
1CD4
330
1F
100
AcDbEntity
  8
0
100
AcDbPolyline
 90
        3
 70
     1
 43
0.0
 10
52.22864473109808
 20
55.81152684813211
 10
52.23584473109808
 20
55.80457684813211
 10
50.42454473109807
 20
58.17601684813212
  0
LWPOLYLINE
  5
1CD5
330
1F
100
AcDbEntity
  8
0
100
AcDbPolyline
 90
        3
 70
     0
 43
0.0
 10
54.41383414247202
 20
52.95269287046217
 10
52.23584473109808
 20
55.80457684813211
 10
56.66064473109808
 20
50.00526684813211
  0
LWPOLYLINE
  5
1CD6
330
1F
100
AcDbEntity
  8
0
100
AcDbPolyline
 90
        3
 70
     0
 43
0.0
 10
42.75154473109807
 20
59.27208684813212
 10
42.77024473109807
 20
59.26157684813212
 10
42.76861822345181
 20
59.25867345515796
  0
LWPOLYLINE
  5
1CD7
330
1F
100
AcDbEntity
  8
0
100
AcDbPolyline
 90
        4
 70
     0
 43
0.0
 10
53.49610731764241
 20
46.80337072686334
 10
54.76114473109807
 20
46.61576684813211
 10
55.09934473109807
 20
47.9039668481321
 10
53.47697951191936
 20
48.60605123116381
  0
LWPOLYLINE
  5
1CD8
330
1F
100
AcDbEntity
  8
0
100
AcDbPolyline
 90
        6
 70
     0
 43
0.0
 10
44.64124473109807
 20
46.60676684813211
 10
44.70524473109807
 20
46.88226684813211
 10
44.70034473109807
 20
46.88226684813211
 10
44.63634473109806
 20
46.60676684813211
 10
44.64124473109807
 20
46.60676684813211
 10
44.84596500413739
 20
46.41466767930443
  0
LWPOLYLINE
  5
1CD9
330
1F
100
AcDbEntity
  8
0
100
AcDbPolyline
 90
        6
 70
     1
 43
0.0
 10
44.36034473109806
 20
46.52276684813211
 10
44.48974473109807
 20
47.07986684813211
 10
45.03574473109806
 20
47.24606684813211
 10
45.45234473109807
 20
46.85516684813211
 10
45.32294473109807
 20
46.2980668481321
 10
44.77694473109806
 20
46.13186684813211
  0
LWPOLYLINE
  5
1CDA
330
1F
100
AcDbEntity
  8
0
100
AcDbPolyline
 90
        3
 70
     0
 43
0.0
 10
43.50552298745452
 20
46.49997971787782
 10
42.08154473109806
 20
46.50796684813211
 10
42.07704445469635
 20
46.50801741303549
  0
LWPOLYLINE
  5
1CDB
330
1F
100
AcDbEntity
  8
0
100
AcDbPolyline
 90
       16
 70
     0
 43
0.0
 10
42.07264473109806
 20
46.5080668481321
 10
42.06814473109807
 20
46.5080668481321
 10
42.06904473109807
 20
46.6760668481321
 10
42.07914473109807
 20
46.88706684813211
 10
42.07014473109807
 20
46.8871668481321
 10
42.06564473109806
 20
46.8871668481321
 10
42.06654473109806
 20
47.05716684813211
 10
42.07114453214472
 20
47.05713302606559
 10
42.08014473109807
 20
47.0570668481321
 10
42.08774473109807
 20
48.41606684813211
 10
42.09234473109806
 20
48.41606684813211
 10
42.08464473109806
 20
47.0570668481321
 10
43.14124473109806
 20
47.05116684813211
 10
43.14123767811792
 20
47.05113912600181
 10
43.09804473109807
 20
46.88136684813211
 10
43.09914473109806
 20
46.88136684813211
  0
LWPOLYLINE
  5
1CDC
330
1F
100
AcDbEntity
  8
0
100
AcDbPolyline
 90
        4
 70
     0
 43
0.0
 10
45.32764473109806
 20
46.2980668481321
 10
45.45704473109807
 20
46.85516684813211
 10
45.04054473109807
 20
47.24606684813211
 10
45.03574473109806
 20
47.24606684813211
  0
LWPOLYLINE
  5
1CDD
330
1F
100
AcDbEntity
  8
0
100
AcDbPolyline
 90
        3
 70
     0
 43
0.0
 10
42.06214473109807
 20
43.8431668481321
 10
42.06664473109806
 20
43.8431668481321
 10
42.08154473109806
 20
46.50796684813211
  0
LWPOLYLINE
  5
1CDE
330
1F
100
AcDbEntity
  8
0
100
AcDbPolyline
 90
        4
 70
     0
 43
0.0
 10
53.07873079520732
 20
45.07961071288219
 10
54.75294473109808
 20
45.2744668481321
 10
54.76044473109808
 20
46.61026684813211
 10
53.49819304783287
 20
46.79745760565184
  0
LWPOLYLINE
  5
1CDF
330
1F
100
AcDbEntity
  8
0
100
AcDbPolyline
 90
        3
 70
     0
 43
0.0
 10
55.72467437272829
 20
42.81468928744952
 10
55.71554473109807
 20
42.8060668481321
 10
56.61444473109806
 20
41.8559668481321
  0
LWPOLYLINE
  5
1CE0
330
1F
100
AcDbEntity
  8
0
100
AcDbPolyline
 90
        3
 70
     0
 43
0.0
 10
42.60394473109807
 20
33.0748668481321
 10
42.62334473109806
 20
33.08546684813212
 10
42.60714473109806
 20
33.0701668481321
  0
LWPOLYLINE
  5
1CE1
330
1F
100
AcDbEntity
  8
0
100
AcDbPolyline
 90
        3
 70
     0
 43
0.0
 10
55.09057534458605
 20
43.97754852354307
 10
55.07944473109806
 20
43.9714668481321
 10
55.71234473109807
 20
42.8107668481321
  0
LWPOLYLINE
  5
1CE2
330
1F
100
AcDbEntity
  8
0
100
AcDbPolyline
 90
        3
 70
     0
 43
0.0
 10
40.88409875716474
 20
38.32855783354724
 10
39.96414473109806
 20
37.96246684813211
 10
39.94474473109806
 20
37.95186684813212
  0
LWPOLYLINE
  5
1CE3
330
1F
100
AcDbEntity
  8
0
100
AcDbPolyline
 90
        3
 70
     0
 43
0.0
 10
53.85593951772976
 20
43.49088361933252
 10
55.07754473109807
 20
43.97676684813211
 10
53.8560731274137
 20
43.49068848945445
  0
LWPOLYLINE
  5
1CE4
330
1F
100
AcDbEntity
  8
0
100
AcDbPolyline
 90
        3
 70
     0
 43
0.0
 10
40.88414273612307
 20
38.32838226046593
 10
39.96414473109806
 20
37.96246684813211
 10
39.94284473109806
 20
37.95706684813211
  0
LWPOLYLINE
  5
1CE5
330
1F
100
AcDbEntity
  8
0
100
AcDbPolyline
 90
        4
 70
     0
 43
0.0
 10
54.765932499281
 20
45.27213098025653
 10
54.75374473109806
 20
45.26896684813211
 10
55.07754473109807
 20
43.97676684813211
 10
54.90000505597381
 20
44.73708197170058
  0
LWPOLYLINE
  5
1CE6
330
1F
100
AcDbEntity
  8
0
100
AcDbPolyline
 90
        3
 70
     0
 43
0.0
 10
38.63542691492412
 20
49.00159208068843
 10
38.63544473109807
 20
49.00476684813211
 10
38.63605847529397
 20
49.0071022302223
  0
LWPOLYLINE
  5
1CE7
330
1F
100
AcDbEntity
  8
0
100
AcDbPolyline
 90
        3
 70
     0
 43
0.0
 10
48.07008267402339
 20
44.49282347566017
 10
38.58264473109807
 20
43.38686684813211
 10
51.29548288470317
 20
44.86647137032912
  0
LWPOLYLINE
  5
1CE8
330
1F
100
AcDbEntity
  8
0
100
AcDbPolyline
 90
        3
 70
     0
 43
0.0
 10
40.03504473109806
 20
54.42309684813211
 10
40.05654473109807
 20
54.41746684813211
 10
40.05567851087142
 20
54.41416750573095
  0
LWPOLYLINE
  5
1CE9
330
1F
100
AcDbEntity
  8
0
100
AcDbPolyline
 90
        3
 70
     0
 43
0.0
 10
42.08014473109807
 20
47.0570668481321
 10
42.08144473109807
 20
47.0570668481321
 10
42.08464473109806
 20
47.0570668481321
  0
LWPOLYLINE
  5
1CEA
330
1F
100
AcDbEntity
  8
0
100
AcDbPolyline
 90
        3
 70
     0
 43
0.0
 10
40.05743290539955
 20
54.41944675910781
 10
40.05654473109807
 20
54.41746684813211
 10
40.05761044813482
 20
54.4193699272042
  0
LWPOLYLINE
  5
1CEB
330
1F
100
AcDbEntity
  8
0
100
AcDbPolyline
 90
       11
 70
     0
 43
0.0
 10
42.13950098110021
 20
46.1589699731321
 10
42.42544473109806
 20
46.15736684813211
 10
42.47964473109806
 20
46.32306684813211
 10
42.48074473109806
 20
46.32306684813211
 10
44.27664473109807
 20
46.31296684813211
 10
44.28094473109806
 20
46.31296684813211
 10
44.27994473109807
 20
46.1469668481321
 10
44.27574473109806
 20
46.1469668481321
 10
42.42544473109806
 20
46.15736684813211
 10
42.27654473109806
 20
46.1582668481321
 10
42.27534473109806
 20
46.1582668481321
  0
LWPOLYLINE
  5
1CEC
330
1F
100
AcDbEntity
  8
0
100
AcDbPolyline
 90
        3
 70
     0
 43
0.0
 10
43.8574464387196
 20
46.49807422875407
 10
43.65044473109807
 20
46.49916684813211
 10
43.64904473109807
 20
46.49916684813211
  0
LWPOLYLINE
  5
1CED
330
1F
100
AcDbEntity
  8
0
100
AcDbPolyline
 90
        3
 70
     0
 43
0.0
 10
42.08374462919914
 20
46.88704892241301
 10
42.08254295140801
 20
46.67596684813211
 10
42.71255496166872
 20
46.67243290854147
  0
LWPOLYLINE
  5
1CEE
330
1F
100
AcDbEntity
  8
0
100
AcDbPolyline
 90
        4
 70
     0
 43
0.0
 10
44.32734473109806
 20
47.04446684813211
 10
44.3264448260925
 20
46.87448479152466
 10
43.37894473109807
 20
46.87976684813211
 10
43.41854473109806
 20
47.0495668481321
  0
LWPOLYLINE
  5
1CEF
330
1F
100
AcDbEntity
  8
0
100
AcDbPolyline
 90
        3
 70
     0
 43
0.0
 10
42.07804473109806
 20
46.6760668481321
 10
42.07914473109807
 20
46.88706684813211
 10
42.08054473109807
 20
46.88706684813211
  0
LWPOLYLINE
  5
1CF0
330
1F
100
AcDbEntity
  8
0
100
AcDbPolyline
 90
        3
 70
     0
 43
0.0
 10
48.98214473109806
 20
32.32406684813211
 10
47.72014473109805
 20
33.12056684813212
 10
49.00024473109807
 20
34.71936684813211
  0
LWPOLYLINE
  5
1CF1
330
1F
100
AcDbEntity
  8
0
100
AcDbPolyline
 90
       26
 70
     0
 43
0.0
 10
60.33654473109807
 20
29.63606684813209
 10
60.25684473109808
 20
29.7836668481321
 10
60.22314473109807
 20
29.9445668481321
 10
60.23764473109807
 20
30.1076668481321
 10
60.29934473109808
 20
30.26186684813209
 10
60.40414473109808
 20
30.39676684813209
 10
60.54474473109807
 20
30.5030668481321
 10
60.71174473109808
 20
30.57356684813209
 10
60.89337698569213
 20
30.60332298439874
 10
60.89364473109807
 20
30.6033668481321
 10
61.07814473109807
 20
30.5905668481321
 10
61.25254473109808
 20
30.53596684813209
 10
61.40504473109807
 20
30.4433668481321
 10
61.52524473109807
 20
30.31896684813209
 10
61.60494473109807
 20
30.17126684813209
 10
61.63864473109807
 20
30.0103668481321
 10
61.62424473109807
 20
29.84726684813209
 10
61.56244473109808
 20
29.69306684813209
 10
61.45774473109807
 20
29.55816684813209
 10
61.31704473109807
 20
29.4518668481321
 10
61.15004473109808
 20
29.38146684813209
 10
60.96814473109808
 20
29.3515668481321
 10
60.78364473109807
 20
29.36436684813209
 10
60.60924473109807
 20
29.41896684813209
 10
60.45674473109808
 20
29.51166684813209
 10
60.60741257695003
 20
29.41963622461038
  0
LWPOLYLINE
  5
1CF2
330
1F
100
AcDbEntity
  8
0
100
AcDbPolyline
 90
        3
 70
     0
 43
0.0
 10
61.23984473109807
 20
29.55696684813209
 10
61.35244473109807
 20
29.6419668481321
 10
61.43624473109808
 20
29.7498668481321
  0
LWPOLYLINE
  5
1CF3
330
1F
100
AcDbEntity
  8
0
100
AcDbPolyline
 90
        7
 70
     0
 43
0.0
 10
61.18826856456649
 20
30.42396620568036
 10
61.30954473109808
 20
30.35026684813209
 10
61.18824473109807
 20
30.4243668481321
 10
61.04874473109807
 20
30.4680668481321
 10
61.10624473109807
 20
29.5005668481321
 10
61.10544473109808
 20
29.5005668481321
 10
60.96073698809243
 20
29.47679698519164
  0
LWPOLYLINE
  5
1CF4
330
1F
100
AcDbEntity
  8
0
100
AcDbPolyline
 90
        3
 70
     0
 43
0.0
 10
60.45534473109807
 20
29.7042668481321
 10
60.39154473109808
 20
29.82236684813209
 10
60.36454473109807
 20
29.9511668481321
  0
LWPOLYLINE
  5
1CF5
330
1F
100
AcDbEntity
  8
0
100
AcDbPolyline
 90
        9
 70
     0
 43
0.0
 10
61.45774473109807
 20
32.82246684813209
 10
61.31704473109807
 20
32.71616684813209
 10
61.15004473109808
 20
32.64566684813209
 10
60.96814473109808
 20
32.6158668481321
 10
60.96751247650402
 20
32.61591071186546
 10
60.78364473109807
 20
32.6286668481321
 10
60.60924473109807
 20
32.68316684813209
 10
60.78274473109807
 20
32.6286668481321
 10
60.78364473109807
 20
32.6286668481321
  0
LWPOLYLINE
  5
1CF6
330
1F
100
AcDbEntity
  8
0
100
AcDbPolyline
 90
        3
 70
     0
 43
0.0
 10
60.60924473109807
 20
32.68316684813209
 10
60.45674473109808
 20
32.7758668481321
 10
60.60834473109807
 20
32.68326684813209
  0
LWPOLYLINE
  5
1CF7
330
1F
100
AcDbEntity
  8
0
100
AcDbPolyline
 90
       10
 70
     0
 43
0.0
 10
60.45674473109808
 20
32.7758668481321
 10
60.33654473109807
 20
32.90026684813209
 10
60.25684473109808
 20
33.04786684813209
 10
60.22314473109807
 20
33.2087668481321
 10
60.23764473109807
 20
33.3718668481321
 10
60.29934473109808
 20
33.52616684813209
 10
60.40414473109808
 20
33.66096684813209
 10
60.54474473109807
 20
33.7672668481321
 10
60.71174473109808
 20
33.83776684813209
 10
60.54384473109807
 20
33.7673668481321
  0
LWPOLYLINE
  5
1CF8
330
1F
100
AcDbEntity
  8
0
100
AcDbPolyline
 90
       16
 70
     0
 43
0.0
 10
60.71174473109808
 20
33.83776684813209
 10
60.89364473109807
 20
33.8675668481321
 10
60.89275861218016
 20
33.86766530578964
 10
60.71084473109807
 20
33.83776684813209
 10
60.54384473109807
 20
33.7673668481321
 10
60.40325046319225
 20
33.66106621123274
 10
60.29844473109807
 20
33.52616684813209
 10
60.23674473109807
 20
33.37196684813211
 10
60.22224473109807
 20
33.2088668481321
 10
60.25594473109808
 20
33.04796684813209
 10
60.33564473109808
 20
32.90026684813209
 10
60.45584473109808
 20
32.7758668481321
 10
60.60834473109807
 20
32.68326684813209
 10
60.78274473109807
 20
32.6286668481321
 10
60.96724473109808
 20
32.6158668481321
 10
60.96751247650402
 20
32.61591071186546
  0
LWPOLYLINE
  5
1CF9
330
1F
100
AcDbEntity
  8
0
100
AcDbPolyline
 90
        3
 70
     0
 43
0.0
 10
61.35169744378875
 20
29.64203478334203
 10
61.35164473109807
 20
29.6419668481321
 10
61.27037192916605
 20
29.58061300480871
  0
LWPOLYLINE
  5
1CFA
330
1F
100
AcDbEntity
  8
0
100
AcDbPolyline
 90
        5
 70
     0
 43
0.0
 10
61.40650666801679
 20
30.24972576750838
 10
61.46974473109807
 20
30.1325668481321
 10
61.49674473109808
 20
30.00386684813209
 10
61.48514473109807
 20
29.8733668481321
 10
61.43617999352422
 20
29.75095500419745
  0
LWPOLYLINE
  5
1CFB
330
1F
100
AcDbEntity
  8
0
100
AcDbPolyline
 90
        7
 70
     1
 43
0.0
 10
61.40644473109808
 20
33.51496684813209
 10
61.47024473109808
 20
33.3967668481321
 10
61.49724473109808
 20
33.2680668481321
 10
61.48564473109807
 20
33.1375668481321
 10
61.43624473109808
 20
33.01406684813209
 10
61.43614898283741
 20
33.01567625429877
 10
61.40653136034538
 20
33.51351072095173
  0
LWPOLYLINE
  5
1CFC
330
1F
100
AcDbEntity
  8
0
100
AcDbPolyline
 90
        4
 70
     0
 43
0.0
 10
60.96074473109807
 20
32.7408668481321
 10
60.81314473109807
 20
32.7511668481321
 10
60.75554473109807
 20
33.7186668481321
 10
60.79013830342351
 20
33.12312803630181
  0
LWPOLYLINE
  5
1CFD
330
1F
100
AcDbEntity
  8
0
100
AcDbPolyline
 90
        3
 70
     0
 43
0.0
 10
60.81314473109807
 20
32.7511668481321
 10
60.67354473109808
 20
32.79476684813209
 10
60.62194473109808
 20
33.66226684813209
  0
LWPOLYLINE
  5
1CFE
330
1F
100
AcDbEntity
  8
0
100
AcDbPolyline
 90
        3
 70
     0
 43
0.0
 10
46.23010395905073
 20
30.42623494925356
 10
47.26564473109806
 20
29.1629668481321
 10
45.52016848379908
 20
31.00780431578888
  0
LWPOLYLINE
  5
1CFF
330
1F
100
AcDbEntity
  8
0
100
AcDbPolyline
 90
        4
 70
     0
 43
0.0
 10
56.57476253765659
 20
25.06784587385155
 10
56.55034473109807
 20
24.99686684813209
 10
51.90294473109807
 20
26.3281668481321
 10
47.26564473109806
 20
29.1629668481321
  0
LWPOLYLINE
  5
1D00
330
1F
100
AcDbEntity
  8
0
100
AcDbPolyline
 90
        3
 70
     0
 43
0.0
 10
42.39586189912396
 20
38.01173256908787
 10
42.40024473109807
 20
38.01396684813211
 10
42.39594473109806
 20
38.01156684813212
  0
LWPOLYLINE
  5
1D01
330
1F
100
AcDbEntity
  8
0
100
AcDbPolyline
 90
        3
 70
     0
 43
0.0
 10
52.06337801862135
 20
37.36342792288411
 10
52.06534473109807
 20
37.36566684813211
 10
52.06314473109807
 20
37.36356684813211
  0
LWPOLYLINE
  5
1D02
330
1F
100
AcDbEntity
  8
0
100
AcDbPolyline
 90
        3
 70
     0
 43
0.0
 10
80.34589773109809
 20
25.92316684813209
 10
80.38189773109809
 20
25.92316684813209
 10
80.38183873109808
 20
25.95236684813209
  0
LWPOLYLINE
  5
1D03
330
1F
100
AcDbEntity
  8
0
100
AcDbPolyline
 90
        3
 70
     0
 43
0.0
 10
80.38183005315492
 20
25.9629668481321
 10
80.38187573109809
 20
25.9629668481321
 10
80.3818177310981
 20
25.99146684813209
  0
LWPOLYLINE
  5
1D04
330
1F
100
AcDbEntity
  8
0
100
AcDbPolyline
 90
        3
 70
     0
 43
0.0
 10
48.65916289662323
 20
39.76143606207354
 10
48.30204473109806
 20
39.82796684813212
 10
47.97244473109806
 20
39.98576684813212
  0
LWPOLYLINE
  5
1D05
330
1F
100
AcDbEntity
  8
0
100
AcDbPolyline
 90
       13
 70
     0
 43
0.0
 10
47.97953061298535
 20
39.98539059764117
 10
48.30834473109806
 20
39.82796684813212
 10
48.66367320340136
 20
39.76178901029752
 10
48.65916289662323
 20
39.76143606207354
 10
48.65444473109807
 20
39.76106684813212
 10
48.29524473109806
 20
39.82796684813212
 10
47.96564473109806
 20
39.98576684813212
 10
47.68794473109807
 20
40.22366684813211
 10
47.48124473109807
 20
40.52546684813211
 10
47.35954473109806
 20
40.87056684813211
 10
47.33104473109807
 20
41.23546684813212
 10
47.39784473109806
 20
41.59536684813211
 10
47.55524473109807
 20
41.9256668481321
  0
LWPOLYLINE
  5
1D06
330
1F
100
AcDbEntity
  8
0
100
AcDbPolyline
 90
       19
 70
     0
 43
0.0
 10
48.64514473109807
 20
39.58536684813211
 10
48.24094473109806
 20
39.66066684813211
 10
47.86994473109806
 20
39.83826684813211
 10
47.55744473109807
 20
40.10596684813211
 10
47.32474473109807
 20
40.44566684813211
 10
47.18817945074822
 20
40.83283440205827
 10
47.18774473109808
 20
40.83406684813211
 10
47.18772583777169
 20
40.83430857676591
 10
47.18751773843746
 20
40.83697108133188
 10
47.18739617364458
 20
40.83852642900899
 10
47.15564473109806
 20
41.24476684813211
 10
47.23084473109807
 20
41.64986684813212
 10
47.40804473109807
 20
42.02156684813211
 10
47.67524473109806
 20
42.33466684813211
 10
48.01424473109806
 20
42.56786684813211
 10
48.40194473109807
 20
42.70516684813211
 10
48.81184473109807
 20
42.73726684813211
 10
48.81854473109807
 20
42.73726684813211
 10
48.81387783975515
 20
42.73688758936728
  0
LWPOLYLINE
  5
1D07
330
1F
100
AcDbEntity
  8
0
100
AcDbPolyline
 90
        3
 70
     0
 43
0.0
 10
49.22284473109806
 20
42.66186684813212
 10
48.83344473109807
 20
42.73716684813211
 10
48.81854473109807
 20
42.73726684813211
  0
LWPOLYLINE
  5
1D08
330
1F
100
AcDbEntity
  8
0
100
AcDbPolyline
 90
        4
 70
     0
 43
0.0
 10
49.44944473109806
 20
39.75476684813211
 10
49.80334473109807
 20
39.98786684813211
 10
49.46434473109807
 20
39.75466684813212
 10
49.06184473109806
 20
39.61746684813211
  0
LWPOLYLINE
  5
1D09
330
1F
100
AcDbEntity
  8
0
100
AcDbPolyline
 90
        3
 70
     0
 43
0.0
 10
49.46434473109807
 20
39.75466684813212
 10
49.07664473109807
 20
39.61746684813211
 10
48.66674473109807
 20
39.58536684813211
  0
LWPOLYLINE
  5
1D0A
330
1F
100
AcDbEntity
  8
0
100
AcDbPolyline
 90
        6
 70
     0
 43
0.0
 10
50.15384473109807
 20
41.87696684813211
 10
50.29094473109807
 20
41.48846684813212
 10
50.32294473109807
 20
41.07776684813211
 10
50.24774473109808
 20
40.67276684813211
 10
50.07054473109807
 20
40.30096684813211
 10
49.80334473109807
 20
39.98786684813211
  0
LWPOLYLINE
  5
1D0B
330
1F
100
AcDbEntity
  8
0
100
AcDbPolyline
 90
        4
 70
     0
 43
0.0
 10
48.83344473109807
 20
42.73716684813211
 10
49.23774473109808
 20
42.66186684813212
 10
49.60874473109807
 20
42.48436684813211
 10
49.92124473109807
 20
42.21656684813211
  0
LWPOLYLINE
  5
1D0C
330
1F
100
AcDbEntity
  8
0
100
AcDbPolyline
 90
        3
 70
     1
 43
0.0
 10
51.31377065694308
 20
43.48639195661696
 10
51.14604473109807
 20
43.15806684813212
 10
51.15724473109807
 20
43.15806684813212
  0
LWPOLYLINE
  5
1D0D
330
1F
100
AcDbEntity
  8
0
100
AcDbPolyline
 90
        3
 70
     0
 43
0.0
 10
53.50179457675667
 20
43.65986685378663
 10
51.53934473109806
 20
43.7640668481321
 10
51.30294473109807
 20
43.48696684813211
  0
LWPOLYLINE
  5
1D0E
330
1F
100
AcDbEntity
  8
0
100
AcDbPolyline
 90
        3
 70
     0
 43
0.0
 10
52.40353711096217
 20
41.33225105984466
 10
52.05094473109807
 20
41.39796684813211
 10
51.72403020568401
 20
41.55440386288249
  0
LWPOLYLINE
  5
1D0F
330
1F
100
AcDbEntity
  8
0
100
AcDbPolyline
 90
       29
 70
     0
 43
0.0
 10
52.54924473109807
 20
44.30166684813211
 10
52.95354473109807
 20
44.22636684813211
 10
53.32454473109807
 20
44.0488668481321
 10
53.63704473109807
 20
43.7810668481321
 10
53.86974473109806
 20
43.4414668481321
 10
54.00674473109806
 20
43.05296684813211
 10
54.03874473109807
 20
42.64226684813211
 10
53.96354473109806
 20
42.2372668481321
 10
53.78634473109807
 20
41.86546684813211
 10
53.51914473109808
 20
41.5523668481321
 10
53.18014473109807
 20
41.31926684813211
 10
52.79254473109808
 20
41.18196684813212
 10
52.38264473109807
 20
41.14986684813212
 10
52.38794473109807
 20
41.14986684813212
 10
52.39836457448871
 20
41.15068284465039
 10
52.3984833491066
 20
41.15066071766195
 10
52.81274473109807
 20
41.18186684813212
 10
53.20034473109807
 20
41.31916684813211
 10
53.53934473109807
 20
41.5523668481321
 10
53.80654473109807
 20
41.86546684813211
 10
53.98374473109807
 20
42.2372668481321
 10
54.05894473109807
 20
42.64226684813211
 10
54.02694473109807
 20
43.05296684813211
 10
53.88984473109807
 20
43.44136684813212
 10
53.85919410987964
 20
43.48613045960202
 10
53.85830365181955
 20
43.48743092651095
 10
53.8560731274137
 20
43.49068848945445
 10
53.85593951772976
 20
43.49088361933252
 10
53.65724473109807
 20
43.7810668481321
  0
LWPOLYLINE
  5
1D10
330
1F
100
AcDbEntity
  8
0
100
AcDbPolyline
 90
       22
 70
     0
 43
0.0
 10
52.38264473109807
 20
41.14986684813212
 10
51.97834473109807
 20
41.2251668481321
 10
51.60734473109807
 20
41.40276684813211
 10
51.29484473109807
 20
41.6704668481321
 10
51.06224473109807
 20
42.01016684813211
 10
50.94972468194001
 20
42.32893261832169
 10
50.94921252866062
 20
42.33038353249902
 10
50.94811850570558
 20
42.33348286521774
 10
50.94785870753648
 20
42.33421886528252
 10
50.92514473109807
 20
42.39856684813211
 10
50.89314473109807
 20
42.80926684813211
 10
50.96834473109807
 20
43.21436684813211
 10
51.14554473109807
 20
43.58606684813212
 10
51.41274473109807
 20
43.8991668481321
 10
51.75174473109806
 20
44.1323668481321
 10
52.13934473109807
 20
44.26966684813211
 10
52.54924473109807
 20
44.30166684813211
 10
52.56944473109807
 20
44.30166684813211
 10
52.97374473109807
 20
44.22636684813211
 10
53.34474473109807
 20
44.04876684813211
 10
53.65724473109807
 20
43.7810668481321
 10
53.87504473109807
 20
43.4414668481321
  0
LWPOLYLINE
  5
1D11
330
1F
100
AcDbEntity
  8
0
100
AcDbPolyline
 90
       19
 70
     0
 43
0.0
 10
47.55524473109807
 20
41.9256668481321
 10
47.79274473109807
 20
42.20386684813212
 10
48.09384473109806
 20
42.41096684813212
 10
48.43834473109807
 20
42.53296684813212
 10
48.80254473109808
 20
42.56146684813211
 10
48.8045265655729
 20
42.56109763419068
 10
48.44504473109807
 20
42.53296684813212
 10
48.10064473109807
 20
42.41096684813212
 10
47.79944473109806
 20
42.20386684813212
 10
47.56204473109806
 20
41.9256668481321
 10
47.56828671170731
 20
41.9253354588955
 10
49.97549179215586
 20
41.79753598242977
 10
49.76894473109807
 20
42.09896684813211
 10
49.76849575380561
 20
42.09935161649622
 10
49.76818473435699
 20
42.09961815657845
 10
49.49134473109807
 20
42.33686684813211
 10
49.49074324550984
 20
42.33715454688026
 10
49.16164473109807
 20
42.4945668481321
 10
48.8045265655729
 20
42.56109763419068
  0
LWPOLYLINE
  5
1D12
330
1F
100
AcDbEntity
  8
0
100
AcDbPolyline
 90
        3
 70
     0
 43
0.0
 10
48.27124473109807
 20
44.7138668481321
 10
47.86134473109806
 20
44.68176684813211
 10
47.84644473109806
 20
44.6818668481321
  0
LWPOLYLINE
  5
1D13
330
1F
100
AcDbEntity
  8
0
100
AcDbPolyline
 90
        3
 70
     0
 43
0.0
 10
49.66465794201035
 20
40.11925107423067
 10
47.70104473109806
 20
40.22366684813211
 10
47.49458244985951
 20
40.52511975803922
  0
LWPOLYLINE
  5
1D14
330
1F
100
AcDbEntity
  8
0
100
AcDbPolyline
 90
        3
 70
     0
 43
0.0
 10
50.05923774499892
 20
40.72776784216697
 10
47.37264473109807
 20
40.87056684813211
 10
47.34417096721514
 20
41.23513093377695
  0
LWPOLYLINE
  5
1D15
330
1F
100
AcDbEntity
  8
0
100
AcDbPolyline
 90
        4
 70
     0
 43
0.0
 10
47.39784473109806
 20
41.59536684813211
 10
47.56204473109806
 20
41.9256668481321
 10
47.40454473109807
 20
41.59536684813211
 10
47.41094473109806
 20
41.59536684813211
  0
LWPOLYLINE
  5
1D16
330
1F
100
AcDbEntity
  8
0
100
AcDbPolyline
 90
        4
 70
     0
 43
0.0
 10
46.73504473109807
 20
47.03616684813211
 10
46.57464473109806
 20
46.69986684813211
 10
46.58724473109806
 20
46.69976684813211
 10
49.31846585883903
 20
46.55465736102771
  0
LWPOLYLINE
  5
1D17
330
1F
100
AcDbEntity
  8
0
100
AcDbPolyline
 90
       12
 70
     0
 43
0.0
 10
47.76262521890248
 20
44.85050099447366
 10
47.8589826215814
 20
44.83253605499114
 10
47.85287715478936
 20
44.83205867958815
 10
47.84914473109806
 20
44.83176684813211
 10
47.48334473109807
 20
44.8998668481321
 10
47.14764473109807
 20
45.06056684813211
 10
46.86484473109807
 20
45.30286684813211
 10
46.65424473109808
 20
45.6101668481321
 10
46.53034473109807
 20
45.96166684813211
 10
46.50134662540016
 20
46.33334256840494
 10
46.56934473109807
 20
46.69986684813211
 10
46.72974473109806
 20
47.03616684813211
  0
LWPOLYLINE
  5
1D18
330
1F
100
AcDbEntity
  8
0
100
AcDbPolyline
 90
       20
 70
     0
 43
0.0
 10
49.34844473109807
 20
46.97336684813211
 10
49.11574473109806
 20
47.31306684813211
 10
48.9261414114186
 20
47.47548863590233
 10
48.91823023594087
 20
47.48226566526358
 10
48.80324473109807
 20
47.5807668481321
 10
48.43224473109806
 20
47.75836684813211
 10
48.02804473109806
 20
47.83366684813211
 10
48.00784473109807
 20
47.83366684813211
 10
48.01382409419636
 20
47.8325532046958
 10
48.41214473109807
 20
47.75836684813211
 10
48.78314473109806
 20
47.5807668481321
 10
49.09554473109807
 20
47.31306684813211
 10
49.32824473109807
 20
46.97336684813211
 10
49.46534473109807
 20
46.5849668481321
 10
49.49734473109806
 20
46.17426684813211
 10
49.42214473109807
 20
45.76926684813211
 10
49.24494473109807
 20
45.39746684813211
 10
48.97774473109807
 20
45.08436684813211
 10
48.63874473109807
 20
44.85116684813211
 10
48.25104473109806
 20
44.7138668481321
  0
LWPOLYLINE
  5
1D19
330
1F
100
AcDbEntity
  8
0
100
AcDbPolyline
 90
        3
 70
     0
 43
0.0
 10
49.27979644029017
 20
45.81594554546896
 10
46.53564473109807
 20
45.96166684813211
 10
46.65954473109807
 20
45.6101668481321
  0
LWPOLYLINE
  5
1D1A
330
1F
100
AcDbEntity
  8
0
100
AcDbPolyline
 90
        3
 70
     0
 43
0.0
 10
49.31864354984945
 20
46.55415366433284
 10
46.57464473109806
 20
46.69986684813211
 10
46.50664283311271
 20
46.33329116852383
  0
LWPOLYLINE
  5
1D1B
330
1F
100
AcDbEntity
  8
0
100
AcDbPolyline
 90
        3
 70
     0
 43
0.0
 10
48.87817830860735
 20
45.1967091661982
 10
46.88274473109807
 20
45.30276684813211
 10
46.67262042132828
 20
45.60947251206008
  0
LWPOLYLINE
  5
1D1C
330
1F
100
AcDbEntity
  8
0
100
AcDbPolyline
 90
        4
 70
     0
 43
0.0
 10
47.29534673221111
 20
47.52993992901734
 10
46.97674473109806
 20
47.31956684813211
 10
46.98934473109807
 20
47.31956684813211
 10
47.29537595432652
 20
47.52993837674645
  0
LWPOLYLINE
  5
1D1D
330
1F
100
AcDbEntity
  8
0
100
AcDbPolyline
 90
       22
 70
     0
 43
0.0
 10
54.01494473109806
 20
49.11566684813212
 10
54.20704473109807
 20
49.48736684813211
 10
54.02974473109807
 20
49.11566684813212
 10
53.76254473109807
 20
48.80246684813211
 10
53.48239213662883
 20
48.60977410758688
 10
53.47697951191936
 20
48.60605123116381
 10
53.42364473109807
 20
48.56936684813211
 10
53.03594473109807
 20
48.4320668481321
 10
52.62604473109807
 20
48.39996684813211
 10
52.60654473109807
 20
48.39996684813211
 10
53.01654473109806
 20
48.4320668481321
 10
53.40414473109807
 20
48.56936684813211
 10
53.74314473109807
 20
48.80256684813211
 10
54.01034473109807
 20
49.11566684813212
 10
54.18754473109807
 20
49.48736684813211
 10
54.26274473109808
 20
49.89246684813211
 10
54.23074473109807
 20
50.30316684813211
 10
54.09364473109807
 20
50.69156684813211
 10
53.86104473109808
 20
51.03126684813211
 10
53.54854473109807
 20
51.29896684813211
 10
53.17754473109808
 20
51.47656684813211
 10
52.77324473109807
 20
51.55186684813211
  0
LWPOLYLINE
  5
1D1E
330
1F
100
AcDbEntity
  8
0
100
AcDbPolyline
 90
        4
 70
     0
 43
0.0
 10
47.14864473109807
 20
52.11576684813211
 10
46.99154473109806
 20
51.78616684813211
 10
47.00104473109807
 20
51.78616684813211
 10
47.15791014125421
 20
52.11527467236801
  0
LWPOLYLINE
  5
1D1F
330
1F
100
AcDbEntity
  8
0
100
AcDbPolyline
 90
        3
 70
     0
 43
0.0
 10
48.38951437660199
 20
52.74997429143663
 10
48.02984473109807
 20
52.72176684813211
 10
47.68614473109807
 20
52.60006684813212
  0
LWPOLYLINE
  5
1D20
330
1F
100
AcDbEntity
  8
0
100
AcDbPolyline
 90
        3
 70
     0
 43
0.0
 10
49.24837849806176
 20
50.31329231756697
 10
47.29054473109806
 20
50.41736684813211
 10
47.08460325431093
 20
50.71794357455289
  0
LWPOLYLINE
  5
1D21
330
1F
100
AcDbEntity
  8
0
100
AcDbPolyline
 90
        3
 70
     0
 43
0.0
 10
49.64196493216899
 20
50.92051398763083
 10
46.96274473109807
 20
51.06286684813211
 10
46.93438423232735
 20
51.42656028659319
  0
LWPOLYLINE
  5
1D22
330
1F
100
AcDbEntity
  8
0
100
AcDbPolyline
 90
        3
 70
     0
 43
0.0
 10
46.92484473109806
 20
51.42706684813211
 10
46.95324473109807
 20
51.06286684813211
 10
46.96274473109807
 20
51.06286684813211
  0
LWPOLYLINE
  5
1D23
330
1F
100
AcDbEntity
  8
0
100
AcDbPolyline
 90
       22
 70
     0
 43
0.0
 10
48.39734473109807
 20
52.92896684813211
 10
48.80164473109807
 20
52.85366684813212
 10
49.17264473109807
 20
52.67606684813212
 10
49.48514473109807
 20
52.40836684813211
 10
49.71784473109807
 20
52.06866684813211
 10
49.85484473109807
 20
51.68026684813211
 10
49.88684473109808
 20
51.26946684813211
 10
49.81164473109807
 20
50.86446684813211
 10
49.63444473109807
 20
50.49276684813211
 10
49.36724473109808
 20
50.17956684813211
 10
49.02824473109807
 20
49.94646684813211
 10
48.64064473109808
 20
49.80916684813211
 10
48.24489600489211
 20
49.77817505961976
 10
48.23074473109807
 20
49.77706684813211
 10
48.25084473109807
 20
49.77706684813211
 10
48.66074473109807
 20
49.80916684813211
 10
49.04844473109807
 20
49.94646684813211
 10
49.38744473109808
 20
50.17956684813211
 10
49.50975135721868
 20
50.32288348225772
 10
49.51352647290957
 20
50.3273070927473
 10
49.65464473109808
 20
50.49269182196423
 10
49.83184473109807
 20
50.86446684813211
  0
LWPOLYLINE
  5
1D24
330
1F
100
AcDbEntity
  8
0
100
AcDbPolyline
 90
        8
 70
     0
 43
0.0
 10
48.23074473109807
 20
49.77706684813211
 10
47.82644473109807
 20
49.85236684813211
 10
47.45544473109807
 20
50.02996684813211
 10
47.14294473109807
 20
50.2976668481321
 10
46.91024473109807
 20
50.63736684813211
 10
46.77324473109806
 20
51.02576684813211
 10
46.74124473109806
 20
51.43646684813211
 10
46.75576395339937
 20
51.51468143528976
  0
LWPOLYLINE
  5
1D25
330
1F
100
AcDbEntity
  8
0
100
AcDbPolyline
 90
       19
 70
     0
 43
0.0
 10
72.82130047280208
 20
56.96863538051855
 10
72.79078473109809
 20
56.99287684813212
 10
72.43688473109809
 20
57.14648684813212
 10
72.05529473109809
 20
57.20326684813211
 10
71.6720047310981
 20
57.15935684813212
 10
71.31314473109809
 20
57.01773684813211
 10
71.00316473109808
 20
56.78805684813212
 10
70.76319473109808
 20
56.48597684813212
 10
70.60957473109809
 20
56.13207684813211
 10
70.55279473109809
 20
55.75048684813212
 10
70.59671473109808
 20
55.36719684813212
 10
70.73833473109809
 20
55.00833684813212
 10
70.96800473109809
 20
54.69835684813212
 10
71.27008473109808
 20
54.45838684813211
 10
71.62398473109809
 20
54.30476684813211
 10
72.00557473109808
 20
54.24796684813212
 10
72.38886473109809
 20
54.29190684813211
 10
72.74773473109809
 20
54.43352684813212
 10
72.7976405074463
 20
54.47050458447529
  0
LWPOLYLINE
  5
1D26
330
1F
100
AcDbEntity
  8
0
100
AcDbPolyline
 90
        4
 70
     0
 43
0.0
 10
65.57894473109808
 20
45.74966684813211
 10
62.62864473109807
 20
45.74966684813211
 10
62.62864473109807
 20
45.61926684813211
 10
65.57894473109808
 20
45.61926684813211
  0
LWPOLYLINE
  5
1D27
330
1F
100
AcDbEntity
  8
0
100
AcDbPolyline
 90
        4
 70
     0
 43
0.0
 10
62.62864473109807
 20
46.17546684813211
 10
62.62864473109807
 20
46.23826684813211
 10
62.62864473109807
 20
46.3686668481321
 10
62.62864473109807
 20
46.4362668481321
  0
LWPOLYLINE
  5
1D28
330
1F
100
AcDbEntity
  8
0
100
AcDbPolyline
 90
        4
 70
     1
 43
0.0
 10
60.83864473109807
 20
46.46906684813211
 10
60.83864473109807
 20
45.5423668481321
 10
61.23354473109807
 20
45.5423668481321
 10
61.23354473109807
 20
46.46906684813211
  0
LWPOLYLINE
  5
1D29
330
1F
100
AcDbEntity
  8
0
100
AcDbPolyline
 90
        3
 70
     0
 43
0.0
 10
61.64084473109808
 20
46.46906684813211
 10
61.64084473109808
 20
45.5423668481321
 10
61.23354473109807
 20
45.5423668481321
  0
LWPOLYLINE
  5
1D2A
330
1F
100
AcDbEntity
  8
0
100
AcDbPolyline
 90
        4
 70
     0
 43
0.0
 10
60.83864473109807
 20
45.5423668481321
 10
60.62294473109807
 20
45.5423668481321
 10
60.62294473109807
 20
46.46906684813211
 10
60.83864473109807
 20
46.46906684813211
  0
LWPOLYLINE
  5
1D2B
330
1F
100
AcDbEntity
  8
0
100
AcDbPolyline
 90
        3
 70
     0
 43
0.0
 10
63.62916159531232
 20
27.73414302865601
 10
63.62994473109807
 20
27.73406684813209
 10
63.70125874587369
 20
28.4791668481321
  0
LWPOLYLINE
  5
1D2C
330
1F
100
AcDbEntity
  8
0
100
AcDbPolyline
 90
        5
 70
     0
 43
0.0
 10
63.60614473109808
 20
26.53436684813208
 10
63.44994473109808
 20
25.85516684813209
 10
63.53884473109808
 20
25.85516684813209
 10
63.60614473109808
 20
26.53436684813208
 10
63.72984473109807
 20
27.78126684813209
  0
LWPOLYLINE
  5
1D2D
330
1F
100
AcDbEntity
  8
0
100
AcDbPolyline
 90
       19
 70
     0
 43
0.0
 10
60.90784473109807
 20
27.58960898405443
 10
60.90784473109807
 20
28.4791668481321
 10
60.90794473109808
 20
28.4791668481321
 10
61.65040545738534
 20
28.4791668481321
 10
61.65678791808995
 20
28.4791668481321
 10
62.34863064577351
 20
28.4791668481321
 10
62.35491995601826
 20
28.4791668481321
 10
62.78474473109807
 20
28.4791668481321
 10
62.94900242169103
 20
28.4791668481321
 10
62.91318674071479
 20
27.96856575218051
 10
62.91314473109807
 20
27.96796684813209
 10
62.8630722473964
 20
27.25343748804601
 10
62.83295318491354
 20
26.82364146333711
 10
62.83278655610885
 20
26.82126368687419
 10
62.76508658068253
 20
25.85576368378639
 10
62.76504473109808
 20
25.85516684813209
 10
62.22484473109807
 20
25.85516684813209
 10
62.35034473109807
 20
26.79366684813209
 10
62.39074473109807
 20
27.6085668481321
  0
LWPOLYLINE
  5
1D2E
330
1F
100
AcDbEntity
  8
0
100
AcDbPolyline
 90
        3
 70
     0
 43
0.0
 10
60.18251287112098
 20
27.69151252844533
 10
60.21064473109807
 20
26.59566684813209
 10
60.21071268576848
 20
26.59301373959805
  0
LWPOLYLINE
  5
1D2F
330
1F
100
AcDbEntity
  8
0
100
AcDbPolyline
 90
        3
 70
     0
 43
0.0
 10
59.51238098953479
 20
27.6340222572598
 10
59.55714473109807
 20
26.73236684813209
 10
59.60530788720447
 20
26.73292968968926
  0
LWPOLYLINE
  5
1D30
330
1F
100
AcDbEntity
  8
0
100
AcDbPolyline
 90
       10
 70
     0
 43
0.0
 10
59.49024473109807
 20
27.6332668481321
 10
59.53514473109807
 20
26.72876684813208
 10
59.55714473109807
 20
26.73236684813209
 10
59.54554473109808
 20
26.72936684813209
 10
59.60544473109807
 20
26.73016684813209
 10
59.60530788720447
 20
26.73292968968926
 10
59.56064473109807
 20
27.6346668481321
 10
59.51238098953479
 20
27.6340222572598
 10
59.50074473109808
 20
27.6338668481321
 10
59.45884082686601
 20
28.4791668481321
  0
LWPOLYLINE
  5
1D31
330
1F
100
AcDbEntity
  8
0
100
AcDbPolyline
 90
        7
 70
     0
 43
0.0
 10
58.85245743371488
 20
28.4791668481321
 10
58.90734473109807
 20
27.6965668481321
 10
58.99124473109807
 20
26.49856684813209
 10
58.62184473109807
 20
25.85476684813209
 10
58.62104473109807
 20
25.85466684813209
 10
59.03564473109807
 20
25.85466684813209
 10
59.03563772171721
 20
25.85476684813209
  0
LWPOLYLINE
  5
1D32
330
1F
100
AcDbEntity
  8
0
100
AcDbPolyline
 90
        3
 70
     0
 43
0.0
 10
58.51655977316708
 20
27.36136456921125
 10
58.58424473109807
 20
26.5737668481321
 10
58.59883293115052
 20
26.57403140098279
  0
LWPOLYLINE
  5
1D33
330
1F
100
AcDbEntity
  8
0
100
AcDbPolyline
 90
        3
 70
     0
 43
0.0
 10
58.22765264431436
 20
27.50149590681224
 10
58.30874473109807
 20
26.65476684813209
 10
58.31094636403877
 20
26.65483786854954
  0
LWPOLYLINE
  5
1D34
330
1F
100
AcDbEntity
  8
0
100
AcDbPolyline
 90
       10
 70
     0
 43
0.0
 10
58.59904473109807
 20
26.57156684813209
 10
58.58445931281812
 20
26.57126455967033
 10
58.56044473109808
 20
26.5707668481321
 10
58.62180979246335
 20
25.85517427585954
 10
58.62184473109807
 20
25.85476684813209
 10
59.03563772171721
 20
25.85476684813209
 10
59.03644467451886
 20
25.85476765401032
 10
58.99124473109807
 20
26.49856684813209
 10
59.01504473109807
 20
26.5014668481321
 10
59.0152683400916
 20
26.49828239881504
  0
LWPOLYLINE
  5
1D35
330
1F
100
AcDbEntity
  8
0
100
AcDbPolyline
 90
        3
 70
     0
 43
0.0
 10
59.03818731209632
 20
25.85498650119909
 10
59.03644467451886
 20
25.85476765401032
 10
59.03564473109807
 20
25.85466684813209
  0
LWPOLYLINE
  5
1D36
330
1F
100
AcDbEntity
  8
0
100
AcDbPolyline
 90
        3
 70
     0
 43
0.0
 10
58.28024473109807
 20
26.65176684813209
 10
58.30874473109807
 20
26.65476684813209
 10
58.30894302041623
 20
26.65269559535922
  0
LWPOLYLINE
  5
1D37
330
1F
100
AcDbEntity
  8
0
100
AcDbPolyline
 90
        3
 70
     0
 43
0.0
 10
58.56044473109808
 20
26.5707668481321
 10
58.58424473109807
 20
26.5737668481321
 10
58.58445931281812
 20
26.57126455967033
  0
LWPOLYLINE
  5
1D38
330
1F
100
AcDbEntity
  8
0
100
AcDbPolyline
 90
        3
 70
     0
 43
0.0
 10
59.58888969084534
 20
25.85587602336346
 10
59.57844473109807
 20
25.8541668481321
 10
59.53514473109807
 20
26.72876684813208
  0
LWPOLYLINE
  5
1D39
330
1F
100
AcDbEntity
  8
0
100
AcDbPolyline
 90
        3
 70
     0
 43
0.0
 10
60.20704473109807
 20
26.5929668481321
 10
60.21064473109807
 20
26.59566684813209
 10
60.27737662221772
 20
26.5965199546947
  0
LWPOLYLINE
  5
1D3A
330
1F
100
AcDbEntity
  8
0
100
AcDbPolyline
 90
        3
 70
     0
 43
0.0
 10
63.63814473109807
 20
27.7348668481321
 10
63.53804473109807
 20
26.68996684813209
 10
63.52921434753085
 20
26.69086019432955
  0
LWPOLYLINE
  5
1D3B
330
1F
100
AcDbEntity
  8
0
100
AcDbPolyline
 90
        3
 70
     0
 43
0.0
 10
63.53804473109807
 20
26.68996684813209
 10
63.52984473109807
 20
26.68916684813209
 10
63.52905944193914
 20
26.6892432381281
  0
LWPOLYLINE
  5
1D3C
330
1F
100
AcDbEntity
  8
0
100
AcDbPolyline
 90
        3
 70
     0
 43
0.0
 10
62.83594473109808
 20
26.82086684813209
 10
62.87884473109808
 20
26.82186684813209
 10
62.85984473109808
 20
26.8242668481321
  0
LWPOLYLINE
  5
1D3D
330
1F
100
AcDbEntity
  8
0
100
AcDbPolyline
 90
        3
 70
     0
 43
0.0
 10
62.27124473109808
 20
26.79226684813209
 10
62.35034473109807
 20
26.79366684813209
 10
62.33444473109807
 20
26.79616684813209
  0
LWPOLYLINE
  5
1D3E
330
1F
100
AcDbEntity
  8
0
100
AcDbPolyline
 90
        3
 70
     0
 43
0.0
 10
61.61284473109808
 20
26.76516684813208
 10
61.58944473109808
 20
25.85526684813209
 10
61.58318646462443
 20
25.85689660502627
  0
LWPOLYLINE
  5
1D3F
330
1F
100
AcDbEntity
  8
0
100
AcDbPolyline
 90
        3
 70
     0
 43
0.0
 10
63.52984473109807
 20
26.68916684813209
 10
63.44994473109808
 20
25.85516684813209
 10
63.44916192766271
 20
25.855246351606
  0
LWPOLYLINE
  5
1D99
330
1F
100
AcDbEntity
  8
0
100
AcDbPolyline
 90
       11
 70
     0
 43
0.0
 10
73.08790450001123
 20
56.20933953689672
 10
73.09877473109809
 20
56.20486684813212
 10
73.12398473109809
 20
56.18987684813212
 10
73.14673473109809
 20
56.17136684813211
 10
73.16657473109808
 20
56.14968684813211
 10
73.20070473109808
 20
56.10613684813212
 10
73.21548473109809
 20
56.08397684813212
 10
73.22651473109809
 20
56.05973684813211
 10
73.25292473109809
 20
55.99540684813211
 10
73.25818473109809
 20
55.97395684813211
 10
73.2726923930074
 20
55.91386553883969
  0
LWPOLYLINE
  5
1D9A
330
1F
100
AcDbEntity
  8
0
100
AcDbPolyline
 90
       13
 70
     0
 43
0.0
 10
73.42738473109808
 20
55.61420684813212
 10
73.43268473109808
 20
55.61724684813212
 10
73.43756473109809
 20
55.62488684813211
 10
73.44171473109809
 20
55.63658684813212
 10
73.4448347310981
 20
55.65155684813211
 10
73.44670473109809
 20
55.66877684813212
 10
73.44722473109809
 20
55.68706684813211
 10
73.44632473109808
 20
55.70519684813211
 10
73.44409473109809
 20
55.72191684813212
 10
73.44067473109809
 20
55.73608684813211
 10
73.43630473109809
 20
55.74675684813211
 10
73.43126473109808
 20
55.75317684813211
 10
73.42591473109809
 20
55.75492684813212
  0
ENDSEC
  0
SECTION
  2
OBJECTS
  0
DICTIONARY
  5
C
330
0
100
AcDbDictionary
281
     1
  3
ACAD_CIP_PREVIOUS_PRODUCT_INFO
350
193C
  3
ACAD_COLOR
350
1934
  3
ACAD_DETAILVIEWSTYLE
350
1937
  3
ACAD_GROUP
350
D
  3
ACAD_LAYOUT
350
1A
  3
ACAD_MATERIAL
350
43
  3
ACAD_MLEADERSTYLE
350
5B
  3
ACAD_MLINESTYLE
350
17
  3
ACAD_PLOTSETTINGS
350
19
  3
ACAD_PLOTSTYLENAME
350
E
  3
ACAD_SCALELIST
350
47
  3
ACAD_SECTIONVIEWSTYLE
350
1935
  3
ACAD_TABLESTYLE
350
59
  3
ACAD_VISUALSTYLE
350
2A
  3
ACDB_RECOMPOSE_DATA
350
1DAD
  3
AcDbVariableDictionary
350
18F1
  0
DICTIONARY
  5
190F
330
8
100
AcDbDictionary
280
     1
281
     1
  0
DICTIONARY
  5
1D9B
330
10
100
AcDbDictionary
280
     1
281
     1
  3
ADSK_XREC_LAYER_RECONCILED
360
1D9C
  0
DICTIONARY
  5
18F9
330
1F
100
AcDbDictionary
280
     1
281
     1
  3
ACAD_LAYOUTSELFREF
360
191A
  3
ACAD_SORTENTS
360
1D47
  0
DICTIONARY
  5
18FB
330
1B
100
AcDbDictionary
280
     1
281
     1
  3
ACAD_LAYOUTSELFREF
360
1919
  0
DICTIONARY
  5
18FD
330
23
100
AcDbDictionary
280
     1
281
     1
  3
ACAD_LAYOUTSELFREF
360
191B
  0
XRECORD
  5
193C
102
{ACAD_REACTORS
330
C
102
}
330
C
100
AcDbXrecord
280
     1
300
ACD
300
2022
300

  0
DICTIONARY
  5
1934
102
{ACAD_REACTORS
330
C
102
}
330
C
100
AcDbDictionary
281
     1
  0
DICTIONARY
  5
1937
102
{ACAD_REACTORS
330
C
102
}
330
C
100
AcDbDictionary
281
     1
  3
Metric50
350
1938
  0
DICTIONARY
  5
D
102
{ACAD_REACTORS
330
C
102
}
330
C
100
AcDbDictionary
281
     1
  0
DICTIONARY
  5
1A
102
{ACAD_REACTORS
330
C
102
}
330
C
100
AcDbDictionary
281
     1
  3
Layout1
350
1E
  3
Layout2
350
26
  3
Model
350
22
  0
DICTIONARY
  5
43
102
{ACAD_REACTORS
330
C
102
}
330
C
100
AcDbDictionary
281
     1
  3
ByBlock
350
45
  3
ByLayer
350
44
  3
Global
350
46
  0
DICTIONARY
  5
5B
102
{ACAD_REACTORS
330
C
102
}
330
C
100
AcDbDictionary
281
     1
  3
Standard
350
5C
  0
DICTIONARY
  5
17
102
{ACAD_REACTORS
330
C
102
}
330
C
100
AcDbDictionary
281
     1
  3
Standard
350
18
  0
DICTIONARY
  5
19
102
{ACAD_REACTORS
330
C
102
}
330
C
100
AcDbDictionary
281
     1
  0
ACDBDICTIONARYWDFLT
  5
E
102
{ACAD_XDICTIONARY
360
1915
102
}
102
{ACAD_REACTORS
330
C
102
}
330
C
100
AcDbDictionary
281
     1
  3
Color_7
350
1939
  3
NORMAL
350
F
100
AcDbDictionaryWithDefault
340
F
  0
DICTIONARY
  5
47
102
{ACAD_REACTORS
330
C
102
}
330
C
100
AcDbDictionary
281
     1
  3
A0
350
48
  3
A1
350
49
  3
A2
350
4A
  3
A3
350
4B
  3
A4
350
4C
  3
A5
350
4D
  3
A6
350
4E
  3
A7
350
4F
  3
A8
350
50
  3
A9
350
51
  3
B1
350
52
  3
B2
350
53
  3
B3
350
54
  3
B4
350
55
  3
B5
350
56
  3
B6
350
57
  3
B7
350
58
  0
DICTIONARY
  5
1935
102
{ACAD_REACTORS
330
C
102
}
330
C
100
AcDbDictionary
281
     1
  3
Metric50
350
1936
  0
DICTIONARY
  5
59
102
{ACAD_REACTORS
330
C
102
}
330
C
100
AcDbDictionary
281
     1
  3
Standard
350
5A
  0
DICTIONARY
  5
2A
102
{ACAD_REACTORS
330
C
102
}
330
C
100
AcDbDictionary
281
     1
  3
2dWireframe
350
2F
  3
Basic
350
32
  3
Brighten
350
36
  3
ColorChange
350
3A
  3
Conceptual
350
34
  3
Dim
350
35
  3
EdgeColorOff
350
3D
  3
Facepattern
350
39
  3
Flat
350
2B
  3
FlatWithEdges
350
2C
  3
Gouraud
350
2D
  3
GouraudWithEdges
350
2E
  3
Hidden
350
31
  3
JitterOff
350
3B
  3
Linepattern
350
38
  3
OverhangOff
350
3C
  3
Realistic
350
33
  3
Shaded
350
42
  3
Shaded with edges
350
41
  3
Shades of Gray
350
3E
  3
Sketchy
350
3F
  3
Thicken
350
37
  3
Wireframe
350
30
  3
X-Ray
350
40
  0
XRECORD
  5
1DAD
102
{ACAD_REACTORS
330
C
102
}
330
C
100
AcDbXrecord
280
     1
 90
        1
330
5A
  0
DICTIONARY
  5
18F1
102
{ACAD_REACTORS
330
C
102
}
330
C
100
AcDbDictionary
281
     1
  3
CANNOSCALE
350
1913
  3
CMLEADERSTYLE
350
18F3
  3
CTABLESTYLE
350
18F2
  3
CVIEWDETAILSTYLE
350
1DA8
  3
CVIEWSECTIONSTYLE
350
1DA9
  3
DIMASSOC
350
18F6
  3
HIDETEXT
350
18F7
  3
MSLTSCALE
350
1914
  3
XCLIPFRAME
350
1DAA
  0
XRECORD
  5
1D9C
102
{ACAD_REACTORS
330
1D9B
102
}
330
1D9B
100
AcDbXrecord
280
     1
290
     1
  0
XRECORD
  5
191A
102
{ACAD_REACTORS
330
18F9
102
}
330
18F9
100
AcDbXrecord
280
     1
340
1F
  0
SORTENTSTABLE
  5
1D47
102
{ACAD_REACTORS
330
18F9
102
}
330
18F9
100
AcDbSortentsTable
330
1F
331
1AA8
  5
1AC9
331
1AA9
  5
1ACA
331
1AAA
  5
1ACB
331
1AAB
  5
1ACC
331
1AAC
  5
1ACD
331
1AAD
  5
1ACE
331
1AAE
  5
1ACF
331
1AAF
  5
1AD0
331
1AB0
  5
1AD1
331
1AB1
  5
1AD2
331
1AB2
  5
1AD3
331
1AB3
  5
1AD4
331
1AB4
  5
1AD5
331
1AB5
  5
1AD6
331
1AB6
  5
1AD7
331
1AB7
  5
1AD8
331
1AB8
  5
1AD9
331
1AB9
  5
1ADA
331
1ABA
  5
1ADB
331
1ABB
  5
1ADC
331
1ABC
  5
1ADD
331
1ABD
  5
1ADE
331
1ABE
  5
1ADF
331
1ABF
  5
1AE0
331
1AC0
  5
1AE1
331
1AC1
  5
1AE2
331
1AC2
  5
1AE3
331
1AC3
  5
1AE4
331
1AC4
  5
1AE5
331
1AC5
  5
1AE6
331
1AC6
  5
1AE7
331
1AC7
  5
1AE8
331
1AC8
  5
1AE9
331
1AC9
  5
1AEA
331
1ACA
  5
1AEB
331
1ACB
  5
1AEC
331
1ACC
  5
1AED
331
1ACD
  5
1AEE
331
1ACE
  5
1AEF
331
1ACF
  5
1AF0
331
1AD0
  5
1AF1
331
1AD1
  5
1AF2
331
1AD2
  5
1AF3
331
1AD3
  5
1AF4
331
1AD4
  5
1AF5
331
1AD5
  5
1AF6
331
1AD6
  5
1AF7
331
1AD7
  5
1AF8
331
1AD8
  5
1AF9
331
1AD9
  5
1AFA
331
1ADA
  5
1AFB
331
1ADB
  5
1AFC
331
1ADC
  5
1AFD
331
1ADD
  5
1AFE
331
1ADE
  5
1AFF
331
1ADF
  5
1B00
331
1AE0
  5
1B01
331
1AE1
  5
1B02
331
1AE2
  5
1B03
331
1AE3
  5
1B04
331
1AE4
  5
1B05
331
1AE5
  5
1B06
331
1AE6
  5
1B07
331
1AE7
  5
1B08
331
1AE8
  5
1B09
331
1AE9
  5
1B0A
331
1AEA
  5
1B0B
331
1AEB
  5
1B0C
331
1AEC
  5
1B0D
331
1AED
  5
1B0E
331
1AEE
  5
1B0F
331
1AEF
  5
1B10
331
1AF0
  5
1B11
331
1AF1
  5
1B12
331
1AF2
  5
1B13
331
1AF3
  5
1B14
331
1AF4
  5
1B15
331
1AF5
  5
1B16
331
1AF6
  5
1B17
331
1AF7
  5
1B18
331
1AF8
  5
1B19
331
1AF9
  5
1B1A
331
1AFA
  5
1B1B
331
1AFB
  5
1B1C
331
1AFC
  5
1B1D
331
1AFD
  5
1B1E
331
1AFE
  5
1B1F
331
1AFF
  5
1B20
331
1B00
  5
1B21
331
1B01
  5
1B22
331
1B02
  5
1B23
331
1B03
  5
1B24
331
1B04
  5
1B25
331
1B05
  5
1B26
331
1B06
  5
1B27
331
1B07
  5
1B28
331
1B08
  5
1B29
331
1B09
  5
1B2A
331
1B0A
  5
1B2B
331
1B0B
  5
1B2C
331
1B0C
  5
1B2D
331
1B0D
  5
1B2E
331
1B0E
  5
1B2F
331
1B0F
  5
1B30
331
1B10
  5
1B31
331
1B11
  5
1B32
331
1B12
  5
1B33
331
1B13
  5
1B34
331
1B14
  5
1B35
331
1B15
  5
1B36
331
1B16
  5
1B37
331
1B17
  5
1B38
331
1B18
  5
1B39
331
1B19
  5
1B3A
331
1B1A
  5
1B3B
331
1B1B
  5
1B3C
331
1B1C
  5
1B3D
331
1B1D
  5
1B3E
331
1B1E
  5
1B3F
331
1B1F
  5
1B40
331
1B20
  5
1B41
331
1B21
  5
1B42
331
1B22
  5
1B43
331
1B23
  5
1B44
331
1B24
  5
1B45
331
1B25
  5
1B46
331
1B26
  5
1B47
331
1B27
  5
1B48
331
1B28
  5
1B49
331
1B29
  5
1B4A
331
1B2A
  5
1B4B
331
1B2B
  5
1B4C
331
1B2C
  5
1B4D
331
1B2D
  5
1B4E
331
1B2E
  5
1B4F
331
1B2F
  5
1B50
331
1B30
  5
1B51
331
1B31
  5
1B52
331
1B32
  5
1B53
331
1B33
  5
1B54
331
1B34
  5
1B55
331
1B35
  5
1B56
331
1B36
  5
1B57
331
1B37
  5
1B58
331
1B38
  5
1B59
331
1B39
  5
1B5A
331
1B3A
  5
1B5B
331
1B3B
  5
1B5C
331
1B3C
  5
1B5D
331
1B3D
  5
1B5E
331
1B3E
  5
1B5F
331
1B3F
  5
1B60
331
1B40
  5
1B61
331
1B41
  5
1B62
331
1B42
  5
1B63
331
1B43
  5
1B64
331
1B44
  5
1B65
331
1B45
  5
1B66
331
1B46
  5
1B67
331
1B47
  5
1B68
331
1B48
  5
1B69
331
1B49
  5
1B6A
331
1B4A
  5
1B6B
331
1B4B
  5
1B6C
331
1B4C
  5
1B6D
331
1B4D
  5
1B6E
331
1B4E
  5
1B6F
331
1B4F
  5
1B70
331
1B50
  5
1B71
331
1B51
  5
1B72
331
1B52
  5
1B73
331
1B53
  5
1B74
331
1B54
  5
1B75
331
1B55
  5
1B76
331
1B56
  5
1B77
331
1B57
  5
1B78
331
1B58
  5
1B79
331
1B59
  5
1B7A
331
1B5A
  5
1B7B
331
1B5B
  5
1B7C
331
1B5C
  5
1B7D
331
1B5D
  5
1B7E
331
1B5E
  5
1B7F
331
1B5F
  5
1B80
331
1B60
  5
1B81
331
1B61
  5
1B82
331
1B62
  5
1B83
331
1B63
  5
1B84
331
1B64
  5
1B85
331
1B65
  5
1B86
331
1B66
  5
1B87
331
1B67
  5
1B88
331
1B68
  5
1B89
331
1B69
  5
1B8A
331
1B6A
  5
1B8B
331
1B6B
  5
1B8C
331
1B6C
  5
1B8D
331
1B6D
  5
1B8E
331
1B6E
  5
1B8F
331
1B6F
  5
1B90
331
1B70
  5
1B91
331
1B71
  5
1B92
331
1B72
  5
1B93
331
1B73
  5
1B94
331
1B74
  5
1B95
331
1B75
  5
1B96
331
1B76
  5
1B97
331
1B77
  5
1B98
331
1B78
  5
1B99
331
1B79
  5
1B9A
331
1B7A
  5
1B9B
331
1B7B
  5
1B9C
331
1B7C
  5
1B9D
331
1B7D
  5
1B9E
331
1B7E
  5
1B9F
331
1B7F
  5
1BA0
331
1B80
  5
1BA1
331
1B81
  5
1BA2
331
1B82
  5
1BA3
331
1B83
  5
1BA4
331
1B84
  5
1BA5
331
1B85
  5
1BA6
331
1B86
  5
1BA7
331
1B87
  5
1BA8
331
1B88
  5
1BA9
331
1B89
  5
1BAA
331
1B8A
  5
1BAB
331
1B8B
  5
1BAC
331
1B8C
  5
1BAD
331
1B8D
  5
1BAE
331
1B8E
  5
1BAF
331
1B8F
  5
1BB0
331
1B90
  5
1BB1
331
1B91
  5
1BB2
331
1B92
  5
1BB3
331
1B93
  5
1BB4
331
1B94
  5
1BB5
331
1B95
  5
1BB6
331
1B96
  5
1BB7
331
1B97
  5
1BB8
331
1B98
  5
1BB9
331
1B99
  5
1BBA
331
1B9A
  5
1BBB
331
1B9B
  5
1BBC
331
1B9C
  5
1BBD
331
1B9D
  5
1BBE
331
1B9E
  5
1BBF
331
1B9F
  5
1BC0
331
1BA0
  5
1BC1
331
1BA1
  5
1BC2
331
1BA2
  5
1BC3
331
1BA3
  5
1BC4
331
1BA4
  5
1BC5
331
1BA5
  5
1BC6
331
1BA6
  5
1BC7
331
1BA7
  5
1BC8
331
1BA8
  5
1BC9
331
1BA9
  5
1BCA
331
1BAA
  5
1BCB
331
1BAB
  5
1BCC
331
1BAC
  5
1BCD
331
1BAD
  5
1BCE
331
1BAE
  5
1BCF
331
1BAF
  5
1BD0
331
1BB0
  5
1BD1
331
1BB1
  5
1BD2
331
1BB2
  5
1BD3
331
1BB3
  5
1BD4
331
1BB4
  5
1BD5
331
1BB5
  5
1BD6
331
1BB6
  5
1BD7
331
1BB7
  5
1BD8
331
1BB8
  5
1BD9
331
1BB9
  5
1BDA
331
1BBA
  5
1BDB
331
1BBB
  5
1BDC
331
1BBC
  5
1BDD
331
1BBD
  5
1BDE
331
1BBE
  5
1BDF
331
1BBF
  5
1BE0
331
1BC0
  5
1BE1
331
1BC1
  5
1BE2
331
1BC2
  5
1BE3
331
1BC3
  5
1BE4
331
1BC4
  5
1BE5
331
1BC5
  5
1BE6
331
1BC6
  5
1BE7
331
1BC7
  5
1BE8
331
1BC8
  5
1BE9
331
1BC9
  5
1BEA
331
1BCA
  5
1BEB
331
1BCB
  5
1BEC
331
1BCC
  5
1BEE
331
1BCD
  5
1BEF
331
1BCE
  5
1BF0
331
1BCF
  5
1BF1
331
1BD0
  5
1BF2
331
1BD1
  5
1BF3
331
1BD2
  5
1BF4
331
1BD3
  5
1BF5
331
1BD4
  5
1BF6
331
1BD5
  5
1BF8
331
1BD6
  5
1BF9
331
1BD7
  5
1BFA
331
1BD8
  5
1BFB
331
1BD9
  5
1BFC
331
1BDA
  5
1BFD
331
1BDB
  5
1BFE
331
1BDC
  5
1BFF
331
1BDD
  5
1C00
331
1BDE
  5
1C01
331
1BDF
  5
1C02
331
1BE0
  5
1C03
331
1BE1
  5
1C04
331
1BE2
  5
1C05
331
1BE3
  5
1C06
331
1BE4
  5
1C09
331
1BE5
  5
1C0A
331
1BE6
  5
1C0B
331
1BE7
  5
1C0D
331
1BE8
  5
1C0E
331
1BE9
  5
1C0F
331
1BEA
  5
1C10
331
1BEB
  5
1C11
331
1BEC
  5
1C12
331
1BEE
  5
1C13
331
1BF2
  5
1C49
331
1BF8
  5
1C4A
331
1BF9
  5
1C4B
331
1BFA
  5
1C4C
331
1BFB
  5
1C4D
331
1BFC
  5
1C4E
331
1BFD
  5
1C4F
331
1BFE
  5
1C50
331
1BFF
  5
1C51
331
1C00
  5
1C52
331
1C01
  5
1C53
331
1C02
  5
1C54
331
1C03
  5
1C55
331
1C04
  5
1C56
331
1C05
  5
1C57
331
1C06
  5
1C58
331
1C07
  5
1C59
331
1C08
  5
1C5A
331
1C09
  5
1C5B
331
1C0A
  5
1C5C
331
1C0B
  5
1C5D
331
1C0C
  5
1C5E
331
1C0D
  5
1C5F
331
1C0E
  5
1C60
331
1C0F
  5
1C61
331
1C10
  5
1C62
331
1C11
  5
1C63
331
1C12
  5
1C64
331
1C13
  5
1C65
331
1C14
  5
1C66
331
1C15
  5
1C67
331
1C16
  5
1C68
331
1C18
  5
1C69
331
1C19
  5
1C6A
331
1C1A
  5
1C6B
331
1C1B
  5
1C6C
331
1C1C
  5
1C6D
331
1C1D
  5
1C6E
331
1C1E
  5
1C6F
331
1C1F
  5
1C70
331
1C20
  5
1C71
331
1C21
  5
1C72
331
1C22
  5
1C73
331
1C23
  5
1C74
331
1C24
  5
1C75
331
1C25
  5
1C76
331
1C26
  5
1C77
331
1C27
  5
1C78
331
1C28
  5
1C79
331
1C29
  5
1C7A
331
1C2A
  5
1C7B
331
1C2B
  5
1C7C
331
1C2C
  5
1C7D
331
1C2D
  5
1C7E
331
1C2E
  5
1C7F
331
1C2F
  5
1C80
331
1C30
  5
1C81
331
1C31
  5
1C82
331
1C32
  5
1C83
331
1C33
  5
1C84
331
1C34
  5
1C85
331
1C35
  5
1C86
331
1C36
  5
1C87
331
1C37
  5
1C88
331
1C38
  5
1C89
331
1C39
  5
1C8A
331
1C3A
  5
1C8B
331
1C3B
  5
1C8C
331
1C3C
  5
1C8D
331
1C3D
  5
1C8E
331
1C3E
  5
1C8F
331
1C3F
  5
1C90
331
1C40
  5
1C91
331
1C41
  5
1C92
331
1C42
  5
1C93
331
1C43
  5
1C94
331
1C44
  5
1C95
331
1C45
  5
1C96
331
1C46
  5
1C97
331
1C47
  5
1C98
331
1C48
  5
1C99
331
1C49
  5
1C9A
331
1C4A
  5
1C9B
331
1C4B
  5
1C9C
331
1C4C
  5
1C9D
331
1C4D
  5
1C9E
331
1C4E
  5
1C9F
331
1C4F
  5
1CA0
331
1C50
  5
1CA1
331
1C51
  5
1CA2
331
1C52
  5
1CA3
331
1C53
  5
1CA4
331
1C54
  5
1CA5
331
1C55
  5
1CA6
331
1C56
  5
1CA7
331
1C57
  5
1CA8
331
1C58
  5
1CA9
331
1C59
  5
1CAA
331
1C5A
  5
1CAB
331
1C5B
  5
1CAC
331
1C5C
  5
1CAD
331
1C5D
  5
1CAE
331
1C5E
  5
1CAF
331
1C5F
  5
1CB0
331
1C60
  5
1CB1
331
1C61
  5
1CB2
331
1C62
  5
1CB3
331
1C63
  5
1CB4
331
1C64
  5
1CB5
331
1C65
  5
1CB6
331
1C66
  5
1CB7
331
1C67
  5
1CB8
331
1C68
  5
1CB9
331
1C69
  5
1CBA
331
1C6A
  5
1CBB
331
1C6B
  5
1CBC
331
1C6C
  5
1CBD
331
1C6D
  5
1CBE
331
1C6E
  5
1CBF
331
1C6F
  5
1CC0
331
1C70
  5
1CC1
331
1C71
  5
1CC2
331
1C72
  5
1CC3
331
1C73
  5
1CC4
331
1C74
  5
1CC5
331
1C75
  5
1CC6
331
1C76
  5
1CC7
331
1C77
  5
1CC8
331
1C78
  5
1CC9
331
1C79
  5
1CCA
331
1C7A
  5
1CCB
331
1C7B
  5
1CCC
331
1C7C
  5
1CCD
331
1C7D
  5
1CCE
331
1C7E
  5
1CCF
331
1C7F
  5
1CD0
331
1C80
  5
1CD1
331
1C81
  5
1CD2
331
1C82
  5
1CD3
331
1C83
  5
1CD4
331
1C84
  5
1CD5
331
1C85
  5
1CD6
331
1C86
  5
1CD7
331
1C87
  5
1CD8
331
1C88
  5
1CD9
331
1C89
  5
1CDA
331
1C8A
  5
1CDB
331
1C8B
  5
1CDC
331
1C8C
  5
1CDD
331
1C8D
  5
1CDE
331
1C8E
  5
1CDF
331
1C8F
  5
1CE0
331
1C90
  5
1CE1
331
1C91
  5
1CE2
331
1C92
  5
1CE3
331
1C93
  5
1CE4
331
1C94
  5
1CE5
331
1C95
  5
1CE6
331
1C96
  5
1CE7
331
1C97
  5
1CE8
331
1C98
  5
1CE9
331
1C99
  5
1CEA
331
1C9A
  5
1CEB
331
1C9B
  5
1CEC
331
1C9C
  5
1CED
331
1C9D
  5
1CEE
331
1C9E
  5
1CEF
331
1C9F
  5
1CF0
331
1CA0
  5
1CF1
331
1CA1
  5
1CF2
331
1CA2
  5
1CF3
331
1CA3
  5
1CF4
331
1CA4
  5
1CF5
331
1CA5
  5
1CF6
331
1CA6
  5
1CF7
331
1CA7
  5
1CF8
331
1CA8
  5
1CF9
331
1CA9
  5
1CFA
331
1CAA
  5
1CFB
331
1CAB
  5
1CFC
331
1CAC
  5
1CFD
331
1CAD
  5
1CFE
331
1CAE
  5
1CFF
331
1CAF
  5
1D00
331
1CB0
  5
1D01
331
1CB1
  5
1D02
331
1CB2
  5
1D03
331
1CB3
  5
1D04
331
1CB4
  5
1D05
331
1CB5
  5
1D06
331
1CB6
  5
1D07
331
1CB7
  5
1D08
331
1CB8
  5
1D09
331
1CB9
  5
1D0A
331
1CBA
  5
1D0B
331
1CBB
  5
1D0C
331
1CBC
  5
1D0D
331
1CBD
  5
1D0E
331
1CBE
  5
1D0F
331
1CBF
  5
1D10
331
1CC0
  5
1D11
331
1CC1
  5
1D12
331
1CC2
  5
1D13
331
1CC3
  5
1D14
331
1CC4
  5
1D15
331
1CC5
  5
1D16
331
1CC6
  5
1D17
331
1CC7
  5
1D18
331
1CC8
  5
1D19
331
1CC9
  5
1D1A
331
1CCA
  5
1D1B
331
1CCB
  5
1D1C
331
1CCC
  5
1D1D
331
1CCD
  5
1D1E
331
1CCE
  5
1D1F
331
1CCF
  5
1D20
331
1CD0
  5
1D21
331
1CD1
  5
1D22
331
1CD2
  5
1D23
331
1CD3
  5
1D24
331
1CD4
  5
1D25
331
1CD5
  5
1D26
331
1CD6
  5
1D27
331
1CD7
  5
1D28
331
1CD8
  5
1D29
331
1CD9
  5
1D2A
331
1CDA
  5
1D2B
331
1CDB
  5
1D2C
331
1CDC
  5
1D2D
331
1CDD
  5
1D2E
331
1CDE
  5
1D2F
331
1CDF
  5
1D30
331
1CE0
  5
1D31
331
1CE1
  5
1D32
331
1CE2
  5
1D33
331
1CE3
  5
1D34
331
1CE4
  5
1D35
331
1CE5
  5
1D36
331
1CE6
  5
1D37
331
1CE7
  5
1D38
331
1CE8
  5
1D39
331
1CE9
  5
1D3A
331
1CEA
  5
1D3B
331
1CEB
  5
1D3C
331
1CEC
  5
1D3D
331
1CED
  5
1D3E
331
1CEE
  5
1D3F
331
1CEF
  5
1D48
331
1CF0
  5
1D49
331
1CF1
  5
1D4A
331
1CF2
  5
1D4B
331
1CF3
  5
1D4C
331
1CF4
  5
1D4D
331
1CF5
  5
1D4E
331
1CF6
  5
1D4F
331
1CF7
  5
1D50
331
1CF8
  5
1D51
331
1CF9
  5
1D52
331
1CFA
  5
1D53
331
1CFB
  5
1D54
331
1CFC
  5
1D55
331
1CFD
  5
1D56
331
1CFE
  5
1D57
331
1CFF
  5
1D58
331
1D00
  5
1D59
331
1D01
  5
1D5A
331
1D02
  5
1D5B
331
1D03
  5
1D5C
331
1D04
  5
1D5D
331
1D05
  5
1D5E
331
1D06
  5
1D5F
331
1D07
  5
1D60
331
1D08
  5
1D61
331
1D09
  5
1D62
331
1D0A
  5
1D63
331
1D0B
  5
1D64
331
1D0C
  5
1D65
331
1D0D
  5
1D66
331
1D0E
  5
1D67
331
1D0F
  5
1D68
331
1D10
  5
1D69
331
1D11
  5
1D6A
331
1D12
  5
1D6B
331
1D13
  5
1D6C
331
1D14
  5
1D6D
331
1D15
  5
1D6E
331
1D16
  5
1D6F
331
1D17
  5
1D70
331
1D18
  5
1D71
331
1D19
  5
1D72
331
1D1A
  5
1D73
331
1D1B
  5
1D74
331
1D1C
  5
1D75
331
1D1D
  5
1D76
331
1D1E
  5
1D77
331
1D1F
  5
1D78
331
1D20
  5
1D79
331
1D21
  5
1D7A
331
1D22
  5
1D7B
331
1D23
  5
1D7C
331
1D24
  5
1D7D
331
1D25
  5
1D7E
331
1D26
  5
1D7F
331
1D27
  5
1D80
331
1D28
  5
1D81
331
1D29
  5
1D82
331
1D2A
  5
1D83
331
1D2B
  5
1D84
331
1D2C
  5
1D85
331
1D2D
  5
1D86
331
1D2E
  5
1D87
331
1D2F
  5
1D88
331
1D30
  5
1D89
331
1D31
  5
1D8A
331
1D32
  5
1D8B
331
1D33
  5
1D8C
331
1D34
  5
1D8D
331
1D35
  5
1D8E
331
1D36
  5
1D8F
331
1D37
  5
1D90
331
1D38
  5
1D91
331
1D39
  5
1D92
331
1D3A
  5
1D93
331
1D3B
  5
1D94
331
1D3C
  5
1D95
331
1D3D
  5
1D96
331
1D3E
  5
1D97
331
1D3F
  5
1D98
  0
XRECORD
  5
1919
102
{ACAD_REACTORS
330
18FB
102
}
330
18FB
100
AcDbXrecord
280
     1
340
1B
  0
XRECORD
  5
191B
102
{ACAD_REACTORS
330
18FD
102
}
330
18FD
100
AcDbXrecord
280
     1
340
23
  0
ACDBDETAILVIEWSTYLE
  5
1938
102
{ACAD_XDICTIONARY
360
1DE6
102
}
102
{ACAD_REACTORS
330
1937
102
}
330
1937
100
AcDbModelDocViewStyle
 70
     0
  3
Metric50
290
     0
100
AcDbDetailViewStyle
 70
     0
 71
     0
 90
        3
 71
     1
340
11
 62
   256
 40
5.0
340
0
 62
   256
 40
5.0
300

 40
0.0
280
     1
 71
     2
340
16
 90
       25
 62
   256
 71
     3
340
11
 62
   256
 40
5.0
 90
        0
 40
15.0
 90
        1
300
%<\AcVar ViewDetailId>% (%<\AcVar ViewScale \f "%sn">%)
 71
     4
340
16
 90
       25
 62
   256
340
16
 90
       25
 62
   256
280
     0
  0
LAYOUT
  5
1E
102
{ACAD_REACTORS
330
1A
102
}
330
1A
100
AcDbPlotSettings
  1

  2
none_device
  4

  6

 40
0.0
 41
0.0
 42
0.0
 43
0.0
 44
0.0
 45
0.0
 46
0.0
 47
0.0
 48
0.0
 49
0.0
140
0.0
141
0.0
142
1.0
143
1.0
 70
   688
 72
     0
 73
     0
 74
     5
  7

 75
    16
147
1.0
 76
     0
 77
     2
 78
   300
148
0.0
149
0.0
100
AcDbLayout
  1
Layout1
 70
     1
 71
     1
 10
0.0
 20
0.0
 11
12.0
 21
9.0
 12
0.0
 22
0.0
 32
0.0
 14
1.000000000000000E+20
 24
1.000000000000000E+20
 34
1.000000000000000E+20
 15
-1.000000000000000E+20
 25
-1.000000000000000E+20
 35
-1.000000000000000E+20
146
0.0
 13
0.0
 23
0.0
 33
0.0
 16
1.0
 26
0.0
 36
0.0
 17
0.0
 27
1.0
 37
0.0
 76
     0
330
1B
  0
LAYOUT
  5
26
102
{ACAD_REACTORS
330
1A
102
}
330
1A
100
AcDbPlotSettings
  1

  2
none_device
  4

  6

 40
0.0
 41
0.0
 42
0.0
 43
0.0
 44
0.0
 45
0.0
 46
0.0
 47
0.0
 48
0.0
 49
0.0
140
0.0
141
0.0
142
1.0
143
1.0
 70
   688
 72
     0
 73
     0
 74
     5
  7

 75
    16
147
1.0
 76
     0
 77
     2
 78
   300
148
0.0
149
0.0
100
AcDbLayout
  1
Layout2
 70
     1
 71
     2
 10
0.0
 20
0.0
 11
0.0
 21
0.0
 12
0.0
 22
0.0
 32
0.0
 14
0.0
 24
0.0
 34
0.0
 15
0.0
 25
0.0
 35
0.0
146
0.0
 13
0.0
 23
0.0
 33
0.0
 16
1.0
 26
0.0
 36
0.0
 17
0.0
 27
1.0
 37
0.0
 76
     0
330
23
  0
LAYOUT
  5
22
102
{ACAD_REACTORS
330
1A
102
}
330
1A
100
AcDbPlotSettings
  1

  2
none_device
  4
Letter_(8.50_x_11.00_Inches)
  6

 40
6.349999999999999
 41
6.349999999999999
 42
6.350005079999999
 43
6.350005079999999
 44
215.9
 45
279.4
 46
0.0
 47
0.0
 48
0.0
 49
0.0
140
0.0
141
0.0
142
1.0
143
1.0
 70
  1712
 72
     0
 73
     0
 74
     0
  7

 75
     0
147
1.0
 76
     0
 77
     2
 78
   300
148
0.0
149
0.0
100
AcDbLayout
  1
Model
 70
     1
 71
     0
 10
0.0
 20
0.0
 11
12.0
 21
9.0
 12
0.0
 22
0.0
 32
0.0
 14
1.000000000000000E+20
 24
1.000000000000000E+20
 34
1.000000000000000E+20
 15
-1.000000000000000E+20
 25
-1.000000000000000E+20
 35
-1.000000000000000E+20
146
0.0
 13
0.0
 23
0.0
 33
0.0
 16
1.0
 26
0.0
 36
0.0
 17
0.0
 27
1.0
 37
0.0
 76
     0
330
1F
331
29
  0
MATERIAL
  5
45
102
{ACAD_XDICTIONARY
360
1DE0
102
}
102
{ACAD_REACTORS
330
43
102
}
330
43
100
AcDbMaterial
  1
BYBLOCK
 73
     1
 78
     1
172
     1
176
     1
270
     1
274
     1
  0
MATERIAL
  5
44
102
{ACAD_XDICTIONARY
360
1DDE
102
}
102
{ACAD_REACTORS
330
43
102
}
330
43
100
AcDbMaterial
  1
BYLAYER
 73
     1
 78
     1
172
     1
176
     1
270
     1
274
     1
  0
MATERIAL
  5
46
102
{ACAD_XDICTIONARY
360
1DA6
102
}
102
{ACAD_REACTORS
330
43
102
}
330
43
100
AcDbMaterial
  1
GLOBAL
 73
     1
 78
     1
172
     1
176
     1
270
     1
274
     1
  0
MLEADERSTYLE
  5
5C
102
{ACAD_REACTORS
330
5B
102
}
330
5B
100
AcDbMLeaderStyle
170
     2
171
     1
172
     0
 90
        2
 40
0.0
 41
0.0
173
     1
 91
-1056964608
340
14
 92
       -2
290
     1
 42
0.09
291
     1
 43
0.36
  3
Standard
 44
0.18
300

342
11
174
     1
178
     6
175
     1
176
     0
 93
-1056964608
 45
0.18
292
     0
297
     0
 46
0.18
 94
-1056964608
 47
1.0
 49
1.0
140
1.0
293
     1
141
0.0
294
     1
177
     0
142
1.0
295
     0
296
     0
143
0.125
1001
ACAD_MLEADERVER
1070
     2
  0
MLINESTYLE
  5
18
102
{ACAD_REACTORS
330
17
102
}
330
17
100
AcDbMlineStyle
  2
STANDARD
 70
     0
  3

 62
   256
 51
90.0
 52
90.0
 71
     2
 49
0.5
 62
   256
  6
BYLAYER
 49
-0.5
 62
   256
  6
BYLAYER
  0
DICTIONARY
  5
1915
330
E
100
AcDbDictionary
280
     1
281
     1
  3
ACAD_XREC_ROUNDTRIP
360
1916
  0
ACDBPLACEHOLDER
  5
1939
102
{ACAD_REACTORS
330
E
102
}
330
E
  0
ACDBPLACEHOLDER
  5
F
102
{ACAD_REACTORS
330
E
102
}
330
E
  0
SCALE
  5
48
102
{ACAD_REACTORS
330
47
102
}
330
47
100
AcDbScale
 70
     0
300
1:1
140
1.0
141
1.0
290
     1
  0
SCALE
  5
49
102
{ACAD_REACTORS
330
47
102
}
330
47
100
AcDbScale
 70
     0
300
1/128" = 1'-0"
140
0.0078125
141
12.0
290
     0
  0
SCALE
  5
4A
102
{ACAD_REACTORS
330
47
102
}
330
47
100
AcDbScale
 70
     0
300
1/64" = 1'-0"
140
0.015625
141
12.0
290
     0
  0
SCALE
  5
4B
102
{ACAD_REACTORS
330
47
102
}
330
47
100
AcDbScale
 70
     0
300
1/32" = 1'-0"
140
0.03125
141
12.0
290
     0
  0
SCALE
  5
4C
102
{ACAD_REACTORS
330
47
102
}
330
47
100
AcDbScale
 70
     0
300
1/16" = 1'-0"
140
0.0625
141
12.0
290
     0
  0
SCALE
  5
4D
102
{ACAD_REACTORS
330
47
102
}
330
47
100
AcDbScale
 70
     0
300
3/32" = 1'-0"
140
0.09375
141
12.0
290
     0
  0
SCALE
  5
4E
102
{ACAD_REACTORS
330
47
102
}
330
47
100
AcDbScale
 70
     0
300
1/8" = 1'-0"
140
0.125
141
12.0
290
     0
  0
SCALE
  5
4F
102
{ACAD_REACTORS
330
47
102
}
330
47
100
AcDbScale
 70
     0
300
3/16" = 1'-0"
140
0.1875
141
12.0
290
     0
  0
SCALE
  5
50
102
{ACAD_REACTORS
330
47
102
}
330
47
100
AcDbScale
 70
     0
300
1/4" = 1'-0"
140
0.25
141
12.0
290
     0
  0
SCALE
  5
51
102
{ACAD_REACTORS
330
47
102
}
330
47
100
AcDbScale
 70
     0
300
3/8" = 1'-0"
140
0.375
141
12.0
290
     0
  0
SCALE
  5
52
102
{ACAD_REACTORS
330
47
102
}
330
47
100
AcDbScale
 70
     0
300
1/2" = 1'-0"
140
0.5
141
12.0
290
     0
  0
SCALE
  5
53
102
{ACAD_REACTORS
330
47
102
}
330
47
100
AcDbScale
 70
     0
300
3/4" = 1'-0"
140
0.75
141
12.0
290
     0
  0
SCALE
  5
54
102
{ACAD_REACTORS
330
47
102
}
330
47
100
AcDbScale
 70
     0
300
1" = 1'-0"
140
1.0
141
12.0
290
     0
  0
SCALE
  5
55
102
{ACAD_REACTORS
330
47
102
}
330
47
100
AcDbScale
 70
     0
300
1-1/2" = 1'-0"
140
1.5
141
12.0
290
     0
  0
SCALE
  5
56
102
{ACAD_REACTORS
330
47
102
}
330
47
100
AcDbScale
 70
     0
300
3" = 1'-0"
140
3.0
141
12.0
290
     0
  0
SCALE
  5
57
102
{ACAD_REACTORS
330
47
102
}
330
47
100
AcDbScale
 70
     0
300
6" = 1'-0"
140
6.0
141
12.0
290
     0
  0
SCALE
  5
58
102
{ACAD_REACTORS
330
47
102
}
330
47
100
AcDbScale
 70
     0
300
1'-0" = 1'-0"
140
12.0
141
12.0
290
     0
  0
ACDBSECTIONVIEWSTYLE
  5
1936
102
{ACAD_XDICTIONARY
360
1DE4
102
}
102
{ACAD_REACTORS
330
1935
102
}
330
1935
100
AcDbModelDocViewStyle
 70
     0
  3
Metric50
290
     0
100
AcDbSectionViewStyle
 70
     0
 71
     0
 90
      102
 71
     1
340
11
 62
   256
 40
5.0
340
0
340
0
 62
   256
 40
5.0
300
I, O, Q, S, X, Z
 40
10.0
 90
        0
 40
2.5
 90
        0
 71
     2
340
16
 90
       25
 62
   256
340
16
 90
       50
 62
   256
 40
5.0
 40
2.5
 40
5.0
 71
     3
340
11
 62
   256
 40
5.0
 90
        0
 40
15.0
 90
        1
300
%<\AcVar ViewSectionStartId>%-%<\AcVar ViewSectionEndId>% (%<\AcVar ViewScale \f "%sn">%)
 71
     4
 62
   256
 62
   257
300
ANSI31
 40
1.0
 90
        0
290
     0
290
     0
 90
        6
 40
0.0
 40
1.570796326794896
 40
0.2617993877991494
 40
1.308996938995747
 40
-0.2617993877991494
 40
1.832595714594046
  0
TABLESTYLE
  5
5A
102
{ACAD_XDICTIONARY
360
1928
102
}
102
{ACAD_REACTORS
330
59
102
}
330
59
100
AcDbTableStyle
  3
Standard
 70
     0
 71
     0
 40
0.06
 41
0.06
280
     0
281
     0
  7
Standard
140
0.18
170
     2
 62
     0
 63
     7
283
     0
274
    -2
284
     1
 64
     0
275
    -2
285
     1
 65
     0
276
    -2
286
     1
 66
     0
277
    -2
287
     1
 67
     0
278
    -2
288
     1
 68
     0
279
    -2
289
     1
 69
     0
  7
Standard
140
0.25
170
     5
 62
     0
 63
     7
283
     0
274
    -2
284
     1
 64
     0
275
    -2
285
     1
 65
     0
276
    -2
286
     1
 66
     0
277
    -2
287
     1
 67
     0
278
    -2
288
     1
 68
     0
279
    -2
289
     1
 69
     0
  7
Standard
140
0.18
170
     5
 62
     0
 63
     7
283
     0
274
    -2
284
     1
 64
     0
275
    -2
285
     1
 65
     0
276
    -2
286
     1
 66
     0
277
    -2
287
     1
 67
     0
278
    -2
288
     1
 68
     0
279
    -2
289
     1
 69
     0
  0
VISUALSTYLE
  5
2F
102
{ACAD_XDICTIONARY
360
1DB6
102
}
102
{ACAD_REACTORS
330
2A
102
}
330
2A
100
AcDbVisualStyle
  2
2dWireframe
 70
     4
 71
     0
 72
     2
 73
     0
 90
        0
 40
-0.6
 41
-30.0
 62
     5
 63
     7
 74
     1
 91
        4
 64
     7
 65
   257
 75
     1
175
     1
 42
1.0
 92
        0
 66
   257
 43
1.0
 76
     1
 77
     6
 78
     2
 67
     7
 79
     5
170
     0
171
     0
290
     0
174
     0
 93
        1
 44
0.0
173
     0
291
     0
 45
0.0
1001
ACAD
1000
AcDbSavedByObjectVersion
1070
     0
  0
VISUALSTYLE
  5
32
102
{ACAD_XDICTIONARY
360
1DBC
102
}
102
{ACAD_REACTORS
330
2A
102
}
330
2A
100
AcDbVisualStyle
  2
Basic
 70
     7
 71
     1
 72
     0
 73
     1
 90
        0
 40
-0.6
 41
-30.0
 62
     5
 63
     7
 74
     0
 91
        4
 64
     7
 65
   257
 75
     1
175
     1
 42
1.0
 92
        8
 66
     7
 43
1.0
 76
     1
 77
     6
 78
     2
 67
     7
 79
     5
170
     0
171
     0
290
     0
174
     0
 93
        1
 44
0.0
173
     0
291
     1
 45
0.0
1001
ACAD
1000
AcDbSavedByObjectVersion
1070
     0
  0
VISUALSTYLE
  5
36
102
{ACAD_XDICTIONARY
360
1DC4
102
}
102
{ACAD_REACTORS
330
2A
102
}
330
2A
100
AcDbVisualStyle
  2
Brighten
 70
    12
 71
     2
 72
     2
 73
     0
 90
        0
 40
-0.6
 41
-30.0
 62
     5
 63
     7
 74
     1
 91
        4
 64
     7
 65
   257
 75
     1
175
     1
 42
1.0
 92
        8
 66
     7
 43
1.0
 76
     1
 77
     6
 78
     2
 67
     7
 79
     5
170
     0
171
     0
290
     0
174
     0
 93
        1
 44
50.0
173
     0
291
     1
 45
0.0
1001
ACAD
1000
AcDbSavedByObjectVersion
1070
     0
  0
VISUALSTYLE
  5
3A
102
{ACAD_XDICTIONARY
360
1DCC
102
}
102
{ACAD_REACTORS
330
2A
102
}
330
2A
100
AcDbVisualStyle
  2
ColorChange
 70
    16
 71
     2
 72
     2
 73
     3
 90
        0
 40
-0.6
 41
-30.0
 62
     5
 63
     8
 74
     1
 91
        4
 64
     7
 65
   257
 75
     1
175
     1
 42
1.0
 92
        8
 66
     8
 43
1.0
 76
     1
 77
     6
 78
     2
 67
     7
 79
     5
170
     0
171
     0
290
     0
174
     0
 93
        1
 44
0.0
173
     0
291
     1
 45
0.0
1001
ACAD
1000
AcDbSavedByObjectVersion
1070
     0
  0
VISUALSTYLE
  5
34
102
{ACAD_XDICTIONARY
360
1DC0
102
}
102
{ACAD_REACTORS
330
2A
102
}
330
2A
100
AcDbVisualStyle
  2
Conceptual
 70
     9
 71
     3
 72
     2
 73
     0
 90
        0
 40
-0.6
 41
-30.0
 62
     5
 63
     7
 74
     2
 91
        2
 64
     7
 65
   257
 75
     1
175
     1
 42
179.0
 92
        8
 66
     7
 43
1.0
 76
     1
 77
     6
 78
     2
 67
     7
 79
     3
170
     0
171
     0
290
     0
174
     0
 93
        1
 44
0.0
173
     0
291
     0
 45
0.0
1001
ACAD
1000
AcDbSavedByObjectVersion
1070
     0
  0
VISUALSTYLE
  5
35
102
{ACAD_XDICTIONARY
360
1DC2
102
}
102
{ACAD_REACTORS
330
2A
102
}
330
2A
100
AcDbVisualStyle
  2
Dim
 70
    11
 71
     2
 72
     2
 73
     0
 90
        0
 40
-0.6
 41
-30.0
 62
     5
 63
     7
 74
     1
 91
        4
 64
     7
 65
   257
 75
     1
175
     1
 42
1.0
 92
        8
 66
     7
 43
1.0
 76
     1
 77
     6
 78
     2
 67
     7
 79
     5
170
     0
171
     0
290
     0
174
     0
 93
        1
 44
-50.0
173
     0
291
     1
 45
0.0
1001
ACAD
1000
AcDbSavedByObjectVersion
1070
     0
  0
VISUALSTYLE
  5
3D
102
{ACAD_XDICTIONARY
360
1DD2
102
}
102
{ACAD_REACTORS
330
2A
102
}
330
2A
100
AcDbVisualStyle
  2
EdgeColorOff
 70
    22
 71
     2
 72
     2
 73
     0
 90
        0
 40
-0.6
 41
-30.0
 62
     5
 63
     7
 74
     1
 91
        4
 64
     7
 65
   257
 75
     1
175
     1
 42
1.0
 92
        8
 66
     7
 43
1.0
 76
     1
 77
     6
 78
     2
 67
     7
 79
     5
170
     0
171
     0
290
     0
174
     0
 93
        1
 44
0.0
173
     0
291
     1
 45
0.0
1001
ACAD
1000
AcDbSavedByObjectVersion
1070
     0
  0
VISUALSTYLE
  5
39
102
{ACAD_XDICTIONARY
360
1DCA
102
}
102
{ACAD_REACTORS
330
2A
102
}
330
2A
100
AcDbVisualStyle
  2
Facepattern
 70
    15
 71
     2
 72
     2
 73
     0
 90
        0
 40
-0.6
 41
-30.0
 62
     5
 63
     7
 74
     1
 91
        4
 64
     7
 65
   257
 75
     1
175
     1
 42
1.0
 92
        8
 66
     7
 43
1.0
 76
     1
 77
     6
 78
     2
 67
     7
 79
     5
170
     0
171
     0
290
     0
174
     0
 93
        1
 44
0.0
173
     0
291
     1
 45
0.0
1001
ACAD
1000
AcDbSavedByObjectVersion
1070
     0
  0
VISUALSTYLE
  5
2B
102
{ACAD_XDICTIONARY
360
1DAE
102
}
102
{ACAD_REACTORS
330
2A
102
}
330
2A
100
AcDbVisualStyle
  2
Flat
 70
     0
 71
     2
 72
     1
 73
     1
 90
        2
 40
-0.6
 41
30.0
 62
     5
 63
     7
 74
     0
 91
        0
 64
     7
 65
   257
 75
     1
175
     1
 42
1.0
 92
        8
 66
     7
 43
1.0
 76
     1
 77
     6
 78
     2
 67
     7
 79
     5
170
     0
171
     0
290
     0
174
     0
 93
       13
 44
0.0
173
     0
291
     1
 45
0.0
1001
ACAD
1000
AcDbSavedByObjectVersion
1070
     0
  0
VISUALSTYLE
  5
2C
102
{ACAD_XDICTIONARY
360
1DB0
102
}
102
{ACAD_REACTORS
330
2A
102
}
330
2A
100
AcDbVisualStyle
  2
FlatWithEdges
 70
     1
 71
     2
 72
     1
 73
     1
 90
        2
 40
-0.6
 41
30.0
 62
     5
 63
     7
 74
     1
 91
        0
 64
     7
 65
   257
 75
     1
175
     1
 42
1.0
 92
        0
 66
   257
 43
1.0
 76
     1
 77
     6
 78
     2
 67
     7
 79
     5
170
     0
171
     0
290
     0
174
     0
 93
       13
 44
0.0
173
     0
291
     1
 45
0.0
1001
ACAD
1000
AcDbSavedByObjectVersion
1070
     0
  0
VISUALSTYLE
  5
2D
102
{ACAD_XDICTIONARY
360
1DB2
102
}
102
{ACAD_REACTORS
330
2A
102
}
330
2A
100
AcDbVisualStyle
  2
Gouraud
 70
     2
 71
     2
 72
     2
 73
     1
 90
        2
 40
-0.6
 41
30.0
 62
     5
 63
     7
 74
     0
 91
        0
 64
     7
 65
   257
 75
     1
175
     1
 42
1.0
 92
        0
 66
     7
 43
1.0
 76
     1
 77
     6
 78
     2
 67
     7
 79
     5
170
     0
171
     0
290
     0
174
     0
 93
       13
 44
0.0
173
     0
291
     1
 45
0.0
1001
ACAD
1000
AcDbSavedByObjectVersion
1070
     0
  0
VISUALSTYLE
  5
2E
102
{ACAD_XDICTIONARY
360
1DB4
102
}
102
{ACAD_REACTORS
330
2A
102
}
330
2A
100
AcDbVisualStyle
  2
GouraudWithEdges
 70
     3
 71
     2
 72
     2
 73
     1
 90
        2
 40
-0.6
 41
30.0
 62
     5
 63
     7
 74
     1
 91
        0
 64
     7
 65
   257
 75
     1
175
     1
 42
1.0
 92
        0
 66
   257
 43
1.0
 76
     1
 77
     6
 78
     2
 67
     7
 79
     5
170
     0
171
     0
290
     0
174
     0
 93
       13
 44
0.0
173
     0
291
     1
 45
0.0
1001
ACAD
1000
AcDbSavedByObjectVersion
1070
     0
  0
VISUALSTYLE
  5
31
102
{ACAD_XDICTIONARY
360
1DBA
102
}
102
{ACAD_REACTORS
330
2A
102
}
330
2A
100
AcDbVisualStyle
  2
Hidden
 70
     6
 71
     1
 72
     2
 73
     2
 90
        0
 40
-0.6
 41
-30.0
 62
     5
 63
     7
 74
     2
 91
        2
 64
     7
 65
   257
 75
     2
175
     1
 42
40.0
 92
        0
 66
   257
 43
1.0
 76
     1
 77
     6
 78
     2
 67
     7
 79
     3
170
     0
171
     0
290
     0
174
     0
 93
        1
 44
0.0
173
     0
291
     0
 45
0.0
1001
ACAD
1000
AcDbSavedByObjectVersion
1070
     0
  0
VISUALSTYLE
  5
3B
102
{ACAD_XDICTIONARY
360
1DCE
102
}
102
{ACAD_REACTORS
330
2A
102
}
330
2A
100
AcDbVisualStyle
  2
JitterOff
 70
    20
 71
     2
 72
     2
 73
     0
 90
        0
 40
-0.6
 41
-30.0
 62
     5
 63
     7
 74
     1
 91
        4
 64
     7
 65
   257
 75
     1
175
     1
 42
1.0
 92
       10
 66
     7
 43
1.0
 76
     1
 77
     6
 78
     2
 67
     7
 79
     5
170
     0
171
     0
290
     0
174
     0
 93
        1
 44
0.0
173
     0
291
     1
 45
0.0
1001
ACAD
1000
AcDbSavedByObjectVersion
1070
     0
  0
VISUALSTYLE
  5
38
102
{ACAD_XDICTIONARY
360
1DC8
102
}
102
{ACAD_REACTORS
330
2A
102
}
330
2A
100
AcDbVisualStyle
  2
Linepattern
 70
    14
 71
     2
 72
     2
 73
     0
 90
        0
 40
-0.6
 41
-30.0
 62
     5
 63
     7
 74
     1
 91
        4
 64
     7
 65
   257
 75
     7
175
     7
 42
1.0
 92
        8
 66
     7
 43
1.0
 76
     1
 77
     6
 78
     2
 67
     7
 79
     5
170
     0
171
     0
290
     0
174
     0
 93
        1
 44
0.0
173
     0
291
     1
 45
0.0
1001
ACAD
1000
AcDbSavedByObjectVersion
1070
     0
  0
VISUALSTYLE
  5
3C
102
{ACAD_XDICTIONARY
360
1DD0
102
}
102
{ACAD_REACTORS
330
2A
102
}
330
2A
100
AcDbVisualStyle
  2
OverhangOff
 70
    21
 71
     2
 72
     2
 73
     0
 90
        0
 40
-0.6
 41
-30.0
 62
     5
 63
     7
 74
     1
 91
        4
 64
     7
 65
   257
 75
     1
175
     1
 42
1.0
 92
        9
 66
     7
 43
1.0
 76
     1
 77
     6
 78
     2
 67
     7
 79
     5
170
     0
171
     0
290
     0
174
     0
 93
        1
 44
0.0
173
     0
291
     1
 45
0.0
1001
ACAD
1000
AcDbSavedByObjectVersion
1070
     0
  0
VISUALSTYLE
  5
33
102
{ACAD_XDICTIONARY
360
1DBE
102
}
102
{ACAD_REACTORS
330
2A
102
}
330
2A
100
AcDbVisualStyle
  2
Realistic
 70
     8
 71
     2
 72
     3
 73
     0
 90
        2
 40
-0.6
 41
30.0
 62
     5
 63
     7
 74
     0
 91
        0
 64
     7
 65
   257
 75
     1
175
     1
 42
1.0
 92
        8
 66
   257
 43
1.0
 76
     1
 77
     6
 78
     2
 67
     7
 79
     3
170
     0
171
     0
290
     0
174
     0
 93
       13
 44
0.0
173
     0
291
     0
 45
0.0
1001
ACAD
1000
AcDbSavedByObjectVersion
1070
     0
  0
VISUALSTYLE
  5
42
102
{ACAD_XDICTIONARY
360
1DDC
102
}
102
{ACAD_REACTORS
330
2A
102
}
330
2A
100
AcDbVisualStyle
  2
Shaded
 70
    27
 71
     2
 72
     2
 73
     1
 90
        2
 40
-0.6
 41
30.0
 62
     5
 63
     7
 74
     0
 91
        4
 64
     7
 65
   257
 75
     1
175
     1
 42
1.0
 92
        8
 66
   257
 43
1.0
 76
     1
 77
     6
 78
     2
 67
     8
 79
     3
170
     0
171
     0
290
     0
174
     0
 93
        5
 44
0.0
173
     0
291
     0
 45
0.0
1001
ACAD
1000
AcDbSavedByObjectVersion
1070
     0
  0
VISUALSTYLE
  5
41
102
{ACAD_XDICTIONARY
360
1DDA
102
}
102
{ACAD_REACTORS
330
2A
102
}
330
2A
100
AcDbVisualStyle
  2
Shaded with edges
 70
    26
 71
     2
 72
     2
 73
     1
 90
        2
 40
-0.6
 41
30.0
 62
     5
 63
     7
 74
     1
 91
        2
 64
     7
 65
   257
 75
     2
175
     1
 42
1.0
 92
        8
 66
   257
 43
1.0
 76
     1
 77
     6
 78
     2
 67
     7
 79
     3
170
     0
171
     0
290
     0
174
     0
 93
        5
 44
0.0
173
     0
291
     0
 45
0.0
1001
ACAD
1000
AcDbSavedByObjectVersion
1070
     0
  0
VISUALSTYLE
  5
3E
102
{ACAD_XDICTIONARY
360
1DD4
102
}
102
{ACAD_REACTORS
330
2A
102
}
330
2A
100
AcDbVisualStyle
  2
Shades of Gray
 70
    23
 71
     2
 72
     2
 73
     3
 90
        0
 40
-0.6
 41
-30.0
 62
     5
 63
     7
 74
     2
 91
        2
 64
     7
 65
     7
 75
     1
175
     1
 42
40.0
 92
        8
 66
     7
 43
1.0
 76
     1
 77
     6
 78
     2
 67
     7
 79
     3
170
     0
171
     0
290
     0
174
     0
 93
        1
 44
0.0
173
     0
291
     0
 45
0.0
1001
ACAD
1000
AcDbSavedByObjectVersion
1070
     0
  0
VISUALSTYLE
  5
3F
102
{ACAD_XDICTIONARY
360
1DD6
102
}
102
{ACAD_REACTORS
330
2A
102
}
330
2A
100
AcDbVisualStyle
  2
Sketchy
 70
    24
 71
     1
 72
     2
 73
     2
 90
        0
 40
-0.6
 41
-30.0
 62
     5
 63
     7
 74
     2
 91
        2
 64
     7
 65
     7
 75
     1
175
     1
 42
40.0
 92
       11
 66
     7
 43
1.0
 76
     1
 77
     6
 78
     2
 67
     7
 79
     6
170
     0
171
     0
290
     0
174
     0
 93
        1
 44
0.0
173
     0
291
     0
 45
0.0
1001
ACAD
1000
AcDbSavedByObjectVersion
1070
     0
  0
VISUALSTYLE
  5
37
102
{ACAD_XDICTIONARY
360
1DC6
102
}
102
{ACAD_REACTORS
330
2A
102
}
330
2A
100
AcDbVisualStyle
  2
Thicken
 70
    13
 71
     2
 72
     2
 73
     0
 90
        0
 40
-0.6
 41
-30.0
 62
     5
 63
     7
 74
     1
 91
        4
 64
     7
 65
   257
 75
     1
175
     1
 42
1.0
 92
       12
 66
     7
 43
1.0
 76
     1
 77
     6
 78
     2
 67
     7
 79
     5
170
     0
171
     0
290
     0
174
     0
 93
        1
 44
0.0
173
     0
291
     1
 45
0.0
1001
ACAD
1000
AcDbSavedByObjectVersion
1070
     0
  0
VISUALSTYLE
  5
30
102
{ACAD_XDICTIONARY
360
1DB8
102
}
102
{ACAD_REACTORS
330
2A
102
}
330
2A
100
AcDbVisualStyle
  2
Wireframe
 70
     5
 71
     0
 72
     2
 73
     0
 90
        0
 40
-0.6
 41
-30.0
 62
     5
 63
     7
 74
     1
 91
        4
 64
     7
 65
   257
 75
     1
175
     1
 42
1.0
 92
        0
 66
   257
 43
1.0
 76
     1
 77
     6
 78
     2
 67
     7
 79
     3
170
     0
171
     0
290
     0
174
     0
 93
        1
 44
0.0
173
     0
291
     0
 45
0.0
1001
ACAD
1000
AcDbSavedByObjectVersion
1070
     0
  0
VISUALSTYLE
  5
40
102
{ACAD_XDICTIONARY
360
1DD8
102
}
102
{ACAD_REACTORS
330
2A
102
}
330
2A
100
AcDbVisualStyle
  2
X-Ray
 70
    25
 71
     2
 72
     2
 73
     1
 90
        1
 40
0.5
 41
-30.0
 62
     5
 63
     7
 74
     1
 91
        0
 64
     7
 65
   257
 75
     1
175
     1
 42
1.0
 92
        8
 66
     7
 43
1.0
 76
     1
 77
     6
 78
     2
 67
     7
 79
     3
170
     0
171
     0
290
     0
174
     0
 93
       13
 44
0.0
173
     0
291
     0
 45
0.0
1001
ACAD
1000
AcDbSavedByObjectVersion
1070
     0
  0
DICTIONARYVAR
  5
1913
102
{ACAD_REACTORS
330
18F1
102
}
330
18F1
100
DictionaryVariables
280
     0
  1
1:1
  0
DICTIONARYVAR
  5
18F3
102
{ACAD_REACTORS
330
18F1
102
}
330
18F1
100
DictionaryVariables
280
     0
  1
STANDARD
  0
DICTIONARYVAR
  5
18F2
102
{ACAD_REACTORS
330
18F1
102
}
330
18F1
100
DictionaryVariables
280
     0
  1
STANDARD
  0
DICTIONARYVAR
  5
1DA8
102
{ACAD_REACTORS
330
18F1
102
}
330
18F1
100
DictionaryVariables
280
     0
  1
Metric50
  0
DICTIONARYVAR
  5
1DA9
102
{ACAD_REACTORS
330
18F1
102
}
330
18F1
100
DictionaryVariables
280
     0
  1
Metric50
  0
DICTIONARYVAR
  5
18F6
102
{ACAD_REACTORS
330
18F1
102
}
330
18F1
100
DictionaryVariables
280
     0
  1
2
  0
DICTIONARYVAR
  5
18F7
102
{ACAD_REACTORS
330
18F1
102
}
330
18F1
100
DictionaryVariables
280
     0
  1
1
  0
DICTIONARYVAR
  5
1914
102
{ACAD_REACTORS
330
18F1
102
}
330
18F1
100
DictionaryVariables
280
     0
  1
1
  0
DICTIONARYVAR
  5
1DAA
102
{ACAD_REACTORS
330
18F1
102
}
330
18F1
100
DictionaryVariables
280
     0
  1
2
  0
DICTIONARY
  5
1DE6
330
1938
100
AcDbDictionary
280
     1
281
     1
  3
ACAD_XREC_ROUNDTRIP
360
1DE7
  0
DICTIONARY
  5
1DE0
330
45
100
AcDbDictionary
280
     1
281
     1
  3
ACAD_XREC_ROUNDTRIP
360
1DE1
  0
DICTIONARY
  5
1DDE
330
44
100
AcDbDictionary
280
     1
281
     1
  3
ACAD_XREC_ROUNDTRIP
360
1DDF
  0
DICTIONARY
  5
1DA6
330
46
100
AcDbDictionary
280
     1
281
     1
  3
ACAD_XREC_ROUNDTRIP
360
1DE2
  3
FBXASSET
360
1DA7
  0
XRECORD
  5
1916
102
{ACAD_REACTORS
330
1915
102
}
330
1915
100
AcDbXrecord
280
     1
102
EXTNAMES
  1
NORMAL
  2
Normal
  0
DICTIONARY
  5
1DE4
330
1936
100
AcDbDictionary
280
     1
281
     1
  3
ACAD_XREC_ROUNDTRIP
360
1DE5
  0
DICTIONARY
  5
1928
330
5A
100
AcDbDictionary
280
     1
281
     1
  3
ACAD_ROUNDTRIP_2008_TABLESTYLE_CELLSTYLEMAP
360
1DAC
  3
ACAD_XREC_ROUNDTRIP
360
1DE3
  0
DICTIONARY
  5
1DB6
330
2F
100
AcDbDictionary
280
     1
281
     1
  3
ACAD_XREC_ROUNDTRIP
360
1DB7
  0
DICTIONARY
  5
1DBC
330
32
100
AcDbDictionary
280
     1
281
     1
  3
ACAD_XREC_ROUNDTRIP
360
1DBD
  0
DICTIONARY
  5
1DC4
330
36
100
AcDbDictionary
280
     1
281
     1
  3
ACAD_XREC_ROUNDTRIP
360
1DC5
  0
DICTIONARY
  5
1DCC
330
3A
100
AcDbDictionary
280
     1
281
     1
  3
ACAD_XREC_ROUNDTRIP
360
1DCD
  0
DICTIONARY
  5
1DC0
330
34
100
AcDbDictionary
280
     1
281
     1
  3
ACAD_XREC_ROUNDTRIP
360
1DC1
  0
DICTIONARY
  5
1DC2
330
35
100
AcDbDictionary
280
     1
281
     1
  3
ACAD_XREC_ROUNDTRIP
360
1DC3
  0
DICTIONARY
  5
1DD2
330
3D
100
AcDbDictionary
280
     1
281
     1
  3
ACAD_XREC_ROUNDTRIP
360
1DD3
  0
DICTIONARY
  5
1DCA
330
39
100
AcDbDictionary
280
     1
281
     1
  3
ACAD_XREC_ROUNDTRIP
360
1DCB
  0
DICTIONARY
  5
1DAE
330
2B
100
AcDbDictionary
280
     1
281
     1
  3
ACAD_XREC_ROUNDTRIP
360
1DAF
  0
DICTIONARY
  5
1DB0
330
2C
100
AcDbDictionary
280
     1
281
     1
  3
ACAD_XREC_ROUNDTRIP
360
1DB1
  0
DICTIONARY
  5
1DB2
330
2D
100
AcDbDictionary
280
     1
281
     1
  3
ACAD_XREC_ROUNDTRIP
360
1DB3
  0
DICTIONARY
  5
1DB4
330
2E
100
AcDbDictionary
280
     1
281
     1
  3
ACAD_XREC_ROUNDTRIP
360
1DB5
  0
DICTIONARY
  5
1DBA
330
31
100
AcDbDictionary
280
     1
281
     1
  3
ACAD_XREC_ROUNDTRIP
360
1DBB
  0
DICTIONARY
  5
1DCE
330
3B
100
AcDbDictionary
280
     1
281
     1
  3
ACAD_XREC_ROUNDTRIP
360
1DCF
  0
DICTIONARY
  5
1DC8
330
38
100
AcDbDictionary
280
     1
281
     1
  3
ACAD_XREC_ROUNDTRIP
360
1DC9
  0
DICTIONARY
  5
1DD0
330
3C
100
AcDbDictionary
280
     1
281
     1
  3
ACAD_XREC_ROUNDTRIP
360
1DD1
  0
DICTIONARY
  5
1DBE
330
33
100
AcDbDictionary
280
     1
281
     1
  3
ACAD_XREC_ROUNDTRIP
360
1DBF
  0
DICTIONARY
  5
1DDC
330
42
100
AcDbDictionary
280
     1
281
     1
  3
ACAD_XREC_ROUNDTRIP
360
1DDD
  0
DICTIONARY
  5
1DDA
330
41
100
AcDbDictionary
280
     1
281
     1
  3
ACAD_XREC_ROUNDTRIP
360
1DDB
  0
DICTIONARY
  5
1DD4
330
3E
100
AcDbDictionary
280
     1
281
     1
  3
ACAD_XREC_ROUNDTRIP
360
1DD5
  0
DICTIONARY
  5
1DD6
330
3F
100
AcDbDictionary
280
     1
281
     1
  3
ACAD_XREC_ROUNDTRIP
360
1DD7
  0
DICTIONARY
  5
1DC6
330
37
100
AcDbDictionary
280
     1
281
     1
  3
ACAD_XREC_ROUNDTRIP
360
1DC7
  0
DICTIONARY
  5
1DB8
330
30
100
AcDbDictionary
280
     1
281
     1
  3
ACAD_XREC_ROUNDTRIP
360
1DB9
  0
DICTIONARY
  5
1DD8
330
40
100
AcDbDictionary
280
     1
281
     1
  3
ACAD_XREC_ROUNDTRIP
360
1DD9
  0
XRECORD
  5
1DE7
102
{ACAD_REACTORS
330
1DE6
102
}
330
1DE6
100
AcDbXrecord
280
     1
102
DISPLAYNAME
  1
Metric50
102
FLAGS
 90
        0
  0
XRECORD
  5
1DE1
102
{ACAD_REACTORS
330
1DE0
102
}
330
1DE0
100
AcDbXrecord
280
     1
102
MATERIAL
148
0.0
149
0.0
149
0.0
 93
        0
 94
      127
282
     0
 72
     1
 77
     1
171
     1
175
     1
179
     1
273
     0
  0
XRECORD
  5
1DDF
102
{ACAD_REACTORS
330
1DDE
102
}
330
1DDE
100
AcDbXrecord
280
     1
102
MATERIAL
148
0.0
149
0.0
149
0.0
 93
        0
 94
      127
282
     0
 72
     1
 77
     1
171
     1
175
     1
179
     1
273
     0
  0
XRECORD
  5
1DE2
102
{ACAD_REACTORS
330
1DA6
102
}
330
1DA6
100
AcDbXrecord
280
     1
102
MATERIAL
148
0.0
149
0.0
149
0.0
 93
        0
 94
      127
282
     0
 72
     1
 77
     1
171
     1
175
     1
179
     1
273
     0
  0
XRECORD
  5
1DA7
102
{ACAD_REACTORS
330
1DA6
102
}
330
1DA6
100
AcDbXrecord
280
     1
 70
     1
 90
-1625056298
 71
     1
  1
DE8447DA-843E-4114-86A5-9EF949366688
311
504B03041400060808006258CD58D7B565390F010000A80100004F00000045363334423631332D423344452D343542442D413543362D4137363831453338413244382F4173736574446174612F446566696E6974696F6E4974657261746F7250726F706572746965732E62696E7550C14AC430108D828A070F053FC0832721
311
A631699A08A249D37A5911F403245BE36EA1DB5D362D5EF7E85FAF13ADB0280EBCCCE4CD64E64D3E1042DBD120447B800D9C27E0EF7DE7D74DFD5CCFFDC2A1C3C84C1E8D9E9C4394EA8A169955588A22C55CA90C2B5D506C14CF9532955442EE43DD11C0FA3737B47D6CF9D084DAB7ADEBFC72080910E38CB385EB61966B2F
311
E3A36384A2DB00D04F22C44EB36F4551E43BC0BDAEAE6F5D08BEBF21A560DC08CAB061B6C43C3316EBAC1058E742D292497D652579F26139AC6B1F882D25E7B9D5587206E59472D844C31265A5B862420829493F1FE2D79C4619D3CE352D49C928E165D5CD80FE63BB7FB99BBC838B065C24075FF434891BFE6FBFFB7C0250
311
4B03041400060808006258CD5851E735721D010000300200004500000045363334423631332D423344452D343542442D413543362D4137363831453338413244382F4173736574446174612F496E7374616E636550726F706572746965732E62696EEB606060F80F0540260323103700495E20ED9E9A975A94991C9C9C919A
311
9BA802147071B53031317771D4B5303176D535313434D1B5307334D5B57475B334B134363333B3B0604768046931363471713532B5D435353131D635313332D475727372D13534373670367376B67474B5042A03DBCBA019D37FE8ABC6157B20CD04146B0062181F4C03F940F0C11EA29A8141C08141002C0426541C106CAC
311
2CA046088033B02A030AC2157C6006F21A8018AAF50194E6010A610250382264E08660284CD9E98021862280A91564B406929A0FF62C401E28B6F88038B83CB1243943D7A928312F25350524830B1830E83118305832D49BFD15CA656368D0D0FFCEFDBB9E8141C233A3421C18E830E7FF305D13011287810AB34742E2CC0C
311
0D00504B03041400060808006258CD58B5A795FFE3790000DE7900006B00000045363334423631332D423344452D343542442D413543362D4137363831453338413244382F5265736F75726365732F44453834343744412D383433452D343131342D383641352D3945463934393336363638382F7468756D626E61696C2F30
311
2F67656E657269635F706E6701DE79218689504E470D0A1A0A0000000D49484452000001000000010008030000006BAC58540000000467414D410000B18F0BFC6105000000017352474200AECE1CE900000192504C5445818181B3B3B35A5A5A4848486060605C5C5C6464648383835E5E5E6262624E4E4EAFAFAF4A4A4AB5
311
B5B54C4C4CB1B1B1858585B7B7B7585858ADADAD7C7C7C464646787878ABABAB747474A7A7A7686868707070B9B9B96E6E6E6A6A6A8B8B8B666666545454565656A5A5A5505050A1A1A1BBBBBB8F8F8F9F9F9F4242425252527676764040403E3E3E9B9B9B7A7A7A8989897E7E7E9393939797974444448787873C3C3C7272
311
72BDBDBD3A3A3A6C6C6CA9A9A9A3A3A32020209D9D9DBFBFBF8D8D8D9595959191912626269999992222222424241E1E1EC1C1C1282828C3C3C32C2C2C2A2A2A2E2E2E303030C5C5C53232321C1C1C363636383838343434C7C7C71A1A1A0E0E0E121212484A484C4E4C1616160A0A0A4A4C4A787A781414147C7E7C919391
311
5E605E464846838583878987B1B3B18587856668665A5C5A626462818381A7A7A5A3A3A1B1B1AFADAFAD7072705C5E5C9D9D9BABADAB7E817EB7B9B7585A58BBBDBB4C4C4A8D8F8D747674B5B5B3B7B7B59FA19F606260ABABA9A5A5A39B9B99A9A9A78F8F8D6C6C6AC7C7C5451AD12700002000494441547801DCBD89771B
311
D7B5A70B8EE04C702641712605CE034890E220088028C93245451215B713AF388E7DFD9EEDB8DDCE6ABFF4B57D97137BE50FEFEFDBA74049B6AEED74869B7E87404D2814EBB7F76F0F67A8835CEEBFA0E42B854AA5B2BB5B6BCC951A8D52A93657A914FE0BEEE39FFE2FF395B9B9C6CAD2D4C4606F4B7FFF8D1B37EEDCB975
311
87F7CD9B4343BD134BABE7DB48E3FFA7A228ECD6F6574E4786C0FC8B5FFCE2CD5FFCE297BF7CF3CD5FFC92B52FFE58BFF9E69B776E0EF5F79E55CBBBF9FC3F5D3DFFB07F5898ABAF7CDA3B74E74EC0CE20230561BF096E97E05712BFFCC59BC80539DCE83DDD6E54FE61B7747DE17FB8980BBBFB2BBD4337DF487881AAE6C5
311
ACC6AF25207877B2B527BFF1CB3B77FA47561ABBD7F7FA7FE146A5B6BD74E3164C7F51449AE95DB412200EC539418717E7F2F11B376FF62E95FEAF1442BED0581DBCA1BD2780D23F506AFA16E1A7AD974EF17876F00DD7BCB187A1A97AE51FCED5BF2BC1F2BBE5B3C19BE27B43CF26DE00933658FE129B109C2FFF922CC22C
311
4260FA01BEFB462A77DEBC35F42F600C3F5B0795D2E9E02DAD5E650B4438A92801B65C35CBAB7B1EE5041CE69D3B6F1822DFB873EBD6AD3B6FBC71EBC6C86AE967DFC2DFA4CEBFF1BF54F6276EBC114E2F43FEC60B01A0D440A868B2920E5C4BC10D60931ADCB871F3268B21D3851B08E1D6AD9BFD4BF57F7577909FAB86F2
311
9B982571136AF01DF5FE32AC3BD9406CAAF2440A54CF176EDD01FBADA1FEFEFE21FE4C9858DFF4183458A9FD2B6708A5A5A137E0EE1D11A9EC0C7C58B2C73C0AD6B479BD76B7790CF899E287FA5B06FB7B07C9195B7851FA8794031EF1FC5F9406BBFB23375420286399B631E93B08022A785C4DBF9996EC3551874094D71B
311
6F487E80F6837E50F483BDBDBD83232323AC420A18C68DA196EDDADF68A77F938F78FD972BABBDB7B87FB164AC6FC2CB760365821ACB74AED44FFAD7E7431ECD7E08AC421F391D199998989A383D9D98E8E56F84A318C58D9BFD2DAB73FF5222C8EFAEF4DE7AF30D756E5108683DA471E70D0502099A7240F19E4089D3FD20
311
3E620F1B47BF43501E85031AE44B4B9F2E4D2D9D4D51D8970983FA861B3706FF950CA170DE82F6B312CC4F42C8966295F7D725ED29882415DC055F36DEA1FE96FEC141493F05FAA9A9A5A595B333DED5B3D5A533F62183323032F46EFF13EA0AAFA5FBF7C8976F8C10F7280A014832593B90004D52341980D907EAEB73411E
311
B2F1EBC9F507F92746C40E7AE0AFAE54292BAB2BAB67CAE0746264A277B06508168C94BF772BE9765F7BF0B548FE1E07F3B5A521340A5CB5297C4B12811B89E82191ECF3E41B3259C529F135E23CF4C7F961FB13537F5A02ECCAEA76B5BA5D3D3FDF3F2FEFEFB3AA22053E5008833428DC6C59FA2F770595F311F235D427F3
311
79BB8A121BD901B96076A388DC4C3C61C7933CCCD770FF375A6E0CE9F535FE2534BF5ADD3E3FAFD71BF57AA951B6D4CFEBFB8864758A26154430080B06ABFF557610ECC93726224F155D1471041E0D42F82F4891C926C1355B0831649FF365F46FF05300A7A790BD8ADEEB0D4AA9569A9BDBADCCD56AA55AE377F5F3F3EA2A
311
34983A1DE91D810543138D7F28E57FF4E2B5335A3928B76EA1CB9B00BF158C8F63A2E788826896D0B5E7C461949ECE089144F8EBEFC7FB4D8C9C4E9DAD60F7FBE572B416C2F2423ECF8B86C439E450DA970634ACFDA977629098D0B2FAF313A36B3869E37AF7853378CDA1171FBEBA95DF1E44FD5144A420588641B0055A79
311
ED91CC0DC41E27064512FB33F1F04D09D0D2DF0203A646A6CECE80DF28356A348CED8C4F1EF137B9319E1BCD29867CA556AA97F7B757567006A447FD375A26CAAFDED9CFDCFB2BB0BEEE8AA5911BC2C7F85DF88A3775389990AA72219D582409210F85A4E66F2987D875C30848023088FDF77E87F96FD7CBA5B9DCCEF4F4C9
311
FC7C676777577B7B7B67E7ECCCE4E8DEE85E81A6D55AA3BC7FBEB242589CE8ED4770E785D7DDE23FF2587EBF57F50B9E820527316488E5C32D50F979BCA58207297E2B6D658702FFCD211840FE43FC9F3A5BAD9E97E6F21B9FCF16BBBB3A3A5A175B5B1787875B5B3B86DFEFFC687A72674F19D46A8DFDF3EACA59E405375A
311
CE76FFA922C817CE86A89BDD92F400F2C55B7462F610459837D3A61ACF50C7471C8F2F2A9D38C3DA2F068007F80EFCDBFBE5DCC674B1D83EBCBEB8BCBCBC3ED0D3D333D0B3DE33BCBEB0D8DA35FBF9F8CECE68AE020BCE61C112A4C1138CD47F9AD13F7DC6AB9CF9CFCFAF9D0E01FFE6CD503F5B91C5218E2899CA15098714
311
848B04FCE5654884ABF0E554F11F6C21D73D5D5AADD64B7B9327DDAD8B0B7D7D6D6D07070763BC0F3E38E8EB4310EBEB8BC3DDB347E3E37B5842B97C4E44A0C630427E5CFDFB71E03F471E12CA9FF70E055AE141042DD81234B879EB4606361D9328149037D7D76A571A7E974FA20AD0323832713AB5BA7ABE3B3E3D3FBC30
311
307070B0B9B645D93C3CDC3CDCA41CFC6AAC2D64D0D579B4B1B397A7C1BDBEBD7D36657A3CD4B2F44F4909F2B9CA597F4245C59DEC354316F0587020D0C661742BC02869435FD12CF195C422DB3C5A3E2305C000CE6B7B27ED8B7D63079B5B5B878787C787C7C7C757C76C51B60ED60EDAFA06D67B965B3B672677080BB532
311
9E60E9B477847AE2E9EB53E35779FD37EFCD2D0DDD68AA355B6B0D81860502B8B68C801F5C697E9AD62F4B406244CB975560BAC756AAA577675B07C6D03778C17E7C95CAF1B3ABABE3E3ADADE3CDB1B1B6B681014470343EBA979F8B90383545727C63E43549D14FD0F927E5F1FDEFD7263058FE02EBCD1BDCBCA053496BD5
311
8E69BC44F9F854D4D979AE9ADB908824382AC1D4014E9756EAF9CE85B6B54DB01F02F8EA5908E0D9D5F1B3E72188C3C3AB67879B07C8A0A767B8B831FE5E7EB754DEAE5261460243FFF07858D8EF0D658BDC563A2C5EF5833C13C90B69248C4DD97842B61DFA7F210A2F6108A0F96B62E2D3B3F3DD939EA47E30ABF5AB2B90
311
3F4BE5F9B36757CF65021E616DAC6F60A1FB647274B4B05B2E5341B082D43278F67D8DFDA48AFF9A13F22B34C7586C9992BA6E66CABC190E313E7C811AA57304B421A75B289B9D174CC868C24548823E230B9A5A2DCD2CAFE1F98E61C015CA7E96B083FC59F3ED06EE60F360B3AD6F79787ED278D0A86FAFE00BA9220EAEFE
311
1D5DE1F7855939C3FCC1332426B377F692406E022C010DB437EF009803F0DCFD3B7C94440571D8F2C328F115F47FD324802070BAB43FBA80EFDB92FCA1F7E7CF9FA875CBB327CF9EB08C4DE4815BC4210E2CB7CF1CEDECEDCED5B757490968286899FAF95583BF46F9393CEE6A86D6F618CAAD9BFF0BE22B042412C5CFB505
311
56815CC5BBE33E9F61ECEC26A9BCB8145FD10590078F9C9E953B513FAE1FE387FAC246E14F9E3CE7F5F8194BD6594140876B6B84C5D6799C61A16434201E5237582AFD75C07EEED9863F463284E2E13425A036BD41061259289B6BDC1ED656FC8B8592C9D00701E27CEA749F0D8EF44EAD8C1F80FFF8F8F9D513191F680338
311
4C800097F24069C407CFAE88136B7DCB3D5D4A60B711F19070D83235F77331FD35E715966889038E2E0B346EAB7936C4162043E1A1F144093695443A570144898BC4079CEF1912809A3035A1D3F361235F90FFF1E3E0FB93C7E2750719F88E7D8E68123883ADB5B18185AE99F1D11C1238A792DC4BEDE8EC6FF503DF377E04
311
45F68FAF4E08D43082D02170F30131A154206CC559A8D9CFDD762B31273E4947A581E0D9BB71E33FFA07CD02CE2A6BE1EC80167497F2A81CFA3F7EFE58D0CF5D5D170DE4F89070B0BC4040CC17BEAC6B0586C3D3FF0309BC06F44B04A1E13729929B4DF73C44070692C810B08AC3012E8EE9EAE22067796288C193B2139B97
311
0B86F47FAD0F98382B1E035D9C32FD318A4FAFCB274F2E1FA772F94411B0CD42493C23393A685B5FEF3E1ACF554AF5F3552A478383374E6B2FDDFC4F6DFE38F4F4ED7A7FE838F488EA852482F412D3CB07E293D02C9F074F12E84C5AAC423271450572A385449844706475FD38DC3C22486A0639E5F1E38B0CFE93CB4B2591
311
0EF309A2224BD8DAD40C682C28341AD69047E8539A6AFC14EC573F7FAD10AE0FE6EB13E87B28E093B513B5803514DE408809BC12A14876DE0A25F643009E9176D9F0C330164285A7444DC8CAF0E9FE41429EE0A2F6A6DE91C0856C501272404A8468822E24C807030B1D33D40D4AFBDBABB411D093D88C86D7205E05FC57ED
311
D1F805FA4CED5920F0CED39157E007CE21757C5DE440ECBCB46CD283E378029B43FB077B4F47E60E9F61E8D01BE017D7E843EB49F50A2028F1E442FCC90C9EE308E4C0C2C94EAE30B75FAD3A0EAFA57FE9EF960F14BE15638840EAF3BA490BB6850EDB38EECAFD21A0C746D0C4234DBD035EFC7EDD121FA585FAB73DB89FE6
311
A03CF833AB0730E5E2F1A36CE3F202A128934B44E396961121E1F2C9F32BFCC0C140CFE22C1CA8E109B182919696BFB98120234F61B59F7BF46EC30CF067B21A33B0FB3E402448EE266CCD93135A8E823DB31F85E677434E608F53F8100BC0098EA2FD6BC01770E0F2F2D1E5452A711C4BB8486248FAD756D852026B6DC90A
311
2AA5C6B69E9068B8F27AFABFFEE8AB36F1D23985D5960014FD711940800B560250D2272CC54FF1D3A660B275AC3881E349689C1616E1E9044129D032313509DE4700BC867C71F128C400159407C761022BA8A040F40A244788808C60B3AD67A17576279F6F946923191921B0545FC2F12AC0EFEFBD7262B6935679FC7F8062
311
9160ABFAEC88E8430E76D82A8DE62ACE50BD4A42FBF03B387B37FD321B37E31C3F063D99703F5160E6C9E5A300CF32A91E0A085A29C0FC507F6C21012303C6104B82C1F1E156DB3229D1A855A32A8352C9077AF733A0AFE0FB3EF81FDF2F0F82C21B0EB06998866878B103305E31EC17F4FD43831E570A2118D1667632D4FF
311
FFB125782F96168A833DBE78C3F11F8383A79D49F58F1E3DBC780417AE6581381E8610604888E2913E12492881274822C221AD04CB0B1D273B8542837460898C686864FF6F801E8269F40AD0481DFAF5E6E9C1F3BE391C325004DF0746A4E4448F7B52C0D5EAD39EC46896B888C4210D68E99DFA2820DF7FF850EC407EB55C
311
3EBC5028611409BFCB8889C90F1C52355AEF98B18100094C9D0EF6F64FD47E5CBF3FF5293DDFB4B50DDD54F351446FA1F14580DC3902C085F593CB24ACC917B213BBC11B3F0A61042FD8B24F4FB9C4556D0CB9E1A880DE89934CE9607F18F81FDD950DD0E1D143F41D56110E227C250621FF098838042BC85B5B6BCBCBC31D
311
D37B34966E9FFD9936A2FEFEA9EBA4182E5CD3E17AE35501FCE0707E5525A7DBC64DFD077825BE37CE0BBE1BBEC061410C660B6E49912665E2B3749C7C9F93834022F74CDE6CA5EB501D9CBC04B768292C5CCB84478F3CA83074092C6082169015E5800D5839DC6C1B58EFE83ECA513BDE3EFB8EF1242D2D4B3FD55AFE03D4
311
2F8492AF8A3F21444FA2FA9ABBF525EAF84C09F0168527B0138A85D1EC0443C467B28BF844EAF76323BE13D7C11F72FED783837B970FEFDE7D7817E077C17EF7E2A1C2C0FE851FE4C008388C15E818958746129E1009D054B67530D6B3D8DA3D59D82D9D57CF70039FF50FFE0DE94089DB269C3655A4F25B38C49D0BD48E59
311
F1526887C18FC5272197F85CA72862A593A4843CD25F920487DDF7AA0441A2C0600D062001F103FCEEA3D8560CEC3EBACB01CAE5A51E420349F602191E5F901893142381351CE17047E764BE50DEAF9E4D8C38B6ECFFACEB141E54A6865A88A60133EE9CBB4C256930B0B168C1C3AB59FE1743FB422C7166082E934AFA5EFA
311
3E4BCE0B69362FA7041818B7FDECE1DDFB4D022007CA23E521F0700AAEB5888BBBF08023E128B4045381542FA256B0D04E28A0C3804E233A1BFB476A2F48FD135BAF9843BEDA3264EB42BA499601F16B566E72C7EA35908ABCB9176BBED43204C696AFD3D7B24B08D3AFA44BE243D88A6D9D0B6562B52F741E1610C0EFBBAF
311
2B0829289A640EC4C8A4FF66A24430786CEBE1E1E61AF9507BFB496EAEB64F8F49B4129EBDEC065EC1F8A3F228A3CD0950883B41BEC6D1944AE06147289600A7726313AC69A3F91197F1438BCB743E76F01F6EF1D1C854071670FFFE43FF1EDED702EE5A14C85D0C42DF90B86068800659AC88981855E3E774A71C0CAC2F76
311
754EE7CC87C808D1E1E0F6CF47FD4224731337BE1E39C5010823EE997B1491BBD99FC8D8EF77482BEB5EB2CF66499A8E0F7511B19B3EFBDACB6507BC78731B1B383D02FFDD7BE8DD9256F7D0BA7B46015941097B80018F700FFA024CC08078F51806100ADBFA163ABA8A3B95B9D2F92AC30BC908ED31FABE0CBEBFFF0279B6
311
75868F9AA24E9530B08C174055B7F48E4F58002F3E82F0BDFA003E8B431EB6C4A91E4D9B5FFB791265BA8827BBE5F1BCFA7F789F72F75EC800F8AE43FFAEC42F13009FB905A9A0132015D0068ED7682AC608BA6771038DEDB3B33082891FAB1ABF5614F93238079726B833958796B845B731FCB86316713C1DC581B1E19B42
311
4EE32674093F80776F7E27C6FBFAC85C536CD955B96EDA2A3FBF770FF4BE11845470EB3E42D022000E0FE07D161811020742162444668308801E133A4C163BE68F6826A5523071CA78B2FED51F28F8C70FE4190073A3E5D3259D7A288CD19BDE623F10021BAB0C6E327FD507B2741627727EA00D31856492F9F009D7F152D9
311
30704E642795C1C1B336E0DEBB7F0FDCB79318543B25341F36802D64A981A690B94259607DE0B19D466BF8C1C5E1CEF9A3FC5C639FD6117B4BAEAB453F8EFBDA500A67E8BAF76C8A06566E36EE1184E8329419161F83D843D5DE7D8221163E145F56921C3EE383978072129E290A9B7166E63D26BAB1FCDBF710009E405184
311
2390031845F20077CD079407C575F20364C4910ED2A574BC357630B0BCD8DE39335EB175646A698458F6A346F003A93002E846FFE0C459B8006E506D79BF902908A0AA05CB5E73530E33BA1D3C2EF99C712B7C8B41DF4D2A7830BE8707485FCFAEEB85A09AB6D39BBF7B4F23E00509C20DB04E240822A4B810E04D8D53D10D
311
504C059ED86BB8697F514777717A8F8144D48A4C89077F7EDB00E2D89DC02A7B975640A282C49A4AA84B70B12BFED8EA6584860DFB7EE23FCB00C6BAF7332FF259FA3C9346508813E372F1DDE425065BB61FDF8300F7EEDDBE8D0C6EDF46F7D8823478590AE23759D60DA6B7A9F125EDE8F4A5D2B37470D0B63C30DCDE3D3D
311
59A8D1501EB1B0A5377517BDD6E301F995E3F955F0F58FAC2E81CE172A8344AC03DC6781939D2484B8FFC15E8F3ACCD3954CE19576B942D0A029188EC7013FE59AE90B71292DE774F1F63D60230180B30A2EDC65291B6211B4081128856001A680015CE000708254891851D4B3BED0FA4D7166B466BFF1D2A924885AD12B38
311
7FC0FCE6819AC3AE06A7AA4B715F0927B74D119D4A668FB54B8A8C268D8B038A207D10A7B1E95E42195B695BE0240F7408B311257C23F581E987C180140C584A02B1670CB817CEC0A080F259F1360E58452013200E3EC107AC1DF4FD7B0F6D23F33347F9527D9F51E6138E31AF35F1BDAAEEEBA3D71BB402E2FB47CECEE96B
311
4DB85536772B07C82A34F3E66D0BCEC207FEB9E70643761276F7B50D5EE963CFF80C7AF4A2130F5BF8C4EBFB5F07B709840480DBD8007FB7EF3F90104908BA457D43AA2A6A02C91422285E5AAC143F3313A0CB74D9D164933B86C25587134E8D342B453FC982860D09FD13ABE72055ED020E85D3E312F74C25CB0293D978A1
311
C4001927C80B86FD06349126EC219F0C735C8053D8F5F310817EA01F1B7851F406144C211C6362C27DD51F1E310C0102280ADB891E9B085CC528A2B1369A46BA195B9A2B351862CE43174BA73FB7CBB430A5798F4C54B7333B96C3224A9863AD02B9FBD8E63092191924E77C199D92887DA594B6DCF0112857162FD0949FE6
311
A441F5E62E42FB2105BC405A2301A3424601DC807912CB2C39C604A27908021CDA30C4C8C2019A883B3A8BD393BB3546136EAF561980FB63E9E035FF73B96D09A905ACB2C11D79571C5159026227DDBDB81396EB03F14100BEB66DE1FA9EF82C3ECCBE318119C4269FD014E66361FC8BB0B4EA9A98EF3D8848A01360430284
311
335004C183CC25BCA82D2302EB03B8419241C64DF4F5ADAF77B533BE786334BFCBB8DA72BDBEFFC36103AFB30608A0B39B58D93F0BF42180841DD26BDC22CF0A770E90240006BAC65197D90920131C7B2EB3CFD3C71C6378A305EE8488FC1FF8D391E2BDDB0F6E3F45E7C8207C419800DB410073A3173942CA8D5242642A74
311
496FF115832A6314D9FA4257577BF7FCF8F8E8CEE8DEDE5EBE76DD3CF892BA7FB8B90F629431B5525E92A15A3A4A6FEA3FDD73136172060959206591F4C927196CF645AA285CF3014630121754261C0D31E1A7E3DA2DBDB54B04703BDE3A4209F02045C4BB0F529A14BED07098A2A1CD47513DA64B512F409BC01663090796
311
D787173B5AA141B1B39BB470EEBCF1E30F9D263ACC4D05110797CEF7B923B027F089F74D1D06F0A4D8C0CDA6604023FCA45B76C5CDE0BF3845ECBE13E0C0ED73700A8A753C1AC8AEFFF1B407FC8A20F42F0D94019121DE304077A027D4112283BB8FF0072444D68AAD111D6F591BC0061854BBC048EBBE9E81F6A33A95C21B
311
FD13AF3C7E7DCDFFEB0DE8903F77B41DF178E99C289895B0EA8CD640549D68935BA7C5294E0A1D66DA0CC419BD398E6265789CA1241441AC94532A3C19C95340BEFC68703077EFC1D307B71F3C500859C11494838E902203A2BE90EACC5135B80B078804340C920C2300BCC06F7A1C71B875DC572C9BD1D84BD5FB9363CA6B
311
A7D03E5C40FDFC54FC23C9B4B9DDD028787D89219038523BF64E638BB37CC25335937A00DFD32869C5B390C8C32FF25C8C47A7181B4A599A224A9DADB0E0406FEFF9F183B7448F081E3C55024FB33828784AB61704482CD0160C04174F9E33BA9291D58C2F1F1B1B3B5863B0D9F3E51C35C253D54A23E560E2C0CB3A6F7A81
311
382601C2079CAE96B7B1560D20A341E85A928A4E01083256420576C2ED477E2E565FD9223BCC691CF394D3D8E281501E0EE5C1C8159E92585D255CF30CC854C75318006EA4A01028EC853F9407C6053910BE105348324002260254886C156260F9189EE0F8C9A3CBAE9D5A992184568A69D5183A7DB97DB089FDC57AEE54F8
311
58FE54F577DBA85309640290F2D220952620750C5811FB772A7876D1E4040FBFC6474D51246D8B3FB378283FB514F8AB3C20B8BF7DBE5DE541C9A5D3D38DDB30E00151E02523081BC89C2214103E0BC1B3D0199A08E002681A2613A2616CEDF0F0F9C5DDC75DA395C25C0309C03DEC8091A4AFD3FEB504AAC6633930556DAC
311
86EE3561941E862C4A75DD6B6BB3A0C59BE153DFA73EDFCBC3CE2188D3D378FC976D0EF9A95B7C8532F527CE3CF539581E0FE501291E9139FFB65EFF5DBD8E0C18DE3077170A64E033FD278F18068028802F156C3809FDEB11B1019C208D020C9BA2870457F0F8E1FDC7EDD393E3B9FC9C4308E9315704233F960E554802C1
311
4716B0B45DAB5EAB5E25AB7830EBB8D25E6CA94E4AA01794FB1EE164FE9F040FE82C940A4BCEF913075D087E85A7237D3CF29C47E4E676777779528C4781761F0BFBC1D3A77880E40C9A2E5109180D5255317890394229F0F082010354082D574F1E3FBAB7D6553C2113DACB97BEB5526C7C6F69F9310A94C46CD89FF8F379
311
AD1AA035FD00FF3F320180F01417A6F255A3A8D86319FE0C0B0E06A0DCD33F79841339C01E5BBE1911AFCFF7C1E0A540BFBDBFCF2372352686D863F83F59CB6865F43104007EE06F52406F680341102048A01BB048823082CBCB0B6AC48C313F3E7CFEF8F2D1FDC3D6F6F9F9D9E98D9D7CAE5EADE2A6512FAD7AB526E17F60
311
0C85550DDE9ACFE9D97E694513103BC69F8A2813176032C890C1E9C49FC09C61670FF8705B1D7386260E7C8E7122C7F8208A55139E8C8D4763F7EBF5728DF9C34677364E3A3F9AEFDEC9CD95470788834F9FBEC512379890B38C94205B2557987C4186DF5C0837608DF0F9F3CB87B7EF6E920475752A01460E556919B2B642
311
96FB9FB70DD5F47232A0F77465BF140CD001F00ADCA175090E2665A14E6329B62660E02A1CB50C6025E3DA252A670B3F0FFAA5EAD94A509FE7036B159E0D1D9F2E76B7AE1FD5A606198D3A747AF450023CBDFD162278B9446688111009B4029B0F2180AE20A542D40610C073B47FEFE1416B2B12200F3C991C2F54EC249102
311
7A816B0A34A9D05C6F437AC23462385DADD75642EDDA738AF1600DBE07EE8437804D2D011A94DF71C2085EDD40266A407FFA1D1C00B0C03927E60338E3B9D8C47D1F8CAED578E06F7CFAA4BB63B175FA7C301B747CB377F45192003CB8FD34B12009224543D8604494011A80C1903CE0518C986208E1C5FDDB8FDA16168687
311
3BBABABAE74FA637BEA894A44078C19696F326E057D7F95D061A6B0394A9D5F2DCAAFE4C2388D8A6E9AB7695CB0BDD0A332430F1A9333DA41D1FFB97FA09AE84E738C75C407C260408F8DBD5EDED7DE1570A7BE333C54F16963B46AB0C2B71208EA3D16EF4EEDCD7005241166C005A73C03164792151205C007288AE337B4D
311
7103741BDE7B7AC913350B348B2D767515674EC6F72A0402BBCB41C81305AFCF05F2758D3ECAC8D26AB97606DB9581A4B7A8FFB068CD5C0604E6849046B70C2B60FF0CDDF93C13822B4E82FA0479A68220E66D9FD775FB3C1A9CDBDB9829B6AF2F77EC9E0678FB20ED8D1B1A1A39D10F9812E20D6281F5673121AACAA9C534
311
24000DAC173F7E18C3052EEE3E78E7F1160F5AAEAFB70E0F7775CFCE4EF384DDEEBEB9C0889D5243BDF557559FEDE5F17AB21E118C4C31A3DF6A96B56AC62180293910ECD6B721047664BCFCC6B2DD3C65CA0F0C823DFEF84083C7ECCDF05898EEF158F4FEF97EB9C123F1B9D1D1A3D9F9AEC5F5CEDA84A3C96C14A55584D6
311
2893D6A54D8D2028D05C8B1F124884543F3223B29D208B04910D3FC43F5C52196AEB5B5F5E58E8E82610F08C21BD443801233C0CE8BD1E40F84A1CA86001990048031ABBAB11EF83F9283EA89F181F2A0D9A9F62D94B7F625FD727E6A93F63F200F614F7CF100D4511C07DB45FC5F0CB4CA359ABE4774631FDAE85E599EA08
311
78A3C33D5AD6430CF4C055EE5FDB80629000D7855DED3F436F3B61B3DC7FFACEFD2B1BC6FB0696312CFA477CE87A87070C7998E04FBA78AE3F915A065E819FCF35B410321D9ABB308146A11AD5196CDDD7C477A171C8AFC74B45CBC6F641AB53C8D4ADA5870C02379BC0470CF83DB55F073E29CF5CE5F7A3F8FD62EB7AEB17
311
74C2C6780B9523F9287193FD23DDB79FBEA513B45200E2E0C1B51350163AC19043C600F2C1DBF7DEBA7BB9B5457BC0D840CF325EB0BBABBB786D301437000020004944415472B491ABCCEDAFC0591201CAC8EBFACBF367FE7B6E40E69F551BBBE7123E3C00AC560CE20C62436E8C3C54CC225EE08C0D74CE26148877689EDD
311
004FB2BFBFFFBB984035373A7954EC5EE8591FE531348654514DB1D1C56411DFA2A7C212BE5ED91278F2851A432244C6822C29C85A8B320ADCBDFDD63BF71FD32648E7D098CD018BC35D7FE89E250EF2AC75F96C15271602687965C844B8807C6E7729D93F22E81D39ABD62A0820C1FE9F11CFA7208125D33E96FD69E83AF6
311
052DD32D49FF0802CD9F9DFD39260389A950887A647CCC99BAB17132DFB5DED35138FB3A060F6295AA5E195BF0BB56495A5A4A8FA440026E46A047D40ED2520A441C302D240F201FB8F7E0EDDB0E12A04D8816215A0579E8FE1B1281E9F19C9900DE79842E2A7CCD48E9876EB01C75DBA0E0C8D44AB5512947A00BE7CF5DE9
311
E1A6A6BE43CF1A78783DFD5A404E4477336C1ED8B18908B2A847B2AFE9839E891137A6673BBB96FBBA2A4B8E9373B001F08369BA11BE8ABC4302FD2345FD6014A127068427D007BE28B41D9B0D40FFB7EE531FA673C8870A69135B1CEEE8D009C08042A5B4EDA314920B635BF941E7487E45256439DFE9D276295F87E69838
311
9CD49FB394FE19720412DEDDC40E9CE9C6DD605E0B719FADC416CB15AB3A61F9B5B9B9426E54F81D8B03DD950946D432B40CEDAB7BB5AF11213CBA73C9BCCCDAFBCF06127C7980FE6D1DC9B4DF14832D6568FEAEEBA76FBF438300B541064ED33F3AC0B0D10505306FD370AED02859234402F6C3FED006766DDED2034D90D1
311
19057225EEE3DAF787EBF30EC51ACB4F551678BD6728E1944730C095F13E4D81A4DFFBF67C5BEE37E62A85FCCEC6CC6C7BC77A5B477E22223ECA4FCC0F87E2A5E3EB782BDB25B8CFC6736A044DE5A7CDA604526361D650484FE283B77EFBD65D52C1C73C4F48E7D0D81ACF572F2E2280F98FB230508FA906B42DE240ED651B
311
301CEC83DE1790C9FD96B6CBF986BECF3BD332C18EF627A0B6EECD5B152E02088D03D828AFFAD26B05BF671B4F9A09A8CE0CD2707F67F2A4B3BB75B9ADA331C1305BBAC182FB4A79820B7EEAF73199B8404C0B81231CDCBB871B80FC41FF5860E8E108222A1A076C29E6E03B6F3FBD4F1F295DC457573C7ADED636D6B7B8C8
311
8413DDF3B327E1046AA51040B40CB50C7E3F1D2E44DAD34CFA604029BFFBE714DF0C069908027EB275F1F366C132E1A7450B04011CF82B2B647CE754F650FF6E25BF37AAF65B7BDA16CAA791F1D09F6CAB989EC5AB7809BE145FA459E8D3E4B0FB47DAEF093B946FED585B80FE1A0305FD5330FEDB4FDF79FBF6BDE81D8300
311
CF6815E5F9896552412A03F31FCDCC7CB5E32365550CD9365FDCCEC8752E943161D78047336F8AF6539840A1F2E764FDA2970999F205CD2BD1F5CF496571F76EAEFA0E1CF8FD2A55FD06391F9EEF8B9DC9994E72BEBEE1FC928E2F223EBA0FBFBFB4F2DF137BC894B8087643D64ADE6EDED67F7680FAC9060239E845FC94AE
311
93D880F994FBF71FBCF5F66F9F32C292EA900F9C1E6F1105E81C5B5F58A067A448143842008D7275EA3BBA3D2516FDF02FF79260020D6B3C714711F3CFB61BFF56A826E627E82256F7400FB387FEF23C1C1E77FD6A21EBB1B2B35F2F95E7760BE1FA3ABB3A981423477517EEE36FF96F122B942F6FB64D9502BD1B90891625
311
32A2FEFED255028FE653C9F46FA321E0B588B7DE79FBED07C44106CC85133CA65190543004D01D02D8181DDDA5A9C91A7110805B7875B689FC3902200FB192E7DFD936B37B57D9C338BD49E99E181F4E5FCAB2ABC1CA7AAB382CBC7D515457CFABE6FBC63D525E5CDF74B16378B9AD6774A58531912D232DF01BAA913DFB7D
311
3AAFF912984302B84D0500077800D26C60A4742101DE420C610C2E92FA93056022EFBCFD5BB6B38651470CD33BD87630C05831BA864C85997B8754B05167F0706499DC442FCD22592AEC2ABF3FF13F950039BF159FA9B36ABDB2778EFF83F70972B83BFD3F4899E64DD8346AA495CB155A7499F2CE39B0AAE755125EB84FD8
311
CF8D8E4F4E9FB4B72E8F1DBCCB98B31BC4607C2CFF21C8145FB48EA0F2159F86A3098415609554DEFA7B27EF1301033DD06D274BAF6821D220DEF96FA4CBB60B3CA241C021D38E1AA76B4406B4767576166766A6C7F77273F5F395291BBA19F64F2E3095C14F3E60371827741CB27E89543857D6D96BF9A47C6A9A26057840
311
332EB843717AAD171880217B71FCCC0355AED3D4819911F79D0EA8AD6DA31A83E36C5DC2D470295C011302387069158F6C9966022367ECF1D00BA9BB95C389AE7B6105A1FB640689033A7FCCFFEDB762189103A61C3A4FEFE0D6A6B5A19EC5755A443AE78BC5E9235B047890A65919A0D2F96AA3C01CEE913BB3ED239C3E0C
311
D8DDAB99E4348BF3F8B977B6C43DEBEFBD7721A839A63B94C06A10DB87FCBFA3C2932F8C26F88B6D6BB30C3C4E09AFE40FAB52EFAA1EC0316920E031A46D65A0FFE45A673432E907FBCF86717AC04F2CD0EF512D665FF53F05BFCDC43489F150890C60A8E0314E70A06F619D30D841189CA15D3417F3CD50191AE4396543F0
311
C42BCFD696C58DF163F5B46D708BD5FDDA5E5E5FDF9401BC4F7E00E8A17520833D1CBFF495B5D1CE037C664123EEE74737268B5D1D3DBFDA6AAD8C08DF2C0BC7A737E10AAB2A7B958990CEBF556CDBEE823CB09FB344143463C630CFFF585D330CF0320E921744A7918280FEEF981161008E9FBC78C830217A07B7D6985E83
311
F9A79884ABB5AB383B4D7D788F9FB3D867A2112A43F19042B33A108690CF6F472F8661CFAC971478757F6E6F2F7AEB82FEA85E5715941778B278281F28C268AB24BDB470EF3303E09C359E9DF1CF990D8A096106E6A66C8620DDE7D281DF0B2831F20439A30D68386CE13E002F7EDA8D7806162B205D6A19AA1FABFD6B1B40
311
0EC2BFFDD66FDF7E8755B4883C043F43046C1326136680404F1F934EBDDFDD39CB58A98DF1BD7880E0532E671FA1435E9D6EA5E9071000BE8F262E7C4044FD95D5FD526EB40A05A634775F32205C3D779FDC168CD5E56BF982508BF572BDA4F6F57D3304BE9EB18149461B12F760D7485891CA47CFC44909136FBF4931716A
311
2E100123FC6CCAA6A644F25EDF4AC980B14039009BECE8B798BF69A05DC5B6885CD23F8E13A46FF0C0A986D617F001C52241801E87C2974C31411DA3A5D7B6175472763D637D3E57C33B908F867F4A59CFCA7923375E5F027A983E18BD7BD4E6FDDBB2250C1529F4202EFAAF979DFFB1F2612E87EBEFEC58581EDB9AA95AD1
311
D7C1905F7305BF8182D5BBB524D47C4E3B81CD843220DE1E6536497C0962C225F75A2D6A998303B23FC501F0B3F736EE1FF01200FC8C99F5515207C9C40081DF304C0A17D06E26CCBC5B3C47459308178301FA8057C2C0AE9D99B05F038828B08400F2E3251254DD7EB8BC4853B101F99AB48E387457C96951E5DB670648BA
311
B70A7B04FE93EEC5F5B183F9739C98952C6845C380D401B8FC86E70A20744EC720E09D35955D96A9041720196D183AC2CFE6AEA816652D0234883D788BEC8F5DF2615261DB031C2381092401B48D8D2D870FECEA9C3D99DDB036C8A051058030E32190976718C89F031DFBFF2EEA3D88606A8A19BD0AE305BDFD12BA4FF46F
311
1A0002B07137989C748936E9DB2C91F43B07E4E4D16C3779CF5A4FFE8CC981F07C29E34B7C012AF0054FAEA4A6A3D49D3A16D2B3CF220A029003366663053C89B3FB1827080DEC2780076FBFFD8E39810CB0593CC68B5D9009F2D400418028B0BC6CC74067E7C9CC0C2690FBB084AA5254A12AF63543B35EB40D17B693F7E3
311
464D5094C00AA9E04E0E0524F5C35C5EC6BA94B21AAF2440725E2A9FF94FE7A8F0E769EB83FDEB039B631B18BF396F5C13CF89ACC02C387DA56DC3B1CD84B96CFAAA37B55FE723B611062258257D331F186AC93D8AD600B4FEF4AD777E4BF68F2168FF08C081A37AC13446C859964803961928476D78F68419390D830C1935
311
B5C2A0A22A3AB17D3D6428BF12DC373B8D464E04C0A496BB3B3B75639DCC2500E0F0B15FB6F47B5A7ED0183A87CAE8D535F2EDBD4B3B7FC762DFE65A07C30B2851DB890082ADC07131EEEFA3DB7DD5CD32C0860CA83CD4B7993A175F422A8149B1C1D94C1145059D9C78A8A572A90B7C8B1E3392FF77A80C50220880FF3669
311
004E90F101740D2B808181455A044904674E7482CC3EC85C4BCE339404C0B0BF6A5611E4F9B8157BAB6DE327EC9BFBA1B4557ECB609C1F45326499EFB90EE78F18227F09E563C9E63D847EDB3B68EB9C39E95AC4F7ADCF7D87F6752BB6912040281E4A0D8A8314E80D60470999B8A51FB1488A66A9F3F81FFA61C83F4FA696
311
9E472288FADFD61B005E0EA4284822E018911828E868614DA0C36E11F3A051070BF2F0840E35F200E2C0C80A776CC9E7E6841C0503D0EDF15ED9AFE527E798D23BEE5F0604E58DFB7099D739BF0BA5D332EF29F1535995BDBD0DE681C4F71DFE6A7AC5A13554AE6910963E9ABC9A0DB5B202225545F5CFACC942B5B93C2073
311
52B6E5310BF349AF200175D7DFDF78F6D683B7C87E087FA9B35812C4F8F13452CED610A2207541E6D659A739441F3833CD0C9C3C3DC2B0712F62333C4FA9327C9CA1124904B4FDE0FE21C119776CB0C212AAFBA5CAF80EB43772ADFE77CD9FA8A4144C54C2FB2304C65F62FC3678E4F6C68F30FEE1BE8383CE7DB86F58B1AE
311
0C51F0F055E188D02F00911DDB0991832228B3172B3E623E513FF1734FF414A611A603163F401BEA790FC9FF7FC3FD3DB02DC00184145B850D01D120424DC03C00FCEB7880EEEE939399F1F18DBD4AA54C939899304D913CC2D5CFBC55E50C7FBE4C0E14AEEF53D6843DFF56BE2D554637EA047D3C210E2C61077875FB5B40
311
E19F43AB7470CAFE1C0D3ED3B3B4778D1DF6D4F837C08747180FE8394F2CA1E0A46B6DA62CE2B2DABEDE0B1924098580FC16B369730E9E90541D3730D47FDE16EE1FFAD3419CDA05ED1F2715C607F2E81893AFC5936303F40EB776F1D808BDE393A3FA401E1C706E154C892860AD74A2949C409E28A8FB3349C764D13E4D1D
311
3468952B7B1B35001BF41142CAD58D6011C8B78961EACAB66E9AFBC627673B61FFDA4167950A274145BF11EA17BA9AA60815C2C43AE1F648E3772E53C94E6364AF826019E723069A8AA353A3BF7FB5359281700061FF64C28C10B9AF0B70B0B0D30A31CD1CFD22F68C76DA1E44558869257892363C091D313EFA46B57C3BEB
311
252E9C6BF5B4799EC58F1910F469E25AA17B343799DB3E33CF410061F96C6D63FA91B1000CEBB7D2971BDD39A2A76361E000F5DBC1688D47CB812DD60F8001AF25B328D173A9E4BAC18CE9F1F628704330741B2649B92E9714447C68559C6CD2F681919367E4811100750058809D0230C087A89FF3C80C23C4C60882E481F4
311
8D531764BABD5CCECA308DE2F63D3BB50373D630796126803C2D1FBAC148F7592881B395ED7D26B7DD38D7096AF98841CB37592561D9C6565317AFBE9FC4AF7371E060736C7635E0CBA1809FC80F544DBAA1F2F9393D970D44C0615A0C6930E758B9E63AE690F73045F0C8C0731DE9CD80F718E94652383458799E02C06D32
311
8010011C7090D8C5E5336A83D4059953877EA1E1D66FBE994F04608C4C991917230FB61F9AEE183A40AB9108D032449FD1A7283DD25ED15360EF7EA9303EDDC0043403531EDEAB10DFF87F5E2FD56DF0F1B701A9F614DB17FA0E0EDF6FD0B1622A81FA3D1DE5A33F551930335C353A87F9AB05C60455193448246944A232C5
311
D07636D864CDD7A50D0B4440CDCC465D1C418321F50E1648D500294065D869559EF3C40C8FCC6C323E989AD0F0C73142480B200842802C061008B480A9954AF282052B3AF67350FD0DD30D1F4075AC303A5D490250F5400ACF479656861E4C77AFF327F3EBECA4B57B6B6C8FF62602BF150744656A87DABD7BC6BED50527B2
311
120C001A0B3718C74F0C65CD34F275164D7968148DDF259AB8AD6CA81CDA4E8819509B996A7F642D987A401A2B04018C01E6C169A8700F9DE3B489DB2BC49C9B7B858A4F50D22AE15428FCA4A1EDB20C83492690CFE361CC7F8C8066FFD0D77AEE797977F468A36E0B0DFC87F90EE6348BC748F7CB73B5B9DD5C6EE7AB19AD
311
BF6DF359F1DC2A0F9E44F213F8041F64274C0859A2AB7C37440FEDDD2F95BE44065F22067E3EA0CC3BD8C0D8194EAB291CCEE20B9CD8E02950AD806080047A279F19024C837C848816719AC4A34DF8F0706CED904E8185753A458A27E4C1E37B5F30A104932BE140E0BF4E400160F320B054A8705042FFC47B4940810173F9
311
C9E97240C7FCC3F3813EA239B745DE9F1B1F3FC2F9330374DBD1A7B475923F9A2ED81716D18D1B577DAAB9D1A0458655AD3CA7E211867AE7C702DCACCD291E0F798013DC01BC326087775C0833E04EA3778FBCB8DA4687A0255CA0AD210C15661E4E92001A4449031D1DD27D327334BE830B64DAD90CBF537A45FBD4E94A7A
311
88888E715B7E74FCD040E818BDC1BF5AC609CCCC015DED23877080FCDC47BD8EF3A7B783A17D33F3ADEB6D6BC7AD75EA7C7852C5B6FDADA6AFEFC2D181C03F8C40DD8A4AB5024F0B72E34B57BC1182472DC80946789AFB711DB7F1193C03C893B0345F420246114D3EA71D04FBA731C0DAB0D3CD311B218F0D5A15ECC105D0
311
2F3AC32F13600084731A83220040019B03180634B5923D438300B05BAC80881F061095FED5D572A3323ABD83F1D37A2301A8C930AB3F66ADF7CBEFED30BAAD7D78A06DEB6A87F15491F5AB7E25842B6B34BEFC12C8A159F187C64B3CBD2356DE5FBAB98BBE9583F0E3280C0076DA15BF34C15238145742B07080B1EFB83382
311
F9FEF2239D003541041083C5AF9EF3C8944DC2030BC3ADEDDD9D27475800693049E05413BFB3FEB4308731512F13400D06F813368A0101D8D863EB3E75FCCADED124F532AD3F123F131AB46A93DF1ECE7F96CE9EB6C365C6D6A07EEC461FC919FE288AF7AE1A7D012D291EB073735FF26BBB1C99FB706E972192819B7A34BF
311
22424BEA1CC7958AC2E04BFC8E02DB90A4A1DD04811ACDBC181037864672C78F6C0EC3073A40CC49D5E813593B7002763BC6A909D31AC86F3F6E335C9E1C309BC58F16418642E2AF6B290A34FEDC0CFEE08FCA0F56700699CB73B9C99302AA17BD516D7F1FD755A2B32B3FBE7134D3BEC813195BD355020A7DBB541539CD2C
311
06E45F46FC0EE08293E6C0E1972176D9B678340AA1A4823404EF79B1E2347E47C35D0A2260730E0B513025DC0BD1C07E3366E9B9D17F767405FB531070700035618606F0B40C73C974CFD321B0C174A80C0F3AA54945FFEF348F5488895713E89B5C98DA501E06D8D24FF04FF0CD7ECD7BAA755A854EC6A180AD13BE094E8D
311
5D63BFD6DFA5F5D3E4DB1BA18FD8473DC6E17FFC9832B71A2A94D96E808BB53F9192955D62C82E282B05168AA0927D54AB20A20A74800B7CC9655C8B15F62377CA4C91641F9F4D0478F4FEFDCE273A002CC0A725EC165CE3A149F0333E8E9600B2C05A7D15FD831F0938DBE5D0FF13E3C0F0765965A0961C3FA86DEEB0E283
311
04747BFBA5FCDEE44C23544F7BB7BF7A132DDE34F99E44EC3FEEAE92F667A10F7E90B0E8C6442DF5A5318B0F816311DB2E6DC6F172C363FC800EE09186BB9EC82A24C0117700CD884AA42023B81EA6E0CF8B3056411110D78606EBC5AD5417B45BCC8E61EA01C4006AC233933E35D860BC1B6CB9C9CCCE7840D2E0C1C1FFC1
311
1CCE54D59300F2B47D66A10F09D8E24B71B9BDDF98FB62A3B897C53EC88D16D1FFE8C649B17BB8E760EB20B784F52F992544753F2CBF642CD3C9C70D8722C197142C567E74FB431EE248A8F3FC00377F5142144A82FFC28AC2970A780C85A7EE9146FA4B2981F3C93BCB0F3FBCB6DD3DE69C72B6073B99140DE28B8E919D9D
311
9E7C2F5FA99FC1FFD07E9AC0965CDAEA0A945FADE52C791EA989E8E7A21A355FB37E44405D171B98A6E946DB26AE71DBD01FEF07FD378F5B4B518724481820890E7486E3FCE61A60E096D577701890EE07CA5D7F2B086040749FCEF3F81972E510A86359C9BB579883035887542090614E5C4461705D7CA1CF84DB56483860
311
6CF1597E8119790D021080C935A908324EDE9F60A04B7830A33F0670CB08605B8D01BF9A3D435693FAB4FD84EF6754930640C1F9D74B052A7ABBA9F502B39DA3BF6BC7514EA4BEC71D752BFDC198EDA8DFE8F32B3EF811E4576B0A2074B99B070A069F60173E7427BDF285024E35A4418B7A412914F2800F1965C4F1120A2D
311
5D2C64400563D5942044807BE7C738EBF3034C4A6F4D70C04ED1F97673C039FABC4CFF18866E08200BB66BDC9CCDCC3FFD1E43BEFC52C317F0F5E64900FBFCDA4DEE68768FFF46350E0EDADB7B34DBBEDE3776BC55599AF84E312229F931E700D04478D66A0D88D09B2276141AF0F8811C5F8067DC04C0F90929F7F1AC9CCD
311
368488AFB965C97B855A3E2E93AE5B4866502E55991B82D4388614F2C36B8484A5FA06E3EFFA984A6AF17D5C2073299D9F12FD63826F67FC460E54030981684E9FBFC22009A3006962285FDF4FC84B699FB5BEF3736C6072F6844C15EDF25883037DE6BB7AFAD6AE164B367812FA8CFCA6FA25725D99AEC5C6EDEEC64ADDA2
311
BE0056002032E1D7A20A54CF444E360D520A5B69816C0A953CE0434A8A898BF18E2B704588C01BDB2133342F5404FEE698957C200EF54E31BE6DF4E888C9C67F5F3F1B41F922777E7FA6332677C20098C59F762F5DFE4A23F9801A3BB6F8A4F66E0D40EC867E92DEFCE84C714FC7CE8DD3DD3BDBF9C781B1C3B549FAD2C89D
311
711808CAB100E09700BB85240374A7209212F320CA577222A7020E7824500179FC7096C714884BDFD9499E027ABEB3CB0226CD293CAE6E0C41A6788F396606A073E28CBE5CC67D584D36CA39D37974FE1023253E3FFB007A26F657FFC901D851130DDC2BF54884F20D5D40A0B7E5C7BCC7CC87B84F2ED820192CCE1AABA1FF
311
24ADBE1D03635B5B3B53D4A5F84120125FADC36A0E792D3AD7E255792CD5241A4C84171F1104090017DA493D0A7790A7BDE6DF326180398E4B0DEADA5C2763825E43E05C388E184678C88CE6422606C017F030366981353DF03A753DBF6370879F79889DD0BF75408724DB53C5B0063AB6568D02DC47AE4627B58D7E367A60
311
00267E7840C23A0940B992DB98ED1C4731B4FB4DCFB6D3EAFB6CAC7646F0335C5031888CD74E2103380260AD47176D703960230370FBBF28813524C17FFFBD6288BB28E4F905ADB4A788B40B4A6201C1878BED224DE9906C4C79EF32EE679B9F5D3B5DFA137327320643909A823F62106CB8F9BFE4BFEAFF0FC7A6393EC7F6
311
4A698EFF8ACE31BA05ECE6DAB6DF124118D1D13F892F3D3530602E3F3ED3D59DFB821ECFA3D9AE85B1ADAB9E328DE738BF55D5DFD039445AE76D0194180F57B15BEE5F09C07F952F9A10372BC894CF7DA12CF6507E2A8916E0DF430C519485C55D61EFE209912D8C32866214E121611E22A0B1238DB18E86636A3BFAFD5B4E
311
E02FF1E505F902BDF424D0516907BFC95EF3A76B6B3872769D67E25B548F0DA46E2B93DFDFD5F2B9E9EEE1EE1DCC7FBE6380DFBF38A165CAC73DF912AD76A4690D2B766A3EB4AFA2D05BE543EA20B095FB17AE3F1928D84482049B659E671A4763CFA567C08824913D37F2F92F841FC244085C1681225C04AD6DE168483168
311
2CE0D6096B56101C0D4FB3A1BD3F11FC1105AECF5660BD3FEEDF162B0D9DEC6DB55AF27FC98050BDDEDFF63ED14B01336053A19DE9AEF5F5D9E9D9F9E19ECDADCD497BCC57681922F327EB41FF681E17C1921B04FBAE371AC69E53F98183E91B84897A5DB164158BD1D12FF6F6BEF0E02847727BF2628F9FD48B6FB11DF692
311
8C868B29590A0606F92140D0C08850DAA7DD8A5FE8A50389F61288AEB743E9C801BB67DBE0A7F64F63BC87770FDF57AA73FE1F5A84F8DD3AADDFC32087FBC0A7D645C327B97D65E7A8BBA76DFD9BCEE1B1CDE3F5F7CE4E6DF4013ECD7CB60BD1239E8A4E9A5722AD9C4FAC8F7FF17B214AF8801950430639A08E3ABD05A0D9
311
4E253BD5951C885B0CE750309070555FF21F2EF83FF53F4E15038B8D8A244740A5C9CBC120043DA0B323FB1DA0A4EDA268C05A304619505000BE10415DE898809DB6B66896E60AE347ED3D6DC707CB7D5B5BC374A158EDC343D0EA61C217D4878CBBDC1D85686782C3CF4272E7DCFB5E9EF628F5A95AC1AC0C6848F5771329
311
EF8DF2BB79EFEDEC8DBEC72EB7F245287FD4B31008AB38EA4D52F2BF57167159E3004CD8950E217DDD6F699FC763E9D1A0AECC701F7BD4430A3E030374066938F883C01DE40E7DAFD609345E33570F4CE6BE467FBD7F793B5AF2A9D331D86DBA7BF98067918F9FCDD609A0384B523F4413B574B818C6889FAEFC5E7B8F90CE
311
FD62BC2C85B2478D54DD076635BE434FCADE68B3ECF1C8708E27863DBEC352D87BCC7A92A8E135700CDE65BC114026DE5DB68275E656D2C0D4087293D43BB4C9C14EA83C0D806783B40DD7CD4F19EE9F33801F55A3F1FD600017A6CD5DE607783D5F74E34680E7DAB98D99F6E5B5ABC7F7DF19D8278322F6A97FDB2FADE153
311
9BD945DDF868EE2B8B70D9EDAA45D1BB0A5801198CF1DA891540474745BF0317F8A3703E02510AE94B084221F887FE950272D62D4232781054A87C58D015CD45EBF9B70E60820A2056E9D4D619E8494BBFA68B61EBDD8CF52CCBA124BACD4A4077E8420A7F36FCDAF661E577B792A7E1B7E337C7CF1FDEBB3B49F501F3C736
311
6C1730E793F51FA20A9C3D2E9F18E63DC277449054CEADA36DA0807467D45F8A744E1BDED725A033868703F1392BBE221158220588F30574A0B0893D0515B0B7C404AD0E7F40C11D504C49BD7DA39A85A19CD7357DFC966E5D92272FF06D59CA5A6A1C8AE30E52F1247C1F1D78F81887F9F3E387075B170F9F5EEE4A7F5BFC
311
69DF02FD8795FCFFAB472E7C88D563DA514861B85BD41594A75F5E866BE69471110A9F75C8609C7E6BF6C7C727431EE3E9E3773D2378C25226E82C08104A57ED273FE0921D6990E02B006BD038263BA360355E8DC446A380F0BA35FA9945A80CF60DFD54054202F91897C241C147D59F8E0FC67CD0F2BF377A3463F8BBBABC
311
FBD6833C57E214AC3F5AE9C2FDE88852968F20337972C7E04EE5658223008AE82D93BC37D8DDD900BD6B16EF221F0D4149045D740A8A215D4FC186C658E01994B8CCD317465828704BB630DA2243B3B4ADD3EA554A97408454148C04A1A0CAAC2E04033C04073851F54380E0BF2DFFA43FAD3D6B574F2E1E5EF6E5F4FEFBD1
311
CA87C161FCBCF5C7AAE2F726F814027BAE10F79BC3D765D61D1803952210A9AA07F8C6BB2105B61145B324F96014EF223D4A9261080239F03FF6F4DD4975C183B887E081F7A467A25EAA0C94028FEB808637768B07400A8235D4EF33143253198900E079E3FACB0C59B00F827A5785A6FFE2FCF0C0E6F1714F11CDE5140D93
311
1D707950631F3DE877F300002000494441540ADFB08704E252AADE1BD4E8DF55796A32B9B6F17737C67702E5C638682737286CB0E0A89B624D5BF28222432848C9AB8C07170C97B814FF492A61072407D638006F7C8400860444C01B1930A522788045633DFA9507267A3A42BA05925BAD705CDD3792FA23C1075C6EE768A6
311
73919EB6C3FCFE7629B7310AA794CC9C0D14A1FB88F95C845BF22543F57996E0B26C9E4C2ADF187F979F8A55F11B47BC26594C52588518D25E6C2B1CCED231EA1B748F093E5726A21A54C91EF95789041030C20FD5AD68613432E19A4D0DA2505B6BD843516E10BB00AF9AC315EE9FDB39CC1F9EA59CD88F9CD071D470C86C
311
4647FDEDDBB1CDAB81DA94034747A779F4CED497CFF817348F69F52E55490840E48840BA72DB71F3E84F6DA2F4717AA928F153DA6E4C7E8E00363CEC9A2E1C8E65F298FC4A52F087FCDEE5CBA38A80CBE11FF7BC2AFF249203FFAB77A128A001B1987BD334AD9B901890A8C2005B6B248196AD09C0025ED841325B31845032
311
E327C531C839E66DBAB39566B631C2FF0A1DA5A3CC47E665AD8751B47CFE33899DF047C9F3C365E3B11278D49DF939298E09002F6430F9958803309827A7C791048CA070061B7E9A64C557D235F83EE24822E5EAB805F9862F20FC58F483DC0EF02181F572930205107E00E523861895A2811309808F2B6C14B2AA579E8937
311
53C155D2F54302007E9FF36AC5FEDBCAD47E182D91A73920CFA5C18E01F8FFF4C3F1FF553BCAD0E58DEF85DD63B91BE38ECE1A9FFC4AD4A1FBA30D462C328C5A0340DFD393D3D3D3C0659195C96990F391EFF4175213BC74C020922D4830FE215E76940962BC0713A3B82784C0CB6623DC40D6E1485BAD454F6892200B2250
311
96127FBD82D2B12006BAE2E329C771E25FEBC0DAB3B5395289D56D7A8A89081B34EE06F80F819EFE75C67DEEE95D227E283FE98A7B9F1C97D2D05B4D07A469153C3DA3048EA68FA667A6D90E291C7D7E2D063E4D044964D055F2DBF3E31BB851AE9F78A0A7314F0AD24901F581D74A6929142039C65AF5830D1C809536CDC0
311
5E4BA51038F79D713DA930CF18BA3010E385351CF47F74D439BCBC793556A1F99814926AF12835E251C59BEA3C083EC2B2760FEBDF4304C9EB87B35769E1EB24B648542CFA4EBA9EF93CD42F03C08F249A2C98897D8E2225E90077823F4A52171A61219998CED6FA050992B6B0A74A2220ED12123004FB977084208F8E2AFC
311
80F456CB110BCA647A3A0F854085D84FE0052BE31FFE7F925610BAFEC06FC33F9931BF063F39DB3D1BB20EE357F594045F4226131578582CB055A59A073AE0413989D215019B6EB8A21CF154D71164E0D8F4E730C2CD382D098DA5261456A425643686BC8301710F2C50665881399156AA2B4C3191BC555728384800CE1004
311
0F746A3D8A80A5F0E500A93456FEC52833BBB45203DACCA37FE1D3EE4B9BF0EC27ED47D89B8266F11EA2DB8B5A8BB93EAEDF0C06B7AD0402B9EAC6E787365535AF19F15158308A9D9785C1BC1C01377F8C6B4D07B50DAD25649764A91DC9812C7B34CA98184084F7C01055466B48058CD44085AF26648520C85C41C6780546
311
2D8425680425559F4440F3ABBE1F3F81B1EC72708767DDC8FFB6465796C8FE310FEABE0C9B242A74137EC3E0427091967023299BE5D6D4D0C6D15747DC2AEA4ECC57C72856E827D33CBD319D70FF854369EB841282F84B7CA4881447ACFCB257E252E00FBB3272120A75B99119840858486615636E0E0334031AAA8C08A62E
311
080053A0AAA4158431EC727A084021D41CF5D630C94184F6FE7432E8F5F9A4FCDF3EA7CF136FC2988093F98ED622E38E4976E1BF0CF49D2889E6DF3566719FE1F9B47A2D3BF89C69155DCF24F88C609EE551160F0415900B4C48FB013D8900A9192A700748002924771A3686A0A580FE4009E00ACC090253E280B90AC15048
311
E047020483A038A60ED232831F2CC90498648690D960C48E439F18F4DDBEB0B6F5AC7B7B89F6230243B4FA160A7B9327F3AD5D937C8BFFE5FF8B3A5E64283BEF8EAB9F71159514CFED62DBC880614AA1F7994CCFAE7D8C87057F451733699B8DF87056E1F0654B5021E38097E4E23221B810DE20559AD183A61C2C88A648DB
311
096081E9801CA00BC1DA0124E08DAAC15FD2936905CA8DA1C40E42B13F1764E0C4015EAD7F8BFEC99A310B1B7C0BCC7746D3C0702759C89EAD57122092122D1F857067684A578F1DAB7EAC400841F493A468113282FFE42316CC74C756B1C880FE78795C692813CF4644480EE9B02991BCA257A71861F00666D94102884876
311
18D120D0E80D7773E2B7DD180E100EC98B221C94BFC4FF531A09B986230F1CD08378A8E4D0FDD7D9B1BC75F5C12EAD7FF83F3ED19EB018620303C217A6A35D826E72ABF2D8E2BB1B783F6E48D2E3F360806E1D192085D022103473A10375B63853EC54F500B5B064DBC20945B88160DCF7E4F83A0200BF6FAEAC88E9F54D22
311
D898E43F378D20B51B5D6B1457000922202800DD401A9266483029C0D6D57ED80D42A0E6E08835F0F3AC73D7FAE6D56185F04FC44472B854EB7D9CBF7134DF3DDC35A9F6B38417DD6F508B37C1A718B0D054124176F7222F62DFB327F34D451799D56216880193254FF782D7DDE26C271BF38C6E422E271CE4AB8823C9510F
311
021126A7A944E00DB4031D013C88EA0746C96D4574069BD5439C4110403B40020C30B07A604F1E41D19C21A93FD9002DFC35F23B1E7B98E95E38387E3603FE7393680410D702FF9ED5A3C5E5CE68B5827D721FA78F3A9A0C08A79722D9C9B418F46C0057BB1640C70AA4A03D29CECF33987596D53CFB27B32C3BE304C540E1
311
4BF8464E080918268D254838C91A01F0FFB99154FD8A9C0495EAA6534A6C464440B4A71E16100E7405088122A35F7A511DC003D002E6C8E7E15F6D1D2FD09014139EC11FDC89394621F77B9F88EB5A583C41E2FEDBC8F82334494C0BFA97FF3C3A34ADE60385B60E5A30CF036E5E75370BE3B83AE73B3B7DC0BB337DA00452
311
99ED0C66681E4AE223D01B1BC3BD4C921E2005FEB5114739040758189BA8A320067B62A3995E4720055065AC2B4A8006BF8CFCC907C0063EACE41813C5F017065AD46CFDC6FF1BFEE052932CA3478C8E5A6F25DC8503D40F61FC1B047E4DFFE8E84407C81F1AC7B5C79DA358551CD0D13785A9AEB38D6EB68A0A8087FC6543
311
E7471082873CDCE5CBEA1EFC5CC0579469E225428E9A43D6A6000B4219DE52E8DF00A55F4BF5035960661C2DB88AC1F67C2890A93FC420193C8326409E7B595FBBBA9AE1D1511B3F6D65B09AC10A71C2317201A603E88C56CC68C91279E83F5C147787EFE6C675F00941D23EF092920330982DF38C65EDFCA89DA98E8ADDEC
311
CD77CB86D85118F3DD9884820B1128010D02F1060F582871CC8FF42024C02239273A1CC3BF71E770DFB7E96081682803188118B50310BD620234F230B12711B063E0F0490FCDA9248B580D3D3DE944A30CFCF2A1E0F6E59E8FBEA289CCCC943785BB8880ADA9C2FD70F6A13F5418444E3A669273C006C4B4EEEC067827539F
311
FBEA9CFF04D84E7F170480037005AAC8829084329899F90B5E013927F8E646514B4824B01D11F72C012CEACD163B6358A4454A4221D06E68A71062520649BF9E9127D0772D6E5EADED52FF216BC2FC513C7D3C5CC4C8AF009811826AE20203B076A2AA66D8D32E317DEE0EFC000FCE16D9E0BEB17C74AB009256C5D8AD1CBA
311
BBDA61402612C675FBD72D07E633B1A42F2421208CE01397560811204306617A5141706105C9F4984C459F2D0F6C392FA05BED808512B0B9A8A9FC6CED89640EA347D31F0DF76D3D9E61E800FE9F7601BE4C9614A1C58E6C839F13A12D0EB426DE6386B82369A9E6A7F1F9146EB578A2EF4289AA109B4F6CEFEC0463E0072A
311
05CC9DEDEDFE08407B173B8AA65399C80B2911252E6290C82CC1B8909140C11B7AE161B42B93905045D017E00CED6D27AAA15F2C2179F1E83D411A7020B9408D202381E7E5DEE5A9E7E5CDE3B186433F488AC81554BEC09BC579018ADD1DCB3D9D70F02B14BF9159A4DA376225FE43DA224FED327941705DA582B2FD1BB5DC
311
0540667B650BECDD1D5DDFB0C7F36DEE2B94F6EE2EE4E426F20A1174C31DF153321A24114C4FFF25E505475F6906D4149B21F1BD9D9DF7B059F8E0FD83323CB97991FE80EE131A9003B81C491B218B1D42C0C0D593D9D548003839DC29A740298B0C23F0CE14BB167BD61989AEF0B985C8FAC8F923A73F31953989F0F6C96C
311
A6C4D0A9A88184BEDBBBDA3BBADE77CD8E2FFEDEEF46184A86671D7DDC51417477BE9F04804F305AC82C2D018A21EA903866A0F959FBD4139916D036635EE03DDB7408BCF0627A03027AD314C09B0A27F0A79490D53839D0DAF1416995CAB24101FA63F75029D57A4CBBA9FB4D120ADB17FB5A999FC9420DFE04FA670430B9
311
0FE7F589F7FE8D50A4B5F004CE5F07EB4EA007F8AEAE8E8EF7DB3BE2F81F42166C7246FA9E62D02C8209BA1024414C483498B50229FD923F2414040B2081390AAC353B5283EADA12A30B1080866D746B9ABF5BC107F33C2A015B275480759334B83AB02175EFD0DEC785DFC505E0064F4EBA5A97073A74C5C9FEC97BD25D81
311
9E28AEE661FD2732B8BBFB1BF13441B3C1F45E8AC1752BBF80C113DE960E0AC7D9D02C58C80505A19BA0E84B14402601A590A4AE00A825E98C3212342302EE10FC5100681F86834A2804BC409D70270A2091DCE874B16BE0706C974EB3D26EFEDFFCA6C4579AA4DB781708469F055532A7046C6BEB0CF39F3ED2EC4FBCA3D0
311
0EA91CA68FD2B87B5C191E0EB2C300F00A1C9881F263571C6CFD83D079D09F176FAD839340CF030F70458F81F09AEE1329505150CA0A00576B56C06D58070B23086F685E44232D9D53DE3FC3731044F286D19F459351863F749F1104198D6E14BBC68E17CAE70D7AFD958E350BEBBC70C9C4DFBA075240DA27D40AD7DB063A
311
097DD3F041EDB3E4B682A7A12A548F3393DB01945547175879989302521EEB1431B08759B632B174E0F700E774FCA1BB83F95029ED1A084288C8893520E49415E00DA080AE8027C34206D35491D050A4C6B080F6A20889A2FF82379AB6234F6710C05F9080ADF002B9C9F9C583AB220F45D618D7E7F7547FB27CED8A8B7A7D
311
24EDA4988B0C1C2A1AFB53FDC61BF3DE50D63C560F0120B0372F0839DDDAF13E583B868717C1CB8CC71D1D7F440CC82184803144196EFD58BBE00B7EE77DE8C015942357FB06FC906A5E2B8882CCF9FFE184B0035A5CF186A962A63F84B3AAEE3D5A2C830008807568B6A9F424086D2095A3E262DBF124350082C4B5DF4704
311
A9D2C93553DE47BD6766B69349610716999FA25854F759CA9792599D3837ACF6247CE8597B0F960FA3EC45B61715050260C5844FCCFEC9666BC71F875B17E3BCB4CB151405D7D08F846B4CB952248B4603CC402B609E90F0044A007FA800EC46D07A51232B00E5683C55D5096E1374DA4FCBBDE2C25A5B8D26008227CA7758
311
033D7D70DF12CAF7F247939F93F1CC63047D63ADA0B7CC8771B234D8095FCDB577B586D1834062035670E204B245EC093FCBE15626C10D210CB38A13F50E10A0D5C0814B0C4B30AA9858516001669002229618F100767AA3D6D2528595FE7A398C2D2300ED0013A0AE60B91644A057327BD3C36BEBF48C91279B45F8BD1454
311
94674AFB211A91977CB838DF35DCB3D6D6AA2FB2784B591ED785DFD7DB77747DAC9D2F7674810EFC2895F9ED8007EC7885101679C06F21E4B1C8A6120956F80518D1DAF1717BEBFB5803E20C6F2A11B2E48AFF4AD2810A70054623E341B3D1ACD92DA91150DE631EEB2C28882D092049C0DD38E262A7BD6F98549930C9D44B
311
7C37028AEA9F8C5628A2BEF5704C0DCB2B428181B1BE766F43014498D2E57791E4C8DA6BD2ABF5003F0C40202E2E32EDFB02852D16C30B7F646B98FDF86C7891690043128B0A0DE6B4EA27F08C30CA34C9D0AA0852A5997F8D11A6EE84E040B20472020256F4AFEBBB74E6705A12083B249089218E6452C8E5A69717E904A3
311
F5EF3D5D08EC1F4D4E85086B238CFFC11AB9AE972CB775616C6D1DE04DDF073B4DE3747C41FBAE6072901CAD0237100670C5A00C2C3CE063610ED824826C1F6650700E88C00B62468903A0D71D3A390255AD7040048348C56C4647413C2C2561216E0C469203EF06A5B101AD40D0E207F78B124747DB5B4BBB4E88B1C373C1
311
14E0470B345156EDDBCE1B4DBDF81DBC400746B0B54E05F693707B89A5E430982C2AC7D10DFF11D5B102B9505034B35D07E8E5F585757F088B390F2D4C85CF7218E8418BB4F25B885053D07D5A908326809F31D6CC6B77CC948413B28664484439D118DBAC27DB5AC40C1AD166F25E6A2F0AE82100C0BF220405323E1FF80D
311
FC518CACA8DE1003F3C9FAE9C7B2D60703A0004F8EAEAD2DE0F5485452D15B77B4B67F4C2403B8D8F9C533558ADE058A9E177A1698F75DC0EB4C800F74C0270178C8579C1FACD025F0560844502D2BBC01E620030CB93636C1041636A693949CD80139FD15BE107F905590A292840F8860706D07E2970A2F15E5B13B87C314
311
3CB2930374CC46A6F9B9D7A5CCCC14E11B9E879A49FBE27ADBD6DA82410FBB94FAA8487D61B51F4BE0A03FD08743C31020D6628ED20305A22C2C2FAFA7ED1E7881C438AA5B9035F20759E243C51F34D0D5F02F11403B9E204CC1686C0B6C9000470561519CBE1B0E4FBEAB37A39EE4B84C05F023858779341991F36D9D9F35
311
1E7BB3B5ADF00148D9D05784F9AD8B037D48C01BFA83D4247F03BB768BEEF973A14E610090D4B96B1EEC5C5E66928F28EBEB6CF578B067DD83086081579848E60DFC7684044D8174993C39F886043481F6A2B743B18749E52447CD4D230513032D20D20206E536E15BCF7B7D211634F98FF9986287F33F9A94615A5A0A7CAC
311
F8DF5DCC1AC6EF9AF1945EB78E0A2FED1DA2ACC00EF983F9A012260BD722EF61C9DBCDD8719703ECF839029010CA0B9F100B1D2842153E01A1A3837AB579516A31982FD2908A09100DAE591016CBCD4B011A2F4DE299E1338CE065DC4841BF9895D8C81714800CD08F5AD39601BC929B55D291F6CDCEF2AB40DD5D98F4E6F1
311
07C47AEE4A09A079C05316F479DAF4C2BAB83221BCC0CE23FE3D3D4C7BC9AB673D89A3677D6020F6E182332028012FA0FBE0B2668FB85485902A8E7FA0BA2105C213E20BC2169211A4BABA7D693C3F1DA961F203694853137073AD5CD25F1C017DE0477626D7BA55B88F83B5EE513C41D814639FD1BF759171F4577D3CAB0C
311
3DFF68B2D3B1F8478C18F67BEBB2598FA76A4545E9E961BACF657E0791D2373030E0EC9FAEDD17BEA7703A738185D08236C407448A4CB504CBF01FF43859D3115488EA01B55078000DF085911805790DE1B41B6F8CB2889C3834FE02AFE07D85143C6C008438A944EA63E047023A7EF37E13B0903AFEA7BBAB9579330FAFDA
311
ACD540022980B65A75FBA17D388F1E6576405CCE7032D95BDA420E7DC0EFA320879E5F8B3B04C1D2D9C1114210C19FCC49DC6A855E12010184DB8968109ED016E4683CD552A36B3AFA13BFC2114068935A7E774CD2C7225642B73325938052D8634ABC18DC9442BF9E0402E85B42F9F3273672DA8E8F1070405D1DC3248487
311
574CD98092B8B956E6AFE1566530B78FAE05B4A0DE51FBAF85DD075C7E11939F80E015A58D1F87E400CFFD2306C4D1D3C634380A201545A92BE01F445800BE12302AB477BD6F62600D211232EB061448A0D2B877BB940D63D059C37E0569A83DE93E214F4BD86209FF6F479C640AFF8AF6D1BFD987D029A94DB7C329B4184D
311
4BB013BF912FB88FEEF913071A8D82B651BC10DB067A7EC52FE1B421883144C00F64FA23A11CF708BF16CA59F18D4C04B8085964B2D8DA4A855187000BE440BC816FFB13374640B0EB1D0998AF38A1AEF503F14302E2811081FC12EA6CD38A63B33035125F40F170C0B0AA45E9FCA38FC6D688D48563B5C4B4B7C359D3C7AE
311
0EFB16ACD5E2FAA47EF8307044B4EBE1C71E84E742D81431FB06B90B600B9C239E277A57C94C427EE10E7826980C0136600D916A06058CBE8604DB4D314FBC014EDAACD0820F14BF75449B70339490FE5A0491221BF95F949DF1235380E969AABDBE2D32EB4403D3FDF17F42F9A0A7C28ED75BE86BDB7C7EC80C76F86B8800
311
F77B305EB88F00A4352E0F8089EF811EA02A3DF08F7DA008F803BE4B4EF5F41E56087099E920708C3D720916444440FDFA013D4E1201414123A09290F5BD7AB729298209C4306D007BB0829FD4EC3A6D7E4F00B67DF38CA0764F832F0448E58439B952CB4F70DF964AFA74CCFDBABBDF273E2FF4F56D3DBFF2A78D42FFF275
311
5DF307066497F44062AADFC0CC546F6DCCFECECFA232E14F408F05477D311B683A35BC245FCF8A5CD2AF20022C21022266905A5BCC8B20235D6FF04019CC04058AC80023662E25F342063165956320BE50370F2A657BACC817DDA3DDD3EFE04028645780A768FE38DBA88BF2EF3ADADFC7FEACA952E5A77568ECF0C971DF32
311
BF1D24F8486B22A649EC81B1B60315CBEFC026091CA45F858D7D04C1B437079431E63E38F880758842E780A9E03791C0FAAFE10012588C3C592FE35461A6047802BA18686887023A422A49599399893103942CF6DA53A8E387825FA0678B261F139F801E2B17C901D0F5217E07AC2401A87D0480F753FBED44FE949C93A1D0
311
42B879FCE499B3D861AEB23F9C1F372F0C24D0B7D6E70FE1AAF60F84BAE642D82F0A9F53E22783915518494FDBC0AFAE7DA282E5050B703570E06319A015E00D693A6BEFFAE493941C3B08C13B96BD20D0115A9565701DC58568A3009DA13E965765C03091F0FF339F7309D44F6E61F837F1B1FF920450EB8FC48F9B40158B
311
E89C81A597CFB0DAF5F5755D3886DC13D4479599B583758CBF35663AA234F133F91D3BCCFCE0A794367F385C59B19431780F1C099131384056616E15A1563B50021D369C593FB292685A68A8B2A50A0A2085CF05434617E05FC24A6B077B990014421A68401AC4D65788EE25F737EB780D08A6E38F060F2ABD889E1B889C44
311
852C2FF368C1E3E710D73B6589EA83F7417B341ADA1F639A23D15298F087AD0326410E116C3A1B325218433C71AE62C07C1480F1C045629724A076A4BB8D622D24690486727F56108D07046DAB065000678E04C4F8C342DE27F4AC102D854F2D08D59B4ED0E4F697B0FF62F113646BC5B7F3131D4EA8BF8B265EA3F2026E70
311
61B96F6DF3D993276B2180B8E57067587428579460551049049B074CF8B1066C7E14C705F0B39298C0997C17F701097023BAC31081390196801FB0C2A12380042927503D5A01CA127F9841B460310639C674BC8CDF1A320501448E0068905B07F6E5602F8C1F07786253438CEC51AE61FDB25FF71B09893AC026A9EAE3F30F
311
369F5D5EAEA5801FBAD3C98B38C13EE017B054F81A56F05259DBDA64FE270B1FC4C77200FE276FE814B916E222575ED717A62A92956504605268408CFE13FD61F84252228376060206802B9550F00B9D47E6AF1022538A752CF4FFF1F5931384A9FF8700EDD4FFA2B93FCBFABB3EA6C607FF714B0B8B04EBBE83B52B246092
311
AB018C0D0002FC490849F1E214AE6FC42009D6D86616C835B65DB9862EFC4480C14137603C3089D0A5588FA27E693DD184131BA4E88C35045ACEF1CDE1A82323C20B842F2419604821196EE8185BC834AD44F8E9B7549A32900196E9ECBBE20FFB4706861AACADBBFD9B56A23FFD3AB8BFACC18B1B5AC0ECD7B6AE2E2E9CCD
311
2BE8AF1B1BC3A813B94107E82DE67A42E7CC7D4A6116700B5B2EE3C338A09B840F07C40A64800D7C605AC42B72227C4C7020AB1F20056E26F542717F56534261DE3766AC10A6ED2D006DD03BA9DBA507AE0510A8B385C92363B9154167F1230C40D76AF6F3BE0CA08F8BA2FFBBCEFB09D0986550E0F0EAE2F2780CDF850CB0
311
F88CFC2815FE87BD83909F474F45DD47F1C821DB2107A8817FD45384F57891B65F2543D0C1E20A89B4A8DF806862AC27C60F6A054627FD344250718AC0FA21CDC4E28DBF2650D1B39D8B8A420C348A4F846E2BE824BF8C45E1DB8EEB52F576F47A75FF95F90FCE0FD3A7A08D48D5B9AFBE3EA658E1676FE3372FB57F0AD8D7
311
0ED4AEBA3D4C2BE0AAF1C3AD63A6004D12900CFC481A47430C9EACB390038642C8C41B13303166614210592736B8603AD4FAB17189DBB32F3915F0C380795A089A15228460BDE8E52203527D41B5470901B088D84FF8B3FE2BA7F4FD30ACAB3DE0B7E2FF95807AB0010FFDE3A048F7360F9F3FB9380EE537F16F8673131325
311
D3351A3F664022020811A0FE8C019CA17370725CBFF64132025DA1BE2555102212E80A907FB43ED80A991A8AAC183932C19AE17524B06590B6AD286EB99BAD18FF4BD64BAB519202F992A963648ED30E7521F909F090C0213E367A77D8836BEB6F34D92EDA624183070248351F1A079E5D3E7A9EE81F2CE6678F92E299EE31
311
2B6C0572C0A7B5EEE07853612403813152C7125E2022A20C18F855DBAFA399817FC97FB6E1CDCA31D348434ACD0012F0D32A5456B4007E6E92D72B1A4E9971223A42C1042819E4049C0C5801300C0013FA48F8944FBAE71DAFC27F1826FA2304ECDF3F6C10FF47D5C7E49748DDD687DE8E91C09394EE0682A4F84CFD6067EE
311
DF43E67EA46CB2F4070160439245F00343D03BF25D7E2F26FC400A896DBF19FB8D4D0A66DA669C3D608F9CD048A0533621B25690EE19D5D15248E390F042B12C682511B02BFE3E5700E4C9A9B2107A8F45248FA48234FD23005ED1F4EFE80D1320836F04003BF42856D478D1DCA3ABEEE3C68F9F30C3A16E5C238EA5DE3FF3
311
7DACC2F8B7980033F47FAC34421EF0418A045394802CE032D61C70023D788136788613887C0011A4EA316E005718AE191F8D0D841B9C679CD2FC478442D005429166F5A24403B1E6ACF3298F388B6D0BA933D92339D48969A5C11F09B4FF017A9900A4F887010C474717E10F36468032FF33F4AD610517777104CD920C3CD1
311
5FC5F3B3A0C75BBCA3B00F2724863C10BCD4A0E00736C7981F2F72E4B001438B99714FCFAF713A2603BC710376A1715FC602022202E06FDEBBC680A3DF1C4C095A12C50B554FE7623B50374FB2129DDEA4C392C9188077658C87F55FF92FFA507FF03FC8DFD3F31BDAB46DD51AEB03F7E1B38B8B87CFF47EA1479C3EBAD5C6
311
B382C221C0F1B358B39D76D9D3142C4A20935F541E492E0EF081BA41B3620A8E172B584EA1485632E22A8221CEDAC6110AFA4B6D43E2B76A18AB240BB24337721C9321D2C033B2D3E2641A55A400A28403C12D1DADE39AD23FC5FC08C47A64DC3FF6DFF76B5235124022D7E6D6D5F3CB870F9F31C96FE477FAFE54100068A3
311
A87FA5908A2C08011CF31309C10025B089FEF9C510522B8DC07C30AA469841723A10C08E27F00F7FBC181C083F2809EC3B2B328E294AEAD5A071B3A95C81D2DE3F930372D022C9C793535B92FDAD5426E90490C3C81D000017C6494441544698C416520C1C40C71FC204B22448FD9303782FBA67089A1A7D4CE38E89050FEF
311
5F1E078A4DCCFADA058032C34C1CBC2E1202B1F8962B1A8024F0EB7A11F209E96FB369D4B64202FE7BA230AD24C46413536EAE955B341B726C593B5D4630C0BE822480908522B0D85430230352618DCD4F7BA6D568BF4343801480006658EA3EDCBFFA9702B4FDE9022163C43F9B72B58001A23FCE6F0B3FF0E4E1DDFB9801
311
A6FC42FD0132CC1F2224F89933107AD30B6C9131A53818AE944BE25A70810821C38F098411980E46D108F483DC63F49B91B852351604091D60546702F58A3872A1716411B642C7629C267E64E77719F46B0548FD6BFFFC86A38DBFADFCDF700228C124C8664FAA02BFB1F92B09800876FCE4F2D1C3FB4FD0A44E0106A8DB80
311
79751CBF0BD9340066C3D52BC64706467C05B5A54401BE4A1B0132A55EAC1CCCB10D378A3DFEB9812022327745EF2102886A9142C812A1A2C9708027BB55B7006357459F9C2080E0BC34489FC629510F3017B62D5073E2A2C64048A0A42580E413BA9E08274091A398EA80B5BF31C87BF5ECF8F1C5DDFB4F22AAC181F070AA
311
FDDAE5650C4000516440D8806786D874215149E69ABEC43FF0EFC820FEA112B0522003C84BE03FB76623513B6D840820358B084119B0CEC8C00AE888826339A54091F5FCA513AFE147975BB1A86FC50618D9D74502F0C7C8815AA306602FEE3A5E79E0D7DED1B221001118B73182CD439A092FF801105D1AA14E1918EC282F
311
6260869D55108065988BD67F68E5581720A708051F7C8070F582389C682BE53F2AFD85853F2A013D21564028E06E79B7A71E43212180A81541EBC88F451E02385100491AB0C4A3BC5309A95911E66D04C0B448366988ECD204C2FC930F8CEE8FA410EE4C25B58DD1B6EBAD83F6196670F7DE635282C0A56A851AB035831725
311
F0471A10FE52097089C80495804100318405F0DFC2136004B4C40705EC9154315129205EC357930035688F61AC02188250CFA9A980233925F16A117A48CA54DAB6400221976B75D863330942E20EE3B00B08FBB71AA813B0E502FD2B023DF70114E0D7DF2E2EEEDE7B789504200112075478F2FBD6897835C91F0C20782401
311
E801A2F9142700B74805703426023A81CC0BE88B537D0003E0C5181D29EB8D83050964DD2580910A1E7A8138F76253DC01DC2F3824391AD748276C0B0CDF12366625D038603D0003E0266CB42704C8CE7FA7F11B4D59C0BF454A78F8FCF1E50513715D469607031272358F04E0003C90107223A581218F10008B10247CD20D
311
860FF0BF48801040B361808148714764028EAC137E871501EFDD97C89B52107FF1235B0928C562530082573CE137840EFEF82A0BDC602736C595912FBEC69E6A3A26903B3A300C5A098A9E3F1810CDFFBA019D97B4E7A7A075850F2E92569BD960CA7B8304995FD006FC4213BB1448A6F4BFBB3A9F9FC4962D0A1369129B10
311
073771FEDA38B1737B663A71C088D8848027FC3008DAC4E4397A6F76271DFFFCF77D6BD7F1F67DA51E0E08875A6BAFBD6BD7AE52CC04A0B4A2206F650EC412841A48258258E8662C3838FBE21E25172C2A15A4F78D82DCF68A005DCF07047C183E1CE47731BBCCB5469D9169E0D588945BEB637E87802A03D88FB82486210D
311
28FB3B858D13DC7CE75F5E6F3B03C1744D30CC58C7C7A256146853A05243060B850072A7010CA47CFBF9A1E24F414037B8781E8E9F219A774B36481CB43E48A79819D638C8760D672FAC19FB9D3FC5EA9158DBD0159C27860409682E8FF2595652FE189D2CC2D7C023E944158355806FC320087CC74116030CC376C559C098
311
B93A041C5DDA48AF33827D2327DC761D19C17CC62780D82A170E6CE7415A5E7FE825E053048F88D2AC2A561CA4D4C60098DA28EF1A01382772484698F60C8DD24BF396EA76260542810A625978C03580A9CAB91D10249BE579B0377A3DD15749A45F24C4D81FF3D7D7996F6A1690288008C0FF6CC186DA9D5FC95BB09B1301
311
004B016E707FDFED306A1BE8FA208828F00BF342186839839F1F6FA338DC5A0200FF383DE92614C03A4508DA18F4D85F9354F7E867AA77A42FF49BBE6757A1A7454448D0BFC3C220714FE43A3D8F1547BE10F0BC5A05985AC3C28829A06FE24CD062700601F4AF12AF99099B08E7071DC4626A97C920C3FF96E190C9D1FD7C
311
B6163E800D79E5F3F10A9306C02B799E80F1AB380E0571A584C0370A220C3125000B500900D96FEA40409F980E2083E4EDF4D8D2480AE5667222E020BCDAD4EF19682120818FE18EC7FD6AAD67C03F7DF1955E697456F517AC4F24700C30171C67E9168B109A4F60AFA60F98BE30941BF776DBC7C70792A2FBE98AAA97224F
311
8BEA39B47BFD14A8CD03320DA2B676E3AA397E652E30A42CE2987B7DA1EF7F75242413800A04C0270C62A13372400B435ACD84B8B5009208F5AC73EB149FFF3508E21C2201E0338BE07E50EB47E7FF6D97724A601028C5519073E7978EC88834410450E074DD58AD13A4900103A6444A9CB99103229F0EF8C0C78161EBC681
311
37240734CDCFC349807851E0EB46CE864D2E405ED341B71A390CF2DE20CF5193189E1901E866D0230409684B193D17E2928534D04240937D3C84477494FC5E0FE0B448E35AFC19007926C1C6A6E622FDB8A12E30993C6710E070397C4B26304C0AE38218D19F01FFB15BAE1C0E7E74DF75F2406E373C414E848FF8E500EFAF
311
3C1029C9C0ADAB2313A7426CA9B2C1B9E30032C84EF31A09A88A386F136E8C2F1D582EA0459207015F10F1F001F0B1B7DF7222011EA2001F00BFD36BAEE0850928B08C077030FE3806C880EAA74BCE0863A952812E6008B3A89199C1EE918AF96AF583F1A073B0A355B9D861AF1460DCFB3BFC6B7EFDC834B09700CBED3510
311
E48DC7129041C991F06BA5006CA6B5B34EE21501374E8DFC910042036111EC9C7CFA1C05D48A7270F7F835BF04A4194DA4CF76CEC66718C84CD020D04C412AC848F03E3C61A1C8D50D0EA6838A00376054D3DF61A0E393E1F8B058A6C994093476D601A4A06F0CFD3C0A6BFA910E75CC10400A80FDA93AC9B5EA4303F6C0D1
311
88B559086091CC5910137772E14F2376D03181B5CFE74C0EA38440D0AC256D6C4D104CE05302FCC00B60B9CD4D71E08BD40C144A025E60D4C1F45FE846A2105D717EEA84808A5DD90A168E133640311CF05DD870768683F5D2F1800F485AEBE5CABD8FFA3C0BEB33702493AEB551B1EB035EF5C8E5757FA7832141F88E8578
311
A363802B560007AF93D7D470B478C4D00B412D634C9140C4F9275C00DCE8DFE3C7F8C0AFBC5B2CE82E3C3BDF393D4375D50C43CD1C17E3777CD2C170725B7B42B41DF15BFC344DAD089C1E9118522B4A2C60B794E4E8F33081BB7C8CFCEEA0B2015E49D586429C6C78646180B7710E06018A3082243C275F077FBE412C17DE
311
80D3E6B9462C5204C5D980D1DF84A864401C483CD01B143F4A4868087A0F780F37230200A4FBF6AED325114C367C22512750A5C7C3E32D545CE20A0904183BA10015DCAD89864B3E1EE97EBAE8B204266A48E010511838E2FE413FB116E60880C2D8440AC3880DDA6DF6618C138CF1CB2A09637E18D00F80CB0DC05322E31E
311
ADB8081C29410903F06BFCDF5AB46024E4A75828056440503C707856EF0C037623DD4922A400E8A6BD75E4D2800905F18450A00CEE88860C8964C7B3F90F56528BA18F71CFBBBCD2D05797E168FC37DB26DBE0DD2EAEF39686C18440820013C1444055402A541400DD362A0A402F1FE51246404E098249FEE30708C10CA0B5
311
4601053159480C00BAA9B1223A773234FE72FD5C3BD81804D8D196FE3D5315A0C981D88D04FA01DFC185CA93F9120E1F480B08063364A0A318F08DF95056E4C91F1150D31B011200383502E079EE43CC18603AE2F88FD139C802A739F208E88D06DC78267C448C27C4113C19B0F51B0E9C1C021CF8F9167C6B1F2E10E46100
311
2910105D1042792D1CA303F469714C018C23D72179E165049C40E801CB96CF334562E5807291D1E0C70FE6CAD91656715F0E5C5E70F8D7F83290549B1BAA6F781D25180EBCA93EC84E72A74081CE3020789B3790E1A9E478E658C099BECFF01E530E80EC5FE31204ACFF70AF8177A03059240CD074978A002A878BF883FEEC
311
81DD684E406CA630ACFDE87292822A11953710F000885D6F68A67ED40CD772B0828359B753F7CE23D9479AB9845771B389D6A77130F8C134EFC83947392029B10E4425440A84AF0E54825228FC1634D369874739C837A9DDC83C20D320C36042610ECDFA750303710224D01202488012CA847424F8D53F78AB6BECE9B3B35A
311
7F32396AC6B7444566327DBB4DF06FD9616744F4D3A397EB3B0A3FBA8D763702883ED742FE5CD24146D8E353ACCF811C806AE09914D8446E93840FF4D6C963FF32BFB6AB015D1D3B0C9A0968776F021F21404B6260CF84A14F35180CE20B5E85BDA2EC91FD5A7DBA7E5705F4F0F97AF26CE18E3BA078138202400A62930FA6
311
CC7882F911A92F33E547E64990B0F27323D73B6222863F86425153FA8009361C675554C25382CE148420C8DCC47A20122806CA178A0918C14CBD33440289078A00EC6070184CA9907FD0A1270478E0B325B67C2193694EDB7DD0F3C238447C8A11485562FB4902134E6AC952FD5320A4F7C780882DA9684285CD81D278C0E8
311
FF8DEC9F45D22DC3C2CA99C2728110888799575B6834BF22B0F01EDE72D7F21B672C40F0A972999E2200B7C91403F9BB3D09C01990819238CBAE5E7510D7D57450507E3DB04AAA0A3C280064E0775380C8C16EEA4834346A04BF0CE847B4B3AF760D06D24BBB267C32E2C9257DE5EB748AD101AF1FD33265E2B674EED8C01A
311
0AC901392211011AC810560F77778E85B13BAFE3E25C95B70919A4862C15928BD8989664AD8638101D009A80F00BDC41AF27602A4BDA0C077E550048E7F1011410F01405045E1C140B4D0E70E0F6E034171C3D6FD12004FCC1FA304312518910356628A4A326EC9ADF5DFFD1B2C0399503F14B4F8E3E0E4E39A06ABCB56A80
311
14687E86E462BDDE5124615ECDB412B7314F62E6E0C76ADEC0F717B360E741960104CF1706CFA18E0605004B01AE007869B095ED92144A807841EFF2811C047889A04901C809062057192688C92346F97F279449F89B113500BAD282D1DA80A55C27EFFE02C8D4F395003F285B617BBF0831F49B055342DDDD414378E8888E
311
92C16789F269A27C9A221FAA4A0DFDDB9F935B2ECC04DC51481558A69301E0460B02665AC4DD30C03D480866C3409400051811876014C0F294C542821AB045011A3E3F09001FF304E3A0BED05CC11A811B865001769507FC01ADC611F400CF68C7B093606E30F3C7E0F00C1D10C31951C1E2D7252181DA00345842A1913071
311
5C736EC9ECE686A712FDB31E4D3E50AB336E5666D7B212C0113C4A4406029709B43D0228F3FBAF49921B19CA0C82A2D5BC4A2079809240F37D3E10F9637607C3983F0458508A98B8B4EFC92AC13530180CF55359500080061DF59B98BB3FEACEE881DC8127F182A885A86FB12B43C590A4380504E32305E3148BBEEB2D2782
311
029765428092545BA5C2C681FC5F8E869C0EE1034A822FF09A12C94084505AA868080303473F8161F7AA0A6610745E280BE4427FB770106F8800EADABA19F453210435BDB2348471B13B65F2FCB554827632C4C44467333E4127095D22092ED492009930413251B5408345065065E415266E20279A40B3F520370BE2050C83
311
60E6BB4601C1673B9BFE007EF5200B6483CD195400A783E6DEA0653515B0FCE8E86D1618FC1EFC15C2E727F24F2A2DAB57326D8D0877D4E298894E7A0C3C7D9CE8A0E2D17AA2020FA1097D6372F2A9F955060FDD467AD0426368C24A8340FD0D6687A76316DEF5179ED9042005A2BF02A5DD810A4DEFA4A8F700EFC50FF4FB
311
8C06410F0303C106ADF8852ACC6A2CA9046E9ED070739339857222CC009E206479886EA26227BF7A341A15C351A8404A6C10080A2140FA4B4E8D9B9A11645899332363FD69887F436A660566964250FD752E787B64BCF8E6C8190DF8EA0C854C062D8A5A1346F810414313E606ECA0AC3A01D6928544029D5F42E202C0CB38
311
6F880F7842A31287061F32F3CBE09F2950783394F2F2B23D85386C6F51943E99DD10C8A0000BA9569A14805693274BD0E4F4DC3F28E331EEA91C4F33ABE057889BFB92819187840A08E57A276A8BFCB75B0342668C70C565C8059996D209C2800941A21FB82B2F520BC2E6FE6F1A8827043DE17000DACC8193E78BBB8DF146
311
7978C06F6AFE986123E3A95272CAC122046F4C65C4B88FED2F1CD1D918F7CDBF8903BF1A90057D42F4DC133AF804ACBB58446A0DB78806FC053FA1E45D0AF1112613CC0DD976C5E70AD3282F42725C0D02AC8588DE451B1C01ABF063E7748A3882F0DD484BB78D037F9812240EB88B6034C0AD53E5116D4C6D920C6A89F084
311
E6D0598AD7EB6930CC7B293E27A666E5CDFE9A3FA52FEB3C97976FDAAE9A60008FCA6B33099CF9880D35D419FC687D424378E3099441E110C5B3C6DC311E6653514A67A530D863326C4D8430E0C28024803B5B069B0E60C10EDB6DF087034171DF01F1F3404B27B1056D8C0E56E7CA6056E7798147BE4C2F01CED5987E413A
311
C6A724876DE3F599E0601CE7B9CEF3BEB3671E12DCE8AF9631B8031D3F360B6955DC2342B2A0E4632A00264C0DA002220CFEC3E10D9BADC8904D88DC51928593AA16C91DF6FFF82B3234404C7214D0F8608E0052283EFB2B0563F1D072936C4017706010BCF1B16CDE0C1FA9C777E44E1F5259B0C9BBC8794A82A6C182A3AF
311
56B16921405351FDDC91B5BAAA617860E8D76C97C377FE701A4EB4378FA97C2C8E3CC8950886C6FD93AF70A1F5F676B7ED16CBC56AF5D09110EEB8607CC08A795882358280DDB98AFFE7087C6EB593D62F041CDB4018935238E73F1098100D0C8769818F777057F64C703C6530E142FDF5C837AE1CF66C94C4887D3A3726AB
311
990DEA248F73B5D32C8E04F6714B1E67C53FC52040252E605B322407CBF8C7F05453462A295ABF4D95592DDD76AC23512E9A2DF964715C80DD752CA8E263AC36F02C3C28A133EB22AC8D099BDEFDE28C3E8FFEE3815D5D00C17C00511058354D62443C1A546280E43572A9C661A34FA5891F8E7570608C8DF21DF51DF9D2A8
311
4D4501F41B8CD4F4C9DEB2F901E810C0E4CEB6EC08DFB06341C864CF8D0EEE779A606545E1E64AAF30A4324C20FDD3BD558BD966BA994FA915CD162B1978642AD01694E533EC190368A68234657085B5F88E27A0805E04B8BB6A00A51646EE3C10A50FF007FF410F1963CA69BE2002F0F902E701AEC995FD41F83A3F0C3809
311
A3288A083003A6CC2A20E6D703EE48E3777AC07ADD51EB6101603A9FCF17B3D5928F6D742EE7E4CF38AE2B03C5FB39C81D7B2978FAFE85AF3D2710B0582C970F0FEB0E4D1103B8BE2B4D560CA10002FC8F334C891C07B44FE06B2E3ACE5E1E2D1FC32203110ABF9CA0E8381F68EC3C06701328E5A38278A5FCD944CEA5283D
311
A933DF2A2448BD23F1C5D8BE04CC2DC3B43B3EEC29F8B5FF926D11D3E97EBF7FA1BD1E5E5F5FE6D3D972F548547783146ECD84873F377C5820F7F9FCE5E07378D6CBCB7E036DF7F7104079A05B77C6942D1BA95D47424BFC3DB6411009A42E207871B7EE9B06614BBD20F22F7523FB985F3F7068E37600273A3ED0C1CCC380
311
F6EC4AF01CC1CF95E4848B7BF950AD14C44F10460221E02D21D01DAE800F323704C00035DFE97CB37F797D3D1C0E4FBF35EE1E5E9E0E879FBF3DF6F474780A01FB3DAF01FE0C0798218007C2090A3008BA7682A338F4A8804A06CBFE6A80CEC766F49853F15B2F45FCEA3F8250012841315016E75E797EFEEC4ACA6C79F515
311
CF1738F7C36E2406071051043817C9E8C5888D49D0332E800062FF54FA562BF7446CC0BFDFBF8603D1FEFCC9F7FFB5A7F000430755C2D3F72F2D02A022820897ABDD44594475BDCCA4A10AF34C06B08B4AB58BBFAE30999DC66C7CE903A83CF8EB006EEEAA063430F84B05F0ECF644825F5E95073870E72A0771AB89B08002
311
2A0C5A9FAF34C89286257FB7BEA000EC65B59750C68E0815B0D9834B15606328F80709DE09018AC2A7817F83F96DB3D562C10A0A31300230CD4200B87F85808BAF64D04600254047F9C14DE93464009E7F5AABB4FDD6D55142A2C0BF1541FCE19C20C899BF4F76AB54B84CB97F88F48ECC029FD253F0C70DF4816B9AC94BCB
311
D653B1A283C4001A0337955E4AFED3FB790B6B1F5EA0B5514074103A38D84280EE0F5F9BE974EAB2D16AB1EA969684B6E4166CA28264B300474C7308D20013B204A65F82970718D05678B3315D442E1C0A327E2F56556040C005D2FAB1326A68A07507C9E46A3648555A7080F5F50219A00E6222E3E0862CE95B5680930530
311
742F1D041805E69B788161F015944D041182B861A2C17F3AF01CF5BFDF6C343F9171F5B004BF59C016719164B888EA206A02AD05E8464D06B48E4381A0E9345FD171625AC22198F57C003BEA5510F81FF78D31C9B033D0030000000049454E44AE426082504B03041400060808006258CD5828BB58AF800100009E0500003D
311
00000045363334423631332D423344452D343542442D413543362D4137363831453338413244382F536368656D61732F436F6D6D6F6E536368656D612E786D6CBD544D4FC23018BEFB2B96DE15493C78601010A34B880709DEDFB52FD0D8B54BD70DF6EFED3AC0B12E6442E2716BFB3CEFF3D18E26FB440405EA8C2B1992E1
311
C323095052C5B8DC842437EBFB673219DF8DA659866649B798C078B48AE6410122242F2A4994AC7F93815DF85C049C8564CA0A901499DD886B2EB9B1E02448F358701A9235880C49A0119892A20C89D1B9FD768815CAD268CB5E0355B40B1E47F3E37A2020464BED06AA57CE8FCC20C3C3446D46761A2632A8C1283D07031E
311
FF2AE7CCB1BFEEE916E406DFAC8E36FFD99A9D60A6944090EEDC3B670C7DC13DE86B6B2C5C240D6E503BB85ACD579D513F1B9F9A69DC9CC22AFA80C426D40AF0B21EA168559156B6276F0F726A6BFF04DCD513A87A62CAD41FB24FCB2858B3952E3D852084DA25B9303C15687973CC8E8AAE11DF2836C38C6A9E765E8C1BA1
311
BFB1DC29CDFE518C8B5A7655A4ED7E77291ABEB80DBD82EC866ADE1B8D05AF9E35CF09D7A061F38A986D9EC412B8F0F65E5D81534D9B231D1E5A8FE577A241F3A5FD01504B03041400060808006258CD58670136ADA9040000B41400003E00000045363334423631332D423344452D343542442D413543362D413736383145
311
3338413244382F536368656D61732F47656E65726963536368656D612E786D6CDD586D6FE3360CFEBE5F21F87BD3245B0E2D90F4905CD12E1F8A0CCDF5BE0A8AAC24DAE417C872DAECD78FD48BE3D44EE3B5C3E16E010EE75A34C5877C48911A7F7E4914D9095DC82C9D44835E3F2222E5592CD3CD242ACDFAE22AFA7CF3CB
311
785A14C22CF95624EC66FC34BF253BA626D1BD488596DCBD8F2E6FC6335608B7F428D258E807664080A98384D9E75E22F16B2CCF05D32CE502359492C878124DE31DBE89612BB196A934605E44F272A5249F446BA60A11112D589CA56A3F898C2EE16F6B136C595C7AC3C2FF076D3D808BDBC824572211A961A8D96E393F7A
311
F5806BEA91EDDFB1ABFB769EB08DE8BCDFE27EF98E9DE0ABCE3BFCA1C54E8AE777ECE2BFFC92A94C87EDE6A9111BA1ADE75C74BF391275D33FAAC5FABF89F1D33C9836CB3225980B2A479BE96A4FB3D59F821BCF11CF1FC55602586C7191D99E2C9C0CF2B8A662E3484E59466361985485D7E248E7953C01F19DA23B9D2564
311
61B6E09C40FF02D1DEA98C19EBAFBA4659184B7D47DEDF22E2F53DB017721B164F5B845961697F0C699AAC2410982C385725A6361A500F59CD848221F103A8C1A7CA84A55F407794695C905C688E69B111550ACA946B9B4785FC1BDE0E229240B62665328986D5B32C400CEDD88188F35AC25EBCD40836F47F35E5C0EA4B6F
311
767B50568CFFB5665C505E2AD5EA8A9997205F50A2350EAB32C9294B0024108429953DF32C4D812E226658F78A490408362A94987E6F787DFCBBBABAAEDC36758ADEE9B58B41BF0F35D87BB1E991E02BF0B513748E6C0AA2EB2CE56EC68E97585643D82DE284E51DE03E4E22B00738761F1E66E1616A03EE093B0327B6BB97
311
97262B0DCD72C6A5817ADAC1C3C0A3909CF6639B404D18B15CAF4B3C09CEAA4414BD5F0723F059ED37048E7A64271711EDC9C5230F58FBDA5DE00DA512CF04BA6671A0D201A83D2EC81D2EB552C7E5CD1BF9D6913567B2CD53A659AC362A2B200B440195E2ACBBD167A32A86F7874F7F00686DB55D163481DADE5E417E979B
311
AD827FC6B2B0AD8A6AB1567038E466EB4B10C4C2F3F71196A09260938125FDAB8662456EAD68AB2F7C1DFF709C874887B76A4355564F017256531BF73D7D754A40E23401DA38EFC907CF8D8E3C1E5E7505D8E432C60BE1EDA01E5166683F169B6EAC6EC046153F66C2BE0679FD3F407982ABFA28F92E0E457501938D96B120
311
90869079360D3F947CA8BBC3D9FCE1ECF3C676C9BE80EB67CABE004FC290F8E26BE6A0371AD6CE66781C408A1FAA8CFFA63DD93A94CD5E1F3BA6A3DFB05B34E1247BB3949E3C332105035203136EA14AE89FF99E3E0B3C4EFE65C581A3A3D2D0EE84EFDB22B49DA31A07059E69B81628A8ED1228B63E42C3D840C3C01F460D
311
1F331FE199821B03F22CCDB6DBF074B49566B12C3B3626074EA1B130B4596BDBFBB642A835954A9509E5769234228129889952870EEE13F494954AD7A27EAD09411BDEEC5B6B6AD752C11509F826EF4007E86281B1AE63750FD09DBA87A34EF4CE2A75F3E85960004EA6B519F4806609E8C91CD18380BD81691D9F2CB57306
311
31E6DDBAFBC30E96D3E1D3D67EE8FB72BAD92AD4C1FD3CEDFBD2681858ED6583CA3853294B80AF67AECFAC6418D08164D5FD1E52E8B546BCC77B87C6E9D1655FFD384FB26A28AADD82E04B9C64EBF78FFF00504B03041400060808006258CD588DFFFC99640100009B0300004500000045363334423631332D423344452D34
311
3542442D413543362D4137363831453338413244382F536368656D61732F52656E6465724D6174657269616C536368656D612E786D6CA5535D6BC230147DDFAF08799F5FDB600FADA20EA430D968A7AF12D36B1B481349529DFF7EF9A85A718860DFDA73EFB987734EA3D16FC5D10E946652C4B8DFE9610482CA9C8922C6B5
311
D93CBFE3D1F0291A6B0D26A3255464182D920FB4233CC629881CD49C18508CF000E3EE309A100D61622AAB4A8A33B2483F11CB639C545B0E1508438C3D3C0361192846DB7ACD198DF186700D182920B914FC1063A36AFBEE8FBA03FFD3CC1D1F4FC9E151A2AF59F628C5B7821D83FDFD3489305080F2EE04BF962195FB285E
311
9D2DD352320A9E827AE357594914E42B1F5FE35F83688F60C4C91A6C946ED0668E8F244BC2EB0BA6E3BCCFC0B6A4B507F9F9F8D51EB315D9BA9E08D308E89F96931666E577837E2B4172199C68C4FE306156D47DF51C698C7B9D97FE5BEFE2190C3C38BB054E6E8163FB039CB4B993C80BF18D969203116D6BBD26238B821F
311
9BB909AD6D9C71B85BCD8C33D66FEA3D31B4BC0AD45BEA46BBEDDFEC0F504B03041400060808006258CD589D42EB8D51000000570000004700000045363334423631332D423344452D343542442D413543362D4137363831453338413244382F4173736574446174612F41737365745461626C654F66436F6E74656E74732E
311
62696E536160607071B53031317771D4B5303176D535313434D1B5307334D5B57475B334B134363333B3B01002AACB4D2C492DCA4CCC492C28484D2C4ACC4B4E050A82012F90744FCD03CA26072767A4E6260200504B03041400060808006258CD58C55C663656000000680000004500000045363334423631332D42334445
311
2D343542442D413543362D4137363831453338413244382F4173736574446174612F53747265616D56657273696F6E5461626C652E696E665D8CBD0A80300C06F73E4B29FE6CDD8A2E82A083B8B7F209014925C9FBA3AEAEC7DD2555D896CB85E51C2A1BD834F6A1F56EC4494C4695278364ABB24ABD2146F88CCEBB89D532
311
1FF8F3F43D672A3B44DF3CB6A1710F504B03041400060808006258CD585F33B9A937010000A20400003600000045363334423631332D423344452D343542442D413543362D4137363831453338413244382F4173736574446174612F636E782E786D6CCD94314FC3301085FF4A64893176925608558E2B044B2790A818D8AE
311
CEA55875ECC8BE20F8F7D86D0650115387AEA7EFEE9E9FFC4EAE3F075B7C6088C6BB96D5BC62053AED3BE3F62D9BA82FEF58B15632784F3F30563818B065B9CC94DC073F8D73A9C31E269BABD6B8C35CBC8F11690B3B8B4FFD8377848E222BB485185B16F53B0EC06122DF613CF00E0878CD03463F058D69129901E7493A20
311
10764C3555B32CABDBB25E6CEB7A552D56D5F24D8A4C2AB9F3DECEBC49CB821F6F9A4A9FF6325549910125A760662ABF86A9BF54F29D71522452C94821B93277D0D7983A601CADD140C93CE1352195094218A438C14A8AECC22F2F1EB137CEE4964D9206E4C3731288810C5EA127FFA9BDBC371B17099CC66B76E45CE3E57D
311
7839FEA2D7532C8FB9B9BEB49C6BE4C6F517C88A389E93149D7C5DD437504B03041400060808006258CD58E45F47C9E7000000600100006700000045363334423631332D423344452D343542442D413543362D4137363831453338413244382F5265736F75726365732F44453834343744412D383433452D343131342D3836
311
41352D3945463934393336363638382F7468756D626E61696C2F302F636E782E786D6C4D90C16EC4200C447F2542EA3181645755B522EC4FF4D44BE5126F8A966004A66AFFBED072D8D358E327CB33FAFA7DF8E10B53761456314F4A0C182C6D2EECAB287C1B5FC470353A11F10326860007AEA2D9C2E83D5189DDDAF006C5
311
37D7BB70EFE68E0193B3EF31EC62B01E725E45B69F78C0048569C37C9F366098E62961A6922CD603EC0EEC076C4260DC8459D4721ED5F3389F5EE7F9A24E17757ED3B291467F10F9CEBBC098283E2DCA521D43FD4769D900A34B729D6A218479784ECBBA343A73AAF93BC43FB14210A37716B8D624C932F258218443CB7FD8
311
68D9F256F92BA36AEBC6FC02504B03041400060808006258CD58A233C2345D000000800000006500000045363334423631332D423344452D343542442D413543362D4137363831453338413244382F5265736F75726365732F44453834343744412D383433452D343131342D383641352D3945463934393336363638382F74
311
68756D626E61696C2F636E782E786D6C4D8B490E80201004BF42E6EE76F3C0F216234B883063108CCF170C074F95AE5473F5C4C06E932E4F28601967600677D21E9D8092EDB002539227A2FCCB80E1168D80A6417297A89C5D6963B7129A0D1E8F2EE73AA7B62BBEB8B27DE50B504B03041400060808006258CD58BE897623
311
63000000880000005B00000045363334423631332D423344452D343542442D413543362D4137363831453338413244382F5265736F75726365732F44453834343744412D383433452D343131342D383641352D3945463934393336363638382F636E782E786D6C4DCC3B0E80201004D0AB90EDFD75167CCE820A4A845D8360
311
3CBE602CAC26799919AEEEE0D965E2E908050C6D0FCCE04C8BC355404EB6198129C92351FAD580A10E464065907C8D948F8F166375F655BDC3FDC3B4E530A176BE7057BDC43B2A593FE403504B03041400060808006258CD5881AC7EBA7E000000A30000003600000045363334423631332D423344452D343542442D413543
311
362D4137363831453338413244382F5265736F75726365732F636E782E786D6C4D8CD10AC22018465F45FE7BAB31B35F50C760F61EA3B921391D36A3C74F63175D7D70F8CE91DD67F5E46DD3CBC5A0A0395D80D8F088930B8B82BCCF1481745AA618F7BF1B9030AE5641C5A0E59262DE0E34D979CCBE52EFC2F3808341C66E
311
434F91B586B2A66114797FA5C2DC05132DE71CB118E7AA94F9F5CAD6BCFE02504B03041400060808006258CD58F705429F0B010000550300003400000045363334423631332D423344452D343542442D413543362D4137363831453338413244382F536368656D61732F636E782E786D6CCD93314F04211085FFCA86C47281
311
DDBB187361B9C2C2CA46ADEC10E64E72C06C8035FAEF8595E22EB1D3E23A78F93279EFC188FDA777DD07C464314C64A09C7410341A1B8E1359F2A1BF23DD5E8A8898CF30D205E561225526521C232E73930C1CD4E2AAEA6C3835F11EBDC7F0ACDFC12BD269A7529A485AAF542D190DA413352A2B3AD0080997A8A14CC8D643
311
9BA023A80C86C8918FDB9EDFF6C3E66518767CB3E3DB57C12A29C51BA26BBC0D1922CE3723D7588EA118E28255408A25DA46D514449EBBA3A50FC10A2145CAB1B4D0C8FC351752CDB3B35AE552165BC11F460A56C35E447E8000D1EA6BCD7C61EFDF423F4130101FCB4B45ABDCB566FFCDE5DF2A60EB06946F5017427E0350
311
4B03041400060808006258CD58E3603EBE7A000000C20000002C00000045363334423631332D423344452D343542442D413543362D4137363831453338413244382F636E782E786D6C6DCD410EC2201085E1AB90D9DBEACE05D09878023D01A1D34A8419C380F1F82DA68B9AB8FDFEC93C3D7C52546FCC12980C9CBA232824
311
CF63A0D9402DD3E10C6AB03A3397DD192872090D3406ABE7CCF5B5D18893ABB1690CF4DCF02282E5EA8A5BB96FFE536F285CB347F95BEFFE81C9ED5AFF9D5B1FB575BB00504B03041400060808006258CD58C5B93A117E000000A300000007000000636E782E786D6C4D8C410EC2201405AF42FE1EB5A545164003C2411A4B
311
1B620B068BF1F882E9C2D54B266F860F9F6D456F975E3E0601CDE902C8857B9C7C5804E47DC60CD020798A71FFBB010AE3E604540C922F29E6E78126378F79AD74F5E171404B49A76943B026C6E2AED706ABFE46B1BA52D658C2546B5831CE5529F3EB95AD79F905504B03041400060808006258CD58CA1DF9C9A900000073
311
010000130000005B436F6E74656E745F54797065735D2E786D6CA590410EC2300C04BF12E5DEBA70400835E500FC800F84E0B411AD13252E2ABF27A55740421CEDDDD9B55CEFA7A117778CC979527255565220197F75D42A39B22DB652EC9BFAFC089844F65252B2630E3B80643A1C742A7D40CA8AF571D09CC7D842D0E6A6
311
5B8475556DC07862242E78CE904D7D44ABC79EC569CAEBA537E3521C16DF5CA5A40EA17746733E0B6615DE7217475F386F18B9481C510F1F021CD9FF027EA0E1F5C4E609504B03041400060808006258CD583DEE336E64000000790000001B0000006175746F6465736B2D64657369676E2D7061636B6167652E786D6C35CB
311
C10E83200C00D05F21DCA56CA76D41FC96062B120735B69A7DBE268BB7777961F8D5AF396893C2ADB70FE7ADA196782C2DF776D7A97B5933C430F15651E5469C55D70F80A4992A3ADC954792C525AE70A1E4D6AD9816CC044FEFDF01FE3FDE907802504B03041400060808006258CD58C28A5B7BF800000096010000370000
311
0045363334423631332D423344452D343542442D413543362D4137363831453338413244382F4173736574446174612F636F72652E786D6C8550CB6E833010FC15B477838D8194C83842903FE8A9370B1C6225D8C88FAA9F5F3B50A93DF5B4ABD999D9DD6197AFF5997D4AEB94D11D901C4326F56466A5970E82BFA137C82E
311
9C5963FC2F1A645AACB2830403678B35613BA0C9682F7542B599E5010AE7A4876C7AC6A60337DDE52A72117C64B847BE89E9211699937CE77116829A0FA99AA39BBA296981D3D3756C867640F5786D50D59C286A718FD138D0BE2E87BAAD0965451273E6D5FAB37DB2527839032F715921DC2042DF0939637AC6D5072B1293
311
33E76DFCF9589ABE03DEA7AB47E1052BF6E91FD7B0CDFFBB06A53D2D0FD75DE1809378E46BC05991528AE51561AC2951FE0D504B03041400060808006258CD58136B5F18F30000008E0100006800000045363334423631332D423344452D343542442D413543362D4137363831453338413244382F5265736F75726365732F
311
44453834343744412D383433452D343131342D383641352D3945463934393336363638382F7468756D626E61696C2F302F636F72652E786D6C8550CB6E833010FC15B477838D813491711441FEA0A7DE2CE3102BC1467E54FDFCDA814AEDA9A75DCDCECCEE0E3B7F2DCFE25339AFADE98194180A65A49DB4997B88E186DEA0
311
3873E6AC0DBF685018B1A81E320C9CCDCEC67587A43541998C1A3BA91D14DEAB00857CA6A6072FEF6A11A5882131FCA35C857C885995A4DC789CC5A8A75DAAA7E4A66F5A39E0F4701DBBE138A076BC76A8E90E141DF105A371A097B61EDA634B28ABB298B3A0979FEDD22911D404BCC675837087087D27E484E909371FACCA
311
4CCE7C70E9E77D69FE0E3866D586FE718BEBF4BF5BD426D07A77DB141E3849C7BD069C55399D545ED1A59A93E4DF504B03041400060808006258CD58A2446A79FA000000960100006600000045363334423631332D423344452D343542442D413543362D4137363831453338413244382F5265736F75726365732F44453834
311
343744412D383433452D343131342D383641352D3945463934393336363638382F7468756D626E61696C2F636F72652E786D6C8550CB6E833010FC15B477838D813491711441FEA0A7DE5C708815B0911F513FBF76A0527BEA6957B333B3BBC3CE5FCB9C3DA575CAE816488E21937A30A3D2530BC1DFD01B6467CEAC31FE17
311
0D322D16D9428281B3C99AB0EED060B4973AA1DA8C72078573D24336CCB169C10D77B9885C041F19EE91AF62788849E624DF789C85A0C65DAAC6E8A66E4A5AE0F470ED9BEED8A1BABF36A86A0E141DF105A3BEA397BAECEA634D282B929833AF969FED8395C2CB117889CB0AE10611FA4EC809D313AE3E5891989C396FE3CF
311
FBD2F41D707F0FCBA7166A66C536FDE31AD6F17FD7A0B4A7E5EEBA291C70128F7C0D382B524AB1BC228C3525CABF01504B03041400060808006258CD58922A255C0D010000B10100005C00000045363334423631332D423344452D343542442D413543362D4137363831453338413244382F5265736F75726365732F444538
311
34343744412D383433452D343131342D383641352D3945463934393336363638382F636F72652E786D6C8590C16E842018845FC57047411075836C8CDA27E8A937A2EC2ED91536024D1FBFB0DAA43DF5F49361868F7FF8F96B7D649F6A73DA9A0EE01C814C99D92EDA5C3B10FC0536203B0BBE59EB7FD94066E4AA3A906420
311
F875B3E17948B3355E99A41ABBA84394CE290FB2F9110F1D70F34DAD3297C14787BBE74F39DFE555E538DF7D8287A09723AA97F89ABE68B50141EA6964433BC06A9C18A4AC26B0453D82E340FAAA1CAAB6C28417292CB8D7EB0F7DDE94F46A01A244258588414CDE313E217242F48317C929B8F35BDCF980A6ED8018A786D2
311
7AEC6143C90429C61436ACAF603BBDB5B4258CB1A6E1C51EFC030CCFE57F60D0C693F200EE0907048EFF7F5D085EA402E378B51B672A5B7C03504B03041400060808006258CD5856D63C26FA000000960100003700000045363334423631332D423344452D343542442D413543362D4137363831453338413244382F526573
311
6F75726365732F636F72652E786D6C8550CB6EC23010FC9568EF4EEC9884821C2314F881AAA7DE2C67492D888DFCA8FAF9B52195DA534FBB9A9D99DD1D71F85A6ED527FA609C1D80D5142AB4DA4DC6CE03A478212F501DA4F0CEC55F34A8AC5A7080028314B377E9BE42DAD988B6A0D64DB8822A048C50E95B6E0608FA0317
311
55AB1433235CEBBBD2573563CDEA274F8A94CCB44ACD94DDCCC5A007C9B7E7533FEE46D29DCE3DD9F45B4E76F448C969E4C7AE1DBB5DC7B8688A588A68969FEDDAA38A38816C69BB21B4278CBF31B6A77C4F37EFA2294C2942F4F9E77569F90EE42B0697BCC6209AE7F48F6BBA4FFFBB2663236F57D7A7228064F9C8C7408A
311
A6A494CB23C25C4BA2F21B504B03041400060808006258CD5825DBA797F7000000940100003500000045363334423631332D423344452D343542442D413543362D4137363831453338413244382F536368656D61732F636F72652E786D6C8550CB6E833010FC15B477838D8194C8388A205FD09E7AB3C0A156828DFCA8FAF9
311
B5814AEDA9A75DCDCECCEE0EBB7C2DCFEC535AA78CEE80E41832A94733293D7710FC1DBD4076E1CC1AE37FD120D362911D2418389BAD09EB018D467BA913AACD240F5038273D64E333361DB8F1432E2217C147867BE4AB181F629639C9771E6721A8E990AA29BAA9BB9216383DDD86A66F7B540FB70655CD89A2165F311A7A
311
7AADCBBE6E6B425991C49C79B5FC6C1FAD145E4EC04B5C56083788D03742CE989E71F5CE8AC4E4CC791B7F3E96A6EF80BF6E773A56ECB33F9E619DFEF70C4A7B5A1E9EBBC20127F1C46DC05991328A650B30D69427FF06504B03041400060808006258CD58F94CAAED01010000D80100002D00000045363334423631332D42
311
3344452D343542442D413543362D4137363831453338413244382F636F72652E786D6C9591C16E842010865F85CC1D15516B36C846EBBE414FBD5199B5645730824D1FBF586DDADEDA13E4E7FB67F867C4F97DBA93375CBC71B601966440D00E4E1B3B36B0862BAD819CA5589C0B3F3020564DD8C0268314E3E2D6F9900667
311
03DA4DB54EE3212AEF310019EEF1D2801F5E7152895A4324FC2D99D5705323262CD939298299BEACC3822AA00699677941B38A32FEC4D829E3A7AC7816E9464AB11A1B787E34C3E905357173889140965CA4FB73C456A30FC8E8F8497335B880BC54BCE82AC669C7FB0B2DCAAEA76DF958D1F6A1AAD985D76DDED7B148344B
311
E1C312477314D986F057FB6EFC156D9DF53FA3ED0E0F927D874AB7394B917E2E219EDB4EE407504B03041400060808006258CD5883EDB51A07010000B201000008000000636F72652E786D6C8D50C16E842014FC15F2EE2888BADD0DB2D9E8FE414FBD51612D590523B869FFBEB0DAA4BDF5F4C8CCBC37C3F0F3E734A2875E
311
BC71B6019A1140DAF64E193B34B0861B7E0174167C712EFC9201B272D20D2418041F16B7CE3BD43B1BB44DA8754AEFA0F45E0740FD181F0DF8FE434F32936B880A7FCF66D9DFE5A0339A6D3AC183997E56FB45CBA015888214252635A6EC95D213612752BEF13C29055F57A3762BA3A2BBB919BD8060876B57B7C71657DDB5
311
C6657D60F8482E04772DBB54455B1D2BCA789E9605F761897FDE8FC49C0179F948BE3CDF28C1DF9D1B77410CA590B3E31708C2F344FC09BDCEEA1FA18D0DACD80F6E1B1E048D819E44344E0DC6F1AC37CED4B6F806504B010214001400060808006258CD58D7B565390F010000A80100004F00000000000000000000000000
311
0000000045363334423631332D423344452D343542442D413543362D4137363831453338413244382F4173736574446174612F446566696E6974696F6E4974657261746F7250726F706572746965732E62696E504B010214001400060808006258CD5851E735721D0100003002000045000000000000000000000000007C01
311
000045363334423631332D423344452D343542442D413543362D4137363831453338413244382F4173736574446174612F496E7374616E636550726F706572746965732E62696E504B010214001400060808006258CD58B5A795FFE3790000DE7900006B00000000000000000000000000FC02000045363334423631332D42
311
3344452D343542442D413543362D4137363831453338413244382F5265736F75726365732F44453834343744412D383433452D343131342D383641352D3945463934393336363638382F7468756D626E61696C2F302F67656E657269635F706E67504B010214001400060808006258CD5828BB58AF800100009E0500003D00
311
000000000000000000000000687D000045363334423631332D423344452D343542442D413543362D4137363831453338413244382F536368656D61732F436F6D6D6F6E536368656D612E786D6C504B010214001400060808006258CD58670136ADA9040000B41400003E00000000000000000000000000437F000045363334
311
423631332D423344452D343542442D413543362D4137363831453338413244382F536368656D61732F47656E65726963536368656D612E786D6C504B010214001400060808006258CD588DFFFC99640100009B03000045000000000000000000000000004884000045363334423631332D423344452D343542442D41354336
311
2D4137363831453338413244382F536368656D61732F52656E6465724D6174657269616C536368656D612E786D6C504B010214001400060808006258CD589D42EB8D510000005700000047000000000000000000000000000F86000045363334423631332D423344452D343542442D413543362D4137363831453338413244
311
382F4173736574446174612F41737365745461626C654F66436F6E74656E74732E62696E504B010214001400060808006258CD58C55C663656000000680000004500000000000000000000000000C586000045363334423631332D423344452D343542442D413543362D4137363831453338413244382F4173736574446174
311
612F53747265616D56657273696F6E5461626C652E696E66504B010214001400060808006258CD585F33B9A937010000A204000036000000000000000000000000007E87000045363334423631332D423344452D343542442D413543362D4137363831453338413244382F4173736574446174612F636E782E786D6C504B01
311
0214001400060808006258CD58E45F47C9E70000006001000067000000000000000000000000000989000045363334423631332D423344452D343542442D413543362D4137363831453338413244382F5265736F75726365732F44453834343744412D383433452D343131342D383641352D3945463934393336363638382F
311
7468756D626E61696C2F302F636E782E786D6C504B010214001400060808006258CD58A233C2345D000000800000006500000000000000000000000000758A000045363334423631332D423344452D343542442D413543362D4137363831453338413244382F5265736F75726365732F44453834343744412D383433452D34
311
3131342D383641352D3945463934393336363638382F7468756D626E61696C2F636E782E786D6C504B010214001400060808006258CD58BE89762363000000880000005B00000000000000000000000000558B000045363334423631332D423344452D343542442D413543362D4137363831453338413244382F5265736F75
311
726365732F44453834343744412D383433452D343131342D383641352D3945463934393336363638382F636E782E786D6C504B010214001400060808006258CD5881AC7EBA7E000000A30000003600000000000000000000000000318C000045363334423631332D423344452D343542442D413543362D4137363831453338
311
413244382F5265736F75726365732F636E782E786D6C504B010214001400060808006258CD58F705429F0B010000550300003400000000000000000000000000038D000045363334423631332D423344452D343542442D413543362D4137363831453338413244382F536368656D61732F636E782E786D6C504B0102140014
311
00060808006258CD58E3603EBE7A000000C20000002C00000000000000000000000000608E000045363334423631332D423344452D343542442D413543362D4137363831453338413244382F636E782E786D6C504B010214001400060808006258CD58C5B93A117E000000A30000000700000000000000000000000000248F
311
0000636E782E786D6C504B010214001400060808006258CD58CA1DF9C9A9000000730100001300000000000000000000000000C78F00005B436F6E74656E745F54797065735D2E786D6C504B010214001400060808006258CD583DEE336E64000000790000001B00000000000000000000000000A19000006175746F646573
311
6B2D64657369676E2D7061636B6167652E786D6C504B010214001400060808006258CD58C28A5B7BF80000009601000037000000000000000000000000003E91000045363334423631332D423344452D343542442D413543362D4137363831453338413244382F4173736574446174612F636F72652E786D6C504B01021400
311
1400060808006258CD58136B5F18F30000008E01000068000000000000000000000000008B92000045363334423631332D423344452D343542442D413543362D4137363831453338413244382F5265736F75726365732F44453834343744412D383433452D343131342D383641352D3945463934393336363638382F746875
311
6D626E61696C2F302F636F72652E786D6C504B010214001400060808006258CD58A2446A79FA0000009601000066000000000000000000000000000494000045363334423631332D423344452D343542442D413543362D4137363831453338413244382F5265736F75726365732F44453834343744412D383433452D343131
311
342D383641352D3945463934393336363638382F7468756D626E61696C2F636F72652E786D6C504B010214001400060808006258CD58922A255C0D010000B10100005C000000000000000000000000008295000045363334423631332D423344452D343542442D413543362D4137363831453338413244382F5265736F7572
311
6365732F44453834343744412D383433452D343131342D383641352D3945463934393336363638382F636F72652E786D6C504B010214001400060808006258CD5856D63C26FA0000009601000037000000000000000000000000000997000045363334423631332D423344452D343542442D413543362D4137363831453338
311
413244382F5265736F75726365732F636F72652E786D6C504B010214001400060808006258CD5825DBA797F70000009401000035000000000000000000000000005898000045363334423631332D423344452D343542442D413543362D4137363831453338413244382F536368656D61732F636F72652E786D6C504B010214
311
001400060808006258CD58F94CAAED01010000D80100002D00000000000000000000000000A299000045363334423631332D423344452D343542442D413543362D4137363831453338413244382F636F72652E786D6C504B010214001400060808006258CD5883EDB51A07010000B201000008000000000000000000000000
311
00EE9A0000636F72652E786D6C504B0506000000001A001A00210B00001B9C00000000
310
504B03041400060808006258CD58000000000000000000000000370000006662782F34344239424231412D353533462D343544432D413035422D3731413338343546363046382F617474726962757465732E62696E504B03041400060808006258CD58000000000000000000000000350000006662782F3434423942423141
310
2D353533462D343544432D413035422D3731413338343546363046382F76657274696365732E62696E504B03041400060808006258CD58F270F1330600000004000000360000006662782F34344239424231412D353533462D343544432D413035422D3731413338343546363046382F747269616E676C65732E62696E6366
310
60600000504B03041400060808006258CD58B5A795FFE3790000DE790000420000006662782F34344239424231412D353533462D343544432D413035422D3731413338343546363046382F7265736F75726365732F322F305F67656E657269632E706E6701DE79218689504E470D0A1A0A0000000D49484452000001000000
310
010008030000006BAC58540000000467414D410000B18F0BFC6105000000017352474200AECE1CE900000192504C5445818181B3B3B35A5A5A4848486060605C5C5C6464648383835E5E5E6262624E4E4EAFAFAF4A4A4AB5B5B54C4C4CB1B1B1858585B7B7B7585858ADADAD7C7C7C464646787878ABABAB747474A7A7A768
310
6868707070B9B9B96E6E6E6A6A6A8B8B8B666666545454565656A5A5A5505050A1A1A1BBBBBB8F8F8F9F9F9F4242425252527676764040403E3E3E9B9B9B7A7A7A8989897E7E7E9393939797974444448787873C3C3C727272BDBDBD3A3A3A6C6C6CA9A9A9A3A3A32020209D9D9DBFBFBF8D8D8D9595959191912626269999
310
992222222424241E1E1EC1C1C1282828C3C3C32C2C2C2A2A2A2E2E2E303030C5C5C53232321C1C1C363636383838343434C7C7C71A1A1A0E0E0E121212484A484C4E4C1616160A0A0A4A4C4A787A781414147C7E7C9193915E605E464846838583878987B1B3B18587856668665A5C5A626462818381A7A7A5A3A3A1B1B1AF
310
ADAFAD7072705C5E5C9D9D9BABADAB7E817EB7B9B7585A58BBBDBB4C4C4A8D8F8D747674B5B5B3B7B7B59FA19F606260ABABA9A5A5A39B9B99A9A9A78F8F8D6C6C6AC7C7C5451AD12700002000494441547801DCBD89771BD7B5A70B8EE04C702641712605CE034890E220088028C93245451215B713AF388E7DFD9EEDB8DD
310
CE6ABFF4B57D97137BE50FEFEFDBA74049B6AEED74869B7E87404D2814EBB7F76F0F67A8835CEEBFA0E42B854AA5B2BB5B6BCC951A8D52A93657A914FE0BEEE39FFE2FF395B9B9C6CAD2D4C4606F4B7FFF8D1B37EEDCB97587F7CD9B4343BD134BABE7DB48E3FFA7A228ECD6F6574E4786C0FC8B5FFCE2CD5FFCE297BF7CF3
310
CD5FFC92B52FFE58BFF9E69B776E0EF5F79E55CBBBF9FC3F5D3DFFB07F5898ABAF7CDA3B74E74EC0CE20230561BF096E97E05712BFFCC59BC80539DCE83DDD6E54FE61B7747DE17FB8980BBBFB2BBD4337DF487881AAE6C5ACC6AF25207877B2B527BFF1CB3B77FA47561ABBD7F7FA7FE146A5B6BD74E3164C7F51449AE95D
310
B412200EC539418717E7F2F11B376FF62E95FEAF1442BED0581DBCA1BD2780D23F506AFA16E1A7AD974EF17876F00DD7BCB187A1A97AE51FCED5BF2BC1F2BBE5B3C19BE27B43CF26DE00933658FE129B109C2FFF922CC22C4260FA01BEFB462A77DEBC35F42F600C3F5B0795D2E9E02DAD5E650B4438A92801B65C35CBAB7B
310
1EE5041CE69D3B6F1822DFB873EBD6AD3B6FBC71EBC6C86AE967DFC2DFA4CEBFF1BF54F6276EBC114E2F43FEC60B01A0D440A868B2920E5C4BC10D60931ADCB871F3268B21D3851B08E1D6AD9BFD4BF57F7577909FAB86F29B982571136AF01DF5FE32AC3BD9406CAAF2440A54CF176EDD01FBADA1FEFEFE21FE4C9858DFF4
310
183458A9FD2B6708A5A5A137E0EE1D11A9EC0C7C58B2C73C0AD6B479BD76B7790CF899E287FA5B06FB7B07C9195B7851FA8794031EF1FC5F9406BBFB23375420286399B631E93B08022A785C4DBF9996EC3551874094D71B6F487E80F6837E50F483BDBDBD83232323AC420A18C68DA196EDDADF68A77F938F78FD972BABBD
310
B7B87FB164AC6FC2CB760365821ACB74AED44FFAD7E7431ECD7E08AC421F391D199998989A383D9D98E8E56F84A318C58D9BFD2DAB73FF5222C8EFAEF4DE7AF30D756E5108683DA471E70D0502099A7240F19E4089D3FD203E620F1B47BF43501E85031AE44B4B9F2E4D2D9D4D51D8970983FA861B3706FF950CA170DE82F6
310
B312CC4F42C8966295F7D725ED29882415DC055F36DEA1FE96FEC141493F05FAA9A9A5A595B333DED5B3D5A533F62183323032F46EFF13EA0AAFA5FBF7C8976F8C10F7280A014832593B90004D52341980D907EAEB73411EB2F1EBC9F507F92746C40E7AE0AFAE54292BAB2BAB67CAE0746264A277B06508168C94BF772BE9
310
765F7BF0B548FE1E07F3B5A521340A5CB5297C4B12811B89E82191ECF3E41B3259C529F135E23CF4C7F961FB13537F5A02ECCAEA76B5BA5D3D3FDF3F2FEFEFB3AA22053E5008833428DC6C59FA2F770595F311F235D427F379BB8A121BD901B96076A388DC4C3C61C7933CCCD770FF375A6E0CE9F535FE2534BF5ADD3E3FAF
310
D71BF57AA951B6D4CFEBFB8864758A26154430080B06ABFF557610ECC93726224F155D1471041E0D42F82F4891C926C1355B0831649FF365F46FF05300A7A790BD8ADEEB0D4AA9569A9BDBADCCD56AA55AE377F5F3F3EA2A34983A1DE91D810543138D7F28E57FF4E2B5335A3928B76EA1CB9B00BF158C8F63A2E788826896
310
D0B5E7C461949ECE089144F8EBEFC7FB4D8C9C4E9DAD60F7FBE572B416C2F2423ECF8B86C439E450DA970634ACFDA977629098D0B2FAF313A36B3869E37AF7853378CDA1171FBEBA95DF1E44FD5144A420588641B0055A79ED91CC0DC41E27064512FB33F1F04D09D0D2DF0203A646A6CECE80DF28356A348CED8C4F1EF137
310
B9319E1BCD29867CA556AA97F7B757567006A447FD375A26CAAFDED9CFDCFB2BB0BEEE8AA5911BC2C7F85DF88A3775389990AA72219D582409210F85A4E66F2987D875C30848023088FDF77E87F96FD7CBA5B9DCCEF4F4C9FC7C676777577B7B7B67E7ECCCE4E8DEE85E81A6D55AA3BC7FBEB242589CE8ED4770E785D7DDE2
310
3FF2587EBF57F50B9E820527316488E5C32D50F979BCA58207297E2B6D658702FFCD211840FE43FC9F3A5BAD9E97E6F21B9FCF16BBBB3A3A5A175B5B1787875B5B3B86DFEFFC687A72674F19D46A8DFDF3EACA59E405375ACE76FFA922C817CE86A89BDD92F400F2C55B7462F610459837D3A61ACF50C7471C8F2F2A9D38C3
310
DA2F068007F80EFCDBFBE5DCC674B1D83EBCBEB8BCBCBC3ED0D3D333D0B3DE33BCBEB0D8DA35FBF9F8CECE68AE020BCE61C112A4C1138CD47F9AD13F7DC6AB9CF9CFCFAF9D0E01FFE6CD503F5B91C5218E2899CA15098714848B04FCE5654884ABF0E554F11F6C21D73D5D5AADD64B7B9327DDAD8B0B7D7D6D6D07070763BC
310
0F3E38E8EB4310EBEB8BC3DDB347E3E37B5842B97C4E44A0C630427E5CFDFB71E03F471E12CA9FF70E055AE141042DD81234B879EB4606361D9328149037D7D76A571A7E974FA20AD0323832713AB5BA7ABE3B3E3D3FBC30307070B0B9B645D93C3CDC3CDCA41CFC6AAC2D64D0D579B4B1B397A7C1BDBEBD7D36657A3CD4B2
310
F44F4909F2B9CA597F4245C59DEC354316F0587020D0C661742BC02869435FD12CF195C422DB3C5A3E2305C000CE6B7B27ED8B7D63079B5B5B878787C787C7C7C757C76C51B60ED60EDAFA06D67B965B3B672677080BB5329E60E9B477847AE2E9EB53E35779FD37EFCD2D0DDD68AA355B6B0D81860502B8B68C801F5C697E
310
9AD62F4B406244CB975560BAC756AAA577675B07C6D03778C17E7C95CAF1B3ABABE3E3ADADE3CDB1B1B6B681014470343EBA979F8B90383545727C63E43549D14FD0F927E5F1FDEFD7263058FE02EBCD1BDCBCA053496BD58E69BC44F9F854D4D979AE9ADB908824382AC1D4014E9756EAF9CE85B6B54DB01F02F8EA5908E0
310
D9D5F1B3E72188C3C3AB67879B07C8A0A767B8B831FE5E7EB754DEAE5261460243FFF07858D8EF0D658BDC563A2C5EF5833C13C90B69248C4DD97842B61DFA7F210A2F6108A0F96B62E2D3B3F3DD939EA47E30ABF5AB2B903F4BE5F9B36757CF65021E616DAC6F60A1FB647274B4B05B2E5341B082D43278F67D8DFDA48AFF
310
9A13F22B34C7586C9992BA6E66CABC190E313E7C811AA57304B421A75B289B9D174CC868C24548823E230B9A5A2DCD2CAFE1F98E61C015CA7E96B083FC59F3ED06EE60F360B3AD6F79787ED278D0A86FAFE00BA9220EAEFE1D5DE1F7855939C3FCC1332426B377F692406E022C010DB437EF009803F0DCFD3B7C94440571D8
310
F2C328F115F47FD324802070BAB43FBA80EFDB92FCA1F7E7CF9FA875CBB327CF9EB08C4DE4815BC4210E2CB7CF1CEDECEDCED5B757490968286899FAF95583BF46F9393CEE6A86D6F618CAAD9BFF0BE22B042412C5CFB50556815CC5BBE33E9F61ECEC26A9BCB8145FD10590078F9C9E953B513FAE1FE387FAC246E14F9E3C
310
E7F5F8194BD6594140876B6B84C5D6799C61A16434201E5237582AFD75C07EEED9863F463284E2E13425A036BD41061259289B6BDC1ED656FC8B8592C9D00701E27CEA749F0D8EF44EAD8C1F80FFF8F8F9D513191F6803384C800097F24069C407CFAE88136B7DCB3D5D4A60B711F19070D83235F77331FD35E71596688903
310
8E2E0B346EAB7936C4162043E1A1F144093695443A570144898BC4079CEF1912809A3035A1D3F361235F90FFF1E3E0FB93C7E2750719F88E7D8E68123883ADB5B18185AE99F1D11C1238A792DC4BEDE8EC6FF503DF377E0445F68FAF4E08D43082D02170F30131A154206CC559A8D9CFDD762B31273E4947A581E0D9BB71E3
310
3FFA07CD02CE2A6BE1EC80167497F2A81CFA3F7EFE58D0CF5D5D170DE4F89070B0BC4040CC17BEAC6B0586C3D3FF0309BC06F44B04A1E13729929B4DF73C44070692C810B08AC3012E8EE9EAE22067796288C193B2139B970B86F47FAD0F98382B1E035D9C32FD318A4FAFCB274F2E1FA772F94411B0CD42493C23393A685B
310
5FEF3E1ACF554AF5F3552A478383374E6B2FDDFC4F6DFE38F4F4ED7A7FE838F488EA852482F412D3CB07E293D02C9F074F12E84C5AAC423271450572A385449844706475FD38DC3C22486A0639E5F1E38B0CFE93CB4B25910EF309A2224BD8DAD40C682C28341AD69047E8539A6AFC14EC573F7FAD10AE0FE6EB13E87B28E0
310
93B513B5803514DE408809BC12A14876DE0A25F643009E9176D9F0C330164285A7444DC8CAF0E9FE41429EE0A2F6A6DE91C0856C501272404A8468822E24C807030B1D33D40D4AFBDBABB411D093D88C86D7205E05FC57EDD1F805FA4CED5920F0CED39157E007CE21757C5DE440ECBCB46CD283E378029B43FB077B4F47E6
310
0E9F61E8D01BE017D7E843EB49F50A2028F1E442FCC90C9EE308E4C0C2C94EAE30B75FAD3A0EAFA57FE9EF960F14BE15638840EAF3BA490BB6850EDB38EECAFD21A0C746D0C4234DBD035EFC7EDD121FA585FAB73DB89FE6A03CF833AB0730E5E2F1A36CE3F202A128934B44E396961121E1F2C9F32BFCC0C140CFE22C1CA8
310
E109B182919696BFB98120234F61B59F7BF46EC30CF067B21A33B0FB3E402448EE266CCD93135A8E823DB31F85E677434E608F53F8100BC0098EA2FD6BC01770E0F2F2D1E5452A711C4BB8486248FAD756D852026B6DC90A2AA5C6B69E9068B8F27AFABFFEE8AB36F1D23985D5960014FD711940800B560250D2272CC54FF1
310
D3A660B275AC3881E349689C1616E1E9044129D032313509DE4700BC867C71F128C400159407C761022BA8A040F40A244788808C60B3AD67A17576279F6F946923191921B0545FC2F12AC0EFEFBD7262B6935679FC7F80629160ABFAEC88E8430E76D82A8DE62ACE50BD4A42FBF03B387B37FD321B37E31C3F063D99703F51
310
60E6C9E5A300CF32A91E0A085A29C0FC507F6C21012303C6104B82C1F1E156DB3229D1A855A32A8352C9077AF733A0AFE0FB3EF81FDF2F0F82C21B0EB06998866878B103305E31EC17F4FD43831E570A2118D1667632D4FFFFB125782F96168A833DBE78C3F11F8383A79D49F58F1E3DBC780417AE6581381E8610604888E2
310
913E12492881274822C221AD04CB0B1D273B8542837460898C686864FF6F801E8269F40AD0481DFAF5E6E9C1F3BE391C325004DF0746A4E4448F7B52C0D5EAD39EC46896B888C4210D68E99DFA2820DF7FF850EC407EB55C3EBC5028611409BFCB8889C90F1C52355AEF98B18100094C9D0EF6F64FD47E5CBF3FF5293DDFB4
310
B50DDD54F351446FA1F14580DC3902C085F593CB24ACC917B213BBC11B3F0A61042FD8B24F4FB9C4556D0CB9E1A880DE89934CE9607F18F81FDD950DD0E1D143F41D56110E227C250621FF098838042BC85B5B6BCBCBC31DD37B34966E9FFD9936A2FEFEA9EBA4182E5CD3E17AE35501FCE0707E5525A7DBC64DFD077825BE
310
37CE0BBE1BBEC061410C660B6E49912665E2B3749C7C9F93834022F74CDE6CA5EB501D9CBC04B768292C5CCB84478F3CA83074092C6082169015E5800D5839DC6C1B58EFE83ECA513BDE3EFB8EF1242D2D4B3FD55AFE03D42F8492AF8A3F21444FA2FA9ABBF525EAF84C09F0168527B0138A85D1EC0443C467B28BF844EAF7
310
6323BE13D7C11F72FED783837B970FEFDE7D7817E077C17EF7E2A1C2C0FE851FE4C008388C15E818958746129E1009D054B67530D6B3D8DA3D59D82D9D57CF70039FF50FFE0DE94089DB269C3655A4F25B38C49D0BD48E59F1526887C18FC5272197F85CA72862A593A4843CD25F920487DDF7AA0441A2C0600D062001F103
310
FCEEA3D8560CEC3EBACB01CAE5A51E420349F602191E5F901893142381351CE17047E764BE50DEAF9E4D8C38B6ECFFACEB141E54A6865A88A60133EE9CBB4C256930B0B168C1C3AB59FE1743FB422C7166082E934AFA5EFA3E4BCE0B69362FA7041818B7FDECE1DDFB4D022007CA23E521F0700AAEB5888BBBF08023E128B4
310
045381542FA256B0D04E28A0C3804E233A1BFB476A2F48FD135BAF9843BEDA3264EB42BA499601F16B566E72C7EA35908ABCB9176BBED43204C696AFD3D7B24B08D3AFA44BE243D88A6D9D0B6562B52F741E1610C0EFBBAF2B0829289A640EC4C8A4FF66A24430786CEBE1E1E61AF9507BFB496EAEB64F8F49B4129EBDEC06
310
5EC1F8A3F228A3CD0950883B41BEC6D1944AE06147289600A7726313AC69A3F91197F1438BCB743E76F01F6EF1D1C854071670FFFE43FF1EDED702EE5A14C85D0C42DF90B86068800659AC88981855E3E774A71C0CAC2F76754EE7CC87C808D1E1E0F6CF47FD4224731337BE1E39C5010823EE997B1491BBD99FC8D8EF7748
310
2BEB5EB2CF66499A8E0F7511B19B3EFBDACB6507BC78731B1B383D02FFDD7BE8DD9256F7D0BA7B46015941097B80018F700FFA024CC08078F51806100ADBFA163ABA8A3B95B9D2F92AC30BC908ED31FABE0CBEBFFF0279B675868F9AA24E9530B08C174055B7F48E4F58002F3E82F0BDFA003E8B431EB6C4A91E4D9B5FFB79
310
1265BA8827BBE5F1BCFA7F789F72F75EC800F8AE43FFAEC42F13009FB905A9A0132015D0068ED7682AC608BA6771038DEDB3B33082891FAB1ABF5614F93238079726B833958796B845B731FCB86316713C1DC581B1E19B424EE32674093F80776F7E27C6FBFAC85C536CD955B96EDA2A3FBF770FF4BE11845470EB3E42D022
310
000E0FE07D161811020742162444668308801E133A4C163BE68F6826A5523071CA78B2FED51F28F8C70FE4190073A3E5D3259D7A288CD19BDE623F10021BAB0C6E327FD507B2741627727EA00D31856492F9F009D7F152D930704E642795C1C1B336E0DEBB7F0FDCB79318543B25341F36802D64A981A690B94259607DE0B1
310
9D466BF8C1C5E1CEF9A3FC5C639FD6117B4BAEAB453F8EFBDA500A67E8BAF76C8A06566E36EE1184E8329419161F83D843D5DE7D8221163E145F56921C3EE383978072129E290A9B7166E63D26BAB1FCDBF710009E4051842390031845F20077CD079407C575F20364C4910ED2A574BC357630B0BCD8DE39335EB175646A69
310
8458F6A346F003A93002E846FFE0C459B8006E506D79BF902908A0AA05CB5E73530E33BA1D3C2EF99C712B7C8B41DF4D2A7830BE8707485FCFAEEB85A09AB6D39BBF7B4F23E00509C20DB04E240822A4B810E04D8D53D10D504C059ED86BB8697F514777717A8F8144D48A4C89077F7EDB00E2D89DC02A7B975640A282C49A
310
4AA84B70B12BFED8EA6584860DFB7EE23FCB00C6BAF7332FF259FA3C9346508813E372F1DDE425065BB61FDF8300F7EEDDBE8D0C6EDF46F7D8823478590AE23759D60DA6B7A9F125EDE8F4A5D2B37470D0B63C30DCDE3D3D59A8D1501EB1B0A5377517BDD6E301F995E3F955F0F58FAC2E81CE172A8344AC03DC6781939D24
310
84B8FFC15E8F3ACCD3954CE19576B942D0A029188EC7013FE59AE90B71292DE774F1F63D60230180B30A2EDC65291B6211B4081128856001A680015CE000708254891851D4B3BED0FA4D7166B466BFF1D2A924885AD12B387FC0FCE6819AC3AE06A7AA4B715F0927B74D119D4A668FB54B8A8C268D8B038A207D10A7B1E95E
310
42195B695BE0240F7408B311257C23F581E987C180140C584A02B1670CB817CEC0A080F259F1360E58452013200E3EC107AC1DF4FD7B0F6D23F33347F9527D9F51E6138E31AF35F1BDAAEEEBA3D71BB402E2FB47CECEE96B4DB85536772B07C82A34F3E66D0BCEC207FEB9E70643761276F7B50D5EE963CFF80C7AF4A2130F
310
5BF8C4EBFB5F07B709840480DBD8007FB7EF3F90104908BA457D43AA2A6A02C91422285E5AAC143F3313A0CB74D9D164933B86C25587134E8D342B453FC982860D09FD13ABE72055ED020E85D3E312F74C25CB0293D978A1C4001927C80B86FD06349126EC219F0C735C8053D8F5F310817EA01F1B7851F406144C211C6362
310
C27DD51F1E310C0102280ADB891E9B085CC528A2B1369A46BA195B9A2B351862CE43174BA73FB7CBB430A5798F4C54B7333B96C3224A9863AD02B9FBD8E63092191924E77C199D92887DA594B6DCF0112857162FD0949FE6A441F5E62E42FB2105BC405A2301A3424601DC807912CB2C39C604A27908021CDA30C4C8C2019A
310
883B3A8BD393BB3546136EAF561980FB63E9E035FF73B96D09A905ACB2C11D79571C5159026227DDBDB81396EB03F14100BEB66DE1FA9EF82C3ECCBE318119C4269FD014E66361FC8BB0B4EA9A98EF3D8848A01360430284335004C183CC25BCA82D2302EB03B8419241C64DF4F5ADAF77B533BE786334BFCBB8DA72BDBEFF
310
C36103AFB30608A0B39B58D93F0BF42180841DD26BDC22CF0A770E90240006BAC65197D90920131C7B2EB3CFD3C71C6378A305EE8488FC1FF8D391E2BDDB0F6E3F45E7C8207C419800DB410073A3173942CA8D5242642A74496FF115832A6314D9FA4257577BF7FCF8F8E8CEE8DEDE5EBE76DD3CF892BA7FB8B90F629431B5
310
525E92A15A3A4A6FEA3FDD73136172060959206591F4C927196CF645AA285CF3014630121754261C0D31E1A7E3DA2DBDB54B04703BDE3A4209F02045C4BB0F529A14BED07098A2A1CD47513DA64B512F409BC01663090796D787173B5AA141B1B39BB470EEBCF1E30F9D263ACC4D05110797CEF7B923B027F089F74D1D06F0
310
A4D8C0CDA6604023FCA45B76C5CDE0BF3845ECBE13E0C0ED73700A8A753C1AC8AEFFF1B407FC8A20F42F0D94019121DE304077A027D4112283BB8FF0072444D68AAD111D6F591BC0061854BBC048EBBE9E81F6A33A95C21BFD13AF3C7E7DCDFFEB0DE8903F77B41DF178E99C289895B0EA8CD640549D68935BA7C5294E0A1D
310
66DA0CC419BD398E6265789CA1241441AC94532A3C19C95340BEFC68703077EFC1D307B71F3C500859C11494838E902203A2BE90EACC5135B80B078804340C920C2300BCC06F7A1C71B875DC572C9BD1D84BD5FB9363CA6BA7D03E5C40FDFC54FC23C9B4B9DDD028787D89219038523BF64E638BB37CC25335937A00DFD328
310
69C5B390C8C32FF25C8C47A7181B4A599A224A9DADB0E0406FEFF9F183B7448F081E3C55024FB33828784AB61704482CD0160C04174F9E33BA9291D58C2F1F1B1B3B5863B0D9F3E51C35C253D54A23E560E2C0CB3A6F7A81382601C2079CAE96B7B1560D20A341E85A928A4E01083256420576C2ED477E2E565FD9223BCC69
310
1CF394D3D8E281501E0EE5C1C8159E92585D255CF30CC854C75318006EA4A01028EC853F9407C6053910BE105348324002260254886C156260F9189EE0F8C9A3CBAE9D5A992184568A69D5183A7DB97DB089FDC57AEE54F858FE54F577DBA85309640290F2D220952620750C5811FB772A7876D1E4040FBFC6474D51246D8B
310
3FB378283FB514F8AB3C20B8BF7DBE5DE541C9A5D3D38DDB30E00151E02523081BC89C2214103E0BC1B3D0199A08E002681A2613A2616CEDF0F0F9C5DDC75DA395C25C0309C03DEC8091A4AFD3FEB504AAC6633930556DAC86EE3561941E862C4A75DD6B6BB3A0C59BE153DFA73EDFCBC3CE2188D3D378FC976D0EF9A95B7C
310
8532F527CE3CF539581E0FE501291E9139FFB65EFF5DBD8E0C18DE3077170A64E033FD278F18068028802F156C3809FDEB11B1019C208D020C9BA2870457F0F8E1FDC7EDD393E3B9FC9C4308E9315704233F960E554802C14716B0B45DAB5EAB5E25AB7830EBB8D25E6CA94E4AA01794FB1EE164FE9F040FE82C940A4BCEF9
310
13075D087E85A7237D3CF29C47E4E676777779528C4781761F0BFBC1D3A77880E40C9A2E5109180D5255317890394229F0F082010354082D574F1E3FBAB7D6553C2113DACB97BEB5526C7C6F69F9310A94C46CD89FF8F379AD1AA035FD00FF3F320180F01417A6F255A3A8D86319FE0C0B0E06A0DCD33F79841339C01E5BBE
310
1911AFCFF7C1E0A540BFBDBFCF2372352686D863F83F59CB6865F43104007EE06F52406F680341102048A01BB048823082CBCB0B6AC48C313F3E7CFEF8F2D1FDC3D6F6F9F9D9E98D9D7CAE5EADE2A6512FAD7AB526E17F600C85550DDE9ACFE9D97E694513103BC69F8A2813176032C890C1E9C49FC09C61670FF8705B1D73
310
86260E7C8E7122C7F8208A55139E8C8D4763F7EBF5728DF9C34677364E3A3F9AEFDEC9CD95470788834F9FBEC512379890B38C94205B2557987C4186DF5C0837608DF0F9F3CB87B7EF6E920475752A01460E556919B2B64296FB9FB70DD5F47232A0F77465BF140CD001F00ADCA175090E2665A14E6329B62660E02A1CB50C
310
6025E3DA252A670B3F0FFAA5EAD94A509FE7036B159E0D1D9F2E76B7AE1FD5A606198D3A747AF450023CBDFD162278B9446688111009B4029B0F2180AE20A542D40610C073B47FEFE1416B2B12200F3C991C2F54EC2491027A816B0A34A9D05C6F437AC23462385DADD75642EDDA738AF1600DBE07EE8437804D2D011A94DF
310
71C2085EDD40266A407FFA1D1C00B0C03927E60338E3B9D8C47D1F8CAED578E06F7CFAA4BB63B175FA7C301B747CB377F45192003CB8FD34B12009224543D8604494011A80C1903CE0518C986208E1C5FDDB8FDA161686873BBABABAE74FA637BEA894A44078C19696F326E057D7F95D061A6B0394A9D5F2DCAAFE4C2388D8
310
A6E9AB7695CB0BDD0A332430F1A9333DA41D1FFB97FA09AE84E738C75C407C260408F8DBD5EDED7DE1570A7BE333C54F16963B46AB0C2B71208EA3D16EF4EEDCD7005241166C005A73C03164792151205C007288AE337B4D7103741BDE7B7AC913350B348B2D767515674EC6F72A0402BBCB41C81305AFCF05F2758D3ECAC8
310
D26AB97606DB9581A4B7A8FFB068CD5C0604E6849046B70C2B60FF0CDDF93C13822B4E82FA0479A68220E66D9FD775FB3C1A9CDBDB9829B6AF2F77EC9E0678FB20ED8D1B1A1A39D10F9812E20D6281F5673121AACAA9C53424000DAC173F7E18C3052EEE3E78E7F1160F5AAEAFB70E0F7775CFCE4EF384DDEEBEB9C0889D52
310
43BDF557559FEDE5F17AB21E118C4C31A3DF6A96B56AC62180293910ECD6B721047664BCFCC6B2DD3C65CA0F0C823DFEF84083C7ECCDF05898EEF158F4FEF97EB9C123F1B9D1D1A3D9F9AEC5F5CEDA84A3C96C14A55584D62893D6A54D8D2028D05C8B1F124884543F3223B29D208B04910D3FC43F5C52196AEB5B5F5E58E8
310
E82610F08C21BD443801233C0CE8BD1E40F84A1CA86001990048031ABBAB11EF83F9283EA89F181F2A0D9A9F62D94B7F625FD727E6A93F63F200F614F7CF100D4511C07DB45FC5F0CB4CA359ABE4774631FDAE85E599EA0878A3C33D5AD6430CF4C055EE5FDB80629000D7855DED3F436F3B61B3DC7FFACEFD2B1BC6FB0696
310
312CFA477CE87A87070C7998E04FBA78AE3F915A065E819FCF35B410321D9ABB308146A11AD5196CDDD7C477A171C8AFC74B45CBC6F641AB53C8D4ADA5870C02379BC0470CF83DB55F073E29CF5CE5F7A3F8FD62EB7AEB1774C2C6780B9523F9287193FD23DDB79FBEA513B45200E2E0C1B51350163AC19043C600F2C1DBF7
310
DEBA7BB9B5457BC0D840CF325EB0BBABBB786D301437000020004944415472B491ABCCEDAFC0591201CAC8EBFACBF367FE7B6E40E69F551BBBE7123E3C00AC560CE20C62436E8C3C54CC225EE08C0D74CE26148877689EDD004FB2BFBFFFBB984035373A7954EC5EE8591FE531348654514DB1D1C56411DFA2A7C212BE5ED9
310
1278F2851A432244C6822C29C85A8B320ADCBDFDD63BF71FD32648E7D098CD018BC35D7FE89E250EF2AC75F96C15271602687965C844B8807C6E7729D93F22E81D39ABD62A0820C1FE9F11CFA7208125D33E96FD69E83AF6052DD32D49FF0802CD9F9DFD39260389A950887A647CCC99BAB17132DFB5DED35138FB3A060F62
310
95AA5E195BF0BB56495A5A4A8FA440026E46A047D40ED2520A441C302D240F201FB8F7E0EDDB0E12A04D8816215A0579E8FE1B1281E9F19C9900DE79842E2A7CCD48E9876EB01C75DBA0E0C8D44AB5512947A00BE7CF5DE9E1A6A6BE43CF1A78783DFD5A404E4477336C1ED8B18908B2A847B2AFE9839E891137A6673BBB96
310
FBBA2A4B8E9373B001F08369BA11BE8ABC4302FD2345FD6014A127068427D007BE28B41D9B0D40FFB7EE531FA673C8870A69135B1CEEE8D009C08042A5B4EDA314920B635BF941E7487E45256439DFE9D276295F87E698389CD49FB394FE19720412DEDDC40E9CE9C6DD605E0B719FADC416CB15AB3A61F9B5B9B9426E54F8
310
1D8B03DD950946D432B40CEDAB7BB5AF11213CBA73C9BCCCDAFBCF06127C7980FE6D1DC9B4DF14832D6568FEAEEBA76FBF438300B541064ED33F3AC0B0D10505306FD370AED02859234402F6C3FED006766DDED2034D90D119057225EEE3DAF787EBF30EC51ACB4F551678BD6728E1944730C095F13E4D81A4DFFBF67C5BEE
310
37E62A85FCCEC6CC6C7BC77A5B477E22223ECA4FCC0F87E2A5E3EB782BDB25B8CFC6736A044DE5A7CDA604526361D650484FE283B77EFBD65D52C1C73C4F48E7D0D81ACF572F2E2280F98FB230508FA906B42DE240ED651B301CEC83DE1790C9FD96B6CBF986BECF3BD332C18EF627A0B6EECD5B152E02088D03D828AFFAD2
310
6B05BF671B4F9A09A8CE0CD2707F67F2A4B3BB75B9ADA331C1305BBAC182FB4A79820B7EEAF73199B8404C0B81231CDCBB871B80FC41FF5860E8E108222A1A076C29E6E03B6F3FBD4F1F295DC457573C7ADED636D6B7B8C88413DDF3B327E1046AA51040B40CB50C7E3F1D2E44DAD34CFA604029BFFBE714DF0C069908027E
310
B275F1F366C132E1A7450B04011CF82B2B647CE754F650FF6E25BF37AAF65B7BDA16CAA791F1D09F6CAB989EC5AB7809BE145FA459E8D3E4B0FB47DAEF093B946FED585B80FE1A0305FD5330FEDB4FDF79FBF6BDE81D8300CF6815E5F9896552412A03F31FCDCC7CB5E32365550CD9365FDCCEC8752E943161D78047336F8A
310
F6539840A1F2E764FDA2970999F205CD2BD1F5CF496571F76EAEFA0E1CF8FD2A55FD06391F9EEF8B9DC9994E72BEBEE1FC928E2F223EBA0FBFBFB4F2DF137BC894B8087643D64ADE6EDED67F7680FAC9060239E845FC94AE93D880F994FBF71FBCF5F66F9F32C292EA900F9C1E6F1105E81C5B5F58A067A448143842008D72
310
75EA3BBA3D2516FDF02FF79260020D6B3C714711F3CFB61BFF56A826E627E82256F7400FB387FEF23C1C1E77FD6A21EBB1B2B35F2F95E7760BE1FA3ABB3A981423477517EEE36FF96F122B942F6FB64D9502BD1B9089162532A2FEFED255028FE653C9F46FA321E0B588B7DE79FBED07C44106CC85133CA65190543004D01D
310
02D8181DDDA5A9C91A7110805B7875B689FC3902200FB192E7DFD936B37B57D9C338BD49E99E181F4E5FCAB2ABC1CA7AAB382CBC7D515457CFABE6FBC63D525E5CDF74B16378B9AD6774A58531912D232DF01BAA913DFB7D3AAFF912984302B84D0500077800D26C60A4742101DE420C610C2E92FA93056022EFBCFD5BB6B3
310
8651470CD33BD87630C05831BA864C85997B8754B05167F0706499DC442FCD22592AEC2ABF3FF13F950039BF159FA9B36ABDB2778EFF83F70972B83BFD3F4899E64DD8346AA495CB155A7499F2CE39B0AAE755125EB84FD8CF8D8E4F4E9FB4B72E8F1DBCCB98B31BC4607C2CFF21C8145FB48EA0F2159F86A3098415609554
310
DEFA7B27EF1301033DD06D274BAF6821D220DEF96FA4CBB60B3CA241C021D38E1AA76B4406B4767576166766A6C7F77273F5F395291BBA19F64F2E3095C14F3E60371827741CB27E89543857D6D96BF9A47C6A9A26057840332EB843717AAD171880217B71FCCC0355AED3D4819911F79D0EA8AD6DA31A83E36C5DC2D47029
310
5C011302387069158F6C9966022367ECF1D00BA9BB95C389AE7B6105A1FB640689033A7FCCFFEDB762189103A61C3A4FEFE0D6A6B5A19EC5755A443AE78BC5E9235B047890A65919A0D2F96AA3C01CEE913BB3ED239C3E0CD8DDAB99E4348BF3F8B977B6C43DEBEFBD7721A839A63B94C06A10DB87FCBFA3C2932F8C26F88B
310
6D6BB30C3C4E09AFE40FAB52EFAA1EC0316920E031A46D65A0FFE45A673432E907FBCF86717AC04F2CD0EF512D665FF53F05BFCDC43489F150890C60A8E0314E70A06F619D30D841189CA15D3417F3CD50191AE4396543F0C42BCFD696C58DF163F5B46D708BD5FDDA5E5E5FDF9401BC4F7E00E8A17520833D1CBFF495B5D1
310
CE037C664123EEE74737268B5D1D3DBFDA6AAD8C08DF2C0BC7A737E10AAB2A7B958990CEBF556CDBEE823CB09FB344143463C630CFFF585D330CF0320E921744A7918280FEEF981161008E9FBC78C830217A07B7D6985E83F9A79884ABB5AB383B4D7D788F9FB3D867A2112A43F19042B33A108690CF6F472F8661CFAC9714
310
78757F6E6F2F7AEB82FEA85E5715941778B278281F28C268AB24BDB470EF3303E09C359E9DF1CF990D8A096106E6A66C8620DDE7D281DF0B2831F20439A30D68386CE13E002F7EDA8D7806162B205D6A19AA1FABFD6B1B400EC2BFFDD66FDF7E8755B4883C043F43046C1326136680404F1F934EBDDFDD39CB58A98DF1BD78
310
80E0532E671FA1435E9D6EA5E9071000BE8F262E7C4044FD95D5FD526EB40A05A634775F32205C3D779FDC168CD5E56BF982508BF572BDA4F6F57D3304BE9EB18149461B12F760D7485891CA47CFC44909136FBF4931716A2E100123FC6CCAA6A644F25EDF4AC980B14039009BECE8B798BF69A05DC5B6885CD23F8E13A46F
310
F0C0A986D617F001C52241801E87C2974C31411DA3A5D7B6175472763D637D3E57C33B908F867F4A59CFCA7923375E5F027A983E18BD7BD4E6FDDBB2250C1529F4202EFAAF979DFFB1F2612E87EBEFEC58581EDB9AA95AD1D7C1905F7305BF8182D5BBB524D47C4E3B81CD843220DE1E6536497C0962C225F75A2D6A998303
310
B23FC501F0B3F736EE1FF01200FC8C99F5515207C9C40081DF304C0A17D06E26CCBC5B3C47459308178301FA8057C2C0AE9D99B05F038828B08400F2E3251254DD7EB8BC4853B101F99AB48E387457C96951E5DB670648BAB70A7B04FE93EEC5F5B183F9739C98952C6845C380D401B8FC86E70A20744EC720E09D35955D96
310
A9041720196D183AC2CFE6AEA816652D0234883D788BEC8F5DF2615261DB031C2381092401B48D8D2D870FECEA9C3D99DDB036C8A051058030E32190976718C89F031DFBFF2EEA3D88606A8A19BD0AE305BDFD12BA4FF46F1A0002B07137989C748936E9DB2C91F43B07E4E4D16C3779CF5A4FFE8CC981F07C29E34B7C012A
310
F0054FAEA4A6A3D49D3A16D2B3CF220A029003366663053C89B3FB1827080DEC2780076FBFFD8E39810CB0593CC68B5D9009F2D400418028B0BC6CC74067E7C9CC0C2690FBB084AA5254A12AF63543B35EB40D17B693F7E3464D5094C00AA9E04E0E0524F5C35C5EC6BA94B21AAF2440725E2A9FF94FE7A8F0E769EB83FDEB
310
039B631B18BF396F5C13CF89ACC02C387DA56DC3B1CD84B96CFAAA37B55FE723B611062258257D331F186AC93D8AD600B4FEF4AD777E4BF68F2168FF08C081A37AC13446C859964803961928476D78F68419390D830C1935B5C2A0A22A3AB17D3D6428BF12DC373B8D464E04C0A496BB3B3B75639DCC2500E0F0B15FB6F47B
310
5A7ED0183A87CAE8D535F2EDBD4B3B7FC762DFE65A07C30B2851DB890082ADC07131EEEFA3DB7DD5CD32C0860CA83CD4B7993A175F422A8149B1C1D94C1145059D9C78A8A572A90B7C8B1E3392FF77A80C50220880FF3669004E90F101740D2B808181455A044904674E7482CC3EC85C4BCE339404C0B0BF6A5611E4F9B815
310
7BAB6DE327EC9BFBA1B4557ECB609C1F45326499EFB90EE78F18227F09E563C9E63D847EDB3B68EB9C39E95AC4F7ADCF7D87F6752BB6912040281E4A0D8A8314E80D60470999B8A51FB1488A66A9F3F81FFA61C83F4FA6969E472288FADFD61B005E0EA4284822E018911828E868614DA0C36E11F3A051070BF2F0840E35F2
310
00E2C0C80A776CC9E7E6841C0503D0EDF15ED9AFE527E798D23BEE5F0604E58DFB7099D739BF0BA5D332EF29F1535995BDBD0DE681C4F71DFE6A7AC5A13554AE6910963E9ABC9A0DB5B202225545F5CFACC942B5B93C207352B6E5310BF349AF200175D7DFDF78F6D683B7C87E087FA9B35812C4F8F13452CED610A2207541
310
E6D659A739441F3833CD0C9C3C3DC2B0712F62333C4FA9327C9CA1124904B4FDE0FE21C119776CB0C212AAFBA5CAF80EB43772ADFE77CD9FA8A4144C54C2FB2304C65F62FC3678E4F6C68F30FEE1BE8383CE7DB86F58B1AE0C51F0F055E188D02F00911DDB0991832228B3172B3E623E513FF1734FF414A611A603163F401B
310
EA790FC9FF7FC3FD3DB02DC00184145B850D01D120424DC03C00FCEB7880EEEE939399F1F18DBD4AA54C939899304D913CC2D5CFBC55E50C7FBE4C0E14AEEF53D6843DFF56BE2D554637EA047D3C210E2C61077875FB5B40E19F43AB7470CAFE1C0D3ED3B3B4778D1DF6D4F837C08747180FE8394F2CA1E0A46B6DA62CE2B2
310
DABEDE0B1924098580FC16B369730E9E90541D3730D47FDE16EE1FFAD3419CDA05ED1F2715C607F2E81893AFC5936303F40EB776F1D808BDE393A3FA401E1C706E154C892860AD74A2949C409E28A8FB3349C764D13E4D1D3468952B7B1B35001BF41142CAD58D6011C8B78961EACAB66E9AFBC627673B61FFDA4167950A27
310
4145BF11EA17BA9AA60815C2C43AE1F648E3772E53C94E6364AF826019E723069A8AA353A3BF7FB5359281700061FF64C28C10B9AF0B70B0B0D30A31CD1CFD22F68C76DA1E44558869257892363C091D313EFA46B57C3BEB252E9C6BF5B4799EC58F1910F469E25AA17B343799DB3E33CF410061F96C6D63FA91B1000CEBB7
310
D2971BDD39A2A76361E000F5DBC1688D47CB812DD60F8001AF25B328D173A9E4BAC18CE9F1F628704330741B2649B92E9714447C68559C6CD2F681919367E4811100750058809D0230C087A89FF3C80C23C4C60882E481F48D531764BABD5CCECA308DE2F63D3BB50373D630796126803C2D1FBAC148F7592881B395ED7D26
310
B7DD38D7096AF98841CB37592561D9C6565317AFBE9FC4AF7371E060736C7635E0CBA1809FC80F544DBAA1F2F9393D970D44C0615A0C6930E758B9E63AE690F73045F0C8C0731DE9CD80F718E94652383458799E02C06D328010011C7090D8C5E5336A83D4059953877EA1E1D66FBE994F04608C4C991917230FB61F9AEE18
310
3A40AB9108D032449FD1A7283DD25ED15360EF7EA9303EDDC0043403531EDEAB10DFF87F5E2FD56DF0F1B701A9F614DB17FA0E0EDF6FD0B1622A81FA3D1DE5A33F551930335C353A87F9AB05C60455193448246944A232C5D07636D864CDD7A50D0B4440CDCC465D1C418321F50E1648D500294065D869559EF3C40C8FCC6C
310
323E989AD0F0C73142480B200842802C061008B480A9954AF282052B3AF67350FD0DD30D1F4075AC303A5D490250F5400ACF479656861E4C77AFF327F3EBECA4B57B6B6C8FF62602BF150744656A87DABD7BC6BED50527B2120C001A0B3718C74F0C65CD34F275164D7968148DDF259AB8AD6CA81CDA4E8819509B996A7F64
310
2D987A401A2B04018C01E6C169A8700F9DE3B489DB2BC49C9B7B858A4F50D22AE15428FCA4A1EDB20C83492690CFE361CC7F8C8066FFD0D77AEE797977F468A36E0B0DFC87F90EE6348BC748F7CB73B5B9DD5C6EE7AB19ADBF6DF359F1DC2A0F9E44F213F8041F64274C0859A2AB7C37440FEDDD2F95BE44065F22067E3EA0
310
CC3BD8C0D8194EAB291CCEE20B9CD8E02950AD806080047A279F19024C837C848816719AC4A34DF8F0706CED904E8185753A458A27E4C1E37B5F30A104932BE140E0BF4E400160F320B054A8705042FFC47B4940810173F9C9E97240C7FCC3F3813EA239B745DE9F1B1F3FC2F9330374DBD1A7B475923F9A2ED81716D18D1B
310
577DAAB9D1A0458655AD3CA7E211867AE7C702DCACCD291E0F798013DC01BC326087775C0833E04EA3778FBCB8DA4687A0255CA0AD210C15661E4E92001A4449031D1DD27D327334BE830B64DAD90CBF537A45FBD4E94A7A88888E715B7E74FCD040E818BDC1BF5AC609CCCC015DED23877080FCDC47BD8EF3A7B783A17D33
310
F3ADEB6D6BC7AD75EA7C7852C5B6FDADA6AFEFC2D181C03F8C40DD8A4AB5024F0B72E34B57BC1182472DC80946789AFB711DB7F1193C03C893B0345F420246114D3EA71D04FBA731C0DAB0D3CD311B218F0D5A15ECC105D02F3AC32F13600084731A83220040019B03180634B5923D438300B05BAC80881F061095FED5D572
310
A3323ABD83F1D37A2301A8C930AB3F66ADF7CBEFED30BAAD7D78A06DEB6A87F15491F5AB7E25842B6B34BEFC12C8A159F187C64B3CBD2356DE5FBAB98BBE9583F0E3280C0076DA15BF34C15238145742B07080B1EFB83382F9FEF2239D003541041083C5AF9EF3C8944DC2030BC3ADEDDD9D27475800693049E05413BFB3FE
310
B4308731512F13400D06F813368A0101D8D863EB3E75FCCADED124F532AD3F123F131AB46A93DF1ECE7F96CE9EB6C365C6D6A07EEC461FC919FE288AF7AE1A7D012D291EB073735FF26BBB1C99FB706E972192819B7A34BF22424BEA1CC7958AC2E04BFC8E02DB90A4A1DD04811ACDBC181037864672C78F6C0EC3073A40CC
310
49D5E813593B7002763BC6A909D31AC86F3F6E335C9E1C309BC58F16418642E2AF6B290A34FEDC0CFEE08FCA0F56700699CB73B9C99302AA17BD516D7F1FD755A2B32B3FBE7134D3BEC813195BD355020A7DBB541539CD2C06E45F46FC0EE08293E6C0E1972176D9B678340AA1A4823404EF79B1E2347E47C35D0A2260730E
310
0B513025DC0BD1C07E3366E9B9D17F767405FB531070700035618606F0B40C73C974CFD321B0C174A80C0F3AA54945FFEF348F5488895713E89B5C98DA501E06D8D24FF04FF0CD7ECD7BAA755A854EC6A180AD13BE094E8D5D63BFD6DFA5F5D3E4DB1BA18FD8473DC6E17FFC9832B71A2A94D96E808BB53F9192955D62C82E
310
282B05168AA0927D54AB20A20A74800B7CC9655C8B15F62377CA4C91641F9F4D0478F4FEFDCE273A002CC0A725EC165CE3A149F0333E8E9600B2C05A7D15FD831F0938DBE5D0FF13E3C0F0765965A0961C3FA86DEEB0E28304747BFBA5FCDEE44C23544F7BB7BF7A132DDE34F99E44EC3FEEAE92F667A10F7E90B0E8C6442D
310
F5A5318B0F816311DB2E6DC6F172C363FC800EE09186BB9EC82A24C0117700CD884AA42023B81EA6E0CF8B3056411110D78606EBC5AD5417B45BCC8E61EA01C4006AC233933E35D860BC1B6CB9C9CCCE7840D2E0C1C1FFC11CCE54D59300F2B47D66A10F09D8E24B71B9BDDF98FB62A3B897C53EC88D16D1FFE8C649B17BB8
310
E760EB20B784F52F992544753F2CBF642CD3C9C70D8722C197142C567E74FB431EE248A8F3FC00377F5142144A82FFC28AC2970A780C85A7EE9146FA4B2981F3C93BCB0F3FBCB6DD3DE69C72B6073B99140DE28B8E919D9D9E7C2F5FA99FC1FFD07E9AC0965CDAEA0A945FADE52C791EA989E8E7A21A355FB37E44405D171B
310
98A6E946DB26AE71DBD01FEF07FD378F5B4B518724481820890E7486E3FCE61A60E096D577701890EE07CA5D7F2B086040749FCEF3F81972E510A86359C9BB579883035887542090614E5C4461705D7CA1CF84DB564838606CF1597E8119790D021080C935A908324EDE9F60A04B7830A33F0670CB08605B8D01BF9A3D4356
310
93FAB4FD84EF6754930640C1F9D74B052A7ABBA9F502B39DA3BF6BC7514EA4BEC71D752BFDC198EDA8DFE8F32B3EF811E4576B0A2074B99B070A069F60173E7427BDF285024E35A4418B7A412914F2800F1965C4F1120A2D5D2C64400563D5942044807BE7C738EBF3034C4A6F4D70C04ED1F97673C039FABC4CFF18866E08
310
200BB66BDC9CCDCC3FFD1E43BEFC52C317F0F5E64900FBFCDA4DEE68768FFF46350E0EDADB7B34DBBEDE3776BC55599AF84E312229F931E700D04478D66A0D88D09B2276141AF0F8811C5F8067DC04C0F90929F7F1AC9CCD368488AFB965C97B855A3E2E93AE5B4866502E55991B82D4388614F2C36B8484A5FA06E3EFFA98
310
4A6AF17D5C2073299D9F12FD63826F67FC460E54030981684E9FBFC22009A3006962285FDF4FC84B699FB5BEF3736C6072F6844C15EDF25883037DE6BB7AFAD6AE164B367812FA8CFCA6FA25725D99AEC5C6EDEEC64ADDA2BE0056002032E1D7A20A54CF444E360D520A5B69816C0A953CE0434A8A898BF18E2B704588C01B
310
DB2133342F5404FEE698957C200EF54E31BE6DF4E888C9C67F5F3F1B41F922777E7FA6332677C20098C59F762F5DFE4A23F9801A3BB6F8A4F66E0D40EC867E92DEFCE84C714FC7CE8DD3DD3BDBF9C781B1C3B549FAD2C89D711808CAB100E09700BB85240374A7209212F320CA577222A7020E7824500179FC7096C714884B
310
DFD9499E027ABEB3CB0226CD293CAE6E0C41A6788F396606A073E28CBE5CC67D584D36CA39D37974FE1023253E3FFB007A26F657FFC901D851130DDC2BF54884F20D5D40A0B7E5C7BCC7CC87B84F2ED820192CCE1AABA1FF24ADBE1D03635B5B3B53D4A5F84120125FADC36A0E792D3AD7E255792CD5241A4C84171F110409
310
0017DA493D0A7790A7BDE6DF326180398E4B0DEADA5C2763825E43E05C388E184678C88CE6422606C017F030366981353DF03A753DBF6370879F79889DD0BF75408724DB53C5B0063AB6568D02DC47AE4627B58D7E367A6000267E7840C23A0940B992DB98ED1C4731B4FB4DCFB6D3EAFB6CAC7646F0335C5031888CD74E21
310
03380260AD47176D703960230370FBBF28813524C17FFFBD6288BB28E4F905ADB4A788B40B4A6201C1878BED224DE9906C4C79EF32EE679B9F5D3B5DFA137327320643909A823F62106CB8F9BFE4BFEAFF0FC7A6393EC7F64A698EFF8ACE31BA05ECE6DAB6DF124118D1D13F892F3D3530602E3F3ED3D59DFB821ECFA3D9AE
310
85B1ADAB9E328DE738BF55D5DFD039445AE76D0194180F57B15BEE5F09C07F952F9A10372BC894CF7DA12CF6507E2A8916E0DF430C519485C55D61EFE209912D8C32866214E121611E22A0B1238DB18E86636A3BFAFD5B4EE02FF1E505F902BDF424D0516907BFC95EF3A76B6B3872769D67E25B548F0DA46E2B93DFDFD5F2
310
B9E9EEE1EE1DCC7FBE6380DFBF38A165CAC73DF912AD76A4690D2B766A3EB4AFA2D05BE543EA20B095FB17AE3F1928D84482049B659E671A4763CFA567C08824913D37F2F92F841FC244085C1681225C04AD6DE1684831682CE0D6096B56101C0D4FB3A1BD3F11FC1105AECF5660BD3FEEDF162B0D9DEC6DB55AF27FC98050
310
BDDEDFF63ED14B01336053A19DE9AEF5F5D9E9D9F9E19ECDADCD497BCC57681922F327EB41FF681E17C1921B04FBAE371AC69E53F98183E91B84897A5DB164158BD1D12FF6F6BEF0E02847727BF2628F9FD48B6FB11DF6928C868B29590A0606F92140D0C08850DAA7DD8A5FE8A50389F61288AEB743E9C801BB67DBE0A7F6
310
4F63BC87770FDF57AA73FE1F5A84F8DD3AADDFC32087FBC0A7D645C327B97D65E7A8BBA76DFD9BCEE1B1CDE3F5F7CE4E6DF4013ECD7CB60BD1239E8A4E9A5722AD9C4FAC8F7FF17B214AF8801950430639A08E3ABD05A0D94E253BD5951C885B0CE750309070555FF21F2EF83FF53F4E15038B8D8A244740A5C9CBC120043D
310
A0B323FB1DA0A4EDA268C05A304619505000BE10415DE898809DB6B66896E60AE347ED3D6DC707CB7D5B5BC374A158EDC343D0EA61C217D4878CBBDC1D85686782C3CF4272E7DCFB5E9EF628F5A95AC1AC0C6848F5771329EF8DF2BB79EFEDEC8DBEC72EB7F245287FD4B31008AB38EA4D52F2BF57167159E3004CD8950E21
310
7DDD6F699FC763E9D1A0AECC701F7BD4430A3E030374066938F883C01DE40E7DAFD609345E33570F4CE6BE467FBD7F793B5AF2A9D331D86DBA7BF98067918F9FCDD609A0384B523F4413B574B818C6889FAEFC5E7B8F90CEFD62BC2C85B2478D54DD076635BE434FCADE68B3ECF1C8708E27863DBEC352D87BCC7A92A8E135
310
700CDE65BC114026DE5DB68275E656D2C0D4087293D43BB4C9C14EA83C0D806783B40DD7CD4F19EE9F33801F55A3F1FD600017A6CD5DE607783D5F74E34680E7DAB98D99F6E5B5ABC7F7DF19D8278322F6A97FDB2FADE1539BD945DDF868EE2B8B70D9EDAA45D1BB0A5801198CF1DA891540474745BF0317F8A3703E02510A
310
E94B084221F887FE950272D62D4232781054A87C58D015CD45EBF9B70E60820A2056E9D4D619E8494BBFA68B61EBDD8CF52CCBA124BACD4A4077E8420A7F36FCDAF661E577B792A7E1B7E337C7CF1FDEBB3B49F501F3C7366C1730E793F51FA20A9C3D2E9F18E63DC277449054CEADA36DA0807467D45F8A744E1BDED725A0
310
33868703F1392BBE221158220588F30574A0B0893D0515B0B7C404AD0E7F40C11D504C49BD7DA39A85A19CD7357DFC966E5D92272FF06D59CA5A6A1C8AE30E52F1247C1F1D78F81887F9F3E387075B170F9F5EEE4A7F5BFC69DF02FD8795FCFFAB472E7C88D563DA514861B85BD41594A75F5E866BE69471110A9F75C8609C
310
7E6BF6C7C727431EE3E9E3773D2378C25226E82C08104A57ED273FE0921D6990E02B006BD038263BA360355E8DC446A380F0BA35FA9945A80CF60DFD54054202F91897C241C147D59F8E0FC67CD0F2BF377A3463F8BBBABCFBD6833C57E214AC3F5AE9C2FDE88852968F20337972C7E04EE5658223008AE82D93BC37D8DDD9
310
00BD6B16EF221F0D4149045D740A8A215D4FC186C658E01994B8CCD317465828704BB630DA2243B3B4ADD3EA554A97408454148C04A1A0CAAC2E04033C04073851F54380E0BF2DFFA43FAD3D6B574F2E1E5EF6E5F4FEFBD1CA87C161FCBCF5C7AAE2F726F814027BAE10F79BC3D765D61D1803952210A9AA07F8C6BB2105B6
310
1145B324F96014EF223D4A9261080239F03FF6F4DD4975C183B887E081F7A467A25EAA0C94028FEB808637768B07400A8235D4EF33143253198900E079E3FACB0C59B00F827A5785A6FFE2FCF0C0E6F1714F11CDE5140D931D707950631F3DE877F300002000494441540ADFB08704E252AADE1BD4E8DF55796A32B9B6F177
310
37C67702E5C638682737286CB0E0A89B624D5BF28222432848C9AB8C07170C97B814FF492A61072407D638006F7C8400860444C01B1930A522788045633DFA9507267A3A42BA05925BAD705CDD3792FA23C1075C6EE768A673919EB6C3FCFE7629B7310AA794CC9C0D14A1FB88F95C845BF22543F57996E0B26C9E4C2ADF18
310
7F979F8A55F11B47BC26594C52588518D25E6C2B1CCED231EA1B748F093E5726A21A54C91EF95789041030C20FD5AD68613432E19A4D0DA2505B6BD843516E10BB00AF9AC315EE9FDB39CC1F9EA59CD88F9CD071D470C86C4647FDEDDBB1CDAB81DA94034747A779F4CED497CFF817348F69F52E55490840E48840BA72DB71
310
F3E84F6DA2F4717AA928F153DA6E4C7E8E00363CEC9A2E1C8E65F298FC4A52F087FCDEE5CBA38A80CBE11FF7BC2AFF249203FFAB77A128A001B1987BD334AD9B901890A8C2005B6B248196AD09C0025ED841325B31845032E327C531C839E66DBAB39566B631C2FF0A1DA5A3CC47E665AD8751B47CFE33899DF047C9F3C365
310
E3B11278D49DF939298E09002F6430F9958803309827A7C791048CA070061B7E9A64C557D235F83EE24822E5EAB805F9862F20FC58F483DC0EF02181F572930205107E00E523861895A2811309808F2B6C14B2AA579E893753C155D2F54302007E9FF36AC5FEDBCAD47E182D91A73920CFA5C18E01F8FFF4C3F1FF553BCAD0
310
E58DEF85DD63B91BE38ECE1A9FFC4AD4A1FBA30D462C328C5A0340DFD393D3D3D3C0659195C96990F391EFF4175213BC74C020922D4830FE215E76940962BC0713A3B82784C0CB6623DC40D6E1485BAD454F6892200B225096127FBD82D2B12006BAE2E329C771E25FEBC0DAB3B5395289D56D7A8A89081B34EE06F80F819E
310
FE75C67DEEE95D227E283FE98A7B9F1C97D2D05B4D07A469153C3DA3048EA68FA667A6D90E291C7D7E2D063E4D044964D055F2DBF3E31BB851AE9F78A0A7314F0AD24901F581D74A6929142039C65AF5830D1C809536CDC05E4BA51038F79D713DA930CF18BA3010E385351CF47F74D439BCBC793556A1F99814926AF12835
310
E251C59BEA3C083EC2B2760FEBDF4304C9EB87B35769E1EB24B648542CFA4EBA9EF93CD42F03C08F249A2C98897D8E2225E90077823F4A52171A61219998CED6FA050992B6B0A74A2220ED12123004FB977084208F8E2AFC80F456CB110BCA647A3A0F854085D84FE0052BE31FFE7F925610BAFEC06FC33F9931BF063F39DB
310
3D1BB20EE357F594045F4226131578582CB055A59A073AE0413989D215019B6EB8A21CF154D71164E0D8F4E730C2CD382D098DA5261456A425643686BC8301710F2C50665881399156AA2B4C3191BC555728384800CE10040F746A3D8A80A5F0E500A93456FEC52833BBB45203DACCA37FE1D3EE4B9BF0EC27ED47D89B8266
310
F11EA2DB8B5A8BB93EAEDF0C06B7AD0402B9EAC6E787365535AF19F15158308A9D9785C1BC1C01377F8C6B4D07B50DAD25649764A91DC9812C7B34CA98184084F7C01055466B48058CD44085AF26648520C85C41C67805462D8425680425559F4440F3ABBE1F3F81B1EC72708767DDC8FFB6465796C8FE310FEABE0C9B242A
310
74137EC3E0427091967023299BE5D6D4D0C6D15747DC2AEA4ECC57C72856E827D33CBD319D70FF854369EB841282F84B7CA4881447ACFCB257E252E00FBB3272120A75B99119840858486615636E0E0334031AAA8C08A62E080053A0AAA4158431EC727A084021D41CF5D630C94184F6FE7432E8F5F9A4FCDF3EA7CF136FC2
310
988093F98ED622E38E4976E1BF0CF49D2889E6DF3566719FE1F9B47A2D3BF89C69155DCF24F88C609EE551160F0415900B4C48FB013D8900A9192A700748002924771A3686A0A580FE4009E00ACC090253E280B90AC15048E047020483A038A60ED232831F2CC90498648690D960C48E439F18F4DDBEB0B6F5AC7B7B89F623
310
0243B4FA160A7B9327F3AD5D937C8BFFE5FF8B3A5E64283BEF8EAB9F71159514CFED62DBC880614AA1F7994CCFAE7D8C87057F451733699B8DF87056E1F0654B5021E38097E4E23221B810DE20559AD183A61C2C88A648DB096081E9801CA00BC1DA0124E08DAAC15FD2936905CA8DA1C40E42B13F1764E0C4015EAD7F8BFE
310
C99A310B1B7C0BCC7746D3C0702759C89EAD57122092122D1F857067684A578F1DAB7EAC400841F493A468113282FFE42316CC74C756B1C880FE78795C692813CF4644480EE9B02991BCA257A71861F00666D9410288487618D120D0E80D7773E2B7DD180E100EC98B221C94BFC4FF531A09B986230F1CD08378A8E4D0FDD7
310
D9B1BC75F5C12EAD7FF83F3ED19EB018620303C217A6A35D826E72ABF2D8E2BB1B783F6E48D2E3F360806E1D192085D022103473A10375B63853EC54F500B5B064DBC20945B88160DCF7E4F83A0200BF6FAEAC88E9F54D22D898E43F378D20B51B5D6B1457000922202800DD401A9266483029C0D6D57ED80D42A0E6E08835
310
F0F3AC73D7FAE6D56185F04FC44472B854EB7D9CBF7134DF3DDC35A9F6B38417DD6F508B37C1A718B0D054124176F7222F62DFB327F34D451799D56216880193254FF782D7DDE26C271BF38C6E422E271CE4AB8823C9510F021126A7A944E00DB4031D013C88EA0746C96D4574069BD5439C4110403B40020C30B07A604F1E
310
41D19C21A93FD9002DFC35F23B1E7B98E95E38387E3603FE7393680410D702FF9ED5A3C5E5CE68B5827D721FA78F3A9A0C08A79722D9C9B418F46C0057BB1640C70AA4A03D29CECF33987596D53CFB27B32C3BE304C540E14BF8464E080918268D254838C91A01F0FFB99154FD8A9C0495EAA6534A6C464440B4A71E16100E
310
7405088122A35F7A511DC003D002E6C8E7E15F6D1D2FD09014139EC11FDC89394621F77B9F88EB5A583C41E2FEDBC8F82334494C0BFA97FF3C3A34ADE60385B60E5A30CF036E5E75370BE3B83AE73B3B7DC0BB337DA0045299ED0C66681E4AE223D01B1BC3BD4C921E2005FEB5114739040758189BA8A320067B62A3995E47
310
20055065AC2B4A8006BF8CFCC907C0063EACE41813C5F017065AD46CFDC6FF1BFEE052932CA3478C8E5A6F25DC8503D40F61FC1B047E4DFFE8E84407C81F1AC7B5C79DA358551CD0D13785A9AEB38D6EB68A0A8087FC6543E7471082873CDCE5CBEA1EFC5CC0579469E225428E9A43D6A6000B4219DE52E8DF00A55F4BF503
310
5960661C2DB88AC1F67C2890A93FC420193C8326409E7B595FBBBA9AE1D1511B3F6D65B09AC10A71C2317201A603E88C56CC68C91279E83F5C147787EFE6C675F00941D23EF092920330982DF38C65EDFCA89DA98E8ADDECCD77CB86D85118F3DD9884820B1128010D02F1060F582871CC8FF42024C02239273A1CC3BF71E7
310
70DFB7E96081682803188118B50310BD620234F230B12711B063E0F0490FCDA9248B580D3D3DE944A30CFCF2A1E0F6E59E8FBEA289CCCC943785BB8880ADA9C2FD70F6A13F5418444E3A669273C006C4B4EEEC067827539FFBEA9CFF04D84E7F170480037005AAC8829084329899F90B5E013927F8E646514B4824B01D11F7
310
2C012CEACD163B6358A4454A4221D06E68A71062520649BF9E9127D0772D6E5EADED52FF216BC2FC513C7D3C5CC4C8AF009811826AE20203B076A2AA66D8D32E317DEE0EFC000FCE16D9E0BEB17C74AB009256C5D8AD1CBABBDA61402612C675FBD72D07E633B1A42F2421208CE01397560811204306617A5141706105C9F4
310
984C459F2D0F6C392FA05BED808512B0B9A8A9FC6CED89640EA347D31F0DF76D3D9E61E800FE9F7601BE4C9614A1C58E6C839F13A12D0EB426DE6386B82369A9E6A7F1F9146EB578A2EF4289AA109B4F6CEFEC0463E0072A05CC9DEDEDFE08407B173B8AA65399C80B2911252E6290C82CC1B8909140C11B7AE161B42B9390
310
5045D017E00CED6D27AAA15F2C2179F1E83D411A7020B9408D202381E7E5DEE5A9E7E5CDE3B186433F488AC81554BEC09BC579018ADD1DCB3D9D70F02B14BF9159A4DA376225FE43DA224FED327941705DA582B2FD1BB5DC0540667B650BECDD1D5DDFB0C7F36DEE2B94F6EE2EE4E426F20A1174C31DF153321A24114C4FFF
310
25E505475F6906D4149B21F1BD9D9DF7B059F8E0FD83323CB97991FE80EE131A9003B81C491B218B1D42C0C0D593D9D548003839DC29A740298B0C23F0CE14BB167BD61989AEF0B985C8FAC8F923A73F31953989F0F6C96CA6C4D0A9A88184BEDBBBDA3BBADE77CD8E2FFEDEEF46184A86671D7DDC51417477BE9F04804F30
310
5AC82C2D018A21EA903866A0F959FBD4139916D036635EE03DDB7408BCF0627A03027AD314C09B0A27F0A79490D53839D0DAF1416995CAB24101FA63F75029D57A4CBBA9FB4D120ADB17FB5A999FC9420DFE04FA670430B90FE7F589F7FE8D50A4B5F004CE5F07EB4EA007F8AEAE8E8EF7DB3BE2F81F42166C7246FA9E62D0
310
2C8209BA1024414C483498B50229FD923F2414040B2081390AAC353B5283EADA12A30B1080866D746B9ABF5BC107F33C2A015B275480759334B83AB02175EFD0DEC785DFC505E0064F4EBA5A97073A74C5C9FEC97BD25D819E28AEE661FD2732B8BBFB1BF13441B3C1F45E8AC1752BBF80C113DE960E0AC7D9D02C58C80505
310
A19BA0E84B14402601A590A4AE00A825E98C3212342302EE10FC5100681F86834A2804BC409D70270A2091DCE874B16BE0706C974EB3D26EFEDFFCA6C4579AA4DB781708469F055532A7046C6BEB0CF39F3ED2EC4FBCA3D00EA91CA68FD2B87B5C191E0EB2C300F00A1C9881F263571C6CFD83D079D09F176FAD839340CF03
310
0F70458F81F09AEE1329505150CA0A00576B56C06D58070B23086F685E44232D9D53DE3FC3731044F286D19F459351863F749F1104198D6E14BBC68E17CAE70D7AFD958E350BEBBC70C9C4DFBA075240DA27D40AD7DB063A097DD3F041EDB3E4B682A7A12A548F3393DB01945547175879989302521EEB1431B08759B632B1
310
74E0F700E774FCA1BB83F95029ED1A084288C8893520E49415E00DA080AE8027C34206D35491D050A4C6B080F6A20889A2FF82379AB6234F6710C05F9080ADF002B9C9F9C583AB220F45D618D7E7F7547FB27CED8A8B7A7D24EDA4988B0C1C2A1AFB53FDC61BF3DE50D63C560F0120B0372F0839DDDAF13E583B868717C1CB
310
8CC71D1D7F440CC82184803144196EFD58BBE00B7EE77DE8C015942357FB06FC906A5E2B8882CCF9FFE184B0035A5CF186A962A63F84B3AAEE3D5A2C830008807568B6A9F424086D2095A3E262DBF124350082C4B5DF4704A9D2C93553DE47BD6766B69349610716999FA25854F759CA9792599D3837ACF6247CE8597B0F96
310
0FA3EC45B61715050260C5844FCCFEC9666BC71F875B17E3BCB4CB151405D7D08F846B4CB952248B4603CC402B609E90F0044A007FA800EC46D07A51232B00E5683C55D5096E1374DA4FCBBDE2C25A5B8D26008227CA7758033D7D70DF12CAF7F247939F93F1CC63047D63ADA0B7CC8771B234D8095FCDB577B586D1834062
310
035670E204B245EC093FCBE15626C10D210CB38A13F50E10A0D5C0814B0C4B30AA9858516001669002229618F100767AA3D6D2528595FE7A398C2D2300ED0013A0AE60B91644A057327BD3C36BEBF48C91279B45F8BD145494674AFB211A91977CB838DF35DCB3D6D6AA2FB2784B591ED785DFD7DB77747DAC9D2F7674810E
310
FC2895F9ED8007EC7885101679C06F21E4B1C8A6120956F80518D1DAF1717BEBFB5803E20C6F2A11B2E48AFF4AD2810A70054623E341B3D1ACD92DA91150DE631EEB2C28882D092049C0DD38E262A7BD6F98549930C9D44B7C37028AEA9F8C5628A2BEF5704C0DCB2B428181B1BE766F43014498D2E57791E4C8DA6BD2ABF5
310
003F0C40202E2E32EDFB02852D16C30B7F646B98FDF86C7891690043128B0A0DE6B4EA27F08C30CA34C9D0AA0852A5997F8D11A6EE84E040B20472020256F4AFEBBB74E6705A12083B249089218E6452C8E5A69717E904A3F5EF3D5D08EC1F4D4E85086B238CFFC11AB9AE972CB775616C6D1DE04DDF073B4DE3747C41FBAE
310
6072901CAD0237100670C5A00C2C3CE063610ED824826C1F6650700E88C00B62468903A0D71D3A390255AD7040048348C56C4647413C2C2561216E0C469203EF06A5B101AD40D0E207F78B124747DB5B4BBB4E88B1C373C114E0470B345156EDDBCE1B4DBDF81DBC400746B0B54E05F693707B89A5E430982C2AC7D10DFF11
310
D5B102B9505034B35D07E8E5F585757F088B390F2D4C85CF7218E8418BB4F25B885053D07D5A908326809F31D6CC6B77CC948413B28664484439D118DBAC27DB5AC40C1AD166F25E6A2F0AE82100C0BF220405323E1FF80DFC518CACA8DE1003F3C9FAE9C7B2D60703A0004F8EAEAD2DE0F5485452D15B77B4B67F4C2403B8
310
D8F9C533558ADE058A9E177A1698F75DC0EB4C800F74C0270178C8579C1FACD025F0560844502D2BBC01E620030CB93636C1041636A693949CD80139FD15BE107F905590A292840F8860706D07E2970A2F15E5B13B87C3143CB2930374CC46A6F9B9D7A5CCCC14E11B9E879A49FBE27ADBD6DA82410FBB94FAA8487D61B51F
310
4BE0A03FD08743C31020D6628ED20305A22C2C2FAFA7ED1E7881C438AA5B9035F20759E243C51F34D0D5F02F11403B9E204CC1686C0B6C9000470561519CBE1B0E4FBEAB37A39EE4B84C05F023858779341991F36D9D9F351E7BB3B5ADF00148D9D05784F9AD8B037D48C01BFA83D4247F03BB768BEEF973A14E610090D4B9
310
6B1EEC5C5E66928F28EBEB6CF578B067DD83086081579848E60DFC7684044D8174993C39F886043481F6A2B743B18749E52447CD4D230513032D20D20206E536E15BCF7B7D211634F98FF9986287F33F9A94615A5A0A7CACF8DF5DCC1AC6EF9AF1945EB78E0A2FED1DA2ACC00EF983F9A012260BD722EF61C9DBCDD8719703
310
ECF839029010CA0B9F100B1D2842153E01A1A3837AB579516A31982FD2908A09100DAE591016CBCD4B011A2F4DE299E1338CE065DC4841BF9895D8C81714800CD08F5AD39601BC929B55D291F6CDCEF2AB40DD5D98F4E6F107C47AEE4A09A079C05316F479DAF4C2BAB83221BCC0CE23FE3D3D4C7BC9AB673D89A3677D6020
310
F6E182332028012FA0FBE0B2668FB85485902A8E7FA0BA2105C213E20BC2169211A4BABA7D693C3F1DA961F203694853137073AD5CD25F1C017DE0477626D7BA55B88F83B5EE513C41D814639FD1BF759171F4577D3CAB0C3DFF68B2D3B1F8478C18F67BEBB2598FA76A4545E9E961BACF657E0791D2373030E0EC9FAEDD17
310
BEA7703A738185D08236C407448A4CB504CBF01FF43859D3115488EA01B55078000DF085911805790DE1B41B6F8CB2889C3834FE02AFE07D85143C6C008438A944EA63E047023A7EF37E13B0903AFEA7BBAB9579330FAFDAACD540022980B65A75FBA17D388F1E6576405CCE7032D95BDA420E7DC0EFA320879E5F8B3B04C1
310
D2D9C1114210C19FCC49DC6A855E12010184DB8968109ED016E4683CD552A36B3AFA13BFC2114068935A7E774CD2C7225642B73325938052D8634ABC18DC9442BF9E0402E85B42F9F3273672DA8E8F1070405D1DC3248487574CD98092B8B956E6AFE1566530B78FAE05B4A0DE51FBAF85DD075C7E11939F80E015A58D1F87
310
E400CFFD2306C4D1D3C634380A201545A92BE01F445800BE12302AB477BD6F62600D211232EB061448A0D2B877BB940D63D059C37E0569A83DE93E214F4BD86209FF6F479C640AFF8AF6D1BFD987D029A94DB7C329B4184D4BB013BF912FB88FEEF913071A8D82B651BC10DB067A7EC52FE1B421883144C00F64FA23A11CF7
310
08BF16CA59F18D4C04B8085964B2D8DA4A855187000BE440BC816FFB13374640B0EB1D0998AF38A1AEF503F14302E2811081FC12EA6CD38A63B33035125F40F170C0B0AA45E9FCA38FC6D688D48563B5C4B4B7C359D3C7AE0EFB16ACD5E2FAA47EF8307044B4EBE1C71E84E742D81431FB06B90B600B9C239E277A57C94C42
310
7EE10E7826980C0136600D916A06058CBE8604DB4D314FBC014EDAACD0820F14BF75449B70339490FE5A0491221BF95F949DF1235380E969AABDBE2D32EB4403D3FDF17F42F9A0A7C28ED75BE86BDB7C7EC80C76F86B8800F77B305EB88F00A4352E0F8089EF811EA02A3DF08F7DA008F803BE4B4EF5F41E56087099E92070
310
8C3D720916444440FDFA013D4E1201414123A09290F5BD7AB729298209C4306D007BB0829FD4EC3A6D7E4F00B67DF38CA0764F832F0448E58439B952CB4F70DF964AFA74CCFDBABBDF273E2FF4F56D3DBFF2A78D42FFF2755DF307066497F44062AADFC0CC546F6DCCFECECFA232E14F408F05477D311B683A35BC245FCF8A
310
5CD2AF20022C21022266905A5BCC8B20235D6FF04019CC04058AC80023662E25F342063165956320BE50370F2A657BACC817DDA3DDD3EFE04028645780A768FE38DBA88BF2EF3ADADFC7FEACA952E5A77568ECF0C971DF32BF1D24F8486B22A649EC81B1B60315CBEFC026091CA45F858D7D04C1B437079431E63E38F88075
310
8842E780A9E03791C0FAAFE10012588C3C592FE35461A6047802BA18686887023A422A49599399893103942CF6DA53A8E387825FA0678B261F139F801E2B17C901D0F5217E07AC2401A87D0480F753FBED44FE949C93A1D042B879FCE499B3D861AEB23F9C1F372F0C24D0B7D6E70FE1AAF60F84BAE642D82F0A9F53E22783
310
915518494FDBC0AFAE7DA282E5050B703570E06319A015E00D693A6BEFFAE493941C3B08C13B96BD20D0115A9565701DC58568A3009DA13E965765C03091F0FF339F7309D44F6E61F837F1B1FF920450EB8FC48F9B40158BE89C81A597CFB0DAF5F5755D3886DC13D4479599B583758CBF35663AA234F133F91D3BCCFCE0A7
310
94367F385C59B19431780F1C099131384056616E15A1563B50021D369C593FB292685A68A8B2A50A0A2085CF05434617E05FC24A6B077B990014421A68401AC4D65788EE25F737EB780D08A6E38F060F2ABD889E1B889C44852C2FF368C1E3E710D73B6589EA83F7417B341ADA1F639A23D15298F087AD0326410E116C3A1B
310
325218433C71AE62C07C1480F1C045629724A076A4BB8D622D24690486727F56108D07046DAB065000678E04C4F8C342DE27F4AC102D854F2D08D59B4ED0E4F697B0FF62F113646BC5B7F3131D4EA8BF8B265EA3F2026E7061B96F6DF3D993276B2180B8E57067587428579460551049049B074CF8B1066C7E14C705F0B392
310
98C0997C17F701097023BAC31081390196801FB0C2A12380042927503D5A01CA127F9841B460310639C674BC8CDF1A320501448E0068905B07F6E5602F8C1F07786253438CEC51AE61FDB25FF71B09893AC026A9EAE3F30F369F5D5EAEA5801FBAD3C98B38C13EE017B054F81A56F05259DBDA64FE270B1FC4C77200FE276F
310
E814B916E222575ED717A62A92956504605268408CFE13FD61F84252228376060206802B9550F00B9D47E6AF1022538A752CF4FFF1F5931384A9FF8700EDD4FFA2B93FCBFABB3EA6C607FF714B0B8B04EBBE83B52B246092AB018C0D0002FC490849F1E214AE6FC42009D6D86616C835B65DB9862EFC4480C14137603C3089
310
D0A5588FA27E693DD184131BA4E88C35045ACEF1CDE1A82323C20B842F2419604821196EE8185BC834AD44F8E9B7549A32900196E9ECBBE20FFB4706861AACADBBFD9B56A23FFD3AB8BFACC18B1B5AC0ECD7B6AE2E2E9CCD2BE8AF1B1BC3A813B94107E82DE67A42E7CC7D4A6116700B5B2EE3C338A09B840F07C40A64800D
310
7C605AC42B72227C4C7020AB1F20056E26F542717F56534261DE3766AC10A6ED2D006DD03BA9DBA507AE0510A8B385C92363B9154167F1230C40D76AF6F3BE0CA08F8BA2FFBBCEFB09D0986550E0F0EAE2F2780CDF850CB0F88CFC2815FE87BD83909F474F45DD47F1C821DB2107A8817FD45384F57891B65F2543D0C1E20A
310
89B4A8DF806862AC27C60F6A054627FD344250718AC0FA21CDC4E28DBF2650D1B39D8B8A420C348A4F846E2BE824BF8C45E1DB8EEB52F576F47A75FF95F90FCE0FD3A7A08D48D5B9AFBE3EA658E1676FE3372FB57F0AD8D70ED4AEBA3D4C2BE0AAF1C3AD63A6004D12900CFC481A47430C9EACB390038642C8C41B13303166
310
614210592736B8603AD4FAB17189DBB32F3915F0C380795A089A15228460BDE8E52203527D41B5470901B088D84FF8B3FE2BA7F4FD30ACAB3DE0B7E2FF95807AB0010FFDE3A048F7360F9F3FB9380EE537F16F8673131325D3351A3F664022020811A0FE8C019CA17370725CBFF64132025DA1BE2555102212E80A907FB43E
310
D80A991A8AAC183932C19AE17524B06590B6AD286EB99BAD18FF4BD64BAB519202F992A963648ED30E7521F909F090C0213E367A77D8836BEB6F34D92EDA624183070248351F1A079E5D3E7A9EE81F2CE6678F92E299EE312B6C0572C0A7B5EEE07853612403813152C7125E2022A20C18F855DBAFA399817FC97FB6E1CDCA
310
31D348434ACD0012F0D32A5456B4007E6E92D72B1A4E9971223A42C1042819E4049C0C5801300C0013FA48F8944FBAE71DAFC27F1826FA2304ECDF3F6C10FF47D5C7E49748DDD687DE8E91C09394EE0682A4F84CFD6067EEDF43E67EA46CB2F4070160439245F00343D03BF25D7E2F26FC400A896DBF19FB8D4D0A66DA669C
310
3D608F9CD048A0533621B25690EE19D5D15248E390F042B12C682511B02BFE3E5700E4C9A9B2107A8F45248FA48234FD23005ED1F4EFE80D1320836F04003BF42856D478D1DCA3ABEEE3C68F9F30C3A16E5C238EA5DE3FF37DACC2F8B7980033F47FAC34421EF0418A045394802CE032D61C70023D788136788613887C0011
310
A4EA316E005718AE191F8D0D841B9C679CD2FC478442D005429166F5A24403B1E6ACF3298F388B6D0BA933D92339D48969A5C11F09B4FF017A9900A4F887010C474717E10F36468032FF33F4AD610517777104CD920C3CD15FC5F3B3A0C75BBCA3B00F2724863C10BCD4A0E00736C7981F2F72E4B001438B99714FCFAF713A
310
2603BC710376A1715FC602022202E06FDEBBC680A3DF1C4C095A12C50B554FE7623B50374FB2129DDEA4C392C9188077658C87F55FF92FFA507FF03FC8DFD3F31BDAB46DD51AEB03F7E1B38B8B87CFF47EA1479C3EBAD5C6B382C221C0F1B358B39D76D9D3142C4A20935F541E492E0EF081BA41B3620A8E172B584EA14856
310
32E22A8221CEDAC6110AFA4B6D43E2B76A18AB240BB24337721C9321D2C033B2D3E2641A55A400A28403C12D1DADE39AD23FC5FC08C47A64DC3FF6DFF76B5235124022D7E6D6D5F3CB870F9F31C96FE477FAFE54100068A3A87FA5908A2C08011CF31309C10025B089FEF9C510522B8DC07C30AA469841723A10C08E27F00F
310
7FBC181C083F2809EC3B2B328E294AEAD5A071B3A95C81D2DE3F930372D022C9C793535B92FDAD5426E90490C3C81D000017C6494441544698C416520C1C40C71FC204B22448FD9303782FBA67089A1A7D4CE38E89050FEF5F1E078A4DCCFADA058032C34C1CBC2E1202B1F8962B1A8024F0EB7A11F209E96FB369D4B64202
310
FE7BA230AD24C46413536EAE955B341B726C593B5D4630C0BE822480908522B0D85430230352618DCD4F7BA6D568BF4343801480006658EA3EDCBFFA9702B4FDE9022163C43F9B72B58001A23FCE6F0B3FF0E4E1DDFB9801A6FC42FD0132CC1F2224F89933107AD30B6C9131A53818AE944BE25A70810821C38F098411980E
310
46D108F483DC63F49B91B852351604091D60546702F58A3872A1716411B642C7629C267E64E77719F46B0548FD6BFFFC86A38DBFADFCDF700228C124C8664FAA02BFB1F92B09800876FCE4F2D1C3FB4FD0A44E0106A8DB8079751CBF0BD9340066C3D52BC64706467C05B5A54401BE4A1B0132A55EAC1CCCB10D378A3DFEB9
310
812022327745EF2102886A9142C812A1A2C9708027BB55B7006357459F9C2080E0BC34489FC629510F3017B62D5073E2A2C64048A0A42580E413BA9E08274091A398EA80B5BF31C87BF5ECF8F1C5DDFB4F22AAC181F070AAFDDAE5650C4000516440D8806786D874215149E69ABEC43FF0EFC820FEA112B0522003C84BE03F
310
B76623513B6D840820358B084119B0CEC8C00AE888826339A54091F5FCA513AFE147975BB1A86FC50618D9D74502F0C7C8815AA306602FEE3A5E79E0D7DED1B221001118B73182CD439A092FF801105D1AA14E1918EC282F6260869D55108065988BD67F68E5581720A708051F7C8070F582389C682BE53F2AFD85853F2A01
310
3D21564028E06E79B7A71E43212180A81541EBC88F451E02385100491AB0C4A3BC5309A95911E66D04C0B448366988ECD204C2FC930F8CEE8FA410EE4C25B58DD1B6EBAD83F6196670F7DE635282C0A56A851AB035831725F0471A10FE52097089C80495804100318405F0DFC2136004B4C40705EC9154315129205EC35793
310
0035688F61AC02188250CFA9A980233925F16A117A48CA54DAB6400221976B75D863330942E20EE3B00B08FBB71AA813B0E502FD2B023DF70114E0D7DF2E2EEEDE7B789504200112075478F2FBD6897835C91F0C20782401E801A2F9142700B74805703426023A81CC0BE88B537D0003E0C5181D29EB8D83050964DD258091
310
0A1E7A8138F76253DC01DC2F3824391AD748276C0B0CDF12366625D038603D0003E0266CB42704C8CE7FA7F11B4D59C0BF454A78F8FCF1E50513715D469607031272358F04E0003C90107223A581218F10008B10247CD20D860FF0BF48801040B361808148714764028EAC137E871501EFDD97C89B52107FF1235B0928C562
310
530082573CE137840EFEF82A0BDC602736C595912FBEC69E6A3A26903B3A300C5A098A9E3F1810CDFFBA019D97B4E7A7A075850F2E92569BD960CA7B8304995FD006FC4213BB1448A6F4BFBB3A9F9FC4962D0A1369129B10073771FEDA38B1737B663A71C088D8848027FC3008DAC4E4397A6F76271DFFFCF77D6BD7F1F67D
310
A51E0E08875A6BAFBD6BD7AE52CC04A0B4A2206F650EC412841A48258258E8662C3838FBE21E25172C2A15A4F78D82DCF68A005DCF07047C183E1CE47731BBCCB5469D9169E0D588945BEB637E87802A03D88FB82486210D28FB3B858D13DC7CE75F5E6F3B03C1744D30CC58C7C7A256146853A05243060B850072A7010CA4
310
7CFBF9A1E24F414037B8781E8E9F219A774B36481CB43E48A79819D638C8760D672FAC19FB9D3FC5EA9158DBD0159C27860409682E8FF2595652FE189D2CC2D7C023E944158355806FC320087CC74116030CC376C559C098B93A041C5DDA48AF33827D2327DC761D19C17CC62780D82A170E6CE7415A5E7FE825E053048F88
310
D2AC2A561CA4D4C60098DA28EF1A01382772484698F60C8DD24BF396EA76260542810A625978C03580A9CAB91D10249BE579B0377A3DD15749A45F24C4D81FF3D7D7996F6A1690288008C0FF6CC186DA9D5FC95BB09B1301004B016E707FDFED306A1BE8FA208828F00BF342186839839F1F6FA338DC5A0200FF383DE92614
310
C03A4508DA18F4D85F9354F7E867AA77A42FF49BBE6757A1A7454448D0BFC3C220714FE43A3D8F1547BE10F0BC5A05985AC3C28829A06FE24CD062700601F4AF12AF99099B08E7071DC4626A97C920C3FF96E190C9D1FD7CB6163E800D79E5F3F10A9306C02B799E80F1AB380E0571A584C0370A220C3125000B500900D96F
310
EA40409F980E2083E4EDF4D8D2480AE5667222E020BCDAD4EF19682120818FE18EC7FD6AAD67C03F7DF1955E697456F517AC4F24700C30171C67E9168B109A4F60AFA60F98BE30941BF776DBC7C70792A2FBE98AAA97224F8BEA39B47BFD14A8CD03320DA2B676E3AA397E652E30A42CE2987B7DA1EF7F75242413800A04C0
310
270C62A13372400B435ACD84B8B5009208F5AC73EB149FFF3508E21C2201E0338BE07E50EB47E7FF6D97724A601028C5519073E7978EC88834410450E074DD58AD13A4900103A6444A9CB99103229F0EF8C0C78161EBC68137240734CDCFC349807851E0EB46CE864D2E405ED341B71A390CF2DE20CF5193189E1901E866D0
310
230409684B193D17E2928534D04240937D3C84477494FC5E0FE0B448E35AFC19007926C1C6A6E622FDB8A12E30993C6710E070397C4B26304C0AE38218D19F01FFB15BAE1C0E7E74DF75F2406E373C414E848FF8E500EFAF3C1029C9C0ADAB2313A7426CA9B2C1B9E30032C84EF31A09A88A386F136E8C2F1D582EA0459207
310
015F10F1F001F0B1B7DF7222011EA2001F00BFD36BAEE0850928B08C077030FE3806C880EAA74BCE0863A952812E6008B3A89199C1EE918AF96AF583F1A073B0A355B9D861AF1460DCFB3BFC6B7EFDC834B09700CBED3510E48DC7129041C991F06BA5006CA6B5B34EE21501374E8DFC910042036111EC9C7CFA1C05D48A72
310
70F7F835BF04A4194DA4CF76CEC66718C84CD020D04C412AC848F03E3C61A1C8D50D0EA6838A00376054D3DF61A0E393E1F8B058A6C994093476D601A4A06F0CFD3C0A6BFA910E75CC10400A80FDA93AC9B5EA4303F6C0D188B559086091CC5910137772E14F2376D03181B5CFE74C0EA38440D0AC256D6C4D104CE05302FC
310
C00B60B9CD4D71E08BD40C144A025E60D4C1F45FE846A2105D717EEA84808A5DD90A168E133640311CF05DD870768683F5D2F1800F485AEBE5CABD8FFA3C0BEB33702493AEB551B1EB035EF5C8E5757FA7832141F88E8578A363802B560007AF93D7D470B478C4D00B412D634C9140C4F9275C00DCE8DFE3C7F8C0AFBC5B2C
310
E82E3C3BDF393D4375D50C43CD1C17E3777CD2C170725B7B42B41DF15BFC344DAD089C1E9118522B4A2C60B794E4E8F33081BB7C8CFCEEA0B2015E49D586429C6C78646180B7710E06018A3082243C275F077FBE412C17DE80D3E6B9462C5204C5D980D1DF84A864401C483CD01B143F4A4868087A0F780F37230200A4FBF6
310
AED325114C367C22512750A5C7C3E32D545CE20A0904183BA10015DCAD89864B3E1EE97EBAE8B204266A48E010511838E2FE413FB116E60880C2D8440AC3880DDA6DF6618C138CF1CB2A09637E18D00F80CB0DC05322E31EADB8081C29410903F06BFCDF5AB46024E4A75828056440503C707856EF0C037623DD4922A400E8
310
A6BD75E4D2800905F18450A00CEE88860C8964C7B3F90F56528BA18F71CFBBBCD2D05797E168FC37DB26DBE0DD2EAEF39686C18440820013C1444055402A541400DD362A0A402F1FE51246404E098249FEE30708C10CA0B54601053159480C00BAA9B1223A773234FE72FD5C3BD81804D8D196FE3D5315A0C981D88D04FA01
310
DFC185CA93F9120E1F480B08063364A0A318F08DF95056E4C91F1150D31B011200383502E079EE43CC18603AE2F88FD139C802A739F208E88D06DC78267C448C27C4113C19B0F51B0E9C1C021CF8F9167C6B1F2E10E461002910105D1042792D1CA303F469714C018C23D72179E165049C40E801CB96CF334562E5807291D1
310
E0C70FE6CAD91656715F0E5C5E70F8D7F83290549B1BAA6F781D25180EBCA93EC84E72A74081CE3020789B3790E1A9E478E658C099BECFF01E530E80EC5FE31204ACFF70AF8177A03059240CD074978A002A878BF883FEEC81DD684E406CA630ACFDE87292822A11953710F000885D6F68A67ED40CD772B0828359B753F7CE
310
23D9479AB9845771B389D6A77130F8C134EFC83947392029B10E4425440A84AF0E54825228FC1634D369874739C837A9DDC83C20D320C36042610ECDFA750303710224D01202488012CA847424F8D53F78AB6BECE9B3B35A7F32396AC6B7444566327DBB4DF06FD9616744F4D3A397EB3B0A3FBA8D763702883ED742FE5CD2
310
4146D8E353ACCF811C806AE09914D8446E93840FF4D6C963FF32BFB6AB015D1D3B0C9A0968776F021F21404B6260CF84A14F35180CE20B5E85BDA2EC91FD5A7DBA7E5705F4F0F97AF26CE18E3BA078138202400A62930FA6CC7882F911A92F33E547E64990B0F27323D73B6222863F86425153FA8009361C675554C25382CE
310
148420C8DCC47A20122806CA178A0918C14CBD33440289078A00EC6070184CA9907FD0A1270478E0B325B67C2193694EDB7DD0F3C238447C8A11485562FB4902134E6AC952FD5320A4F7C780882DA9684285CD81D278C0E8FF8DEC9F45D22DC3C2CA99C2728110888799575B6834BF22B0F01EDE72D7F21B672C40F0A97299
310
9E2200B7C91403F9BB3D09C01990819238CBAE5E7510D7D57450507E3DB04AAA0A3C280064E0775380C8C16EEA4834346A04BF0CE847B4B3AF760D06D24BBB267C32E2C9257DE5EB748AD101AF1FD33265E2B674EED8C01A0AC901392211011AC810560F77778E85B13BAFE3E25C95B70919A4862C15928BD8989664AD8638
310
101D009A80F00BDC41AF27602A4BDA0C077E550048E7F1011410F01405045E1C140B4D0E70E0F6E034171C3D6FD12004FCC1FA304312518910356628A4A326EC9ADF5DFFD1B2C0399503F14B4F8E3E0E4E39A06ABCB56A8014687E86E462BDDE5124615ECDB412B7314F62E6E0C76ADEC0F717B360E741960104CF1706CFA1
310
8E0605004B01AE007869B095ED92144A807841EFF2811C047889A04901C809062057192688C92346F97F279449F89B113500BAD282D1DA80A55C27EFFE02C8D4F395003F285B617BBF0831F49B055342DDDD414378E8888E92C16789F269A27C9A221FAA4A0DFDDB9F935B2ECC04DC51481558A69301E0460B02665AC4DD30
310
C03D480866C3409400051811876014C0F294C542821AB045011A3E3F09001FF304E3A0BED05CC11A811B865001769507FC01ADC611F400CF68C7B093606E30F3C7E0F00C1D10C31951C1E2D7252181DA00345842A19130715C736EC9ECE686A712FDB31E4D3E50AB336E5666D7B212C0113C4A4406029709B43D0228F3FBAF
310
49921B19CA0C82A2D5BC4A2079809240F37D3E10F9637607C3983F0458508A98B8B4EFC92AC13530180CF55359500080061DF59B98BB3FEACEE881DC8127F182A885A86FB12B43C590A4380504E32305E3148BBEEB2D2782029765428092545BA5C2C681FC5F8E869C0EE1034A822FF09A12C94084505AA868080303473F81
310
61F7AA0A6610745E280BE4427FB770106F8800EADABA19F453210435BDB2348471B13B65F2FCB554827632C4C44467333E4127095D22092ED492009930413251B5408345065065E415266E20279A40B3F520370BE2050C8360E6BB4601C1673B9BFE007EF5200B6483CD195400A783E6DEA0653515B0FCE8E86D1618FC1EFC
310
15C2E727F24F2A2DAB57326D8D0877D4E298894E7A0C3C7D9CE8A0E2D17AA2020FA1097D6372F2A9F955060FDD467AD0426368C24A8340FD0D6687A76316DEF5179ED9042005A2BF02A5DD810A4DEFA4A8F700EFC50FF4FB8C06410F0303C106ADF8852ACC6A2CA9046E9ED070739339857222CC009E206479886EA26227BF
310
7A341A15C351A8404A6C10080A2140FA4B4E8D9B9A11645899332363FD69887F436A660566964250FD752E787B64BCF8E6C8190DF8EA0C854C062D8A5A1346F810414313E606ECA0AC3A01D6928544029D5F42E202C0CB386F880F7842A31287061F32F3CBE09F2950783394F2F2B23D85386C6F51943E99DD10C8A0000BA9
310
569A14805693274BD0E4F4DC3F28E331EEA91C4F33ABE057889BFB92819187840A08E57A276A8BFCB75B0342668C70C565C8059996D209C2800941A21FB82B2F520BC2E6FE6F1A8827043DE17000DACC8193E78BBB8DF1467978C06F6AFE986123E3A95272CAC122046F4C65C4B88FED2F1CD1D918F7CDBF8903BF1A90057D
310
42F4DC133AF804ACBB58446A0DB78806FC053FA1E45D0AF1112613CC0DD976C5E70AD3282F42725C0D02AC8588DE451B1C01ABF063E7748A3882F0DD484BB78D037F9812240EB88B6034C0AD53E5116D4C6D920C6A89F084E6D0598AD7EB6930CC7B293E27A666E5CDFE9A3FA52FEB3C97976FDAAE9A60008FCA6B33099CF9
310
880D35D419FC687D424378E3099441E110C5B3C6DC311E6653514A67A530D863326C4D8430E0C28024803B5B069B0E60C10EDB6DF087034171DF01F1F3404B27B1056D8C0E56E7CA6056E7798147BE4C2F01CED5987E413AC6A724876DE3F599E0601CE7B9CEF3BEB3671E12DCE8AF9631B8031D3F360B6955DC2342B2A0E4
310
632A00264C0DA002220CFEC3E10D9BADC8904D88DC51928593AA16C91DF6FFF82B3234404C7214D0F8608E0052283EFB2B0563F1D072936C4017706010BCF1B16CDE0C1FA9C777E44E1F5259B0C9BBC8794A82A6C182A3AF56B16921405351FDDC91B5BAAA617860E8D76C97C377FE701A4EB4378FA97C2C8E3CC8950886C6
310
FD93AF70A1F5F676B7ED16CBC56AF5D09110EEB8607CC08A795882358280DDB98AFFE7087C6EB593D62F041CDB4018935238E73F1098100D0C8769818F777057F64C703C6530E142FDF5C837AE1CF66C94C4887D3A3726AB990DEA248F73B5D32C8E04F6714B1E67C53FC52040252E605B322407CBF8C7F05453462A295ABF
310
4D95592DDD76AC23512E9A2DF964715C80DD752CA8E263AC36F02C3C28A133EB22AC8D099BDEFDE28C3E8FFEE3815D5D00C17C00511058354D62443C1A546280E43572A9C661A34FA5891F8E7570608C8DF21DF51DF9D2A84D4501F41B8CD4F4C9DEB2F901E810C0E4CEB6EC08DFB06341C864CF8D0EEE779A606545E1E64A
310
AF30A4324C20FDD3BD558BD966BA994FA915CD162B1978642AD01694E533EC190368A68234657085B5F88E27A0805E04B8BB6A00A51646EE3C10A50FF007FF410F1963CA69BE2002F0F902E701AEC995FD41F83A3F0C3809A3288A083003A6CC2A20E6D703EE48E3777AC07ADD51EB6101603A9FCF17B3D5928F6D742EE7E4
310
CF38AE2B03C5FB39C81D7B2978FAFE85AF3D2710B0582C970F0FEB0E4D1103B8BE2B4D560CA10002FC8F334C891C07B44FE06B2E3ACE5E1E2D1FC32203110ABF9CA0E8381F68EC3C06701328E5A38278A5FCD944CEA5283DA933DF2A2448BD23F1C5D8BE04CC2DC3B43B3EEC29F8B5FF926D11D3E97EBF7FA1BD1E5E5F5FE6
310
D3D972F548547783146ECD84873F377C5820F7F9FCE5E07378D6CBCB7E036DF7F7104079A05B77C6942D1BA95D47424BFC3DB6411009A42E207871B7EE9B06614BBD20F22F7523FB985F3F7068E37600273A3ED0C1CCC380F6EC4AF01CC1CF95E4848B7BF950AD14C44F10460221E02D21D01DAE800F323704C00035DFE97C
310
B37F797D3D1C0E4FBF35EE1E5E9E0E879FBF3DF6F474780A01FB3DAF01FE0C0798218007C2090A3008BA7682A338F4A8804A06CBFE6A80CEC766F49853F15B2F45FCEA3F8250012841315016E75E797EFEEC4ACA6C79F515CF1738F7C36E2406071051043817C9E8C5888D49D0332E800062FF54FA562BF7446CC0BFDFBF86
310
03D1FEFCC9F7FFB5A7F000430755C2D3F72F2D02A022820897ABDD44594475BDCCA4A10AF34C06B08B4AB58BBFAE30999DC66C7CE903A83CF8EB006EEEAA063430F84B05F0ECF644825F5E95073870E72A0771AB89B080022A0C5A9FAF34C89286257FB7BEA000EC65B59750C68E0815B0D9834B15606328F80709DE09018A
310
C2A7817F83F96DB3D562C10A0A31300230CD4200B87F85808BAF64D04600254047F9C14DE93464009E7F5AABB4FDD6D55142A2C0BF1541FCE19C20C899BF4F76AB54B84CB97F88F48ECC029FD253F0C70DF4816B9AC94BCBD653B1A283C4001A0337955E4AFED3FB790B6B1F5EA0B5514074103A38D84280EE0F5F9BE974EA
310
B2D16AB1EA969684B6E4166CA28264B300474C7308D20013B204A65F82970718D05678B3315D442E1C0A327E2F56556040C005D2FAB1326A68A07507C9E46A3648555A7080F5F50219A00E6222E3E0862CE95B5680930530742F1D041805E69B788161F015944D041182B861A2C17F3AF01CF5BFDF6C343F9171F5B004BF59
310
C016719164B888EA206A02AD05E8464D06B48E4381A0E9345FD171625AC22198F57C003BEA5510F81FF78D31C9B033D0030000000049454E44AE426082504B03041400060808006258CD5851464CB48900000043010000360000006662782F34344239424231412D353533462D343544432D413035422D3731413338343546
310
363046382F6469726563746F72792E786D6C9D8F310EC2300C45AF127987122606C71DD918B841D4B851A43646695A717C52A85029031293A5A76FBF6FACEF7DA7264E43906840EF0FA03836E242F406C6DCEE4EA06AC22492573150D1F66C60C640E8938CB705396EEDD86DE9B5042FE27813D640EA63BB001C722AF6E55C
310
B61E4863F58284D5D3F53DD715CE1C3985E63FD7F1B7EBDD617E9F1E504B03041400060808006258CD5876DFE9E044070000541C0000340000006662782F34344239424231412D353533462D343544432D413035422D3731413338343546363046382F6F626A656374732E786D6CDD595B6FE23814FE2B56F665F721098140
310
61048CB8940ACD7466346856FB169960A8B7B9C9495ABABF7E8F1D3BC46980742ED26A5BA950C73E3EE73BF793F1FB6318A027C2521A4713C3B13A0622911FEF6874981879B63787067A3F456316C759659F81221C9289C1978DE9F8C0E23C914B3BB2C779505F5DCDFF42A94F2262203FC0693A3152FF8184D8C27916EF48
310
FA68ED7086ADC3FE683956B151277B603879A85D956046A20C5885F508A8480E1CFD5F10C99E8E6DBE41DBD66BB7AD7B619B2D04D719A5519AE1C87FC555EDBAEE19AE6AD7F51C7779DBED8FCCBEEBF64C77D075CCF96ABE349D9B5E6731582C46B3DB9181A6E36D1C07A5021212ED408B2FC6D419DBFC4929BE44A1896F3F
310
8E22E24B349B36EC88A44B495AC74403D611A2551452C85A59E8B514FECCB656A0682C69682BE1D467D57AE3EDDF0042DAC64A594AB895A719035D4BEC0B7FE88CED6255D30B4D518833C2280E5040B70C3350106C2D14A491E1DEC249218E99D0A2A257E5150CFBBA2F3571B9CF8380FBAF31159EE6813F922C159CD17F08
310
3B715FBD0D780269731A6543296CF6920089D1D8168BC5B35E573E2C8044FB001FC05A404CBEA9D7ADE1B5E0B160BD34A61F56DBE386C787E6CB1316278465DCF284334BBF531AAC9816185F0B500A5C75DD9D50F90AD07F02E44B5ED01834C7E8D13DBA4A7686A3741FB310B4833AC8ECC09F0EE25F5F7D1BDBE5E129425A
310
AC3C8729B8ED4FC2541343BBBB02E974FC04461FB39E146EE3E3006CFA9E46DCCFC1505010C312C4FBFDF6684CD7104C61114EE100A487DFB1CDBF22F828E840BCA969A829FCB650947298BA9F9D74750736C3A85FAA4A93F11CBEFD9F82EF6CB9F9B0C9D91EFBE45E3AF692EC69443348A6CD0C69A06B2EFF6DFD4978E4DD
310
C7CFF3D9C7D3696D930FD71C621E371AD4B2916A41422FC0094FC38566C4CA3D056F0F021C91384FE57A539CF2E32066DEF6C52B5CB8F1AE3F950D14974903688C6590DC7D46138E893195DA2A03A15511142C0C3369818742ABDE360F130F87711EF150FBDA14EB7C409CE1960854053565D8CA6B15D91DDDEFF314825723
310
C98506A4F46745B8B07017E25813BF8CEC1986241A471E851C0CCED27883764109DE659E5312EC3D1A0479E8ED690079C40B7172867E4B09AA99EB91BC3CC76CD74850B72CE593CA8638E012580592CA5645CC973A65E489F23253E433950DB41DB20E35A6EE9974C1334503A0CA180BC3BF1DBAEECD72660EDDDEADE93A8E
310
6B0E07B3BE39BA5D8DDC516F30180C87753E55B4AAE63B50252F7334FFCB1EF2701B611AC0032E36DE25EFDE8BEC39B12134DAAE3B1FCDE7CECCECF77B2BD3ED2F17E6ACD39F9B37CEAC3774FBAB416735B41949E39CF924B5BB76C75326994487735C29EE5EC750286BAE273BA5AFBA30FFE3185ACF099A12FFAB41B48C5D
310
0D0561DB20CA8FD64328F61F798AF27CA8FA1ADDA71644EB7C34C5B937C6E58ED5EB881FC719753BA3EE70D4EFB70C7BE2A61F8E744D32F8D079E6991727D8A759734AAD21D392E5376517ABE7F40B6CD4DF6E17015EAD574BA62E6726C99447437C20DE1EF3BEA221945E93B831EB1D82384D694452D117BEAA176B343B16
310
945F7A966E305B9A7A21C9F0F758AC68346A5E00D13CF0A083CDF80CE16A1D51BA80EC59CE51E4FD32A47A21FF8B97E230098ADEF81A064E5741206F68C49533CDAF7802FBF470E67576448C3AAE512FD95715452BEAA3EF267F061E5509FD4278D415ED8B2DABEF8CF8CF10C2D0A0EFF40637A52AAEA1A52ECB78EF17E4D0
310
ADFA2FDE33A1878756C5693BAD54CABCA210CF4808AD2FCE72D6CA6307104D946D29816464A8B944E5A6371694A2E7535D1F5C269ABE732571E51AA85D6904B3B15682BC92A2D188852EC41C908FBBDEE0D90A9BAB547F3862FEF22ABBEA7EA118185DC7012AEC2204CBF8A3D5E18D95BA5643A5CF38F321946EC4A739078F
310
D891DDA999D3C83595F5AAA6BD5671AF79480D61CA8B79A4BDE75F82AF18540D1D776ADF15859E5DACAF796AB360A07DE243635AA7F5F96E53A3022BAD4F7FE11891E71A05B9BAE01DF40552DFD6A739418D8294E8DBFAC2F1FF4417A2145819BDC104398D030A837CB243071243FE8651458B0E8585241579198C570629F5
310
16A1C5E9A7620E9BE16DA04EFB0F1886D981ECDF721F06A9903327865C47BFC1E8944F2FC540CB7A84D64DC63003E58C4E0CB0D88C4287666D610426068E827A6DC4098E8DA303CFF8C5A9F2FFD3318E0E44A5935CE59E36B848C9346782523811EF16A0EE2B1E4CC7DF2FBA6207E10CBE6EF3AC14E6B470924682A05E2214
310
C2C1A4F051C27B8482E5B25C8E25F66890B49AE65FB48382AA9961761023F90ADEB3E5179B4FD3D79F5112E407AECE4B1DB346C9E49D7A901793AB3118861433C1BC8A5CBCB3BFB0185E4B856845C108D0EFC7E1E00F7B1187611C154BF64CBEDC429B077855B5B3D598105AFF4EB76B8BC9817C15E06D714A2CBC4B1F6101
310
54CB289FA716106B065046D38A01288D705DC0316DFF7A8964755499AA54C32E8747BC0740E048FCFD0F779BEA86CAD0127C01B8120F4F5FD4C2D86630389FFE0B504B03041400060808006258CD58D8398564E1000000550100003C0000006662782F34344239424231412D353533462D343544432D413035422D37314133
310
38343546363046382F7265736F75726365732F322F636E782E786D6C4D90C16EC32010447F0521F5688C9DA8AA224C7EA2A75C228A371405B3D60255FAF785944A3DED6AE669353BEAFCD802FB024A1EE3C2272139836871F5D12DBCE4DBF0C6D9592B42CCFF30CEA2D960E14DE65A39C2B27769859B29A1A9C1C77B17E5D5
310
4104F2F6BA47C7990D26A58527FB099B11A6645C21DDC56AB21193204858C8423D91FD06FD8425301956AE67391F07F93A4C87F7693AC9C3491E2F6A6CA4561F88A1F33E6620DC5F6669B1AEB126926A6C8056857CA7DA1BD5F88B276A3C35565BAB94A976D0B1FCBD57CC6FC6C1F8447E5DADC6F6641DCF06EA6C85E81F50
310
4B03041400060808006258CD58FF15A4A45D000000800000003A0000006662782F34344239424231412D353533462D343544432D413035422D3731413338343546363046382F7265736F75726365732F636E782E786D6C4D8B3B0E80201005AF42B6F75B59F0390B113044D83508C6E30BC6C26AF226F3B8BA6360974DA727
310
1430F523308B2B198F9B80925DB700539227A2FCCB80A18E5640D320F996A81C9F32D6E9129A0D1EF74FCE750E6D57BC7165FBCA07504B03041400060808006258CD589E577ACF4201000056050000300000006662782F34344239424231412D353533462D343544432D413035422D3731413338343546363046382F636E78
310
2E786D6CCD94CF4A033110C65F650978DC7F6D1129D9143CF8041EC45B363B5DD366932599887D7B2775DB2A52F450686F61F20B7CDFCC97E1AB8FC164EFE08376B6617551B10CAC729DB67DC322AEF30796AD04F7CEE1378C65560ED0B0546682F7DEC5712A75B096D1A4AAD1763B1525A2D76D44082C534686D0B0A0DE60
310
90858CE83A08DBA293288BBAF0105CF40AE83DEA01A6F7CA8344E8989855B3455EDDE7F5FCB9AE97D57C592D5E799948C15BE7CCC46B8BE0DD7837AB94A3A32539152F132078F47AA29207264EDA8A565B5ED2BDE081F4DA7EE27037266E1C8D5612A951A5530898130472E0E5172C78991CFFF0FDF4F872D240A74E7B50E8
310
FCEE6A6DA8CFB5E128ADA044FCAF0B7BF02FF3AEDD90E5EBCDFDACE149D8C5EC1E921B28BABF93407992B637B7F8018ED22E9F7F5A2CA8D52D9A3E28BB90E772BF0269F069238A4F504B03041400060808006258CD582C39EF307D000000A30000000B0000006662782F636E782E786D6C4D8CD10AC22018465F45FE7B4B99
310
96813AB4F03D467343DA346C468F9FC62EBAFAE0F09D23FBCFBAA0B7CFAF90A2027A20807CBCA731C45941D9262C00F55AE694B6BF1BA038AC5E41C3A0E59C5379EE68F4D350964697101F3B64CC5EACA50673DE39CCF8ED8A0DE1169FA9E904E3EE449CA8C6B129757EBDBA2DAFBF504B03041400060808006258CD58A6D7
310
97065F0000008200000007000000636E782E786D6C4DCB3B0E80201045D1AD90E9FD7516806B51190811670C8A61F982B1B0BAC9C97B72CA7B1037C6D3332918DA1E04D2CAC69353902EDB8C20262D23F3F59B81A079470595414B17391D1F19B4730A5583A7ED43BBE4025D9592775E5ADFFA01504B030414000608080062
310
58CD58ECFD112DA800000026010000130000005B436F6E74656E745F54797065735D2E786D6C7D4F4B0EC22010BD0A61DF525D18634ABB506FE00510A79458060253536F2FD89D5197F3FED3F68B9BD80362B21E25DFD40D6780DADF2C1AC9671AAA3D677DD75E9E0112CB5A4C928F44E12044D22338956A1F003333F8E814
310
E5331A1194BE2B0362DB343BA13D122055543278D79E6050F344ECBC6478EDCD76CE8EABAE5449AE4298AC56946789C28AAFBEABC53F3EAF09A84A1441B91F0101CD4780756578C173A578FFDDBD00504B03041400060808006258CD583DEE336E64000000790000001B0000006175746F6465736B2D64657369676E2D7061
310
636B6167652E786D6C35CBC10E83200C00D05F21DCA56CA76D41FC96062B120735B69A7DBE268BB7777961F8D5AF396893C2ADB70FE7ADA196782C2DF776D7A97B5933C430F15651E5469C55D70F80A4992A3ADC954792C525AE70A1E4D6AD9816CC044FEFDF01FE3FDE907802504B03041400060808006258CD58AF0B8F50
310
F40000008E0100003D0000006662782F34344239424231412D353533462D343544432D413035422D3731413338343546363046382F7265736F75726365732F322F636F72652E786D6C8550CB6E833010FC15B477836D504A22E32884E40B7AEACD320EB1126CE447D5CFAF1DA8D49E7ADAD5ECCCECEEB0E3D7FC2C3E95F3DA
310
9A0E4889A15046DA519BA983186EA885E2C899B336FCA24161C4AC3AC8307036391B970D92D60465326AECA8365078AF0214F2999A0EBCBCAB59942286C4F08F7211F22126559272E57116A31E37A91E939BBE69E5805F87FDBEDEF50DA27D7F424D4D286AC9B545C3DB70C297FDF97226945559CC59D0F3CF76E994086A04
310
4E316D10DE2152BF1372C0F501371FACCA4CCE7C70E9E76D69FE2ED159B5A27FDCE232FEEF16B50935DDDC5685074ED271AF0167554E27955774A9E624F937504B03041400060808006258CD583D54B57DF9000000960100003B0000006662782F34344239424231412D353533462D343544432D413035422D373141333834
310
3546363046382F7265736F75726365732F636F72652E786D6C8550CB6E833010FC15B47703069492C8380A21F9829E7AB3CC86580936F2A3EAE7D70E546A4F3DED6A76667677D8F16B7E669F689D32BA039A9790A19666547AEA20F81B69213B72668DF1BF6890693163070906CE266BC2B241D2688F3AA1DA8CB881C239F4
310
90C9676C3A70F28EB3C845F091E11EF922E4434C98D37CE57116821A37A91AA39BBA29B4C0AFC37E5FEFFA86547D7F224D4D2BD2D26B4B86B7E1545EF6E7CB9956AC4862CEBC9A7FB64B8BC2E308BC2AAB86943B42EB774A0F657D289B0F56242667CEDBF8F3B6347D07DCA233C14A74AC58A77F5CC332FEEF1A94F675B5B9
310
AE0A079CC6235F03CE8A94522CAF08634D89F26F504B03041400060808006258CD58035327F8F2000000B1010000310000006662782F34344239424231412D353533462D343544432D413035422D3731413338343546363046382F636F72652E786D6C8D50CB6EC32010FC156BEFD860E3348D3091DDCA5FD0536F08130725
310
068B47D5CF2FC4AED4DE725A343BC3CC0E3B7F2FF7E24B39AFADE98094180A65A49DB4993B88E1828E509C3973D6863F34288C5854071906CE6667E3BA43D29AA04C468D9DD40E0AEF558042DED3A3032FAF6A11A5882131FCAD5C85BC895995A4DC789C05BDFC4AA55322A809788D6B8AF00191E68390136E4E987EB22A33
310
398B514FBB959E92BBBE68E580533ABC0E03E951DB3623A2EDFB1BEA713BA017D23747DA8E073C1E5995C59CF9E0D2CDFB27F9BA67E59BF05FE6B84E4F64D62634F56EB8293C7092F23C169C55B9C0341EEDA699CBE63F504B03041400060808006258CD58B915693B54010000DD0200000C0000006662782F636F72652E78
310
6D6C8D52DB8E832014FC15C33B2A68BAED06697AFD827DDA378AD425553008A69FBFE025AE0FDBDD98209973CECC990964FF6CEAA817A6935A1500C5298884E2BA94AA2A80B377B805D19E12A3B5FDD10622C51A518000034A2AA35D3B415C2B2B5440952EC504B2AE131644BCF6970274FC4B342C66CEFA8EEE11B78C3F58
310
2562148F7D943827CB6954969E4DDEA530805ECFBB5DB639E6101F8F07986708C32DBA6EE1F9ED7C482FBBD3E5843049C230255636B33A37825951028A539CC3740351F681D07B9ABDA7F927494227259D35DEF3241ADC017ABF3D4932E22B3ED7967FF339A96C8627BE71A20314F9F586022549C8C7FF86F0D6197A619F9F
310
65B77AB6F0F0502FB8D526F79552BBA5D4B3DA094F9D46C34792B1EA990782DF78F00B9ED71C3E28A62ABF1AB3FE7A7336A8AF776A8581BD7D464A9B86D5CB72E38ACBB908AD2CCDE35CD7DAFC677AB63A8799848749BF01504B03041400060808006258CD58AF515A8208010000B201000008000000636F72652E786D6C8D
310
50416EC32010FC0ADA3B36602B75224C14C7C90B7AEA8D1AE2A2D860191CB5BF2FC4AED4DE7A5A3433BB330C3F7E8E037AE8D91B676BA01901A46DE794B17D0D4BB8E10AD051F0D9B9F04B06C8CA51D7906010BC9FDD326D50E76CD036A1D629BD81D27B1D0075437CD4E0BB0F3DCA4C2E212AFC3D9B647797BDCE68B6EA04
310
0F66FC59ED662D835620186125263B4C8B574A0FA43890F28DE74929F8B218B5591915DDCDCDE819C4B5DDEF8B5D5362D634275C1694E18A5E2BDCBEB42772D99F2F67CA789E9605F7618E7FDE8EC49C0179F948BE3C5F29C1DF9D1B36410CA590B3C31708C2F344FC09BD4CEA1FA18D0D05DB0EAE1B1E048D819E44344E0D
310
C6F1AC37CED4B6F806504B010214001400060808006258CD580000000000000000000000003700000000000000000000000000000000006662782F34344239424231412D353533462D343544432D413035422D3731413338343546363046382F617474726962757465732E62696E504B010214001400060808006258CD5800
310
00000000000000000000003500000000000000000000000000550000006662782F34344239424231412D353533462D343544432D413035422D3731413338343546363046382F76657274696365732E62696E504B010214001400060808006258CD58F270F13306000000040000003600000000000000000000000000A80000
310
006662782F34344239424231412D353533462D343544432D413035422D3731413338343546363046382F747269616E676C65732E62696E504B010214001400060808006258CD58B5A795FFE3790000DE7900004200000000000000000000000000020100006662782F34344239424231412D353533462D343544432D413035
310
422D3731413338343546363046382F7265736F75726365732F322F305F67656E657269632E706E67504B010214001400060808006258CD5851464CB489000000430100003600000000000000000000000000457B00006662782F34344239424231412D353533462D343544432D413035422D3731413338343546363046382F
310
6469726563746F72792E786D6C504B010214001400060808006258CD5876DFE9E044070000541C00003400000000000000000000000000227C00006662782F34344239424231412D353533462D343544432D413035422D3731413338343546363046382F6F626A656374732E786D6C504B010214001400060808006258CD58
310
D8398564E1000000550100003C00000000000000000000000000B88300006662782F34344239424231412D353533462D343544432D413035422D3731413338343546363046382F7265736F75726365732F322F636E782E786D6C504B010214001400060808006258CD58FF15A4A45D000000800000003A0000000000000000
310
0000000000F38400006662782F34344239424231412D353533462D343544432D413035422D3731413338343546363046382F7265736F75726365732F636E782E786D6C504B010214001400060808006258CD589E577ACF42010000560500003000000000000000000000000000A88500006662782F34344239424231412D35
310
3533462D343544432D413035422D3731413338343546363046382F636E782E786D6C504B010214001400060808006258CD582C39EF307D000000A30000000B00000000000000000000000000388700006662782F636E782E786D6C504B010214001400060808006258CD58A6D797065F000000820000000700000000000000
310
000000000000DE870000636E782E786D6C504B010214001400060808006258CD58ECFD112DA8000000260100001300000000000000000000000000628800005B436F6E74656E745F54797065735D2E786D6C504B010214001400060808006258CD583DEE336E64000000790000001B000000000000000000000000003B8900
310
006175746F6465736B2D64657369676E2D7061636B6167652E786D6C504B010214001400060808006258CD58AF0B8F50F40000008E0100003D00000000000000000000000000D88900006662782F34344239424231412D353533462D343544432D413035422D3731413338343546363046382F7265736F75726365732F322F
310
636F72652E786D6C504B010214001400060808006258CD583D54B57DF9000000960100003B00000000000000000000000000278B00006662782F34344239424231412D353533462D343544432D413035422D3731413338343546363046382F7265736F75726365732F636F72652E786D6C504B010214001400060808006258
310
CD58035327F8F2000000B10100003100000000000000000000000000798C00006662782F34344239424231412D353533462D343544432D413035422D3731413338343546363046382F636F72652E786D6C504B010214001400060808006258CD58B915693B54010000DD0200000C00000000000000000000000000BA8D0000
310
6662782F636F72652E786D6C504B010214001400060808006258CD58AF515A8208010000B20100000800000000000000000000000000388F0000636F72652E786D6C504B050600000000120012002D060000669000000000
  0
XRECORD
  5
1DE5
102
{ACAD_REACTORS
330
1DE4
102
}
330
1DE4
100
AcDbXrecord
280
     1
102
DISPLAYNAME
  1
Metric50
102
FLAGS
 90
        0
  0
CELLSTYLEMAP
  5
1DAC
102
{ACAD_REACTORS
330
1928
102
}
330
1928
100
AcDbCellStyleMap
 90
        3
300
CELLSTYLE
  1
TABLEFORMAT_BEGIN
 90
        5
170
     1
 91
        0
 92
    32768
 62
   257
 93
        1
300
CONTENTFORMAT
  1
CONTENTFORMAT_BEGIN
 90
        0
 91
        0
 92
        4
 93
        0
300

 40
0.0
140
1.0
 94
        5
 62
     0
340
11
144
0.25
309
CONTENTFORMAT_END
171
     1
301
MARGIN
  1
CELLMARGIN_BEGIN
 40
0.06
 40
0.06
 40
0.06
 40
0.06
 40
0.06
 40
0.06
309
CELLMARGIN_END
 94
        6
 95
        1
302
GRIDFORMAT
  1
GRIDFORMAT_BEGIN
 90
        0
 91
        1
 62
     0
 92
       -2
340
14
 93
        0
 40
0.045
309
GRIDFORMAT_END
 95
        2
302
GRIDFORMAT
  1
GRIDFORMAT_BEGIN
 90
        0
 91
        1
 62
     0
 92
       -2
340
14
 93
        0
 40
0.045
309
GRIDFORMAT_END
 95
        4
302
GRIDFORMAT
  1
GRIDFORMAT_BEGIN
 90
        0
 91
        1
 62
     0
 92
       -2
340
14
 93
        0
 40
0.045
309
GRIDFORMAT_END
 95
        8
302
GRIDFORMAT
  1
GRIDFORMAT_BEGIN
 90
        0
 91
        1
 62
     0
 92
       -2
340
14
 93
        0
 40
0.045
309
GRIDFORMAT_END
 95
       16
302
GRIDFORMAT
  1
GRIDFORMAT_BEGIN
 90
        0
 91
        1
 62
     0
 92
       -2
340
14
 93
        0
 40
0.045
309
GRIDFORMAT_END
 95
       32
302
GRIDFORMAT
  1
GRIDFORMAT_BEGIN
 90
        0
 91
        1
 62
     0
 92
       -2
340
14
 93
        0
 40
0.045
309
GRIDFORMAT_END
309
TABLEFORMAT_END
  1
CELLSTYLE_BEGIN
 90
        1
 91
        1
300
_TITLE
309
CELLSTYLE_END
300
CELLSTYLE
  1
TABLEFORMAT_BEGIN
 90
        5
170
     1
 91
        0
 92
        0
 62
   257
 93
        1
300
CONTENTFORMAT
  1
CONTENTFORMAT_BEGIN
 90
        0
 91
        0
 92
        4
 93
        0
300

 40
0.0
140
1.0
 94
        5
 62
     0
340
11
144
0.18
309
CONTENTFORMAT_END
171
     1
301
MARGIN
  1
CELLMARGIN_BEGIN
 40
0.06
 40
0.06
 40
0.06
 40
0.06
 40
0.06
 40
0.06
309
CELLMARGIN_END
 94
        6
 95
        1
302
GRIDFORMAT
  1
GRIDFORMAT_BEGIN
 90
        0
 91
        1
 62
     0
 92
       -2
340
14
 93
        0
 40
0.045
309
GRIDFORMAT_END
 95
        2
302
GRIDFORMAT
  1
GRIDFORMAT_BEGIN
 90
        0
 91
        1
 62
     0
 92
       -2
340
14
 93
        0
 40
0.045
309
GRIDFORMAT_END
 95
        4
302
GRIDFORMAT
  1
GRIDFORMAT_BEGIN
 90
        0
 91
        1
 62
     0
 92
       -2
340
14
 93
        0
 40
0.045
309
GRIDFORMAT_END
 95
        8
302
GRIDFORMAT
  1
GRIDFORMAT_BEGIN
 90
        0
 91
        1
 62
     0
 92
       -2
340
14
 93
        0
 40
0.045
309
GRIDFORMAT_END
 95
       16
302
GRIDFORMAT
  1
GRIDFORMAT_BEGIN
 90
        0
 91
        1
 62
     0
 92
       -2
340
14
 93
        0
 40
0.045
309
GRIDFORMAT_END
 95
       32
302
GRIDFORMAT
  1
GRIDFORMAT_BEGIN
 90
        0
 91
        1
 62
     0
 92
       -2
340
14
 93
        0
 40
0.045
309
GRIDFORMAT_END
309
TABLEFORMAT_END
  1
CELLSTYLE_BEGIN
 90
        2
 91
        1
300
_HEADER
309
CELLSTYLE_END
300
CELLSTYLE
  1
TABLEFORMAT_BEGIN
 90
        5
170
     1
 91
        0
 92
        0
 62
   257
 93
        1
300
CONTENTFORMAT
  1
CONTENTFORMAT_BEGIN
 90
        0
 91
        0
 92
        4
 93
        0
300

 40
0.0
140
1.0
 94
        2
 62
     0
340
11
144
0.18
309
CONTENTFORMAT_END
171
     1
301
MARGIN
  1
CELLMARGIN_BEGIN
 40
0.06
 40
0.06
 40
0.06
 40
0.06
 40
0.06
 40
0.06
309
CELLMARGIN_END
 94
        6
 95
        1
302
GRIDFORMAT
  1
GRIDFORMAT_BEGIN
 90
        0
 91
        1
 62
     0
 92
       -2
340
14
 93
        0
 40
0.045
309
GRIDFORMAT_END
 95
        2
302
GRIDFORMAT
  1
GRIDFORMAT_BEGIN
 90
        0
 91
        1
 62
     0
 92
       -2
340
14
 93
        0
 40
0.045
309
GRIDFORMAT_END
 95
        4
302
GRIDFORMAT
  1
GRIDFORMAT_BEGIN
 90
        0
 91
        1
 62
     0
 92
       -2
340
14
 93
        0
 40
0.045
309
GRIDFORMAT_END
 95
        8
302
GRIDFORMAT
  1
GRIDFORMAT_BEGIN
 90
        0
 91
        1
 62
     0
 92
       -2
340
14
 93
        0
 40
0.045
309
GRIDFORMAT_END
 95
       16
302
GRIDFORMAT
  1
GRIDFORMAT_BEGIN
 90
        0
 91
        1
 62
     0
 92
       -2
340
14
 93
        0
 40
0.045
309
GRIDFORMAT_END
 95
       32
302
GRIDFORMAT
  1
GRIDFORMAT_BEGIN
 90
        0
 91
        1
 62
     0
 92
       -2
340
14
 93
        0
 40
0.045
309
GRIDFORMAT_END
309
TABLEFORMAT_END
  1
CELLSTYLE_BEGIN
 90
        3
 91
        2
300
_DATA
309
CELLSTYLE_END
  0
XRECORD
  5
1DE3
102
{ACAD_REACTORS
330
1928
102
}
330
1928
100
AcDbXrecord
280
     1
102
ACAD_ROUNDTRIP_PRE2007_TABLESTYLE
 90
        4
 91
        0
  1

 92
        4
 93
        0
  2

 94
        4
 95
        0
  3

  0
XRECORD
  5
1DB7
102
{ACAD_REACTORS
330
1DB6
102
}
330
1DB6
100
AcDbXrecord
280
     1
102
RTVSPost2010Prop28
280
     1
102
RTVSPost2010PropOp28
 70
     1
102
RTVSPost2010Prop29
280
     1
102
RTVSPost2010PropOp29
 70
     1
102
RTVSPost2010Prop30
280
     0
102
RTVSPost2010PropOp30
 70
     1
102
RTVSPost2010Prop31
280
     0
102
RTVSPost2010PropOp31
 70
     1
102
RTVSPost2010Prop32
280
     0
102
RTVSPost2010PropOp32
 70
     1
102
RTVSPost2010Prop33
280
     0
102
RTVSPost2010PropOp33
 70
     1
102
RTVSPost2010Prop34
280
     0
102
RTVSPost2010PropOp34
 70
     1
102
RTVSPost2010Prop35
280
     0
102
RTVSPost2010PropOp35
 70
     1
102
RTVSPost2010Prop36
280
     0
102
RTVSPost2010PropOp36
 70
     1
102
RTVSPost2010Prop37
 90
       50
102
RTVSPost2010PropOp37
 70
     1
102
RTVSPost2010Prop38
140
0.0
102
RTVSPost2010PropOp38
 70
     1
102
RTVSPost2010Prop39
140
1.0
102
RTVSPost2010PropOp39
 70
     1
102
RTVSPost2010Prop40
 90
        0
102
RTVSPost2010PropOp40
 70
     1
102
RTVSPost2010Prop41ColorIndex
 90
       18
102
RTVSPost2010Prop41ColorRGB
 90
        0
102
RTVSPost2010PropOp41
 70
     1
102
RTVSPost2010Prop42
 90
       50
102
RTVSPost2010PropOp42
 70
     1
102
RTVSPost2010Prop43
 90
        3
102
RTVSPost2010PropOp43
 70
     1
102
RTVSPost2010Prop44ColorIndex
 90
        5
102
RTVSPost2010Prop44ColorRGB
 90
      255
102
RTVSPost2010PropOp44
 70
     1
102
RTVSPost2010Prop45
280
     0
102
RTVSPost2010PropOp45
 70
     1
102
RTVSPost2010Prop46
 90
       50
102
RTVSPost2010PropOp46
 70
     1
102
RTVSPost2010Prop47
 90
       50
102
RTVSPost2010PropOp47
 70
     1
102
RTVSPost2010Prop48
 90
       50
102
RTVSPost2010PropOp48
 70
     1
102
RTVSPost2010Prop49
280
     0
102
RTVSPost2010PropOp49
 70
     1
102
RTVSPost2010Prop50
 90
       50
102
RTVSPost2010PropOp50
 70
     1
102
RTVSPost2010Prop51ColorIndex
 90
      256
102
RTVSPost2010Prop51ColorRGB
 90
-16777216
102
RTVSPost2010PropOp51
 70
     0
102
RTVSPost2010Prop52
140
1.0
102
RTVSPost2010PropOp52
 70
     0
102
RTVSPost2010Prop53
 90
        2
102
RTVSPost2010PropOp53
 70
     1
102
RTVSPost2010Prop54
  1
strokes_ogs.tif
102
RTVSPost2010PropOp54
 70
     1
102
RTVSPost2010Prop55
280
     0
102
RTVSPost2010PropOp55
 70
     1
102
RTVSPost2010Prop56
140
1.0
102
RTVSPost2010PropOp56
 70
     1
102
RTVSPost2010Prop57
140
1.0
102
RTVSPost2010PropOp57
 70
     1
102
RTVSPropertyOp0
 70
     1
102
RTVSPropertyOp1
 70
     1
102
RTVSPropertyOp2
 70
     1
102
RTVSPropertyOp3
 70
     1
102
RTVSPropertyOp4
 70
     1
102
RTVSPropertyOp5
 70
     1
102
RTVSPropertyOp6
 70
     1
102
RTVSPropertyOp7
 70
     1
102
RTVSPropertyOp8
 70
     1
102
RTVSPropertyOp9
 70
     1
102
RTVSPropertyOp10
 70
     1
102
RTVSPropertyOp11
 70
     1
102
RTVSPropertyOp12
 70
     1
102
RTVSPropertyOp13
 70
     1
102
RTVSPropertyOp14
 70
     1
102
RTVSPropertyOp15
 70
     1
102
RTVSPropertyOp16
 70
     1
102
RTVSPropertyOp17
 70
     1
102
RTVSPropertyOp18
 70
     1
102
RTVSPropertyOp19
 70
     1
102
RTVSPropertyOp20
 70
     1
102
RTVSPropertyOp21
 70
     1
102
RTVSPropertyOp22
 70
     1
102
RTVSPropertyOp23
 70
     1
102
RTVSPropertyOp24
 70
     1
102
RTVSPropertyOp25
 70
     1
102
RTVSPropertyOp26
 70
     1
102
RTVSPropertyOp27
 70
     1
102
RTVSPropertyOp28
 70
     1
102
RTVSPropertyOp29
 70
     1
102
RTVSPropertyOp30
 70
     1
102
RTVSPropertyOp31
 70
     1
102
RTVSPropertyOp32
 70
     1
102
RTVSPropertyOp33
 70
     1
102
RTVSPropertyOp34
 70
     1
102
RTVSPropertyOp35
 70
     1
102
RTVSPropertyOp36
 70
     1
102
RTVSPropertyOp37
 70
     1
102
RTVSPropertyOp38
 70
     1
102
RTVSPropertyOp39
 70
     1
102
RTVSPropertyOp40
 70
     1
102
RTVSPropertyOp41
 70
     1
102
RTVSPropertyOp42
 70
     1
102
RTVSPropertyOp43
 70
     1
102
RTVSPropertyOp44
 70
     1
102
RTVSPropertyOp45
 70
     1
102
RTVSPropertyOp46
 70
     1
102
RTVSPropertyOp47
 70
     1
102
RTVSPropertyOp48
 70
     1
102
RTVSPropertyOp49
 70
     1
102
RTVSPropertyOp50
 70
     1
102
RTVSPropertyOp51
 70
     0
102
RTVSPropertyOp52
 70
     0
102
RTVSPropertyOp53
 70
     1
102
RTVSPropertyOp54
 70
     1
102
RTVSPropertyOp55
 70
     1
102
RTVSPropertyOp56
 70
     1
102
RTVSPropertyOp57
 70
     1
102
RTVSPropertyOp58
 70
     1
102
RTVSPropertyOp59
 70
     1
102
RTVSPropertyOp60
 70
     1
102
RTVSPropertyOp61
 70
     1
102
RTVSPropertyOp62
 70
     1
  0
XRECORD
  5
1DBD
102
{ACAD_REACTORS
330
1DBC
102
}
330
1DBC
100
AcDbXrecord
280
     1
102
RTVSPost2010Prop28
280
     0
102
RTVSPost2010PropOp28
 70
     1
102
RTVSPost2010Prop29
280
     1
102
RTVSPost2010PropOp29
 70
     1
102
RTVSPost2010Prop30
280
     1
102
RTVSPost2010PropOp30
 70
     1
102
RTVSPost2010Prop31
280
     0
102
RTVSPost2010PropOp31
 70
     1
102
RTVSPost2010Prop32
280
     0
102
RTVSPost2010PropOp32
 70
     1
102
RTVSPost2010Prop33
280
     0
102
RTVSPost2010PropOp33
 70
     1
102
RTVSPost2010Prop34
280
     0
102
RTVSPost2010PropOp34
 70
     1
102
RTVSPost2010Prop35
280
     0
102
RTVSPost2010PropOp35
 70
     1
102
RTVSPost2010Prop36
280
     0
102
RTVSPost2010PropOp36
 70
     1
102
RTVSPost2010Prop37
 90
       50
102
RTVSPost2010PropOp37
 70
     1
102
RTVSPost2010Prop38
140
0.0
102
RTVSPost2010PropOp38
 70
     1
102
RTVSPost2010Prop39
140
1.0
102
RTVSPost2010PropOp39
 70
     1
102
RTVSPost2010Prop40
 90
        0
102
RTVSPost2010PropOp40
 70
     1
102
RTVSPost2010Prop41ColorIndex
 90
       18
102
RTVSPost2010Prop41ColorRGB
 90
        0
102
RTVSPost2010PropOp41
 70
     1
102
RTVSPost2010Prop42
 90
       50
102
RTVSPost2010PropOp42
 70
     1
102
RTVSPost2010Prop43
 90
        3
102
RTVSPost2010PropOp43
 70
     1
102
RTVSPost2010Prop44ColorIndex
 90
        5
102
RTVSPost2010Prop44ColorRGB
 90
      255
102
RTVSPost2010PropOp44
 70
     1
102
RTVSPost2010Prop45
280
     0
102
RTVSPost2010PropOp45
 70
     1
102
RTVSPost2010Prop46
 90
       50
102
RTVSPost2010PropOp46
 70
     1
102
RTVSPost2010Prop47
 90
       50
102
RTVSPost2010PropOp47
 70
     1
102
RTVSPost2010Prop48
 90
       50
102
RTVSPost2010PropOp48
 70
     1
102
RTVSPost2010Prop49
280
     0
102
RTVSPost2010PropOp49
 70
     1
102
RTVSPost2010Prop50
 90
       50
102
RTVSPost2010PropOp50
 70
     1
102
RTVSPost2010Prop51ColorIndex
 90
      256
102
RTVSPost2010Prop51ColorRGB
 90
-16777216
102
RTVSPost2010PropOp51
 70
     0
102
RTVSPost2010Prop52
140
1.0
102
RTVSPost2010PropOp52
 70
     0
102
RTVSPost2010Prop53
 90
        2
102
RTVSPost2010PropOp53
 70
     1
102
RTVSPost2010Prop54
  1
strokes_ogs.tif
102
RTVSPost2010PropOp54
 70
     1
102
RTVSPost2010Prop55
280
     0
102
RTVSPost2010PropOp55
 70
     1
102
RTVSPost2010Prop56
140
1.0
102
RTVSPost2010PropOp56
 70
     1
102
RTVSPost2010Prop57
140
1.0
102
RTVSPost2010PropOp57
 70
     1
102
RTVSPropertyOp0
 70
     1
102
RTVSPropertyOp1
 70
     1
102
RTVSPropertyOp2
 70
     1
102
RTVSPropertyOp3
 70
     1
102
RTVSPropertyOp4
 70
     1
102
RTVSPropertyOp5
 70
     1
102
RTVSPropertyOp6
 70
     1
102
RTVSPropertyOp7
 70
     1
102
RTVSPropertyOp8
 70
     1
102
RTVSPropertyOp9
 70
     1
102
RTVSPropertyOp10
 70
     1
102
RTVSPropertyOp11
 70
     1
102
RTVSPropertyOp12
 70
     1
102
RTVSPropertyOp13
 70
     1
102
RTVSPropertyOp14
 70
     1
102
RTVSPropertyOp15
 70
     1
102
RTVSPropertyOp16
 70
     1
102
RTVSPropertyOp17
 70
     1
102
RTVSPropertyOp18
 70
     1
102
RTVSPropertyOp19
 70
     1
102
RTVSPropertyOp20
 70
     1
102
RTVSPropertyOp21
 70
     1
102
RTVSPropertyOp22
 70
     1
102
RTVSPropertyOp23
 70
     1
102
RTVSPropertyOp24
 70
     1
102
RTVSPropertyOp25
 70
     1
102
RTVSPropertyOp26
 70
     1
102
RTVSPropertyOp27
 70
     1
102
RTVSPropertyOp28
 70
     1
102
RTVSPropertyOp29
 70
     1
102
RTVSPropertyOp30
 70
     1
102
RTVSPropertyOp31
 70
     1
102
RTVSPropertyOp32
 70
     1
102
RTVSPropertyOp33
 70
     1
102
RTVSPropertyOp34
 70
     1
102
RTVSPropertyOp35
 70
     1
102
RTVSPropertyOp36
 70
     1
102
RTVSPropertyOp37
 70
     1
102
RTVSPropertyOp38
 70
     1
102
RTVSPropertyOp39
 70
     1
102
RTVSPropertyOp40
 70
     1
102
RTVSPropertyOp41
 70
     1
102
RTVSPropertyOp42
 70
     1
102
RTVSPropertyOp43
 70
     1
102
RTVSPropertyOp44
 70
     1
102
RTVSPropertyOp45
 70
     1
102
RTVSPropertyOp46
 70
     1
102
RTVSPropertyOp47
 70
     1
102
RTVSPropertyOp48
 70
     1
102
RTVSPropertyOp49
 70
     1
102
RTVSPropertyOp50
 70
     1
102
RTVSPropertyOp51
 70
     0
102
RTVSPropertyOp52
 70
     0
102
RTVSPropertyOp53
 70
     1
102
RTVSPropertyOp54
 70
     1
102
RTVSPropertyOp55
 70
     1
102
RTVSPropertyOp56
 70
     1
102
RTVSPropertyOp57
 70
     1
102
RTVSPropertyOp58
 70
     1
102
RTVSPropertyOp59
 70
     1
102
RTVSPropertyOp60
 70
     1
102
RTVSPropertyOp61
 70
     1
102
RTVSPropertyOp62
 70
     1
  0
XRECORD
  5
1DC5
102
{ACAD_REACTORS
330
1DC4
102
}
330
1DC4
100
AcDbXrecord
280
     1
102
RTVSPost2010Prop28
280
     0
102
RTVSPost2010PropOp28
 70
     1
102
RTVSPost2010Prop29
280
     1
102
RTVSPost2010PropOp29
 70
     1
102
RTVSPost2010Prop30
280
     1
102
RTVSPost2010PropOp30
 70
     1
102
RTVSPost2010Prop31
280
     0
102
RTVSPost2010PropOp31
 70
     1
102
RTVSPost2010Prop32
280
     0
102
RTVSPost2010PropOp32
 70
     1
102
RTVSPost2010Prop33
280
     0
102
RTVSPost2010PropOp33
 70
     1
102
RTVSPost2010Prop34
280
     0
102
RTVSPost2010PropOp34
 70
     1
102
RTVSPost2010Prop35
280
     0
102
RTVSPost2010PropOp35
 70
     1
102
RTVSPost2010Prop36
280
     0
102
RTVSPost2010PropOp36
 70
     1
102
RTVSPost2010Prop37
 90
       50
102
RTVSPost2010PropOp37
 70
     1
102
RTVSPost2010Prop38
140
0.0
102
RTVSPost2010PropOp38
 70
     1
102
RTVSPost2010Prop39
140
1.0
102
RTVSPost2010PropOp39
 70
     1
102
RTVSPost2010Prop40
 90
        0
102
RTVSPost2010PropOp40
 70
     1
102
RTVSPost2010Prop41ColorIndex
 90
       18
102
RTVSPost2010Prop41ColorRGB
 90
        0
102
RTVSPost2010PropOp41
 70
     1
102
RTVSPost2010Prop42
 90
       50
102
RTVSPost2010PropOp42
 70
     1
102
RTVSPost2010Prop43
 90
        3
102
RTVSPost2010PropOp43
 70
     1
102
RTVSPost2010Prop44ColorIndex
 90
        5
102
RTVSPost2010Prop44ColorRGB
 90
      255
102
RTVSPost2010PropOp44
 70
     1
102
RTVSPost2010Prop45
280
     0
102
RTVSPost2010PropOp45
 70
     1
102
RTVSPost2010Prop46
 90
       50
102
RTVSPost2010PropOp46
 70
     1
102
RTVSPost2010Prop47
 90
       50
102
RTVSPost2010PropOp47
 70
     1
102
RTVSPost2010Prop48
 90
       50
102
RTVSPost2010PropOp48
 70
     1
102
RTVSPost2010Prop49
280
     0
102
RTVSPost2010PropOp49
 70
     1
102
RTVSPost2010Prop50
 90
       50
102
RTVSPost2010PropOp50
 70
     1
102
RTVSPost2010Prop51ColorIndex
 90
      256
102
RTVSPost2010Prop51ColorRGB
 90
-16777216
102
RTVSPost2010PropOp51
 70
     0
102
RTVSPost2010Prop52
140
1.0
102
RTVSPost2010PropOp52
 70
     0
102
RTVSPost2010Prop53
 90
        2
102
RTVSPost2010PropOp53
 70
     1
102
RTVSPost2010Prop54
  1
strokes_ogs.tif
102
RTVSPost2010PropOp54
 70
     1
102
RTVSPost2010Prop55
280
     0
102
RTVSPost2010PropOp55
 70
     1
102
RTVSPost2010Prop56
140
1.0
102
RTVSPost2010PropOp56
 70
     1
102
RTVSPost2010Prop57
140
1.0
102
RTVSPost2010PropOp57
 70
     1
102
RTVSPropertyOp0
 70
     1
102
RTVSPropertyOp1
 70
     1
102
RTVSPropertyOp2
 70
     1
102
RTVSPropertyOp3
 70
     1
102
RTVSPropertyOp4
 70
     1
102
RTVSPropertyOp5
 70
     1
102
RTVSPropertyOp6
 70
     1
102
RTVSPropertyOp7
 70
     1
102
RTVSPropertyOp8
 70
     1
102
RTVSPropertyOp9
 70
     1
102
RTVSPropertyOp10
 70
     1
102
RTVSPropertyOp11
 70
     1
102
RTVSPropertyOp12
 70
     1
102
RTVSPropertyOp13
 70
     1
102
RTVSPropertyOp14
 70
     1
102
RTVSPropertyOp15
 70
     1
102
RTVSPropertyOp16
 70
     1
102
RTVSPropertyOp17
 70
     1
102
RTVSPropertyOp18
 70
     1
102
RTVSPropertyOp19
 70
     1
102
RTVSPropertyOp20
 70
     1
102
RTVSPropertyOp21
 70
     1
102
RTVSPropertyOp22
 70
     1
102
RTVSPropertyOp23
 70
     1
102
RTVSPropertyOp24
 70
     1
102
RTVSPropertyOp25
 70
     1
102
RTVSPropertyOp26
 70
     1
102
RTVSPropertyOp27
 70
     1
102
RTVSPropertyOp28
 70
     1
102
RTVSPropertyOp29
 70
     1
102
RTVSPropertyOp30
 70
     1
102
RTVSPropertyOp31
 70
     1
102
RTVSPropertyOp32
 70
     1
102
RTVSPropertyOp33
 70
     1
102
RTVSPropertyOp34
 70
     1
102
RTVSPropertyOp35
 70
     1
102
RTVSPropertyOp36
 70
     1
102
RTVSPropertyOp37
 70
     1
102
RTVSPropertyOp38
 70
     1
102
RTVSPropertyOp39
 70
     1
102
RTVSPropertyOp40
 70
     1
102
RTVSPropertyOp41
 70
     1
102
RTVSPropertyOp42
 70
     1
102
RTVSPropertyOp43
 70
     1
102
RTVSPropertyOp44
 70
     1
102
RTVSPropertyOp45
 70
     1
102
RTVSPropertyOp46
 70
     1
102
RTVSPropertyOp47
 70
     1
102
RTVSPropertyOp48
 70
     1
102
RTVSPropertyOp49
 70
     1
102
RTVSPropertyOp50
 70
     1
102
RTVSPropertyOp51
 70
     0
102
RTVSPropertyOp52
 70
     0
102
RTVSPropertyOp53
 70
     1
102
RTVSPropertyOp54
 70
     1
102
RTVSPropertyOp55
 70
     1
102
RTVSPropertyOp56
 70
     1
102
RTVSPropertyOp57
 70
     1
102
RTVSPropertyOp58
 70
     1
102
RTVSPropertyOp59
 70
     1
102
RTVSPropertyOp60
 70
     1
102
RTVSPropertyOp61
 70
     1
102
RTVSPropertyOp62
 70
     1
  0
XRECORD
  5
1DCD
102
{ACAD_REACTORS
330
1DCC
102
}
330
1DCC
100
AcDbXrecord
280
     1
102
RTVSPost2010Prop28
280
     0
102
RTVSPost2010PropOp28
 70
     1
102
RTVSPost2010Prop29
280
     1
102
RTVSPost2010PropOp29
 70
     1
102
RTVSPost2010Prop30
280
     1
102
RTVSPost2010PropOp30
 70
     1
102
RTVSPost2010Prop31
280
     0
102
RTVSPost2010PropOp31
 70
     1
102
RTVSPost2010Prop32
280
     0
102
RTVSPost2010PropOp32
 70
     1
102
RTVSPost2010Prop33
280
     0
102
RTVSPost2010PropOp33
 70
     1
102
RTVSPost2010Prop34
280
     0
102
RTVSPost2010PropOp34
 70
     1
102
RTVSPost2010Prop35
280
     0
102
RTVSPost2010PropOp35
 70
     1
102
RTVSPost2010Prop36
280
     0
102
RTVSPost2010PropOp36
 70
     1
102
RTVSPost2010Prop37
 90
       50
102
RTVSPost2010PropOp37
 70
     1
102
RTVSPost2010Prop38
140
0.0
102
RTVSPost2010PropOp38
 70
     1
102
RTVSPost2010Prop39
140
1.0
102
RTVSPost2010PropOp39
 70
     1
102
RTVSPost2010Prop40
 90
        0
102
RTVSPost2010PropOp40
 70
     1
102
RTVSPost2010Prop41ColorIndex
 90
       18
102
RTVSPost2010Prop41ColorRGB
 90
        0
102
RTVSPost2010PropOp41
 70
     1
102
RTVSPost2010Prop42
 90
       50
102
RTVSPost2010PropOp42
 70
     1
102
RTVSPost2010Prop43
 90
        3
102
RTVSPost2010PropOp43
 70
     1
102
RTVSPost2010Prop44ColorIndex
 90
        5
102
RTVSPost2010Prop44ColorRGB
 90
      255
102
RTVSPost2010PropOp44
 70
     1
102
RTVSPost2010Prop45
280
     0
102
RTVSPost2010PropOp45
 70
     1
102
RTVSPost2010Prop46
 90
       50
102
RTVSPost2010PropOp46
 70
     1
102
RTVSPost2010Prop47
 90
       50
102
RTVSPost2010PropOp47
 70
     1
102
RTVSPost2010Prop48
 90
       50
102
RTVSPost2010PropOp48
 70
     1
102
RTVSPost2010Prop49
280
     0
102
RTVSPost2010PropOp49
 70
     1
102
RTVSPost2010Prop50
 90
       50
102
RTVSPost2010PropOp50
 70
     1
102
RTVSPost2010Prop51ColorIndex
 90
      256
102
RTVSPost2010Prop51ColorRGB
 90
-16777216
102
RTVSPost2010PropOp51
 70
     0
102
RTVSPost2010Prop52
140
1.0
102
RTVSPost2010PropOp52
 70
     0
102
RTVSPost2010Prop53
 90
        2
102
RTVSPost2010PropOp53
 70
     1
102
RTVSPost2010Prop54
  1
strokes_ogs.tif
102
RTVSPost2010PropOp54
 70
     1
102
RTVSPost2010Prop55
280
     0
102
RTVSPost2010PropOp55
 70
     1
102
RTVSPost2010Prop56
140
1.0
102
RTVSPost2010PropOp56
 70
     1
102
RTVSPost2010Prop57
140
1.0
102
RTVSPost2010PropOp57
 70
     1
102
RTVSPropertyOp0
 70
     1
102
RTVSPropertyOp1
 70
     1
102
RTVSPropertyOp2
 70
     1
102
RTVSPropertyOp3
 70
     1
102
RTVSPropertyOp4
 70
     1
102
RTVSPropertyOp5
 70
     1
102
RTVSPropertyOp6
 70
     1
102
RTVSPropertyOp7
 70
     1
102
RTVSPropertyOp8
 70
     1
102
RTVSPropertyOp9
 70
     1
102
RTVSPropertyOp10
 70
     1
102
RTVSPropertyOp11
 70
     1
102
RTVSPropertyOp12
 70
     1
102
RTVSPropertyOp13
 70
     1
102
RTVSPropertyOp14
 70
     1
102
RTVSPropertyOp15
 70
     1
102
RTVSPropertyOp16
 70
     1
102
RTVSPropertyOp17
 70
     1
102
RTVSPropertyOp18
 70
     1
102
RTVSPropertyOp19
 70
     1
102
RTVSPropertyOp20
 70
     1
102
RTVSPropertyOp21
 70
     1
102
RTVSPropertyOp22
 70
     1
102
RTVSPropertyOp23
 70
     1
102
RTVSPropertyOp24
 70
     1
102
RTVSPropertyOp25
 70
     1
102
RTVSPropertyOp26
 70
     1
102
RTVSPropertyOp27
 70
     1
102
RTVSPropertyOp28
 70
     1
102
RTVSPropertyOp29
 70
     1
102
RTVSPropertyOp30
 70
     1
102
RTVSPropertyOp31
 70
     1
102
RTVSPropertyOp32
 70
     1
102
RTVSPropertyOp33
 70
     1
102
RTVSPropertyOp34
 70
     1
102
RTVSPropertyOp35
 70
     1
102
RTVSPropertyOp36
 70
     1
102
RTVSPropertyOp37
 70
     1
102
RTVSPropertyOp38
 70
     1
102
RTVSPropertyOp39
 70
     1
102
RTVSPropertyOp40
 70
     1
102
RTVSPropertyOp41
 70
     1
102
RTVSPropertyOp42
 70
     1
102
RTVSPropertyOp43
 70
     1
102
RTVSPropertyOp44
 70
     1
102
RTVSPropertyOp45
 70
     1
102
RTVSPropertyOp46
 70
     1
102
RTVSPropertyOp47
 70
     1
102
RTVSPropertyOp48
 70
     1
102
RTVSPropertyOp49
 70
     1
102
RTVSPropertyOp50
 70
     1
102
RTVSPropertyOp51
 70
     0
102
RTVSPropertyOp52
 70
     0
102
RTVSPropertyOp53
 70
     1
102
RTVSPropertyOp54
 70
     1
102
RTVSPropertyOp55
 70
     1
102
RTVSPropertyOp56
 70
     1
102
RTVSPropertyOp57
 70
     1
102
RTVSPropertyOp58
 70
     1
102
RTVSPropertyOp59
 70
     1
102
RTVSPropertyOp60
 70
     1
102
RTVSPropertyOp61
 70
     1
102
RTVSPropertyOp62
 70
     1
  0
XRECORD
  5
1DC1
102
{ACAD_REACTORS
330
1DC0
102
}
330
1DC0
100
AcDbXrecord
280
     1
102
RTVSPost2010Prop28
280
     0
102
RTVSPost2010PropOp28
 70
     1
102
RTVSPost2010Prop29
280
     1
102
RTVSPost2010PropOp29
 70
     1
102
RTVSPost2010Prop30
280
     1
102
RTVSPost2010PropOp30
 70
     1
102
RTVSPost2010Prop31
280
     0
102
RTVSPost2010PropOp31
 70
     1
102
RTVSPost2010Prop32
280
     0
102
RTVSPost2010PropOp32
 70
     1
102
RTVSPost2010Prop33
280
     0
102
RTVSPost2010PropOp33
 70
     1
102
RTVSPost2010Prop34
280
     0
102
RTVSPost2010PropOp34
 70
     1
102
RTVSPost2010Prop35
280
     0
102
RTVSPost2010PropOp35
 70
     1
102
RTVSPost2010Prop36
280
     0
102
RTVSPost2010PropOp36
 70
     1
102
RTVSPost2010Prop37
 90
       50
102
RTVSPost2010PropOp37
 70
     1
102
RTVSPost2010Prop38
140
0.0
102
RTVSPost2010PropOp38
 70
     1
102
RTVSPost2010Prop39
140
1.0
102
RTVSPost2010PropOp39
 70
     1
102
RTVSPost2010Prop40
 90
        0
102
RTVSPost2010PropOp40
 70
     1
102
RTVSPost2010Prop41ColorIndex
 90
       18
102
RTVSPost2010Prop41ColorRGB
 90
        0
102
RTVSPost2010PropOp41
 70
     1
102
RTVSPost2010Prop42
 90
       50
102
RTVSPost2010PropOp42
 70
     1
102
RTVSPost2010Prop43
 90
        3
102
RTVSPost2010PropOp43
 70
     1
102
RTVSPost2010Prop44ColorIndex
 90
        5
102
RTVSPost2010Prop44ColorRGB
 90
      255
102
RTVSPost2010PropOp44
 70
     1
102
RTVSPost2010Prop45
280
     0
102
RTVSPost2010PropOp45
 70
     1
102
RTVSPost2010Prop46
 90
       50
102
RTVSPost2010PropOp46
 70
     1
102
RTVSPost2010Prop47
 90
       50
102
RTVSPost2010PropOp47
 70
     1
102
RTVSPost2010Prop48
 90
       50
102
RTVSPost2010PropOp48
 70
     1
102
RTVSPost2010Prop49
280
     0
102
RTVSPost2010PropOp49
 70
     1
102
RTVSPost2010Prop50
 90
       50
102
RTVSPost2010PropOp50
 70
     1
102
RTVSPost2010Prop51ColorIndex
 90
      256
102
RTVSPost2010Prop51ColorRGB
 90
-16777216
102
RTVSPost2010PropOp51
 70
     0
102
RTVSPost2010Prop52
140
1.0
102
RTVSPost2010PropOp52
 70
     0
102
RTVSPost2010Prop53
 90
        2
102
RTVSPost2010PropOp53
 70
     1
102
RTVSPost2010Prop54
  1
strokes_ogs.tif
102
RTVSPost2010PropOp54
 70
     1
102
RTVSPost2010Prop55
280
     0
102
RTVSPost2010PropOp55
 70
     1
102
RTVSPost2010Prop56
140
1.0
102
RTVSPost2010PropOp56
 70
     1
102
RTVSPost2010Prop57
140
1.0
102
RTVSPost2010PropOp57
 70
     1
102
RTVSPropertyOp0
 70
     1
102
RTVSPropertyOp1
 70
     1
102
RTVSPropertyOp2
 70
     1
102
RTVSPropertyOp3
 70
     1
102
RTVSPropertyOp4
 70
     1
102
RTVSPropertyOp5
 70
     1
102
RTVSPropertyOp6
 70
     1
102
RTVSPropertyOp7
 70
     1
102
RTVSPropertyOp8
 70
     1
102
RTVSPropertyOp9
 70
     1
102
RTVSPropertyOp10
 70
     1
102
RTVSPropertyOp11
 70
     1
102
RTVSPropertyOp12
 70
     1
102
RTVSPropertyOp13
 70
     1
102
RTVSPropertyOp14
 70
     1
102
RTVSPropertyOp15
 70
     1
102
RTVSPropertyOp16
 70
     1
102
RTVSPropertyOp17
 70
     1
102
RTVSPropertyOp18
 70
     1
102
RTVSPropertyOp19
 70
     1
102
RTVSPropertyOp20
 70
     1
102
RTVSPropertyOp21
 70
     1
102
RTVSPropertyOp22
 70
     1
102
RTVSPropertyOp23
 70
     1
102
RTVSPropertyOp24
 70
     1
102
RTVSPropertyOp25
 70
     1
102
RTVSPropertyOp26
 70
     1
102
RTVSPropertyOp27
 70
     1
102
RTVSPropertyOp28
 70
     1
102
RTVSPropertyOp29
 70
     1
102
RTVSPropertyOp30
 70
     1
102
RTVSPropertyOp31
 70
     1
102
RTVSPropertyOp32
 70
     1
102
RTVSPropertyOp33
 70
     1
102
RTVSPropertyOp34
 70
     1
102
RTVSPropertyOp35
 70
     1
102
RTVSPropertyOp36
 70
     1
102
RTVSPropertyOp37
 70
     1
102
RTVSPropertyOp38
 70
     1
102
RTVSPropertyOp39
 70
     1
102
RTVSPropertyOp40
 70
     1
102
RTVSPropertyOp41
 70
     1
102
RTVSPropertyOp42
 70
     1
102
RTVSPropertyOp43
 70
     1
102
RTVSPropertyOp44
 70
     1
102
RTVSPropertyOp45
 70
     1
102
RTVSPropertyOp46
 70
     1
102
RTVSPropertyOp47
 70
     1
102
RTVSPropertyOp48
 70
     1
102
RTVSPropertyOp49
 70
     1
102
RTVSPropertyOp50
 70
     1
102
RTVSPropertyOp51
 70
     0
102
RTVSPropertyOp52
 70
     0
102
RTVSPropertyOp53
 70
     1
102
RTVSPropertyOp54
 70
     1
102
RTVSPropertyOp55
 70
     1
102
RTVSPropertyOp56
 70
     1
102
RTVSPropertyOp57
 70
     1
102
RTVSPropertyOp58
 70
     1
102
RTVSPropertyOp59
 70
     1
102
RTVSPropertyOp60
 70
     1
102
RTVSPropertyOp61
 70
     1
102
RTVSPropertyOp62
 70
     1
  0
XRECORD
  5
1DC3
102
{ACAD_REACTORS
330
1DC2
102
}
330
1DC2
100
AcDbXrecord
280
     1
102
RTVSPost2010Prop28
280
     0
102
RTVSPost2010PropOp28
 70
     1
102
RTVSPost2010Prop29
280
     1
102
RTVSPost2010PropOp29
 70
     1
102
RTVSPost2010Prop30
280
     1
102
RTVSPost2010PropOp30
 70
     1
102
RTVSPost2010Prop31
280
     0
102
RTVSPost2010PropOp31
 70
     1
102
RTVSPost2010Prop32
280
     0
102
RTVSPost2010PropOp32
 70
     1
102
RTVSPost2010Prop33
280
     0
102
RTVSPost2010PropOp33
 70
     1
102
RTVSPost2010Prop34
280
     0
102
RTVSPost2010PropOp34
 70
     1
102
RTVSPost2010Prop35
280
     0
102
RTVSPost2010PropOp35
 70
     1
102
RTVSPost2010Prop36
280
     0
102
RTVSPost2010PropOp36
 70
     1
102
RTVSPost2010Prop37
 90
       50
102
RTVSPost2010PropOp37
 70
     1
102
RTVSPost2010Prop38
140
0.0
102
RTVSPost2010PropOp38
 70
     1
102
RTVSPost2010Prop39
140
1.0
102
RTVSPost2010PropOp39
 70
     1
102
RTVSPost2010Prop40
 90
        0
102
RTVSPost2010PropOp40
 70
     1
102
RTVSPost2010Prop41ColorIndex
 90
       18
102
RTVSPost2010Prop41ColorRGB
 90
        0
102
RTVSPost2010PropOp41
 70
     1
102
RTVSPost2010Prop42
 90
       50
102
RTVSPost2010PropOp42
 70
     1
102
RTVSPost2010Prop43
 90
        3
102
RTVSPost2010PropOp43
 70
     1
102
RTVSPost2010Prop44ColorIndex
 90
        5
102
RTVSPost2010Prop44ColorRGB
 90
      255
102
RTVSPost2010PropOp44
 70
     1
102
RTVSPost2010Prop45
280
     0
102
RTVSPost2010PropOp45
 70
     1
102
RTVSPost2010Prop46
 90
       50
102
RTVSPost2010PropOp46
 70
     1
102
RTVSPost2010Prop47
 90
       50
102
RTVSPost2010PropOp47
 70
     1
102
RTVSPost2010Prop48
 90
       50
102
RTVSPost2010PropOp48
 70
     1
102
RTVSPost2010Prop49
280
     0
102
RTVSPost2010PropOp49
 70
     1
102
RTVSPost2010Prop50
 90
       50
102
RTVSPost2010PropOp50
 70
     1
102
RTVSPost2010Prop51ColorIndex
 90
      256
102
RTVSPost2010Prop51ColorRGB
 90
-16777216
102
RTVSPost2010PropOp51
 70
     0
102
RTVSPost2010Prop52
140
1.0
102
RTVSPost2010PropOp52
 70
     0
102
RTVSPost2010Prop53
 90
        2
102
RTVSPost2010PropOp53
 70
     1
102
RTVSPost2010Prop54
  1
strokes_ogs.tif
102
RTVSPost2010PropOp54
 70
     1
102
RTVSPost2010Prop55
280
     0
102
RTVSPost2010PropOp55
 70
     1
102
RTVSPost2010Prop56
140
1.0
102
RTVSPost2010PropOp56
 70
     1
102
RTVSPost2010Prop57
140
1.0
102
RTVSPost2010PropOp57
 70
     1
102
RTVSPropertyOp0
 70
     1
102
RTVSPropertyOp1
 70
     1
102
RTVSPropertyOp2
 70
     1
102
RTVSPropertyOp3
 70
     1
102
RTVSPropertyOp4
 70
     1
102
RTVSPropertyOp5
 70
     1
102
RTVSPropertyOp6
 70
     1
102
RTVSPropertyOp7
 70
     1
102
RTVSPropertyOp8
 70
     1
102
RTVSPropertyOp9
 70
     1
102
RTVSPropertyOp10
 70
     1
102
RTVSPropertyOp11
 70
     1
102
RTVSPropertyOp12
 70
     1
102
RTVSPropertyOp13
 70
     1
102
RTVSPropertyOp14
 70
     1
102
RTVSPropertyOp15
 70
     1
102
RTVSPropertyOp16
 70
     1
102
RTVSPropertyOp17
 70
     1
102
RTVSPropertyOp18
 70
     1
102
RTVSPropertyOp19
 70
     1
102
RTVSPropertyOp20
 70
     1
102
RTVSPropertyOp21
 70
     1
102
RTVSPropertyOp22
 70
     1
102
RTVSPropertyOp23
 70
     1
102
RTVSPropertyOp24
 70
     1
102
RTVSPropertyOp25
 70
     1
102
RTVSPropertyOp26
 70
     1
102
RTVSPropertyOp27
 70
     1
102
RTVSPropertyOp28
 70
     1
102
RTVSPropertyOp29
 70
     1
102
RTVSPropertyOp30
 70
     1
102
RTVSPropertyOp31
 70
     1
102
RTVSPropertyOp32
 70
     1
102
RTVSPropertyOp33
 70
     1
102
RTVSPropertyOp34
 70
     1
102
RTVSPropertyOp35
 70
     1
102
RTVSPropertyOp36
 70
     1
102
RTVSPropertyOp37
 70
     1
102
RTVSPropertyOp38
 70
     1
102
RTVSPropertyOp39
 70
     1
102
RTVSPropertyOp40
 70
     1
102
RTVSPropertyOp41
 70
     1
102
RTVSPropertyOp42
 70
     1
102
RTVSPropertyOp43
 70
     1
102
RTVSPropertyOp44
 70
     1
102
RTVSPropertyOp45
 70
     1
102
RTVSPropertyOp46
 70
     1
102
RTVSPropertyOp47
 70
     1
102
RTVSPropertyOp48
 70
     1
102
RTVSPropertyOp49
 70
     1
102
RTVSPropertyOp50
 70
     1
102
RTVSPropertyOp51
 70
     0
102
RTVSPropertyOp52
 70
     0
102
RTVSPropertyOp53
 70
     1
102
RTVSPropertyOp54
 70
     1
102
RTVSPropertyOp55
 70
     1
102
RTVSPropertyOp56
 70
     1
102
RTVSPropertyOp57
 70
     1
102
RTVSPropertyOp58
 70
     1
102
RTVSPropertyOp59
 70
     1
102
RTVSPropertyOp60
 70
     1
102
RTVSPropertyOp61
 70
     1
102
RTVSPropertyOp62
 70
     1
  0
XRECORD
  5
1DD3
102
{ACAD_REACTORS
330
1DD2
102
}
330
1DD2
100
AcDbXrecord
280
     1
102
RTVSPost2010Prop28
280
     0
102
RTVSPost2010PropOp28
 70
     1
102
RTVSPost2010Prop29
280
     1
102
RTVSPost2010PropOp29
 70
     1
102
RTVSPost2010Prop30
280
     1
102
RTVSPost2010PropOp30
 70
     1
102
RTVSPost2010Prop31
280
     0
102
RTVSPost2010PropOp31
 70
     1
102
RTVSPost2010Prop32
280
     0
102
RTVSPost2010PropOp32
 70
     1
102
RTVSPost2010Prop33
280
     0
102
RTVSPost2010PropOp33
 70
     1
102
RTVSPost2010Prop34
280
     0
102
RTVSPost2010PropOp34
 70
     1
102
RTVSPost2010Prop35
280
     0
102
RTVSPost2010PropOp35
 70
     1
102
RTVSPost2010Prop36
280
     0
102
RTVSPost2010PropOp36
 70
     1
102
RTVSPost2010Prop37
 90
       50
102
RTVSPost2010PropOp37
 70
     1
102
RTVSPost2010Prop38
140
0.0
102
RTVSPost2010PropOp38
 70
     1
102
RTVSPost2010Prop39
140
1.0
102
RTVSPost2010PropOp39
 70
     1
102
RTVSPost2010Prop40
 90
        0
102
RTVSPost2010PropOp40
 70
     1
102
RTVSPost2010Prop41ColorIndex
 90
       18
102
RTVSPost2010Prop41ColorRGB
 90
        0
102
RTVSPost2010PropOp41
 70
     1
102
RTVSPost2010Prop42
 90
       50
102
RTVSPost2010PropOp42
 70
     1
102
RTVSPost2010Prop43
 90
        3
102
RTVSPost2010PropOp43
 70
     1
102
RTVSPost2010Prop44ColorIndex
 90
        5
102
RTVSPost2010Prop44ColorRGB
 90
      255
102
RTVSPost2010PropOp44
 70
     1
102
RTVSPost2010Prop45
280
     0
102
RTVSPost2010PropOp45
 70
     1
102
RTVSPost2010Prop46
 90
       50
102
RTVSPost2010PropOp46
 70
     1
102
RTVSPost2010Prop47
 90
       50
102
RTVSPost2010PropOp47
 70
     1
102
RTVSPost2010Prop48
 90
       50
102
RTVSPost2010PropOp48
 70
     1
102
RTVSPost2010Prop49
280
     0
102
RTVSPost2010PropOp49
 70
     1
102
RTVSPost2010Prop50
 90
       50
102
RTVSPost2010PropOp50
 70
     1
102
RTVSPost2010Prop51ColorIndex
 90
      256
102
RTVSPost2010Prop51ColorRGB
 90
-16777216
102
RTVSPost2010PropOp51
 70
     0
102
RTVSPost2010Prop52
140
1.0
102
RTVSPost2010PropOp52
 70
     0
102
RTVSPost2010Prop53
 90
        2
102
RTVSPost2010PropOp53
 70
     1
102
RTVSPost2010Prop54
  1
strokes_ogs.tif
102
RTVSPost2010PropOp54
 70
     1
102
RTVSPost2010Prop55
280
     0
102
RTVSPost2010PropOp55
 70
     1
102
RTVSPost2010Prop56
140
1.0
102
RTVSPost2010PropOp56
 70
     1
102
RTVSPost2010Prop57
140
1.0
102
RTVSPost2010PropOp57
 70
     1
102
RTVSPropertyOp0
 70
     1
102
RTVSPropertyOp1
 70
     1
102
RTVSPropertyOp2
 70
     1
102
RTVSPropertyOp3
 70
     1
102
RTVSPropertyOp4
 70
     1
102
RTVSPropertyOp5
 70
     1
102
RTVSPropertyOp6
 70
     1
102
RTVSPropertyOp7
 70
     1
102
RTVSPropertyOp8
 70
     1
102
RTVSPropertyOp9
 70
     1
102
RTVSPropertyOp10
 70
     1
102
RTVSPropertyOp11
 70
     1
102
RTVSPropertyOp12
 70
     1
102
RTVSPropertyOp13
 70
     1
102
RTVSPropertyOp14
 70
     1
102
RTVSPropertyOp15
 70
     1
102
RTVSPropertyOp16
 70
     1
102
RTVSPropertyOp17
 70
     1
102
RTVSPropertyOp18
 70
     1
102
RTVSPropertyOp19
 70
     1
102
RTVSPropertyOp20
 70
     1
102
RTVSPropertyOp21
 70
     1
102
RTVSPropertyOp22
 70
     1
102
RTVSPropertyOp23
 70
     1
102
RTVSPropertyOp24
 70
     1
102
RTVSPropertyOp25
 70
     1
102
RTVSPropertyOp26
 70
     1
102
RTVSPropertyOp27
 70
     1
102
RTVSPropertyOp28
 70
     1
102
RTVSPropertyOp29
 70
     1
102
RTVSPropertyOp30
 70
     1
102
RTVSPropertyOp31
 70
     1
102
RTVSPropertyOp32
 70
     1
102
RTVSPropertyOp33
 70
     1
102
RTVSPropertyOp34
 70
     1
102
RTVSPropertyOp35
 70
     1
102
RTVSPropertyOp36
 70
     1
102
RTVSPropertyOp37
 70
     1
102
RTVSPropertyOp38
 70
     1
102
RTVSPropertyOp39
 70
     1
102
RTVSPropertyOp40
 70
     1
102
RTVSPropertyOp41
 70
     1
102
RTVSPropertyOp42
 70
     1
102
RTVSPropertyOp43
 70
     1
102
RTVSPropertyOp44
 70
     1
102
RTVSPropertyOp45
 70
     1
102
RTVSPropertyOp46
 70
     1
102
RTVSPropertyOp47
 70
     1
102
RTVSPropertyOp48
 70
     1
102
RTVSPropertyOp49
 70
     1
102
RTVSPropertyOp50
 70
     1
102
RTVSPropertyOp51
 70
     0
102
RTVSPropertyOp52
 70
     0
102
RTVSPropertyOp53
 70
     1
102
RTVSPropertyOp54
 70
     1
102
RTVSPropertyOp55
 70
     1
102
RTVSPropertyOp56
 70
     1
102
RTVSPropertyOp57
 70
     1
102
RTVSPropertyOp58
 70
     1
102
RTVSPropertyOp59
 70
     1
102
RTVSPropertyOp60
 70
     1
102
RTVSPropertyOp61
 70
     1
102
RTVSPropertyOp62
 70
     1
  0
XRECORD
  5
1DCB
102
{ACAD_REACTORS
330
1DCA
102
}
330
1DCA
100
AcDbXrecord
280
     1
102
RTVSPost2010Prop28
280
     0
102
RTVSPost2010PropOp28
 70
     1
102
RTVSPost2010Prop29
280
     1
102
RTVSPost2010PropOp29
 70
     1
102
RTVSPost2010Prop30
280
     1
102
RTVSPost2010PropOp30
 70
     1
102
RTVSPost2010Prop31
280
     0
102
RTVSPost2010PropOp31
 70
     1
102
RTVSPost2010Prop32
280
     0
102
RTVSPost2010PropOp32
 70
     1
102
RTVSPost2010Prop33
280
     0
102
RTVSPost2010PropOp33
 70
     1
102
RTVSPost2010Prop34
280
     0
102
RTVSPost2010PropOp34
 70
     1
102
RTVSPost2010Prop35
280
     0
102
RTVSPost2010PropOp35
 70
     1
102
RTVSPost2010Prop36
280
     0
102
RTVSPost2010PropOp36
 70
     1
102
RTVSPost2010Prop37
 90
       50
102
RTVSPost2010PropOp37
 70
     1
102
RTVSPost2010Prop38
140
0.0
102
RTVSPost2010PropOp38
 70
     1
102
RTVSPost2010Prop39
140
1.0
102
RTVSPost2010PropOp39
 70
     1
102
RTVSPost2010Prop40
 90
        0
102
RTVSPost2010PropOp40
 70
     1
102
RTVSPost2010Prop41ColorIndex
 90
       18
102
RTVSPost2010Prop41ColorRGB
 90
        0
102
RTVSPost2010PropOp41
 70
     1
102
RTVSPost2010Prop42
 90
       50
102
RTVSPost2010PropOp42
 70
     1
102
RTVSPost2010Prop43
 90
        3
102
RTVSPost2010PropOp43
 70
     1
102
RTVSPost2010Prop44ColorIndex
 90
        5
102
RTVSPost2010Prop44ColorRGB
 90
      255
102
RTVSPost2010PropOp44
 70
     1
102
RTVSPost2010Prop45
280
     0
102
RTVSPost2010PropOp45
 70
     1
102
RTVSPost2010Prop46
 90
       50
102
RTVSPost2010PropOp46
 70
     1
102
RTVSPost2010Prop47
 90
       50
102
RTVSPost2010PropOp47
 70
     1
102
RTVSPost2010Prop48
 90
       50
102
RTVSPost2010PropOp48
 70
     1
102
RTVSPost2010Prop49
280
     0
102
RTVSPost2010PropOp49
 70
     1
102
RTVSPost2010Prop50
 90
       50
102
RTVSPost2010PropOp50
 70
     1
102
RTVSPost2010Prop51ColorIndex
 90
      256
102
RTVSPost2010Prop51ColorRGB
 90
-16777216
102
RTVSPost2010PropOp51
 70
     0
102
RTVSPost2010Prop52
140
1.0
102
RTVSPost2010PropOp52
 70
     0
102
RTVSPost2010Prop53
 90
        2
102
RTVSPost2010PropOp53
 70
     1
102
RTVSPost2010Prop54
  1
strokes_ogs.tif
102
RTVSPost2010PropOp54
 70
     1
102
RTVSPost2010Prop55
280
     0
102
RTVSPost2010PropOp55
 70
     1
102
RTVSPost2010Prop56
140
1.0
102
RTVSPost2010PropOp56
 70
     1
102
RTVSPost2010Prop57
140
1.0
102
RTVSPost2010PropOp57
 70
     1
102
RTVSPropertyOp0
 70
     1
102
RTVSPropertyOp1
 70
     1
102
RTVSPropertyOp2
 70
     1
102
RTVSPropertyOp3
 70
     1
102
RTVSPropertyOp4
 70
     1
102
RTVSPropertyOp5
 70
     1
102
RTVSPropertyOp6
 70
     1
102
RTVSPropertyOp7
 70
     1
102
RTVSPropertyOp8
 70
     1
102
RTVSPropertyOp9
 70
     1
102
RTVSPropertyOp10
 70
     1
102
RTVSPropertyOp11
 70
     1
102
RTVSPropertyOp12
 70
     1
102
RTVSPropertyOp13
 70
     1
102
RTVSPropertyOp14
 70
     1
102
RTVSPropertyOp15
 70
     1
102
RTVSPropertyOp16
 70
     1
102
RTVSPropertyOp17
 70
     1
102
RTVSPropertyOp18
 70
     1
102
RTVSPropertyOp19
 70
     1
102
RTVSPropertyOp20
 70
     1
102
RTVSPropertyOp21
 70
     1
102
RTVSPropertyOp22
 70
     1
102
RTVSPropertyOp23
 70
     1
102
RTVSPropertyOp24
 70
     1
102
RTVSPropertyOp25
 70
     1
102
RTVSPropertyOp26
 70
     1
102
RTVSPropertyOp27
 70
     1
102
RTVSPropertyOp28
 70
     1
102
RTVSPropertyOp29
 70
     1
102
RTVSPropertyOp30
 70
     1
102
RTVSPropertyOp31
 70
     1
102
RTVSPropertyOp32
 70
     1
102
RTVSPropertyOp33
 70
     1
102
RTVSPropertyOp34
 70
     1
102
RTVSPropertyOp35
 70
     1
102
RTVSPropertyOp36
 70
     1
102
RTVSPropertyOp37
 70
     1
102
RTVSPropertyOp38
 70
     1
102
RTVSPropertyOp39
 70
     1
102
RTVSPropertyOp40
 70
     1
102
RTVSPropertyOp41
 70
     1
102
RTVSPropertyOp42
 70
     1
102
RTVSPropertyOp43
 70
     1
102
RTVSPropertyOp44
 70
     1
102
RTVSPropertyOp45
 70
     1
102
RTVSPropertyOp46
 70
     1
102
RTVSPropertyOp47
 70
     1
102
RTVSPropertyOp48
 70
     1
102
RTVSPropertyOp49
 70
     1
102
RTVSPropertyOp50
 70
     1
102
RTVSPropertyOp51
 70
     0
102
RTVSPropertyOp52
 70
     0
102
RTVSPropertyOp53
 70
     1
102
RTVSPropertyOp54
 70
     1
102
RTVSPropertyOp55
 70
     1
102
RTVSPropertyOp56
 70
     1
102
RTVSPropertyOp57
 70
     1
102
RTVSPropertyOp58
 70
     1
102
RTVSPropertyOp59
 70
     1
102
RTVSPropertyOp60
 70
     1
102
RTVSPropertyOp61
 70
     1
102
RTVSPropertyOp62
 70
     1
  0
XRECORD
  5
1DAF
102
{ACAD_REACTORS
330
1DAE
102
}
330
1DAE
100
AcDbXrecord
280
     1
102
RTVSPost2010Prop28
280
     0
102
RTVSPost2010PropOp28
 70
     1
102
RTVSPost2010Prop29
280
     1
102
RTVSPost2010PropOp29
 70
     1
102
RTVSPost2010Prop30
280
     1
102
RTVSPost2010PropOp30
 70
     1
102
RTVSPost2010Prop31
280
     0
102
RTVSPost2010PropOp31
 70
     1
102
RTVSPost2010Prop32
280
     0
102
RTVSPost2010PropOp32
 70
     1
102
RTVSPost2010Prop33
280
     0
102
RTVSPost2010PropOp33
 70
     1
102
RTVSPost2010Prop34
280
     0
102
RTVSPost2010PropOp34
 70
     1
102
RTVSPost2010Prop35
280
     0
102
RTVSPost2010PropOp35
 70
     1
102
RTVSPost2010Prop36
280
     0
102
RTVSPost2010PropOp36
 70
     1
102
RTVSPost2010Prop37
 90
       50
102
RTVSPost2010PropOp37
 70
     1
102
RTVSPost2010Prop38
140
0.0
102
RTVSPost2010PropOp38
 70
     1
102
RTVSPost2010Prop39
140
1.0
102
RTVSPost2010PropOp39
 70
     1
102
RTVSPost2010Prop40
 90
        0
102
RTVSPost2010PropOp40
 70
     1
102
RTVSPost2010Prop41ColorIndex
 90
       18
102
RTVSPost2010Prop41ColorRGB
 90
        0
102
RTVSPost2010PropOp41
 70
     1
102
RTVSPost2010Prop42
 90
       50
102
RTVSPost2010PropOp42
 70
     1
102
RTVSPost2010Prop43
 90
        3
102
RTVSPost2010PropOp43
 70
     1
102
RTVSPost2010Prop44ColorIndex
 90
        5
102
RTVSPost2010Prop44ColorRGB
 90
      255
102
RTVSPost2010PropOp44
 70
     1
102
RTVSPost2010Prop45
280
     0
102
RTVSPost2010PropOp45
 70
     1
102
RTVSPost2010Prop46
 90
       50
102
RTVSPost2010PropOp46
 70
     1
102
RTVSPost2010Prop47
 90
       50
102
RTVSPost2010PropOp47
 70
     1
102
RTVSPost2010Prop48
 90
       50
102
RTVSPost2010PropOp48
 70
     1
102
RTVSPost2010Prop49
280
     0
102
RTVSPost2010PropOp49
 70
     1
102
RTVSPost2010Prop50
 90
       50
102
RTVSPost2010PropOp50
 70
     1
102
RTVSPost2010Prop51ColorIndex
 90
      256
102
RTVSPost2010Prop51ColorRGB
 90
-16777216
102
RTVSPost2010PropOp51
 70
     0
102
RTVSPost2010Prop52
140
1.0
102
RTVSPost2010PropOp52
 70
     0
102
RTVSPost2010Prop53
 90
        2
102
RTVSPost2010PropOp53
 70
     1
102
RTVSPost2010Prop54
  1
strokes_ogs.tif
102
RTVSPost2010PropOp54
 70
     1
102
RTVSPost2010Prop55
280
     0
102
RTVSPost2010PropOp55
 70
     1
102
RTVSPost2010Prop56
140
1.0
102
RTVSPost2010PropOp56
 70
     1
102
RTVSPost2010Prop57
140
1.0
102
RTVSPost2010PropOp57
 70
     1
102
RTVSPropertyOp0
 70
     1
102
RTVSPropertyOp1
 70
     1
102
RTVSPropertyOp2
 70
     1
102
RTVSPropertyOp3
 70
     1
102
RTVSPropertyOp4
 70
     1
102
RTVSPropertyOp5
 70
     1
102
RTVSPropertyOp6
 70
     1
102
RTVSPropertyOp7
 70
     1
102
RTVSPropertyOp8
 70
     1
102
RTVSPropertyOp9
 70
     1
102
RTVSPropertyOp10
 70
     1
102
RTVSPropertyOp11
 70
     1
102
RTVSPropertyOp12
 70
     1
102
RTVSPropertyOp13
 70
     1
102
RTVSPropertyOp14
 70
     1
102
RTVSPropertyOp15
 70
     1
102
RTVSPropertyOp16
 70
     1
102
RTVSPropertyOp17
 70
     1
102
RTVSPropertyOp18
 70
     1
102
RTVSPropertyOp19
 70
     1
102
RTVSPropertyOp20
 70
     1
102
RTVSPropertyOp21
 70
     1
102
RTVSPropertyOp22
 70
     1
102
RTVSPropertyOp23
 70
     1
102
RTVSPropertyOp24
 70
     1
102
RTVSPropertyOp25
 70
     1
102
RTVSPropertyOp26
 70
     1
102
RTVSPropertyOp27
 70
     1
102
RTVSPropertyOp28
 70
     1
102
RTVSPropertyOp29
 70
     1
102
RTVSPropertyOp30
 70
     1
102
RTVSPropertyOp31
 70
     1
102
RTVSPropertyOp32
 70
     1
102
RTVSPropertyOp33
 70
     1
102
RTVSPropertyOp34
 70
     1
102
RTVSPropertyOp35
 70
     1
102
RTVSPropertyOp36
 70
     1
102
RTVSPropertyOp37
 70
     1
102
RTVSPropertyOp38
 70
     1
102
RTVSPropertyOp39
 70
     1
102
RTVSPropertyOp40
 70
     1
102
RTVSPropertyOp41
 70
     1
102
RTVSPropertyOp42
 70
     1
102
RTVSPropertyOp43
 70
     1
102
RTVSPropertyOp44
 70
     1
102
RTVSPropertyOp45
 70
     1
102
RTVSPropertyOp46
 70
     1
102
RTVSPropertyOp47
 70
     1
102
RTVSPropertyOp48
 70
     1
102
RTVSPropertyOp49
 70
     1
102
RTVSPropertyOp50
 70
     1
102
RTVSPropertyOp51
 70
     0
102
RTVSPropertyOp52
 70
     0
102
RTVSPropertyOp53
 70
     1
102
RTVSPropertyOp54
 70
     1
102
RTVSPropertyOp55
 70
     1
102
RTVSPropertyOp56
 70
     1
102
RTVSPropertyOp57
 70
     1
102
RTVSPropertyOp58
 70
     1
102
RTVSPropertyOp59
 70
     1
102
RTVSPropertyOp60
 70
     1
102
RTVSPropertyOp61
 70
     1
102
RTVSPropertyOp62
 70
     1
  0
XRECORD
  5
1DB1
102
{ACAD_REACTORS
330
1DB0
102
}
330
1DB0
100
AcDbXrecord
280
     1
102
RTVSPost2010Prop28
280
     0
102
RTVSPost2010PropOp28
 70
     1
102
RTVSPost2010Prop29
280
     1
102
RTVSPost2010PropOp29
 70
     1
102
RTVSPost2010Prop30
280
     1
102
RTVSPost2010PropOp30
 70
     1
102
RTVSPost2010Prop31
280
     0
102
RTVSPost2010PropOp31
 70
     1
102
RTVSPost2010Prop32
280
     0
102
RTVSPost2010PropOp32
 70
     1
102
RTVSPost2010Prop33
280
     0
102
RTVSPost2010PropOp33
 70
     1
102
RTVSPost2010Prop34
280
     0
102
RTVSPost2010PropOp34
 70
     1
102
RTVSPost2010Prop35
280
     0
102
RTVSPost2010PropOp35
 70
     1
102
RTVSPost2010Prop36
280
     0
102
RTVSPost2010PropOp36
 70
     1
102
RTVSPost2010Prop37
 90
       50
102
RTVSPost2010PropOp37
 70
     1
102
RTVSPost2010Prop38
140
0.0
102
RTVSPost2010PropOp38
 70
     1
102
RTVSPost2010Prop39
140
1.0
102
RTVSPost2010PropOp39
 70
     1
102
RTVSPost2010Prop40
 90
        0
102
RTVSPost2010PropOp40
 70
     1
102
RTVSPost2010Prop41ColorIndex
 90
       18
102
RTVSPost2010Prop41ColorRGB
 90
        0
102
RTVSPost2010PropOp41
 70
     1
102
RTVSPost2010Prop42
 90
       50
102
RTVSPost2010PropOp42
 70
     1
102
RTVSPost2010Prop43
 90
        3
102
RTVSPost2010PropOp43
 70
     1
102
RTVSPost2010Prop44ColorIndex
 90
        5
102
RTVSPost2010Prop44ColorRGB
 90
      255
102
RTVSPost2010PropOp44
 70
     1
102
RTVSPost2010Prop45
280
     0
102
RTVSPost2010PropOp45
 70
     1
102
RTVSPost2010Prop46
 90
       50
102
RTVSPost2010PropOp46
 70
     1
102
RTVSPost2010Prop47
 90
       50
102
RTVSPost2010PropOp47
 70
     1
102
RTVSPost2010Prop48
 90
       50
102
RTVSPost2010PropOp48
 70
     1
102
RTVSPost2010Prop49
280
     0
102
RTVSPost2010PropOp49
 70
     1
102
RTVSPost2010Prop50
 90
       50
102
RTVSPost2010PropOp50
 70
     1
102
RTVSPost2010Prop51ColorIndex
 90
      256
102
RTVSPost2010Prop51ColorRGB
 90
-16777216
102
RTVSPost2010PropOp51
 70
     0
102
RTVSPost2010Prop52
140
1.0
102
RTVSPost2010PropOp52
 70
     0
102
RTVSPost2010Prop53
 90
        2
102
RTVSPost2010PropOp53
 70
     1
102
RTVSPost2010Prop54
  1
strokes_ogs.tif
102
RTVSPost2010PropOp54
 70
     1
102
RTVSPost2010Prop55
280
     0
102
RTVSPost2010PropOp55
 70
     1
102
RTVSPost2010Prop56
140
1.0
102
RTVSPost2010PropOp56
 70
     1
102
RTVSPost2010Prop57
140
1.0
102
RTVSPost2010PropOp57
 70
     1
102
RTVSPropertyOp0
 70
     1
102
RTVSPropertyOp1
 70
     1
102
RTVSPropertyOp2
 70
     1
102
RTVSPropertyOp3
 70
     1
102
RTVSPropertyOp4
 70
     1
102
RTVSPropertyOp5
 70
     1
102
RTVSPropertyOp6
 70
     1
102
RTVSPropertyOp7
 70
     1
102
RTVSPropertyOp8
 70
     1
102
RTVSPropertyOp9
 70
     1
102
RTVSPropertyOp10
 70
     1
102
RTVSPropertyOp11
 70
     1
102
RTVSPropertyOp12
 70
     1
102
RTVSPropertyOp13
 70
     1
102
RTVSPropertyOp14
 70
     1
102
RTVSPropertyOp15
 70
     1
102
RTVSPropertyOp16
 70
     1
102
RTVSPropertyOp17
 70
     1
102
RTVSPropertyOp18
 70
     1
102
RTVSPropertyOp19
 70
     1
102
RTVSPropertyOp20
 70
     1
102
RTVSPropertyOp21
 70
     1
102
RTVSPropertyOp22
 70
     1
102
RTVSPropertyOp23
 70
     1
102
RTVSPropertyOp24
 70
     1
102
RTVSPropertyOp25
 70
     1
102
RTVSPropertyOp26
 70
     1
102
RTVSPropertyOp27
 70
     1
102
RTVSPropertyOp28
 70
     1
102
RTVSPropertyOp29
 70
     1
102
RTVSPropertyOp30
 70
     1
102
RTVSPropertyOp31
 70
     1
102
RTVSPropertyOp32
 70
     1
102
RTVSPropertyOp33
 70
     1
102
RTVSPropertyOp34
 70
     1
102
RTVSPropertyOp35
 70
     1
102
RTVSPropertyOp36
 70
     1
102
RTVSPropertyOp37
 70
     1
102
RTVSPropertyOp38
 70
     1
102
RTVSPropertyOp39
 70
     1
102
RTVSPropertyOp40
 70
     1
102
RTVSPropertyOp41
 70
     1
102
RTVSPropertyOp42
 70
     1
102
RTVSPropertyOp43
 70
     1
102
RTVSPropertyOp44
 70
     1
102
RTVSPropertyOp45
 70
     1
102
RTVSPropertyOp46
 70
     1
102
RTVSPropertyOp47
 70
     1
102
RTVSPropertyOp48
 70
     1
102
RTVSPropertyOp49
 70
     1
102
RTVSPropertyOp50
 70
     1
102
RTVSPropertyOp51
 70
     0
102
RTVSPropertyOp52
 70
     0
102
RTVSPropertyOp53
 70
     1
102
RTVSPropertyOp54
 70
     1
102
RTVSPropertyOp55
 70
     1
102
RTVSPropertyOp56
 70
     1
102
RTVSPropertyOp57
 70
     1
102
RTVSPropertyOp58
 70
     1
102
RTVSPropertyOp59
 70
     1
102
RTVSPropertyOp60
 70
     1
102
RTVSPropertyOp61
 70
     1
102
RTVSPropertyOp62
 70
     1
  0
XRECORD
  5
1DB3
102
{ACAD_REACTORS
330
1DB2
102
}
330
1DB2
100
AcDbXrecord
280
     1
102
RTVSPost2010Prop28
280
     0
102
RTVSPost2010PropOp28
 70
     1
102
RTVSPost2010Prop29
280
     1
102
RTVSPost2010PropOp29
 70
     1
102
RTVSPost2010Prop30
280
     1
102
RTVSPost2010PropOp30
 70
     1
102
RTVSPost2010Prop31
280
     0
102
RTVSPost2010PropOp31
 70
     1
102
RTVSPost2010Prop32
280
     0
102
RTVSPost2010PropOp32
 70
     1
102
RTVSPost2010Prop33
280
     0
102
RTVSPost2010PropOp33
 70
     1
102
RTVSPost2010Prop34
280
     0
102
RTVSPost2010PropOp34
 70
     1
102
RTVSPost2010Prop35
280
     0
102
RTVSPost2010PropOp35
 70
     1
102
RTVSPost2010Prop36
280
     0
102
RTVSPost2010PropOp36
 70
     1
102
RTVSPost2010Prop37
 90
       50
102
RTVSPost2010PropOp37
 70
     1
102
RTVSPost2010Prop38
140
0.0
102
RTVSPost2010PropOp38
 70
     1
102
RTVSPost2010Prop39
140
1.0
102
RTVSPost2010PropOp39
 70
     1
102
RTVSPost2010Prop40
 90
        0
102
RTVSPost2010PropOp40
 70
     1
102
RTVSPost2010Prop41ColorIndex
 90
       18
102
RTVSPost2010Prop41ColorRGB
 90
        0
102
RTVSPost2010PropOp41
 70
     1
102
RTVSPost2010Prop42
 90
       50
102
RTVSPost2010PropOp42
 70
     1
102
RTVSPost2010Prop43
 90
        3
102
RTVSPost2010PropOp43
 70
     1
102
RTVSPost2010Prop44ColorIndex
 90
        5
102
RTVSPost2010Prop44ColorRGB
 90
      255
102
RTVSPost2010PropOp44
 70
     1
102
RTVSPost2010Prop45
280
     0
102
RTVSPost2010PropOp45
 70
     1
102
RTVSPost2010Prop46
 90
       50
102
RTVSPost2010PropOp46
 70
     1
102
RTVSPost2010Prop47
 90
       50
102
RTVSPost2010PropOp47
 70
     1
102
RTVSPost2010Prop48
 90
       50
102
RTVSPost2010PropOp48
 70
     1
102
RTVSPost2010Prop49
280
     0
102
RTVSPost2010PropOp49
 70
     1
102
RTVSPost2010Prop50
 90
       50
102
RTVSPost2010PropOp50
 70
     1
102
RTVSPost2010Prop51ColorIndex
 90
      256
102
RTVSPost2010Prop51ColorRGB
 90
-16777216
102
RTVSPost2010PropOp51
 70
     0
102
RTVSPost2010Prop52
140
1.0
102
RTVSPost2010PropOp52
 70
     0
102
RTVSPost2010Prop53
 90
        2
102
RTVSPost2010PropOp53
 70
     1
102
RTVSPost2010Prop54
  1
strokes_ogs.tif
102
RTVSPost2010PropOp54
 70
     1
102
RTVSPost2010Prop55
280
     0
102
RTVSPost2010PropOp55
 70
     1
102
RTVSPost2010Prop56
140
1.0
102
RTVSPost2010PropOp56
 70
     1
102
RTVSPost2010Prop57
140
1.0
102
RTVSPost2010PropOp57
 70
     1
102
RTVSPropertyOp0
 70
     1
102
RTVSPropertyOp1
 70
     1
102
RTVSPropertyOp2
 70
     1
102
RTVSPropertyOp3
 70
     1
102
RTVSPropertyOp4
 70
     1
102
RTVSPropertyOp5
 70
     1
102
RTVSPropertyOp6
 70
     1
102
RTVSPropertyOp7
 70
     1
102
RTVSPropertyOp8
 70
     1
102
RTVSPropertyOp9
 70
     1
102
RTVSPropertyOp10
 70
     1
102
RTVSPropertyOp11
 70
     1
102
RTVSPropertyOp12
 70
     1
102
RTVSPropertyOp13
 70
     1
102
RTVSPropertyOp14
 70
     1
102
RTVSPropertyOp15
 70
     1
102
RTVSPropertyOp16
 70
     1
102
RTVSPropertyOp17
 70
     1
102
RTVSPropertyOp18
 70
     1
102
RTVSPropertyOp19
 70
     1
102
RTVSPropertyOp20
 70
     1
102
RTVSPropertyOp21
 70
     1
102
RTVSPropertyOp22
 70
     1
102
RTVSPropertyOp23
 70
     1
102
RTVSPropertyOp24
 70
     1
102
RTVSPropertyOp25
 70
     1
102
RTVSPropertyOp26
 70
     1
102
RTVSPropertyOp27
 70
     1
102
RTVSPropertyOp28
 70
     1
102
RTVSPropertyOp29
 70
     1
102
RTVSPropertyOp30
 70
     1
102
RTVSPropertyOp31
 70
     1
102
RTVSPropertyOp32
 70
     1
102
RTVSPropertyOp33
 70
     1
102
RTVSPropertyOp34
 70
     1
102
RTVSPropertyOp35
 70
     1
102
RTVSPropertyOp36
 70
     1
102
RTVSPropertyOp37
 70
     1
102
RTVSPropertyOp38
 70
     1
102
RTVSPropertyOp39
 70
     1
102
RTVSPropertyOp40
 70
     1
102
RTVSPropertyOp41
 70
     1
102
RTVSPropertyOp42
 70
     1
102
RTVSPropertyOp43
 70
     1
102
RTVSPropertyOp44
 70
     1
102
RTVSPropertyOp45
 70
     1
102
RTVSPropertyOp46
 70
     1
102
RTVSPropertyOp47
 70
     1
102
RTVSPropertyOp48
 70
     1
102
RTVSPropertyOp49
 70
     1
102
RTVSPropertyOp50
 70
     1
102
RTVSPropertyOp51
 70
     0
102
RTVSPropertyOp52
 70
     0
102
RTVSPropertyOp53
 70
     1
102
RTVSPropertyOp54
 70
     1
102
RTVSPropertyOp55
 70
     1
102
RTVSPropertyOp56
 70
     1
102
RTVSPropertyOp57
 70
     1
102
RTVSPropertyOp58
 70
     1
102
RTVSPropertyOp59
 70
     1
102
RTVSPropertyOp60
 70
     1
102
RTVSPropertyOp61
 70
     1
102
RTVSPropertyOp62
 70
     1
  0
XRECORD
  5
1DB5
102
{ACAD_REACTORS
330
1DB4
102
}
330
1DB4
100
AcDbXrecord
280
     1
102
RTVSPost2010Prop28
280
     0
102
RTVSPost2010PropOp28
 70
     1
102
RTVSPost2010Prop29
280
     1
102
RTVSPost2010PropOp29
 70
     1
102
RTVSPost2010Prop30
280
     1
102
RTVSPost2010PropOp30
 70
     1
102
RTVSPost2010Prop31
280
     0
102
RTVSPost2010PropOp31
 70
     1
102
RTVSPost2010Prop32
280
     0
102
RTVSPost2010PropOp32
 70
     1
102
RTVSPost2010Prop33
280
     0
102
RTVSPost2010PropOp33
 70
     1
102
RTVSPost2010Prop34
280
     0
102
RTVSPost2010PropOp34
 70
     1
102
RTVSPost2010Prop35
280
     0
102
RTVSPost2010PropOp35
 70
     1
102
RTVSPost2010Prop36
280
     0
102
RTVSPost2010PropOp36
 70
     1
102
RTVSPost2010Prop37
 90
       50
102
RTVSPost2010PropOp37
 70
     1
102
RTVSPost2010Prop38
140
0.0
102
RTVSPost2010PropOp38
 70
     1
102
RTVSPost2010Prop39
140
1.0
102
RTVSPost2010PropOp39
 70
     1
102
RTVSPost2010Prop40
 90
        0
102
RTVSPost2010PropOp40
 70
     1
102
RTVSPost2010Prop41ColorIndex
 90
       18
102
RTVSPost2010Prop41ColorRGB
 90
        0
102
RTVSPost2010PropOp41
 70
     1
102
RTVSPost2010Prop42
 90
       50
102
RTVSPost2010PropOp42
 70
     1
102
RTVSPost2010Prop43
 90
        3
102
RTVSPost2010PropOp43
 70
     1
102
RTVSPost2010Prop44ColorIndex
 90
        5
102
RTVSPost2010Prop44ColorRGB
 90
      255
102
RTVSPost2010PropOp44
 70
     1
102
RTVSPost2010Prop45
280
     0
102
RTVSPost2010PropOp45
 70
     1
102
RTVSPost2010Prop46
 90
       50
102
RTVSPost2010PropOp46
 70
     1
102
RTVSPost2010Prop47
 90
       50
102
RTVSPost2010PropOp47
 70
     1
102
RTVSPost2010Prop48
 90
       50
102
RTVSPost2010PropOp48
 70
     1
102
RTVSPost2010Prop49
280
     0
102
RTVSPost2010PropOp49
 70
     1
102
RTVSPost2010Prop50
 90
       50
102
RTVSPost2010PropOp50
 70
     1
102
RTVSPost2010Prop51ColorIndex
 90
      256
102
RTVSPost2010Prop51ColorRGB
 90
-16777216
102
RTVSPost2010PropOp51
 70
     0
102
RTVSPost2010Prop52
140
1.0
102
RTVSPost2010PropOp52
 70
     0
102
RTVSPost2010Prop53
 90
        2
102
RTVSPost2010PropOp53
 70
     1
102
RTVSPost2010Prop54
  1
strokes_ogs.tif
102
RTVSPost2010PropOp54
 70
     1
102
RTVSPost2010Prop55
280
     0
102
RTVSPost2010PropOp55
 70
     1
102
RTVSPost2010Prop56
140
1.0
102
RTVSPost2010PropOp56
 70
     1
102
RTVSPost2010Prop57
140
1.0
102
RTVSPost2010PropOp57
 70
     1
102
RTVSPropertyOp0
 70
     1
102
RTVSPropertyOp1
 70
     1
102
RTVSPropertyOp2
 70
     1
102
RTVSPropertyOp3
 70
     1
102
RTVSPropertyOp4
 70
     1
102
RTVSPropertyOp5
 70
     1
102
RTVSPropertyOp6
 70
     1
102
RTVSPropertyOp7
 70
     1
102
RTVSPropertyOp8
 70
     1
102
RTVSPropertyOp9
 70
     1
102
RTVSPropertyOp10
 70
     1
102
RTVSPropertyOp11
 70
     1
102
RTVSPropertyOp12
 70
     1
102
RTVSPropertyOp13
 70
     1
102
RTVSPropertyOp14
 70
     1
102
RTVSPropertyOp15
 70
     1
102
RTVSPropertyOp16
 70
     1
102
RTVSPropertyOp17
 70
     1
102
RTVSPropertyOp18
 70
     1
102
RTVSPropertyOp19
 70
     1
102
RTVSPropertyOp20
 70
     1
102
RTVSPropertyOp21
 70
     1
102
RTVSPropertyOp22
 70
     1
102
RTVSPropertyOp23
 70
     1
102
RTVSPropertyOp24
 70
     1
102
RTVSPropertyOp25
 70
     1
102
RTVSPropertyOp26
 70
     1
102
RTVSPropertyOp27
 70
     1
102
RTVSPropertyOp28
 70
     1
102
RTVSPropertyOp29
 70
     1
102
RTVSPropertyOp30
 70
     1
102
RTVSPropertyOp31
 70
     1
102
RTVSPropertyOp32
 70
     1
102
RTVSPropertyOp33
 70
     1
102
RTVSPropertyOp34
 70
     1
102
RTVSPropertyOp35
 70
     1
102
RTVSPropertyOp36
 70
     1
102
RTVSPropertyOp37
 70
     1
102
RTVSPropertyOp38
 70
     1
102
RTVSPropertyOp39
 70
     1
102
RTVSPropertyOp40
 70
     1
102
RTVSPropertyOp41
 70
     1
102
RTVSPropertyOp42
 70
     1
102
RTVSPropertyOp43
 70
     1
102
RTVSPropertyOp44
 70
     1
102
RTVSPropertyOp45
 70
     1
102
RTVSPropertyOp46
 70
     1
102
RTVSPropertyOp47
 70
     1
102
RTVSPropertyOp48
 70
     1
102
RTVSPropertyOp49
 70
     1
102
RTVSPropertyOp50
 70
     1
102
RTVSPropertyOp51
 70
     0
102
RTVSPropertyOp52
 70
     0
102
RTVSPropertyOp53
 70
     1
102
RTVSPropertyOp54
 70
     1
102
RTVSPropertyOp55
 70
     1
102
RTVSPropertyOp56
 70
     1
102
RTVSPropertyOp57
 70
     1
102
RTVSPropertyOp58
 70
     1
102
RTVSPropertyOp59
 70
     1
102
RTVSPropertyOp60
 70
     1
102
RTVSPropertyOp61
 70
     1
102
RTVSPropertyOp62
 70
     1
  0
XRECORD
  5
1DBB
102
{ACAD_REACTORS
330
1DBA
102
}
330
1DBA
100
AcDbXrecord
280
     1
102
RTVSPost2010Prop28
280
     0
102
RTVSPost2010PropOp28
 70
     1
102
RTVSPost2010Prop29
280
     1
102
RTVSPost2010PropOp29
 70
     1
102
RTVSPost2010Prop30
280
     1
102
RTVSPost2010PropOp30
 70
     1
102
RTVSPost2010Prop31
280
     0
102
RTVSPost2010PropOp31
 70
     1
102
RTVSPost2010Prop32
280
     0
102
RTVSPost2010PropOp32
 70
     1
102
RTVSPost2010Prop33
280
     0
102
RTVSPost2010PropOp33
 70
     1
102
RTVSPost2010Prop34
280
     0
102
RTVSPost2010PropOp34
 70
     1
102
RTVSPost2010Prop35
280
     0
102
RTVSPost2010PropOp35
 70
     1
102
RTVSPost2010Prop36
280
     0
102
RTVSPost2010PropOp36
 70
     1
102
RTVSPost2010Prop37
 90
       50
102
RTVSPost2010PropOp37
 70
     1
102
RTVSPost2010Prop38
140
0.0
102
RTVSPost2010PropOp38
 70
     1
102
RTVSPost2010Prop39
140
1.0
102
RTVSPost2010PropOp39
 70
     1
102
RTVSPost2010Prop40
 90
        0
102
RTVSPost2010PropOp40
 70
     1
102
RTVSPost2010Prop41ColorIndex
 90
       18
102
RTVSPost2010Prop41ColorRGB
 90
        0
102
RTVSPost2010PropOp41
 70
     1
102
RTVSPost2010Prop42
 90
       50
102
RTVSPost2010PropOp42
 70
     1
102
RTVSPost2010Prop43
 90
        3
102
RTVSPost2010PropOp43
 70
     1
102
RTVSPost2010Prop44ColorIndex
 90
        5
102
RTVSPost2010Prop44ColorRGB
 90
      255
102
RTVSPost2010PropOp44
 70
     1
102
RTVSPost2010Prop45
280
     0
102
RTVSPost2010PropOp45
 70
     1
102
RTVSPost2010Prop46
 90
       50
102
RTVSPost2010PropOp46
 70
     1
102
RTVSPost2010Prop47
 90
       50
102
RTVSPost2010PropOp47
 70
     1
102
RTVSPost2010Prop48
 90
       50
102
RTVSPost2010PropOp48
 70
     1
102
RTVSPost2010Prop49
280
     0
102
RTVSPost2010PropOp49
 70
     1
102
RTVSPost2010Prop50
 90
       50
102
RTVSPost2010PropOp50
 70
     1
102
RTVSPost2010Prop51ColorIndex
 90
      256
102
RTVSPost2010Prop51ColorRGB
 90
-16777216
102
RTVSPost2010PropOp51
 70
     0
102
RTVSPost2010Prop52
140
1.0
102
RTVSPost2010PropOp52
 70
     0
102
RTVSPost2010Prop53
 90
        2
102
RTVSPost2010PropOp53
 70
     1
102
RTVSPost2010Prop54
  1
strokes_ogs.tif
102
RTVSPost2010PropOp54
 70
     1
102
RTVSPost2010Prop55
280
     0
102
RTVSPost2010PropOp55
 70
     1
102
RTVSPost2010Prop56
140
1.0
102
RTVSPost2010PropOp56
 70
     1
102
RTVSPost2010Prop57
140
1.0
102
RTVSPost2010PropOp57
 70
     1
102
RTVSPropertyOp0
 70
     1
102
RTVSPropertyOp1
 70
     1
102
RTVSPropertyOp2
 70
     1
102
RTVSPropertyOp3
 70
     1
102
RTVSPropertyOp4
 70
     1
102
RTVSPropertyOp5
 70
     1
102
RTVSPropertyOp6
 70
     1
102
RTVSPropertyOp7
 70
     1
102
RTVSPropertyOp8
 70
     1
102
RTVSPropertyOp9
 70
     1
102
RTVSPropertyOp10
 70
     1
102
RTVSPropertyOp11
 70
     1
102
RTVSPropertyOp12
 70
     1
102
RTVSPropertyOp13
 70
     1
102
RTVSPropertyOp14
 70
     1
102
RTVSPropertyOp15
 70
     1
102
RTVSPropertyOp16
 70
     1
102
RTVSPropertyOp17
 70
     1
102
RTVSPropertyOp18
 70
     1
102
RTVSPropertyOp19
 70
     1
102
RTVSPropertyOp20
 70
     1
102
RTVSPropertyOp21
 70
     1
102
RTVSPropertyOp22
 70
     1
102
RTVSPropertyOp23
 70
     1
102
RTVSPropertyOp24
 70
     1
102
RTVSPropertyOp25
 70
     1
102
RTVSPropertyOp26
 70
     1
102
RTVSPropertyOp27
 70
     1
102
RTVSPropertyOp28
 70
     1
102
RTVSPropertyOp29
 70
     1
102
RTVSPropertyOp30
 70
     1
102
RTVSPropertyOp31
 70
     1
102
RTVSPropertyOp32
 70
     1
102
RTVSPropertyOp33
 70
     1
102
RTVSPropertyOp34
 70
     1
102
RTVSPropertyOp35
 70
     1
102
RTVSPropertyOp36
 70
     1
102
RTVSPropertyOp37
 70
     1
102
RTVSPropertyOp38
 70
     1
102
RTVSPropertyOp39
 70
     1
102
RTVSPropertyOp40
 70
     1
102
RTVSPropertyOp41
 70
     1
102
RTVSPropertyOp42
 70
     1
102
RTVSPropertyOp43
 70
     1
102
RTVSPropertyOp44
 70
     1
102
RTVSPropertyOp45
 70
     1
102
RTVSPropertyOp46
 70
     1
102
RTVSPropertyOp47
 70
     1
102
RTVSPropertyOp48
 70
     1
102
RTVSPropertyOp49
 70
     1
102
RTVSPropertyOp50
 70
     1
102
RTVSPropertyOp51
 70
     0
102
RTVSPropertyOp52
 70
     0
102
RTVSPropertyOp53
 70
     1
102
RTVSPropertyOp54
 70
     1
102
RTVSPropertyOp55
 70
     1
102
RTVSPropertyOp56
 70
     1
102
RTVSPropertyOp57
 70
     1
102
RTVSPropertyOp58
 70
     1
102
RTVSPropertyOp59
 70
     1
102
RTVSPropertyOp60
 70
     1
102
RTVSPropertyOp61
 70
     1
102
RTVSPropertyOp62
 70
     1
  0
XRECORD
  5
1DCF
102
{ACAD_REACTORS
330
1DCE
102
}
330
1DCE
100
AcDbXrecord
280
     1
102
RTVSPost2010Prop28
280
     0
102
RTVSPost2010PropOp28
 70
     1
102
RTVSPost2010Prop29
280
     1
102
RTVSPost2010PropOp29
 70
     1
102
RTVSPost2010Prop30
280
     1
102
RTVSPost2010PropOp30
 70
     1
102
RTVSPost2010Prop31
280
     0
102
RTVSPost2010PropOp31
 70
     1
102
RTVSPost2010Prop32
280
     0
102
RTVSPost2010PropOp32
 70
     1
102
RTVSPost2010Prop33
280
     0
102
RTVSPost2010PropOp33
 70
     1
102
RTVSPost2010Prop34
280
     0
102
RTVSPost2010PropOp34
 70
     1
102
RTVSPost2010Prop35
280
     0
102
RTVSPost2010PropOp35
 70
     1
102
RTVSPost2010Prop36
280
     0
102
RTVSPost2010PropOp36
 70
     1
102
RTVSPost2010Prop37
 90
       50
102
RTVSPost2010PropOp37
 70
     1
102
RTVSPost2010Prop38
140
0.0
102
RTVSPost2010PropOp38
 70
     1
102
RTVSPost2010Prop39
140
1.0
102
RTVSPost2010PropOp39
 70
     1
102
RTVSPost2010Prop40
 90
        0
102
RTVSPost2010PropOp40
 70
     1
102
RTVSPost2010Prop41ColorIndex
 90
       18
102
RTVSPost2010Prop41ColorRGB
 90
        0
102
RTVSPost2010PropOp41
 70
     1
102
RTVSPost2010Prop42
 90
       50
102
RTVSPost2010PropOp42
 70
     1
102
RTVSPost2010Prop43
 90
        3
102
RTVSPost2010PropOp43
 70
     1
102
RTVSPost2010Prop44ColorIndex
 90
        5
102
RTVSPost2010Prop44ColorRGB
 90
      255
102
RTVSPost2010PropOp44
 70
     1
102
RTVSPost2010Prop45
280
     0
102
RTVSPost2010PropOp45
 70
     1
102
RTVSPost2010Prop46
 90
       50
102
RTVSPost2010PropOp46
 70
     1
102
RTVSPost2010Prop47
 90
       50
102
RTVSPost2010PropOp47
 70
     1
102
RTVSPost2010Prop48
 90
       50
102
RTVSPost2010PropOp48
 70
     1
102
RTVSPost2010Prop49
280
     0
102
RTVSPost2010PropOp49
 70
     1
102
RTVSPost2010Prop50
 90
       50
102
RTVSPost2010PropOp50
 70
     1
102
RTVSPost2010Prop51ColorIndex
 90
      256
102
RTVSPost2010Prop51ColorRGB
 90
-16777216
102
RTVSPost2010PropOp51
 70
     0
102
RTVSPost2010Prop52
140
1.0
102
RTVSPost2010PropOp52
 70
     0
102
RTVSPost2010Prop53
 90
        2
102
RTVSPost2010PropOp53
 70
     1
102
RTVSPost2010Prop54
  1
strokes_ogs.tif
102
RTVSPost2010PropOp54
 70
     1
102
RTVSPost2010Prop55
280
     0
102
RTVSPost2010PropOp55
 70
     1
102
RTVSPost2010Prop56
140
1.0
102
RTVSPost2010PropOp56
 70
     1
102
RTVSPost2010Prop57
140
1.0
102
RTVSPost2010PropOp57
 70
     1
102
RTVSPropertyOp0
 70
     1
102
RTVSPropertyOp1
 70
     1
102
RTVSPropertyOp2
 70
     1
102
RTVSPropertyOp3
 70
     1
102
RTVSPropertyOp4
 70
     1
102
RTVSPropertyOp5
 70
     1
102
RTVSPropertyOp6
 70
     1
102
RTVSPropertyOp7
 70
     1
102
RTVSPropertyOp8
 70
     1
102
RTVSPropertyOp9
 70
     1
102
RTVSPropertyOp10
 70
     1
102
RTVSPropertyOp11
 70
     1
102
RTVSPropertyOp12
 70
     1
102
RTVSPropertyOp13
 70
     1
102
RTVSPropertyOp14
 70
     1
102
RTVSPropertyOp15
 70
     1
102
RTVSPropertyOp16
 70
     1
102
RTVSPropertyOp17
 70
     1
102
RTVSPropertyOp18
 70
     1
102
RTVSPropertyOp19
 70
     1
102
RTVSPropertyOp20
 70
     1
102
RTVSPropertyOp21
 70
     1
102
RTVSPropertyOp22
 70
     1
102
RTVSPropertyOp23
 70
     1
102
RTVSPropertyOp24
 70
     1
102
RTVSPropertyOp25
 70
     1
102
RTVSPropertyOp26
 70
     1
102
RTVSPropertyOp27
 70
     1
102
RTVSPropertyOp28
 70
     1
102
RTVSPropertyOp29
 70
     1
102
RTVSPropertyOp30
 70
     1
102
RTVSPropertyOp31
 70
     1
102
RTVSPropertyOp32
 70
     1
102
RTVSPropertyOp33
 70
     1
102
RTVSPropertyOp34
 70
     1
102
RTVSPropertyOp35
 70
     1
102
RTVSPropertyOp36
 70
     1
102
RTVSPropertyOp37
 70
     1
102
RTVSPropertyOp38
 70
     1
102
RTVSPropertyOp39
 70
     1
102
RTVSPropertyOp40
 70
     1
102
RTVSPropertyOp41
 70
     1
102
RTVSPropertyOp42
 70
     1
102
RTVSPropertyOp43
 70
     1
102
RTVSPropertyOp44
 70
     1
102
RTVSPropertyOp45
 70
     1
102
RTVSPropertyOp46
 70
     1
102
RTVSPropertyOp47
 70
     1
102
RTVSPropertyOp48
 70
     1
102
RTVSPropertyOp49
 70
     1
102
RTVSPropertyOp50
 70
     1
102
RTVSPropertyOp51
 70
     0
102
RTVSPropertyOp52
 70
     0
102
RTVSPropertyOp53
 70
     1
102
RTVSPropertyOp54
 70
     1
102
RTVSPropertyOp55
 70
     1
102
RTVSPropertyOp56
 70
     1
102
RTVSPropertyOp57
 70
     1
102
RTVSPropertyOp58
 70
     1
102
RTVSPropertyOp59
 70
     1
102
RTVSPropertyOp60
 70
     1
102
RTVSPropertyOp61
 70
     1
102
RTVSPropertyOp62
 70
     1
  0
XRECORD
  5
1DC9
102
{ACAD_REACTORS
330
1DC8
102
}
330
1DC8
100
AcDbXrecord
280
     1
102
RTVSPost2010Prop28
280
     0
102
RTVSPost2010PropOp28
 70
     1
102
RTVSPost2010Prop29
280
     1
102
RTVSPost2010PropOp29
 70
     1
102
RTVSPost2010Prop30
280
     1
102
RTVSPost2010PropOp30
 70
     1
102
RTVSPost2010Prop31
280
     0
102
RTVSPost2010PropOp31
 70
     1
102
RTVSPost2010Prop32
280
     0
102
RTVSPost2010PropOp32
 70
     1
102
RTVSPost2010Prop33
280
     0
102
RTVSPost2010PropOp33
 70
     1
102
RTVSPost2010Prop34
280
     0
102
RTVSPost2010PropOp34
 70
     1
102
RTVSPost2010Prop35
280
     0
102
RTVSPost2010PropOp35
 70
     1
102
RTVSPost2010Prop36
280
     0
102
RTVSPost2010PropOp36
 70
     1
102
RTVSPost2010Prop37
 90
       50
102
RTVSPost2010PropOp37
 70
     1
102
RTVSPost2010Prop38
140
0.0
102
RTVSPost2010PropOp38
 70
     1
102
RTVSPost2010Prop39
140
1.0
102
RTVSPost2010PropOp39
 70
     1
102
RTVSPost2010Prop40
 90
        0
102
RTVSPost2010PropOp40
 70
     1
102
RTVSPost2010Prop41ColorIndex
 90
       18
102
RTVSPost2010Prop41ColorRGB
 90
        0
102
RTVSPost2010PropOp41
 70
     1
102
RTVSPost2010Prop42
 90
       50
102
RTVSPost2010PropOp42
 70
     1
102
RTVSPost2010Prop43
 90
        3
102
RTVSPost2010PropOp43
 70
     1
102
RTVSPost2010Prop44ColorIndex
 90
        5
102
RTVSPost2010Prop44ColorRGB
 90
      255
102
RTVSPost2010PropOp44
 70
     1
102
RTVSPost2010Prop45
280
     0
102
RTVSPost2010PropOp45
 70
     1
102
RTVSPost2010Prop46
 90
       50
102
RTVSPost2010PropOp46
 70
     1
102
RTVSPost2010Prop47
 90
       50
102
RTVSPost2010PropOp47
 70
     1
102
RTVSPost2010Prop48
 90
       50
102
RTVSPost2010PropOp48
 70
     1
102
RTVSPost2010Prop49
280
     0
102
RTVSPost2010PropOp49
 70
     1
102
RTVSPost2010Prop50
 90
       50
102
RTVSPost2010PropOp50
 70
     1
102
RTVSPost2010Prop51ColorIndex
 90
      256
102
RTVSPost2010Prop51ColorRGB
 90
-16777216
102
RTVSPost2010PropOp51
 70
     0
102
RTVSPost2010Prop52
140
1.0
102
RTVSPost2010PropOp52
 70
     0
102
RTVSPost2010Prop53
 90
        2
102
RTVSPost2010PropOp53
 70
     1
102
RTVSPost2010Prop54
  1
strokes_ogs.tif
102
RTVSPost2010PropOp54
 70
     1
102
RTVSPost2010Prop55
280
     0
102
RTVSPost2010PropOp55
 70
     1
102
RTVSPost2010Prop56
140
1.0
102
RTVSPost2010PropOp56
 70
     1
102
RTVSPost2010Prop57
140
1.0
102
RTVSPost2010PropOp57
 70
     1
102
RTVSPropertyOp0
 70
     1
102
RTVSPropertyOp1
 70
     1
102
RTVSPropertyOp2
 70
     1
102
RTVSPropertyOp3
 70
     1
102
RTVSPropertyOp4
 70
     1
102
RTVSPropertyOp5
 70
     1
102
RTVSPropertyOp6
 70
     1
102
RTVSPropertyOp7
 70
     1
102
RTVSPropertyOp8
 70
     1
102
RTVSPropertyOp9
 70
     1
102
RTVSPropertyOp10
 70
     1
102
RTVSPropertyOp11
 70
     1
102
RTVSPropertyOp12
 70
     1
102
RTVSPropertyOp13
 70
     1
102
RTVSPropertyOp14
 70
     1
102
RTVSPropertyOp15
 70
     1
102
RTVSPropertyOp16
 70
     1
102
RTVSPropertyOp17
 70
     1
102
RTVSPropertyOp18
 70
     1
102
RTVSPropertyOp19
 70
     1
102
RTVSPropertyOp20
 70
     1
102
RTVSPropertyOp21
 70
     1
102
RTVSPropertyOp22
 70
     1
102
RTVSPropertyOp23
 70
     1
102
RTVSPropertyOp24
 70
     1
102
RTVSPropertyOp25
 70
     1
102
RTVSPropertyOp26
 70
     1
102
RTVSPropertyOp27
 70
     1
102
RTVSPropertyOp28
 70
     1
102
RTVSPropertyOp29
 70
     1
102
RTVSPropertyOp30
 70
     1
102
RTVSPropertyOp31
 70
     1
102
RTVSPropertyOp32
 70
     1
102
RTVSPropertyOp33
 70
     1
102
RTVSPropertyOp34
 70
     1
102
RTVSPropertyOp35
 70
     1
102
RTVSPropertyOp36
 70
     1
102
RTVSPropertyOp37
 70
     1
102
RTVSPropertyOp38
 70
     1
102
RTVSPropertyOp39
 70
     1
102
RTVSPropertyOp40
 70
     1
102
RTVSPropertyOp41
 70
     1
102
RTVSPropertyOp42
 70
     1
102
RTVSPropertyOp43
 70
     1
102
RTVSPropertyOp44
 70
     1
102
RTVSPropertyOp45
 70
     1
102
RTVSPropertyOp46
 70
     1
102
RTVSPropertyOp47
 70
     1
102
RTVSPropertyOp48
 70
     1
102
RTVSPropertyOp49
 70
     1
102
RTVSPropertyOp50
 70
     1
102
RTVSPropertyOp51
 70
     0
102
RTVSPropertyOp52
 70
     0
102
RTVSPropertyOp53
 70
     1
102
RTVSPropertyOp54
 70
     1
102
RTVSPropertyOp55
 70
     1
102
RTVSPropertyOp56
 70
     1
102
RTVSPropertyOp57
 70
     1
102
RTVSPropertyOp58
 70
     1
102
RTVSPropertyOp59
 70
     1
102
RTVSPropertyOp60
 70
     1
102
RTVSPropertyOp61
 70
     1
102
RTVSPropertyOp62
 70
     1
  0
XRECORD
  5
1DD1
102
{ACAD_REACTORS
330
1DD0
102
}
330
1DD0
100
AcDbXrecord
280
     1
102
RTVSPost2010Prop28
280
     0
102
RTVSPost2010PropOp28
 70
     1
102
RTVSPost2010Prop29
280
     1
102
RTVSPost2010PropOp29
 70
     1
102
RTVSPost2010Prop30
280
     1
102
RTVSPost2010PropOp30
 70
     1
102
RTVSPost2010Prop31
280
     0
102
RTVSPost2010PropOp31
 70
     1
102
RTVSPost2010Prop32
280
     0
102
RTVSPost2010PropOp32
 70
     1
102
RTVSPost2010Prop33
280
     0
102
RTVSPost2010PropOp33
 70
     1
102
RTVSPost2010Prop34
280
     0
102
RTVSPost2010PropOp34
 70
     1
102
RTVSPost2010Prop35
280
     0
102
RTVSPost2010PropOp35
 70
     1
102
RTVSPost2010Prop36
280
     0
102
RTVSPost2010PropOp36
 70
     1
102
RTVSPost2010Prop37
 90
       50
102
RTVSPost2010PropOp37
 70
     1
102
RTVSPost2010Prop38
140
0.0
102
RTVSPost2010PropOp38
 70
     1
102
RTVSPost2010Prop39
140
1.0
102
RTVSPost2010PropOp39
 70
     1
102
RTVSPost2010Prop40
 90
        0
102
RTVSPost2010PropOp40
 70
     1
102
RTVSPost2010Prop41ColorIndex
 90
       18
102
RTVSPost2010Prop41ColorRGB
 90
        0
102
RTVSPost2010PropOp41
 70
     1
102
RTVSPost2010Prop42
 90
       50
102
RTVSPost2010PropOp42
 70
     1
102
RTVSPost2010Prop43
 90
        3
102
RTVSPost2010PropOp43
 70
     1
102
RTVSPost2010Prop44ColorIndex
 90
        5
102
RTVSPost2010Prop44ColorRGB
 90
      255
102
RTVSPost2010PropOp44
 70
     1
102
RTVSPost2010Prop45
280
     0
102
RTVSPost2010PropOp45
 70
     1
102
RTVSPost2010Prop46
 90
       50
102
RTVSPost2010PropOp46
 70
     1
102
RTVSPost2010Prop47
 90
       50
102
RTVSPost2010PropOp47
 70
     1
102
RTVSPost2010Prop48
 90
       50
102
RTVSPost2010PropOp48
 70
     1
102
RTVSPost2010Prop49
280
     0
102
RTVSPost2010PropOp49
 70
     1
102
RTVSPost2010Prop50
 90
       50
102
RTVSPost2010PropOp50
 70
     1
102
RTVSPost2010Prop51ColorIndex
 90
      256
102
RTVSPost2010Prop51ColorRGB
 90
-16777216
102
RTVSPost2010PropOp51
 70
     0
102
RTVSPost2010Prop52
140
1.0
102
RTVSPost2010PropOp52
 70
     0
102
RTVSPost2010Prop53
 90
        2
102
RTVSPost2010PropOp53
 70
     1
102
RTVSPost2010Prop54
  1
strokes_ogs.tif
102
RTVSPost2010PropOp54
 70
     1
102
RTVSPost2010Prop55
280
     0
102
RTVSPost2010PropOp55
 70
     1
102
RTVSPost2010Prop56
140
1.0
102
RTVSPost2010PropOp56
 70
     1
102
RTVSPost2010Prop57
140
1.0
102
RTVSPost2010PropOp57
 70
     1
102
RTVSPropertyOp0
 70
     1
102
RTVSPropertyOp1
 70
     1
102
RTVSPropertyOp2
 70
     1
102
RTVSPropertyOp3
 70
     1
102
RTVSPropertyOp4
 70
     1
102
RTVSPropertyOp5
 70
     1
102
RTVSPropertyOp6
 70
     1
102
RTVSPropertyOp7
 70
     1
102
RTVSPropertyOp8
 70
     1
102
RTVSPropertyOp9
 70
     1
102
RTVSPropertyOp10
 70
     1
102
RTVSPropertyOp11
 70
     1
102
RTVSPropertyOp12
 70
     1
102
RTVSPropertyOp13
 70
     1
102
RTVSPropertyOp14
 70
     1
102
RTVSPropertyOp15
 70
     1
102
RTVSPropertyOp16
 70
     1
102
RTVSPropertyOp17
 70
     1
102
RTVSPropertyOp18
 70
     1
102
RTVSPropertyOp19
 70
     1
102
RTVSPropertyOp20
 70
     1
102
RTVSPropertyOp21
 70
     1
102
RTVSPropertyOp22
 70
     1
102
RTVSPropertyOp23
 70
     1
102
RTVSPropertyOp24
 70
     1
102
RTVSPropertyOp25
 70
     1
102
RTVSPropertyOp26
 70
     1
102
RTVSPropertyOp27
 70
     1
102
RTVSPropertyOp28
 70
     1
102
RTVSPropertyOp29
 70
     1
102
RTVSPropertyOp30
 70
     1
102
RTVSPropertyOp31
 70
     1
102
RTVSPropertyOp32
 70
     1
102
RTVSPropertyOp33
 70
     1
102
RTVSPropertyOp34
 70
     1
102
RTVSPropertyOp35
 70
     1
102
RTVSPropertyOp36
 70
     1
102
RTVSPropertyOp37
 70
     1
102
RTVSPropertyOp38
 70
     1
102
RTVSPropertyOp39
 70
     1
102
RTVSPropertyOp40
 70
     1
102
RTVSPropertyOp41
 70
     1
102
RTVSPropertyOp42
 70
     1
102
RTVSPropertyOp43
 70
     1
102
RTVSPropertyOp44
 70
     1
102
RTVSPropertyOp45
 70
     1
102
RTVSPropertyOp46
 70
     1
102
RTVSPropertyOp47
 70
     1
102
RTVSPropertyOp48
 70
     1
102
RTVSPropertyOp49
 70
     1
102
RTVSPropertyOp50
 70
     1
102
RTVSPropertyOp51
 70
     0
102
RTVSPropertyOp52
 70
     0
102
RTVSPropertyOp53
 70
     1
102
RTVSPropertyOp54
 70
     1
102
RTVSPropertyOp55
 70
     1
102
RTVSPropertyOp56
 70
     1
102
RTVSPropertyOp57
 70
     1
102
RTVSPropertyOp58
 70
     1
102
RTVSPropertyOp59
 70
     1
102
RTVSPropertyOp60
 70
     1
102
RTVSPropertyOp61
 70
     1
102
RTVSPropertyOp62
 70
     1
  0
XRECORD
  5
1DBF
102
{ACAD_REACTORS
330
1DBE
102
}
330
1DBE
100
AcDbXrecord
280
     1
102
RTVSPost2010Prop28
280
     0
102
RTVSPost2010PropOp28
 70
     1
102
RTVSPost2010Prop29
280
     1
102
RTVSPost2010PropOp29
 70
     1
102
RTVSPost2010Prop30
280
     1
102
RTVSPost2010PropOp30
 70
     1
102
RTVSPost2010Prop31
280
     0
102
RTVSPost2010PropOp31
 70
     1
102
RTVSPost2010Prop32
280
     0
102
RTVSPost2010PropOp32
 70
     1
102
RTVSPost2010Prop33
280
     0
102
RTVSPost2010PropOp33
 70
     1
102
RTVSPost2010Prop34
280
     0
102
RTVSPost2010PropOp34
 70
     1
102
RTVSPost2010Prop35
280
     0
102
RTVSPost2010PropOp35
 70
     1
102
RTVSPost2010Prop36
280
     0
102
RTVSPost2010PropOp36
 70
     1
102
RTVSPost2010Prop37
 90
       50
102
RTVSPost2010PropOp37
 70
     1
102
RTVSPost2010Prop38
140
0.0
102
RTVSPost2010PropOp38
 70
     1
102
RTVSPost2010Prop39
140
1.0
102
RTVSPost2010PropOp39
 70
     1
102
RTVSPost2010Prop40
 90
        0
102
RTVSPost2010PropOp40
 70
     1
102
RTVSPost2010Prop41ColorIndex
 90
       18
102
RTVSPost2010Prop41ColorRGB
 90
        0
102
RTVSPost2010PropOp41
 70
     1
102
RTVSPost2010Prop42
 90
       50
102
RTVSPost2010PropOp42
 70
     1
102
RTVSPost2010Prop43
 90
        3
102
RTVSPost2010PropOp43
 70
     1
102
RTVSPost2010Prop44ColorIndex
 90
        5
102
RTVSPost2010Prop44ColorRGB
 90
      255
102
RTVSPost2010PropOp44
 70
     1
102
RTVSPost2010Prop45
280
     0
102
RTVSPost2010PropOp45
 70
     1
102
RTVSPost2010Prop46
 90
       50
102
RTVSPost2010PropOp46
 70
     1
102
RTVSPost2010Prop47
 90
       50
102
RTVSPost2010PropOp47
 70
     1
102
RTVSPost2010Prop48
 90
       50
102
RTVSPost2010PropOp48
 70
     1
102
RTVSPost2010Prop49
280
     0
102
RTVSPost2010PropOp49
 70
     1
102
RTVSPost2010Prop50
 90
       50
102
RTVSPost2010PropOp50
 70
     1
102
RTVSPost2010Prop51ColorIndex
 90
      256
102
RTVSPost2010Prop51ColorRGB
 90
-16777216
102
RTVSPost2010PropOp51
 70
     0
102
RTVSPost2010Prop52
140
1.0
102
RTVSPost2010PropOp52
 70
     0
102
RTVSPost2010Prop53
 90
        2
102
RTVSPost2010PropOp53
 70
     1
102
RTVSPost2010Prop54
  1
strokes_ogs.tif
102
RTVSPost2010PropOp54
 70
     1
102
RTVSPost2010Prop55
280
     0
102
RTVSPost2010PropOp55
 70
     1
102
RTVSPost2010Prop56
140
1.0
102
RTVSPost2010PropOp56
 70
     1
102
RTVSPost2010Prop57
140
1.0
102
RTVSPost2010PropOp57
 70
     1
102
RTVSPropertyOp0
 70
     1
102
RTVSPropertyOp1
 70
     1
102
RTVSPropertyOp2
 70
     1
102
RTVSPropertyOp3
 70
     1
102
RTVSPropertyOp4
 70
     1
102
RTVSPropertyOp5
 70
     1
102
RTVSPropertyOp6
 70
     1
102
RTVSPropertyOp7
 70
     1
102
RTVSPropertyOp8
 70
     1
102
RTVSPropertyOp9
 70
     1
102
RTVSPropertyOp10
 70
     1
102
RTVSPropertyOp11
 70
     1
102
RTVSPropertyOp12
 70
     1
102
RTVSPropertyOp13
 70
     1
102
RTVSPropertyOp14
 70
     1
102
RTVSPropertyOp15
 70
     1
102
RTVSPropertyOp16
 70
     1
102
RTVSPropertyOp17
 70
     1
102
RTVSPropertyOp18
 70
     1
102
RTVSPropertyOp19
 70
     1
102
RTVSPropertyOp20
 70
     1
102
RTVSPropertyOp21
 70
     1
102
RTVSPropertyOp22
 70
     1
102
RTVSPropertyOp23
 70
     1
102
RTVSPropertyOp24
 70
     1
102
RTVSPropertyOp25
 70
     1
102
RTVSPropertyOp26
 70
     1
102
RTVSPropertyOp27
 70
     1
102
RTVSPropertyOp28
 70
     1
102
RTVSPropertyOp29
 70
     1
102
RTVSPropertyOp30
 70
     1
102
RTVSPropertyOp31
 70
     1
102
RTVSPropertyOp32
 70
     1
102
RTVSPropertyOp33
 70
     1
102
RTVSPropertyOp34
 70
     1
102
RTVSPropertyOp35
 70
     1
102
RTVSPropertyOp36
 70
     1
102
RTVSPropertyOp37
 70
     1
102
RTVSPropertyOp38
 70
     1
102
RTVSPropertyOp39
 70
     1
102
RTVSPropertyOp40
 70
     1
102
RTVSPropertyOp41
 70
     1
102
RTVSPropertyOp42
 70
     1
102
RTVSPropertyOp43
 70
     1
102
RTVSPropertyOp44
 70
     1
102
RTVSPropertyOp45
 70
     1
102
RTVSPropertyOp46
 70
     1
102
RTVSPropertyOp47
 70
     1
102
RTVSPropertyOp48
 70
     1
102
RTVSPropertyOp49
 70
     1
102
RTVSPropertyOp50
 70
     1
102
RTVSPropertyOp51
 70
     0
102
RTVSPropertyOp52
 70
     0
102
RTVSPropertyOp53
 70
     1
102
RTVSPropertyOp54
 70
     1
102
RTVSPropertyOp55
 70
     1
102
RTVSPropertyOp56
 70
     1
102
RTVSPropertyOp57
 70
     1
102
RTVSPropertyOp58
 70
     1
102
RTVSPropertyOp59
 70
     1
102
RTVSPropertyOp60
 70
     1
102
RTVSPropertyOp61
 70
     1
102
RTVSPropertyOp62
 70
     1
  0
XRECORD
  5
1DDD
102
{ACAD_REACTORS
330
1DDC
102
}
330
1DDC
100
AcDbXrecord
280
     1
102
RTVSPost2010Prop28
280
     0
102
RTVSPost2010PropOp28
 70
     1
102
RTVSPost2010Prop29
280
     1
102
RTVSPost2010PropOp29
 70
     1
102
RTVSPost2010Prop30
280
     1
102
RTVSPost2010PropOp30
 70
     1
102
RTVSPost2010Prop31
280
     0
102
RTVSPost2010PropOp31
 70
     1
102
RTVSPost2010Prop32
280
     0
102
RTVSPost2010PropOp32
 70
     1
102
RTVSPost2010Prop33
280
     0
102
RTVSPost2010PropOp33
 70
     1
102
RTVSPost2010Prop34
280
     0
102
RTVSPost2010PropOp34
 70
     1
102
RTVSPost2010Prop35
280
     0
102
RTVSPost2010PropOp35
 70
     1
102
RTVSPost2010Prop36
280
     0
102
RTVSPost2010PropOp36
 70
     1
102
RTVSPost2010Prop37
 90
       50
102
RTVSPost2010PropOp37
 70
     1
102
RTVSPost2010Prop38
140
0.0
102
RTVSPost2010PropOp38
 70
     1
102
RTVSPost2010Prop39
140
1.0
102
RTVSPost2010PropOp39
 70
     1
102
RTVSPost2010Prop40
 90
        0
102
RTVSPost2010PropOp40
 70
     1
102
RTVSPost2010Prop41ColorIndex
 90
       18
102
RTVSPost2010Prop41ColorRGB
 90
        0
102
RTVSPost2010PropOp41
 70
     1
102
RTVSPost2010Prop42
 90
       50
102
RTVSPost2010PropOp42
 70
     1
102
RTVSPost2010Prop43
 90
        3
102
RTVSPost2010PropOp43
 70
     1
102
RTVSPost2010Prop44ColorIndex
 90
        5
102
RTVSPost2010Prop44ColorRGB
 90
      255
102
RTVSPost2010PropOp44
 70
     1
102
RTVSPost2010Prop45
280
     0
102
RTVSPost2010PropOp45
 70
     1
102
RTVSPost2010Prop46
 90
       50
102
RTVSPost2010PropOp46
 70
     1
102
RTVSPost2010Prop47
 90
       50
102
RTVSPost2010PropOp47
 70
     1
102
RTVSPost2010Prop48
 90
       50
102
RTVSPost2010PropOp48
 70
     1
102
RTVSPost2010Prop49
280
     0
102
RTVSPost2010PropOp49
 70
     1
102
RTVSPost2010Prop50
 90
       50
102
RTVSPost2010PropOp50
 70
     1
102
RTVSPost2010Prop51ColorIndex
 90
      256
102
RTVSPost2010Prop51ColorRGB
 90
-16777216
102
RTVSPost2010PropOp51
 70
     0
102
RTVSPost2010Prop52
140
1.0
102
RTVSPost2010PropOp52
 70
     0
102
RTVSPost2010Prop53
 90
        2
102
RTVSPost2010PropOp53
 70
     1
102
RTVSPost2010Prop54
  1
strokes_ogs.tif
102
RTVSPost2010PropOp54
 70
     1
102
RTVSPost2010Prop55
280
     0
102
RTVSPost2010PropOp55
 70
     1
102
RTVSPost2010Prop56
140
1.0
102
RTVSPost2010PropOp56
 70
     1
102
RTVSPost2010Prop57
140
1.0
102
RTVSPost2010PropOp57
 70
     1
102
RTVSPropertyOp0
 70
     1
102
RTVSPropertyOp1
 70
     1
102
RTVSPropertyOp2
 70
     1
102
RTVSPropertyOp3
 70
     1
102
RTVSPropertyOp4
 70
     1
102
RTVSPropertyOp5
 70
     1
102
RTVSPropertyOp6
 70
     1
102
RTVSPropertyOp7
 70
     1
102
RTVSPropertyOp8
 70
     1
102
RTVSPropertyOp9
 70
     1
102
RTVSPropertyOp10
 70
     1
102
RTVSPropertyOp11
 70
     1
102
RTVSPropertyOp12
 70
     1
102
RTVSPropertyOp13
 70
     1
102
RTVSPropertyOp14
 70
     1
102
RTVSPropertyOp15
 70
     1
102
RTVSPropertyOp16
 70
     1
102
RTVSPropertyOp17
 70
     1
102
RTVSPropertyOp18
 70
     1
102
RTVSPropertyOp19
 70
     1
102
RTVSPropertyOp20
 70
     1
102
RTVSPropertyOp21
 70
     1
102
RTVSPropertyOp22
 70
     1
102
RTVSPropertyOp23
 70
     1
102
RTVSPropertyOp24
 70
     1
102
RTVSPropertyOp25
 70
     1
102
RTVSPropertyOp26
 70
     1
102
RTVSPropertyOp27
 70
     1
102
RTVSPropertyOp28
 70
     1
102
RTVSPropertyOp29
 70
     1
102
RTVSPropertyOp30
 70
     1
102
RTVSPropertyOp31
 70
     1
102
RTVSPropertyOp32
 70
     1
102
RTVSPropertyOp33
 70
     1
102
RTVSPropertyOp34
 70
     1
102
RTVSPropertyOp35
 70
     1
102
RTVSPropertyOp36
 70
     1
102
RTVSPropertyOp37
 70
     1
102
RTVSPropertyOp38
 70
     1
102
RTVSPropertyOp39
 70
     1
102
RTVSPropertyOp40
 70
     1
102
RTVSPropertyOp41
 70
     1
102
RTVSPropertyOp42
 70
     1
102
RTVSPropertyOp43
 70
     1
102
RTVSPropertyOp44
 70
     1
102
RTVSPropertyOp45
 70
     1
102
RTVSPropertyOp46
 70
     1
102
RTVSPropertyOp47
 70
     1
102
RTVSPropertyOp48
 70
     1
102
RTVSPropertyOp49
 70
     1
102
RTVSPropertyOp50
 70
     1
102
RTVSPropertyOp51
 70
     0
102
RTVSPropertyOp52
 70
     0
102
RTVSPropertyOp53
 70
     1
102
RTVSPropertyOp54
 70
     1
102
RTVSPropertyOp55
 70
     1
102
RTVSPropertyOp56
 70
     1
102
RTVSPropertyOp57
 70
     1
102
RTVSPropertyOp58
 70
     1
102
RTVSPropertyOp59
 70
     1
102
RTVSPropertyOp60
 70
     1
102
RTVSPropertyOp61
 70
     1
102
RTVSPropertyOp62
 70
     1
  0
XRECORD
  5
1DDB
102
{ACAD_REACTORS
330
1DDA
102
}
330
1DDA
100
AcDbXrecord
280
     1
102
RTVSPost2010Prop28
280
     0
102
RTVSPost2010PropOp28
 70
     1
102
RTVSPost2010Prop29
280
     1
102
RTVSPost2010PropOp29
 70
     1
102
RTVSPost2010Prop30
280
     1
102
RTVSPost2010PropOp30
 70
     1
102
RTVSPost2010Prop31
280
     0
102
RTVSPost2010PropOp31
 70
     1
102
RTVSPost2010Prop32
280
     0
102
RTVSPost2010PropOp32
 70
     1
102
RTVSPost2010Prop33
280
     0
102
RTVSPost2010PropOp33
 70
     1
102
RTVSPost2010Prop34
280
     0
102
RTVSPost2010PropOp34
 70
     1
102
RTVSPost2010Prop35
280
     0
102
RTVSPost2010PropOp35
 70
     1
102
RTVSPost2010Prop36
280
     0
102
RTVSPost2010PropOp36
 70
     1
102
RTVSPost2010Prop37
 90
       50
102
RTVSPost2010PropOp37
 70
     1
102
RTVSPost2010Prop38
140
0.0
102
RTVSPost2010PropOp38
 70
     1
102
RTVSPost2010Prop39
140
1.0
102
RTVSPost2010PropOp39
 70
     1
102
RTVSPost2010Prop40
 90
        0
102
RTVSPost2010PropOp40
 70
     1
102
RTVSPost2010Prop41ColorIndex
 90
       18
102
RTVSPost2010Prop41ColorRGB
 90
        0
102
RTVSPost2010PropOp41
 70
     1
102
RTVSPost2010Prop42
 90
       50
102
RTVSPost2010PropOp42
 70
     1
102
RTVSPost2010Prop43
 90
        3
102
RTVSPost2010PropOp43
 70
     1
102
RTVSPost2010Prop44ColorIndex
 90
        5
102
RTVSPost2010Prop44ColorRGB
 90
      255
102
RTVSPost2010PropOp44
 70
     1
102
RTVSPost2010Prop45
280
     0
102
RTVSPost2010PropOp45
 70
     1
102
RTVSPost2010Prop46
 90
       50
102
RTVSPost2010PropOp46
 70
     1
102
RTVSPost2010Prop47
 90
       50
102
RTVSPost2010PropOp47
 70
     1
102
RTVSPost2010Prop48
 90
       50
102
RTVSPost2010PropOp48
 70
     1
102
RTVSPost2010Prop49
280
     0
102
RTVSPost2010PropOp49
 70
     1
102
RTVSPost2010Prop50
 90
       50
102
RTVSPost2010PropOp50
 70
     1
102
RTVSPost2010Prop51ColorIndex
 90
      256
102
RTVSPost2010Prop51ColorRGB
 90
-16777216
102
RTVSPost2010PropOp51
 70
     0
102
RTVSPost2010Prop52
140
1.0
102
RTVSPost2010PropOp52
 70
     0
102
RTVSPost2010Prop53
 90
        2
102
RTVSPost2010PropOp53
 70
     1
102
RTVSPost2010Prop54
  1
strokes_ogs.tif
102
RTVSPost2010PropOp54
 70
     1
102
RTVSPost2010Prop55
280
     0
102
RTVSPost2010PropOp55
 70
     1
102
RTVSPost2010Prop56
140
1.0
102
RTVSPost2010PropOp56
 70
     1
102
RTVSPost2010Prop57
140
1.0
102
RTVSPost2010PropOp57
 70
     1
102
RTVSPropertyOp0
 70
     1
102
RTVSPropertyOp1
 70
     1
102
RTVSPropertyOp2
 70
     1
102
RTVSPropertyOp3
 70
     1
102
RTVSPropertyOp4
 70
     1
102
RTVSPropertyOp5
 70
     1
102
RTVSPropertyOp6
 70
     1
102
RTVSPropertyOp7
 70
     1
102
RTVSPropertyOp8
 70
     1
102
RTVSPropertyOp9
 70
     1
102
RTVSPropertyOp10
 70
     1
102
RTVSPropertyOp11
 70
     1
102
RTVSPropertyOp12
 70
     1
102
RTVSPropertyOp13
 70
     1
102
RTVSPropertyOp14
 70
     1
102
RTVSPropertyOp15
 70
     1
102
RTVSPropertyOp16
 70
     1
102
RTVSPropertyOp17
 70
     1
102
RTVSPropertyOp18
 70
     1
102
RTVSPropertyOp19
 70
     1
102
RTVSPropertyOp20
 70
     1
102
RTVSPropertyOp21
 70
     1
102
RTVSPropertyOp22
 70
     1
102
RTVSPropertyOp23
 70
     1
102
RTVSPropertyOp24
 70
     1
102
RTVSPropertyOp25
 70
     1
102
RTVSPropertyOp26
 70
     1
102
RTVSPropertyOp27
 70
     1
102
RTVSPropertyOp28
 70
     1
102
RTVSPropertyOp29
 70
     1
102
RTVSPropertyOp30
 70
     1
102
RTVSPropertyOp31
 70
     1
102
RTVSPropertyOp32
 70
     1
102
RTVSPropertyOp33
 70
     1
102
RTVSPropertyOp34
 70
     1
102
RTVSPropertyOp35
 70
     1
102
RTVSPropertyOp36
 70
     1
102
RTVSPropertyOp37
 70
     1
102
RTVSPropertyOp38
 70
     1
102
RTVSPropertyOp39
 70
     1
102
RTVSPropertyOp40
 70
     1
102
RTVSPropertyOp41
 70
     1
102
RTVSPropertyOp42
 70
     1
102
RTVSPropertyOp43
 70
     1
102
RTVSPropertyOp44
 70
     1
102
RTVSPropertyOp45
 70
     1
102
RTVSPropertyOp46
 70
     1
102
RTVSPropertyOp47
 70
     1
102
RTVSPropertyOp48
 70
     1
102
RTVSPropertyOp49
 70
     1
102
RTVSPropertyOp50
 70
     1
102
RTVSPropertyOp51
 70
     0
102
RTVSPropertyOp52
 70
     0
102
RTVSPropertyOp53
 70
     1
102
RTVSPropertyOp54
 70
     1
102
RTVSPropertyOp55
 70
     1
102
RTVSPropertyOp56
 70
     1
102
RTVSPropertyOp57
 70
     1
102
RTVSPropertyOp58
 70
     1
102
RTVSPropertyOp59
 70
     1
102
RTVSPropertyOp60
 70
     1
102
RTVSPropertyOp61
 70
     1
102
RTVSPropertyOp62
 70
     1
  0
XRECORD
  5
1DD5
102
{ACAD_REACTORS
330
1DD4
102
}
330
1DD4
100
AcDbXrecord
280
     1
102
RTVSPost2010Prop28
280
     0
102
RTVSPost2010PropOp28
 70
     1
102
RTVSPost2010Prop29
280
     1
102
RTVSPost2010PropOp29
 70
     1
102
RTVSPost2010Prop30
280
     1
102
RTVSPost2010PropOp30
 70
     1
102
RTVSPost2010Prop31
280
     0
102
RTVSPost2010PropOp31
 70
     1
102
RTVSPost2010Prop32
280
     0
102
RTVSPost2010PropOp32
 70
     1
102
RTVSPost2010Prop33
280
     0
102
RTVSPost2010PropOp33
 70
     1
102
RTVSPost2010Prop34
280
     0
102
RTVSPost2010PropOp34
 70
     1
102
RTVSPost2010Prop35
280
     0
102
RTVSPost2010PropOp35
 70
     1
102
RTVSPost2010Prop36
280
     0
102
RTVSPost2010PropOp36
 70
     1
102
RTVSPost2010Prop37
 90
       50
102
RTVSPost2010PropOp37
 70
     1
102
RTVSPost2010Prop38
140
0.0
102
RTVSPost2010PropOp38
 70
     1
102
RTVSPost2010Prop39
140
1.0
102
RTVSPost2010PropOp39
 70
     1
102
RTVSPost2010Prop40
 90
        0
102
RTVSPost2010PropOp40
 70
     1
102
RTVSPost2010Prop41ColorIndex
 90
       18
102
RTVSPost2010Prop41ColorRGB
 90
        0
102
RTVSPost2010PropOp41
 70
     1
102
RTVSPost2010Prop42
 90
       50
102
RTVSPost2010PropOp42
 70
     1
102
RTVSPost2010Prop43
 90
        3
102
RTVSPost2010PropOp43
 70
     1
102
RTVSPost2010Prop44ColorIndex
 90
        5
102
RTVSPost2010Prop44ColorRGB
 90
      255
102
RTVSPost2010PropOp44
 70
     1
102
RTVSPost2010Prop45
280
     0
102
RTVSPost2010PropOp45
 70
     1
102
RTVSPost2010Prop46
 90
       50
102
RTVSPost2010PropOp46
 70
     1
102
RTVSPost2010Prop47
 90
       50
102
RTVSPost2010PropOp47
 70
     1
102
RTVSPost2010Prop48
 90
       50
102
RTVSPost2010PropOp48
 70
     1
102
RTVSPost2010Prop49
280
     0
102
RTVSPost2010PropOp49
 70
     1
102
RTVSPost2010Prop50
 90
       50
102
RTVSPost2010PropOp50
 70
     1
102
RTVSPost2010Prop51ColorIndex
 90
      256
102
RTVSPost2010Prop51ColorRGB
 90
-16777216
102
RTVSPost2010PropOp51
 70
     0
102
RTVSPost2010Prop52
140
1.0
102
RTVSPost2010PropOp52
 70
     0
102
RTVSPost2010Prop53
 90
        2
102
RTVSPost2010PropOp53
 70
     1
102
RTVSPost2010Prop54
  1
strokes_ogs.tif
102
RTVSPost2010PropOp54
 70
     1
102
RTVSPost2010Prop55
280
     0
102
RTVSPost2010PropOp55
 70
     1
102
RTVSPost2010Prop56
140
1.0
102
RTVSPost2010PropOp56
 70
     1
102
RTVSPost2010Prop57
140
1.0
102
RTVSPost2010PropOp57
 70
     1
102
RTVSPropertyOp0
 70
     1
102
RTVSPropertyOp1
 70
     1
102
RTVSPropertyOp2
 70
     1
102
RTVSPropertyOp3
 70
     1
102
RTVSPropertyOp4
 70
     1
102
RTVSPropertyOp5
 70
     1
102
RTVSPropertyOp6
 70
     1
102
RTVSPropertyOp7
 70
     1
102
RTVSPropertyOp8
 70
     1
102
RTVSPropertyOp9
 70
     1
102
RTVSPropertyOp10
 70
     1
102
RTVSPropertyOp11
 70
     1
102
RTVSPropertyOp12
 70
     1
102
RTVSPropertyOp13
 70
     1
102
RTVSPropertyOp14
 70
     1
102
RTVSPropertyOp15
 70
     1
102
RTVSPropertyOp16
 70
     1
102
RTVSPropertyOp17
 70
     1
102
RTVSPropertyOp18
 70
     1
102
RTVSPropertyOp19
 70
     1
102
RTVSPropertyOp20
 70
     1
102
RTVSPropertyOp21
 70
     1
102
RTVSPropertyOp22
 70
     1
102
RTVSPropertyOp23
 70
     1
102
RTVSPropertyOp24
 70
     1
102
RTVSPropertyOp25
 70
     1
102
RTVSPropertyOp26
 70
     1
102
RTVSPropertyOp27
 70
     1
102
RTVSPropertyOp28
 70
     1
102
RTVSPropertyOp29
 70
     1
102
RTVSPropertyOp30
 70
     1
102
RTVSPropertyOp31
 70
     1
102
RTVSPropertyOp32
 70
     1
102
RTVSPropertyOp33
 70
     1
102
RTVSPropertyOp34
 70
     1
102
RTVSPropertyOp35
 70
     1
102
RTVSPropertyOp36
 70
     1
102
RTVSPropertyOp37
 70
     1
102
RTVSPropertyOp38
 70
     1
102
RTVSPropertyOp39
 70
     1
102
RTVSPropertyOp40
 70
     1
102
RTVSPropertyOp41
 70
     1
102
RTVSPropertyOp42
 70
     1
102
RTVSPropertyOp43
 70
     1
102
RTVSPropertyOp44
 70
     1
102
RTVSPropertyOp45
 70
     1
102
RTVSPropertyOp46
 70
     1
102
RTVSPropertyOp47
 70
     1
102
RTVSPropertyOp48
 70
     1
102
RTVSPropertyOp49
 70
     1
102
RTVSPropertyOp50
 70
     1
102
RTVSPropertyOp51
 70
     0
102
RTVSPropertyOp52
 70
     0
102
RTVSPropertyOp53
 70
     1
102
RTVSPropertyOp54
 70
     1
102
RTVSPropertyOp55
 70
     1
102
RTVSPropertyOp56
 70
     1
102
RTVSPropertyOp57
 70
     1
102
RTVSPropertyOp58
 70
     1
102
RTVSPropertyOp59
 70
     1
102
RTVSPropertyOp60
 70
     1
102
RTVSPropertyOp61
 70
     1
102
RTVSPropertyOp62
 70
     1
  0
XRECORD
  5
1DD7
102
{ACAD_REACTORS
330
1DD6
102
}
330
1DD6
100
AcDbXrecord
280
     1
102
RTVSPost2010Prop28
280
     0
102
RTVSPost2010PropOp28
 70
     1
102
RTVSPost2010Prop29
280
     1
102
RTVSPost2010PropOp29
 70
     1
102
RTVSPost2010Prop30
280
     1
102
RTVSPost2010PropOp30
 70
     1
102
RTVSPost2010Prop31
280
     0
102
RTVSPost2010PropOp31
 70
     1
102
RTVSPost2010Prop32
280
     0
102
RTVSPost2010PropOp32
 70
     1
102
RTVSPost2010Prop33
280
     0
102
RTVSPost2010PropOp33
 70
     1
102
RTVSPost2010Prop34
280
     0
102
RTVSPost2010PropOp34
 70
     1
102
RTVSPost2010Prop35
280
     0
102
RTVSPost2010PropOp35
 70
     1
102
RTVSPost2010Prop36
280
     0
102
RTVSPost2010PropOp36
 70
     1
102
RTVSPost2010Prop37
 90
       50
102
RTVSPost2010PropOp37
 70
     1
102
RTVSPost2010Prop38
140
0.0
102
RTVSPost2010PropOp38
 70
     1
102
RTVSPost2010Prop39
140
1.0
102
RTVSPost2010PropOp39
 70
     1
102
RTVSPost2010Prop40
 90
        0
102
RTVSPost2010PropOp40
 70
     1
102
RTVSPost2010Prop41ColorIndex
 90
       18
102
RTVSPost2010Prop41ColorRGB
 90
        0
102
RTVSPost2010PropOp41
 70
     1
102
RTVSPost2010Prop42
 90
       50
102
RTVSPost2010PropOp42
 70
     1
102
RTVSPost2010Prop43
 90
        3
102
RTVSPost2010PropOp43
 70
     1
102
RTVSPost2010Prop44ColorIndex
 90
        5
102
RTVSPost2010Prop44ColorRGB
 90
      255
102
RTVSPost2010PropOp44
 70
     1
102
RTVSPost2010Prop45
280
     0
102
RTVSPost2010PropOp45
 70
     1
102
RTVSPost2010Prop46
 90
       50
102
RTVSPost2010PropOp46
 70
     1
102
RTVSPost2010Prop47
 90
       50
102
RTVSPost2010PropOp47
 70
     1
102
RTVSPost2010Prop48
 90
       50
102
RTVSPost2010PropOp48
 70
     1
102
RTVSPost2010Prop49
280
     0
102
RTVSPost2010PropOp49
 70
     1
102
RTVSPost2010Prop50
 90
       50
102
RTVSPost2010PropOp50
 70
     1
102
RTVSPost2010Prop51ColorIndex
 90
      256
102
RTVSPost2010Prop51ColorRGB
 90
-16777216
102
RTVSPost2010PropOp51
 70
     0
102
RTVSPost2010Prop52
140
1.0
102
RTVSPost2010PropOp52
 70
     0
102
RTVSPost2010Prop53
 90
        2
102
RTVSPost2010PropOp53
 70
     1
102
RTVSPost2010Prop54
  1
strokes_ogs.tif
102
RTVSPost2010PropOp54
 70
     1
102
RTVSPost2010Prop55
280
     0
102
RTVSPost2010PropOp55
 70
     1
102
RTVSPost2010Prop56
140
1.0
102
RTVSPost2010PropOp56
 70
     1
102
RTVSPost2010Prop57
140
1.0
102
RTVSPost2010PropOp57
 70
     1
102
RTVSPropertyOp0
 70
     1
102
RTVSPropertyOp1
 70
     1
102
RTVSPropertyOp2
 70
     1
102
RTVSPropertyOp3
 70
     1
102
RTVSPropertyOp4
 70
     1
102
RTVSPropertyOp5
 70
     1
102
RTVSPropertyOp6
 70
     1
102
RTVSPropertyOp7
 70
     1
102
RTVSPropertyOp8
 70
     1
102
RTVSPropertyOp9
 70
     1
102
RTVSPropertyOp10
 70
     1
102
RTVSPropertyOp11
 70
     1
102
RTVSPropertyOp12
 70
     1
102
RTVSPropertyOp13
 70
     1
102
RTVSPropertyOp14
 70
     1
102
RTVSPropertyOp15
 70
     1
102
RTVSPropertyOp16
 70
     1
102
RTVSPropertyOp17
 70
     1
102
RTVSPropertyOp18
 70
     1
102
RTVSPropertyOp19
 70
     1
102
RTVSPropertyOp20
 70
     1
102
RTVSPropertyOp21
 70
     1
102
RTVSPropertyOp22
 70
     1
102
RTVSPropertyOp23
 70
     1
102
RTVSPropertyOp24
 70
     1
102
RTVSPropertyOp25
 70
     1
102
RTVSPropertyOp26
 70
     1
102
RTVSPropertyOp27
 70
     1
102
RTVSPropertyOp28
 70
     1
102
RTVSPropertyOp29
 70
     1
102
RTVSPropertyOp30
 70
     1
102
RTVSPropertyOp31
 70
     1
102
RTVSPropertyOp32
 70
     1
102
RTVSPropertyOp33
 70
     1
102
RTVSPropertyOp34
 70
     1
102
RTVSPropertyOp35
 70
     1
102
RTVSPropertyOp36
 70
     1
102
RTVSPropertyOp37
 70
     1
102
RTVSPropertyOp38
 70
     1
102
RTVSPropertyOp39
 70
     1
102
RTVSPropertyOp40
 70
     1
102
RTVSPropertyOp41
 70
     1
102
RTVSPropertyOp42
 70
     1
102
RTVSPropertyOp43
 70
     1
102
RTVSPropertyOp44
 70
     1
102
RTVSPropertyOp45
 70
     1
102
RTVSPropertyOp46
 70
     1
102
RTVSPropertyOp47
 70
     1
102
RTVSPropertyOp48
 70
     1
102
RTVSPropertyOp49
 70
     1
102
RTVSPropertyOp50
 70
     1
102
RTVSPropertyOp51
 70
     0
102
RTVSPropertyOp52
 70
     0
102
RTVSPropertyOp53
 70
     1
102
RTVSPropertyOp54
 70
     1
102
RTVSPropertyOp55
 70
     1
102
RTVSPropertyOp56
 70
     1
102
RTVSPropertyOp57
 70
     1
102
RTVSPropertyOp58
 70
     1
102
RTVSPropertyOp59
 70
     1
102
RTVSPropertyOp60
 70
     1
102
RTVSPropertyOp61
 70
     1
102
RTVSPropertyOp62
 70
     1
  0
XRECORD
  5
1DC7
102
{ACAD_REACTORS
330
1DC6
102
}
330
1DC6
100
AcDbXrecord
280
     1
102
RTVSPost2010Prop28
280
     0
102
RTVSPost2010PropOp28
 70
     1
102
RTVSPost2010Prop29
280
     1
102
RTVSPost2010PropOp29
 70
     1
102
RTVSPost2010Prop30
280
     1
102
RTVSPost2010PropOp30
 70
     1
102
RTVSPost2010Prop31
280
     0
102
RTVSPost2010PropOp31
 70
     1
102
RTVSPost2010Prop32
280
     0
102
RTVSPost2010PropOp32
 70
     1
102
RTVSPost2010Prop33
280
     0
102
RTVSPost2010PropOp33
 70
     1
102
RTVSPost2010Prop34
280
     0
102
RTVSPost2010PropOp34
 70
     1
102
RTVSPost2010Prop35
280
     0
102
RTVSPost2010PropOp35
 70
     1
102
RTVSPost2010Prop36
280
     0
102
RTVSPost2010PropOp36
 70
     1
102
RTVSPost2010Prop37
 90
       50
102
RTVSPost2010PropOp37
 70
     1
102
RTVSPost2010Prop38
140
0.0
102
RTVSPost2010PropOp38
 70
     1
102
RTVSPost2010Prop39
140
1.0
102
RTVSPost2010PropOp39
 70
     1
102
RTVSPost2010Prop40
 90
        0
102
RTVSPost2010PropOp40
 70
     1
102
RTVSPost2010Prop41ColorIndex
 90
       18
102
RTVSPost2010Prop41ColorRGB
 90
        0
102
RTVSPost2010PropOp41
 70
     1
102
RTVSPost2010Prop42
 90
       50
102
RTVSPost2010PropOp42
 70
     1
102
RTVSPost2010Prop43
 90
        3
102
RTVSPost2010PropOp43
 70
     1
102
RTVSPost2010Prop44ColorIndex
 90
        5
102
RTVSPost2010Prop44ColorRGB
 90
      255
102
RTVSPost2010PropOp44
 70
     1
102
RTVSPost2010Prop45
280
     0
102
RTVSPost2010PropOp45
 70
     1
102
RTVSPost2010Prop46
 90
       50
102
RTVSPost2010PropOp46
 70
     1
102
RTVSPost2010Prop47
 90
       50
102
RTVSPost2010PropOp47
 70
     1
102
RTVSPost2010Prop48
 90
       50
102
RTVSPost2010PropOp48
 70
     1
102
RTVSPost2010Prop49
280
     0
102
RTVSPost2010PropOp49
 70
     1
102
RTVSPost2010Prop50
 90
       50
102
RTVSPost2010PropOp50
 70
     1
102
RTVSPost2010Prop51ColorIndex
 90
      256
102
RTVSPost2010Prop51ColorRGB
 90
-16777216
102
RTVSPost2010PropOp51
 70
     0
102
RTVSPost2010Prop52
140
1.0
102
RTVSPost2010PropOp52
 70
     0
102
RTVSPost2010Prop53
 90
        2
102
RTVSPost2010PropOp53
 70
     1
102
RTVSPost2010Prop54
  1
strokes_ogs.tif
102
RTVSPost2010PropOp54
 70
     1
102
RTVSPost2010Prop55
280
     0
102
RTVSPost2010PropOp55
 70
     1
102
RTVSPost2010Prop56
140
1.0
102
RTVSPost2010PropOp56
 70
     1
102
RTVSPost2010Prop57
140
1.0
102
RTVSPost2010PropOp57
 70
     1
102
RTVSPropertyOp0
 70
     1
102
RTVSPropertyOp1
 70
     1
102
RTVSPropertyOp2
 70
     1
102
RTVSPropertyOp3
 70
     1
102
RTVSPropertyOp4
 70
     1
102
RTVSPropertyOp5
 70
     1
102
RTVSPropertyOp6
 70
     1
102
RTVSPropertyOp7
 70
     1
102
RTVSPropertyOp8
 70
     1
102
RTVSPropertyOp9
 70
     1
102
RTVSPropertyOp10
 70
     1
102
RTVSPropertyOp11
 70
     1
102
RTVSPropertyOp12
 70
     1
102
RTVSPropertyOp13
 70
     1
102
RTVSPropertyOp14
 70
     1
102
RTVSPropertyOp15
 70
     1
102
RTVSPropertyOp16
 70
     1
102
RTVSPropertyOp17
 70
     1
102
RTVSPropertyOp18
 70
     1
102
RTVSPropertyOp19
 70
     1
102
RTVSPropertyOp20
 70
     1
102
RTVSPropertyOp21
 70
     1
102
RTVSPropertyOp22
 70
     1
102
RTVSPropertyOp23
 70
     1
102
RTVSPropertyOp24
 70
     1
102
RTVSPropertyOp25
 70
     1
102
RTVSPropertyOp26
 70
     1
102
RTVSPropertyOp27
 70
     1
102
RTVSPropertyOp28
 70
     1
102
RTVSPropertyOp29
 70
     1
102
RTVSPropertyOp30
 70
     1
102
RTVSPropertyOp31
 70
     1
102
RTVSPropertyOp32
 70
     1
102
RTVSPropertyOp33
 70
     1
102
RTVSPropertyOp34
 70
     1
102
RTVSPropertyOp35
 70
     1
102
RTVSPropertyOp36
 70
     1
102
RTVSPropertyOp37
 70
     1
102
RTVSPropertyOp38
 70
     1
102
RTVSPropertyOp39
 70
     1
102
RTVSPropertyOp40
 70
     1
102
RTVSPropertyOp41
 70
     1
102
RTVSPropertyOp42
 70
     1
102
RTVSPropertyOp43
 70
     1
102
RTVSPropertyOp44
 70
     1
102
RTVSPropertyOp45
 70
     1
102
RTVSPropertyOp46
 70
     1
102
RTVSPropertyOp47
 70
     1
102
RTVSPropertyOp48
 70
     1
102
RTVSPropertyOp49
 70
     1
102
RTVSPropertyOp50
 70
     1
102
RTVSPropertyOp51
 70
     0
102
RTVSPropertyOp52
 70
     0
102
RTVSPropertyOp53
 70
     1
102
RTVSPropertyOp54
 70
     1
102
RTVSPropertyOp55
 70
     1
102
RTVSPropertyOp56
 70
     1
102
RTVSPropertyOp57
 70
     1
102
RTVSPropertyOp58
 70
     1
102
RTVSPropertyOp59
 70
     1
102
RTVSPropertyOp60
 70
     1
102
RTVSPropertyOp61
 70
     1
102
RTVSPropertyOp62
 70
     1
  0
XRECORD
  5
1DB9
102
{ACAD_REACTORS
330
1DB8
102
}
330
1DB8
100
AcDbXrecord
280
     1
102
RTVSPost2010Prop28
280
     0
102
RTVSPost2010PropOp28
 70
     1
102
RTVSPost2010Prop29
280
     1
102
RTVSPost2010PropOp29
 70
     1
102
RTVSPost2010Prop30
280
     1
102
RTVSPost2010PropOp30
 70
     1
102
RTVSPost2010Prop31
280
     0
102
RTVSPost2010PropOp31
 70
     1
102
RTVSPost2010Prop32
280
     0
102
RTVSPost2010PropOp32
 70
     1
102
RTVSPost2010Prop33
280
     0
102
RTVSPost2010PropOp33
 70
     1
102
RTVSPost2010Prop34
280
     0
102
RTVSPost2010PropOp34
 70
     1
102
RTVSPost2010Prop35
280
     0
102
RTVSPost2010PropOp35
 70
     1
102
RTVSPost2010Prop36
280
     0
102
RTVSPost2010PropOp36
 70
     1
102
RTVSPost2010Prop37
 90
       50
102
RTVSPost2010PropOp37
 70
     1
102
RTVSPost2010Prop38
140
0.0
102
RTVSPost2010PropOp38
 70
     1
102
RTVSPost2010Prop39
140
1.0
102
RTVSPost2010PropOp39
 70
     1
102
RTVSPost2010Prop40
 90
        0
102
RTVSPost2010PropOp40
 70
     1
102
RTVSPost2010Prop41ColorIndex
 90
       18
102
RTVSPost2010Prop41ColorRGB
 90
        0
102
RTVSPost2010PropOp41
 70
     1
102
RTVSPost2010Prop42
 90
       50
102
RTVSPost2010PropOp42
 70
     1
102
RTVSPost2010Prop43
 90
        3
102
RTVSPost2010PropOp43
 70
     1
102
RTVSPost2010Prop44ColorIndex
 90
        5
102
RTVSPost2010Prop44ColorRGB
 90
      255
102
RTVSPost2010PropOp44
 70
     1
102
RTVSPost2010Prop45
280
     0
102
RTVSPost2010PropOp45
 70
     1
102
RTVSPost2010Prop46
 90
       50
102
RTVSPost2010PropOp46
 70
     1
102
RTVSPost2010Prop47
 90
       50
102
RTVSPost2010PropOp47
 70
     1
102
RTVSPost2010Prop48
 90
       50
102
RTVSPost2010PropOp48
 70
     1
102
RTVSPost2010Prop49
280
     0
102
RTVSPost2010PropOp49
 70
     1
102
RTVSPost2010Prop50
 90
       50
102
RTVSPost2010PropOp50
 70
     1
102
RTVSPost2010Prop51ColorIndex
 90
      256
102
RTVSPost2010Prop51ColorRGB
 90
-16777216
102
RTVSPost2010PropOp51
 70
     0
102
RTVSPost2010Prop52
140
1.0
102
RTVSPost2010PropOp52
 70
     0
102
RTVSPost2010Prop53
 90
        2
102
RTVSPost2010PropOp53
 70
     1
102
RTVSPost2010Prop54
  1
strokes_ogs.tif
102
RTVSPost2010PropOp54
 70
     1
102
RTVSPost2010Prop55
280
     0
102
RTVSPost2010PropOp55
 70
     1
102
RTVSPost2010Prop56
140
1.0
102
RTVSPost2010PropOp56
 70
     1
102
RTVSPost2010Prop57
140
1.0
102
RTVSPost2010PropOp57
 70
     1
102
RTVSPropertyOp0
 70
     1
102
RTVSPropertyOp1
 70
     1
102
RTVSPropertyOp2
 70
     1
102
RTVSPropertyOp3
 70
     1
102
RTVSPropertyOp4
 70
     1
102
RTVSPropertyOp5
 70
     1
102
RTVSPropertyOp6
 70
     1
102
RTVSPropertyOp7
 70
     1
102
RTVSPropertyOp8
 70
     1
102
RTVSPropertyOp9
 70
     1
102
RTVSPropertyOp10
 70
     1
102
RTVSPropertyOp11
 70
     1
102
RTVSPropertyOp12
 70
     1
102
RTVSPropertyOp13
 70
     1
102
RTVSPropertyOp14
 70
     1
102
RTVSPropertyOp15
 70
     1
102
RTVSPropertyOp16
 70
     1
102
RTVSPropertyOp17
 70
     1
102
RTVSPropertyOp18
 70
     1
102
RTVSPropertyOp19
 70
     1
102
RTVSPropertyOp20
 70
     1
102
RTVSPropertyOp21
 70
     1
102
RTVSPropertyOp22
 70
     1
102
RTVSPropertyOp23
 70
     1
102
RTVSPropertyOp24
 70
     1
102
RTVSPropertyOp25
 70
     1
102
RTVSPropertyOp26
 70
     1
102
RTVSPropertyOp27
 70
     1
102
RTVSPropertyOp28
 70
     1
102
RTVSPropertyOp29
 70
     1
102
RTVSPropertyOp30
 70
     1
102
RTVSPropertyOp31
 70
     1
102
RTVSPropertyOp32
 70
     1
102
RTVSPropertyOp33
 70
     1
102
RTVSPropertyOp34
 70
     1
102
RTVSPropertyOp35
 70
     1
102
RTVSPropertyOp36
 70
     1
102
RTVSPropertyOp37
 70
     1
102
RTVSPropertyOp38
 70
     1
102
RTVSPropertyOp39
 70
     1
102
RTVSPropertyOp40
 70
     1
102
RTVSPropertyOp41
 70
     1
102
RTVSPropertyOp42
 70
     1
102
RTVSPropertyOp43
 70
     1
102
RTVSPropertyOp44
 70
     1
102
RTVSPropertyOp45
 70
     1
102
RTVSPropertyOp46
 70
     1
102
RTVSPropertyOp47
 70
     1
102
RTVSPropertyOp48
 70
     1
102
RTVSPropertyOp49
 70
     1
102
RTVSPropertyOp50
 70
     1
102
RTVSPropertyOp51
 70
     0
102
RTVSPropertyOp52
 70
     0
102
RTVSPropertyOp53
 70
     1
102
RTVSPropertyOp54
 70
     1
102
RTVSPropertyOp55
 70
     1
102
RTVSPropertyOp56
 70
     1
102
RTVSPropertyOp57
 70
     1
102
RTVSPropertyOp58
 70
     1
102
RTVSPropertyOp59
 70
     1
102
RTVSPropertyOp60
 70
     1
102
RTVSPropertyOp61
 70
     1
102
RTVSPropertyOp62
 70
     1
  0
XRECORD
  5
1DD9
102
{ACAD_REACTORS
330
1DD8
102
}
330
1DD8
100
AcDbXrecord
280
     1
102
RTVSPost2010Prop28
280
     0
102
RTVSPost2010PropOp28
 70
     1
102
RTVSPost2010Prop29
280
     1
102
RTVSPost2010PropOp29
 70
     1
102
RTVSPost2010Prop30
280
     1
102
RTVSPost2010PropOp30
 70
     1
102
RTVSPost2010Prop31
280
     0
102
RTVSPost2010PropOp31
 70
     1
102
RTVSPost2010Prop32
280
     0
102
RTVSPost2010PropOp32
 70
     1
102
RTVSPost2010Prop33
280
     0
102
RTVSPost2010PropOp33
 70
     1
102
RTVSPost2010Prop34
280
     0
102
RTVSPost2010PropOp34
 70
     1
102
RTVSPost2010Prop35
280
     0
102
RTVSPost2010PropOp35
 70
     1
102
RTVSPost2010Prop36
280
     0
102
RTVSPost2010PropOp36
 70
     1
102
RTVSPost2010Prop37
 90
       50
102
RTVSPost2010PropOp37
 70
     1
102
RTVSPost2010Prop38
140
0.0
102
RTVSPost2010PropOp38
 70
     1
102
RTVSPost2010Prop39
140
1.0
102
RTVSPost2010PropOp39
 70
     1
102
RTVSPost2010Prop40
 90
        0
102
RTVSPost2010PropOp40
 70
     1
102
RTVSPost2010Prop41ColorIndex
 90
       18
102
RTVSPost2010Prop41ColorRGB
 90
        0
102
RTVSPost2010PropOp41
 70
     1
102
RTVSPost2010Prop42
 90
       50
102
RTVSPost2010PropOp42
 70
     1
102
RTVSPost2010Prop43
 90
        3
102
RTVSPost2010PropOp43
 70
     1
102
RTVSPost2010Prop44ColorIndex
 90
        5
102
RTVSPost2010Prop44ColorRGB
 90
      255
102
RTVSPost2010PropOp44
 70
     1
102
RTVSPost2010Prop45
280
     0
102
RTVSPost2010PropOp45
 70
     1
102
RTVSPost2010Prop46
 90
       50
102
RTVSPost2010PropOp46
 70
     1
102
RTVSPost2010Prop47
 90
       50
102
RTVSPost2010PropOp47
 70
     1
102
RTVSPost2010Prop48
 90
       50
102
RTVSPost2010PropOp48
 70
     1
102
RTVSPost2010Prop49
280
     0
102
RTVSPost2010PropOp49
 70
     1
102
RTVSPost2010Prop50
 90
       50
102
RTVSPost2010PropOp50
 70
     1
102
RTVSPost2010Prop51ColorIndex
 90
      256
102
RTVSPost2010Prop51ColorRGB
 90
-16777216
102
RTVSPost2010PropOp51
 70
     0
102
RTVSPost2010Prop52
140
1.0
102
RTVSPost2010PropOp52
 70
     0
102
RTVSPost2010Prop53
 90
        2
102
RTVSPost2010PropOp53
 70
     1
102
RTVSPost2010Prop54
  1
strokes_ogs.tif
102
RTVSPost2010PropOp54
 70
     1
102
RTVSPost2010Prop55
280
     0
102
RTVSPost2010PropOp55
 70
     1
102
RTVSPost2010Prop56
140
1.0
102
RTVSPost2010PropOp56
 70
     1
102
RTVSPost2010Prop57
140
1.0
102
RTVSPost2010PropOp57
 70
     1
102
RTVSPropertyOp0
 70
     1
102
RTVSPropertyOp1
 70
     1
102
RTVSPropertyOp2
 70
     1
102
RTVSPropertyOp3
 70
     1
102
RTVSPropertyOp4
 70
     1
102
RTVSPropertyOp5
 70
     1
102
RTVSPropertyOp6
 70
     1
102
RTVSPropertyOp7
 70
     1
102
RTVSPropertyOp8
 70
     1
102
RTVSPropertyOp9
 70
     1
102
RTVSPropertyOp10
 70
     1
102
RTVSPropertyOp11
 70
     1
102
RTVSPropertyOp12
 70
     1
102
RTVSPropertyOp13
 70
     1
102
RTVSPropertyOp14
 70
     1
102
RTVSPropertyOp15
 70
     1
102
RTVSPropertyOp16
 70
     1
102
RTVSPropertyOp17
 70
     1
102
RTVSPropertyOp18
 70
     1
102
RTVSPropertyOp19
 70
     1
102
RTVSPropertyOp20
 70
     1
102
RTVSPropertyOp21
 70
     1
102
RTVSPropertyOp22
 70
     1
102
RTVSPropertyOp23
 70
     1
102
RTVSPropertyOp24
 70
     1
102
RTVSPropertyOp25
 70
     1
102
RTVSPropertyOp26
 70
     1
102
RTVSPropertyOp27
 70
     1
102
RTVSPropertyOp28
 70
     1
102
RTVSPropertyOp29
 70
     1
102
RTVSPropertyOp30
 70
     1
102
RTVSPropertyOp31
 70
     1
102
RTVSPropertyOp32
 70
     1
102
RTVSPropertyOp33
 70
     1
102
RTVSPropertyOp34
 70
     1
102
RTVSPropertyOp35
 70
     1
102
RTVSPropertyOp36
 70
     1
102
RTVSPropertyOp37
 70
     1
102
RTVSPropertyOp38
 70
     1
102
RTVSPropertyOp39
 70
     1
102
RTVSPropertyOp40
 70
     1
102
RTVSPropertyOp41
 70
     1
102
RTVSPropertyOp42
 70
     1
102
RTVSPropertyOp43
 70
     1
102
RTVSPropertyOp44
 70
     1
102
RTVSPropertyOp45
 70
     1
102
RTVSPropertyOp46
 70
     1
102
RTVSPropertyOp47
 70
     1
102
RTVSPropertyOp48
 70
     1
102
RTVSPropertyOp49
 70
     1
102
RTVSPropertyOp50
 70
     1
102
RTVSPropertyOp51
 70
     0
102
RTVSPropertyOp52
 70
     0
102
RTVSPropertyOp53
 70
     1
102
RTVSPropertyOp54
 70
     1
102
RTVSPropertyOp55
 70
     1
102
RTVSPropertyOp56
 70
     1
102
RTVSPropertyOp57
 70
     1
102
RTVSPropertyOp58
 70
     1
102
RTVSPropertyOp59
 70
     1
102
RTVSPropertyOp60
 70
     1
102
RTVSPropertyOp61
 70
     1
102
RTVSPropertyOp62
 70
     1
  0
ENDSEC
  0
EOF
